运输架次编号,通信阶段,航段,开始时刻_s,结束时刻_s,计划保障方式,中继架次编号,连续区间认证通过
T001,爬升,O01>S001,1975.0,1986.6285288085937,直连,,True
T001,爬升,O01>S001,1986.6285288085937,1998.2570576171875,直连,,True
T001,爬升,O01>S001,1998.2570576171875,2009.8855864257812,直连,,True
T001,爬升,O01>S001,2009.8855864257812,2021.514115234375,直连,,True
T001,爬升,O01>S001,2021.514115234375,2033.1426440429686,直连,,True
T001,巡航,O01>S001,2033.1426440429686,2035.1387150904468,直连,,True
T001,巡航,O01>S001,2035.1387150904468,2037.134786137925,直连,,True
T001,巡航,O01>S001,2037.134786137925,2039.130857185403,直连,,True
T001,巡航,O01>S001,2039.130857185403,2041.1269282328815,直连,,True
T001,巡航,O01>S001,2041.1269282328815,2043.1229992803596,直连,,True
T001,巡航,O01>S001,2043.1229992803596,2045.1190703278378,直连,,True
T001,巡航,O01>S001,2045.1190703278378,2047.115141375316,直连,,True
T001,巡航,O01>S001,2047.115141375316,2049.1112124227943,直连,,True
T001,巡航,O01>S001,2049.1112124227943,2051.1072834702723,直连,,True
T001,巡航,O01>S001,2051.1072834702723,2053.1033545177506,直连,,True
T001,巡航,O01>S001,2053.1033545177506,2055.0994255652286,直连,,True
T001,巡航,O01>S001,2055.0994255652286,2057.095496612707,直连,,True
T001,巡航,O01>S001,2057.095496612707,2059.091567660185,直连,,True
T001,巡航,O01>S001,2059.091567660185,2061.0876387076632,直连,,True
T001,巡航,O01>S001,2061.0876387076632,2063.0837097551416,直连,,True
T001,巡航,O01>S001,2063.0837097551416,2065.0797808026196,直连,,True
T001,巡航,O01>S001,2065.0797808026196,2067.075851850098,直连,,True
T001,巡航,O01>S001,2067.075851850098,2069.071922897576,直连,,True
T001,巡航,O01>S001,2069.071922897576,2071.0679939450542,直连,,True
T001,巡航,O01>S001,2071.0679939450542,2073.064064992532,直连,,True
T001,巡航,O01>S001,2073.064064992532,2075.0601360400105,直连,,True
T001,巡航,O01>S001,2075.0601360400105,2077.056207087489,直连,,True
T001,巡航,O01>S001,2077.056207087489,2079.052278134967,直连,,True
T001,巡航,O01>S001,2079.052278134967,2081.0483491824452,直连,,True
T001,巡航,O01>S001,2081.0483491824452,2083.044420229923,直连,,True
T001,巡航,O01>S001,2083.044420229923,2085.0404912774015,直连,,True
T001,巡航,O01>S001,2085.0404912774015,2087.0365623248795,直连,,True
T001,巡航,O01>S001,2087.0365623248795,2089.032633372358,直连,,True
T001,巡航,O01>S001,2089.032633372358,2091.028704419836,直连,,True
T001,巡航,O01>S001,2091.028704419836,2093.024775467314,直连,,True
T001,巡航,O01>S001,2093.024775467314,2095.0208465147925,直连,,True
T001,巡航,O01>S001,2095.0208465147925,2097.0169175622705,直连,,True
T001,巡航,O01>S001,2097.0169175622705,2099.012988609749,直连,,True
T001,巡航,O01>S001,2099.012988609749,2101.0090596572268,直连,,True
T001,巡航,O01>S001,2101.0090596572268,2103.005130704705,直连,,True
T001,巡航,O01>S001,2103.005130704705,2105.001201752183,直连,,True
T001,巡航,O01>S001,2105.001201752183,2106.9972727996615,直连,,True
T001,巡航,O01>S001,2106.9972727996615,2108.99334384714,直连,,True
T001,巡航,O01>S001,2108.99334384714,2110.9894148946178,直连,,True
T001,巡航,O01>S001,2110.9894148946178,2112.985485942096,直连,,True
T001,巡航,O01>S001,2112.985485942096,2114.981556989574,直连,,True
T001,巡航,O01>S001,2114.981556989574,2116.9776280370525,直连,,True
T001,巡航,O01>S001,2116.9776280370525,2118.9736990845304,直连,,True
T001,巡航,O01>S001,2118.9736990845304,2120.9697701320088,直连,,True
T001,巡航,O01>S001,2120.9697701320088,2122.965841179487,直连,,True
T001,巡航,O01>S001,2122.965841179487,2124.961912226965,直连,,True
T001,巡航,O01>S001,2124.961912226965,2126.9579832744434,直连,,True
T001,巡航,O01>S001,2126.9579832744434,2128.9540543219214,直连,,True
T001,巡航,O01>S001,2128.9540543219214,2130.9501253693998,直连,,True
T001,巡航,O01>S001,2130.9501253693998,2132.9461964168777,直连,,True
T001,巡航,O01>S001,2132.9461964168777,2134.942267464356,直连,,True
T001,巡航,O01>S001,2134.942267464356,2136.9383385118344,直连,,True
T001,巡航,O01>S001,2136.9383385118344,2138.9344095593124,直连,,True
T001,巡航,O01>S001,2138.9344095593124,2140.9304806067908,直连,,True
T001,巡航,O01>S001,2140.9304806067908,2142.9265516542687,直连,,True
T001,巡航,O01>S001,2142.9265516542687,2144.922622701747,直连,,True
T001,巡航,O01>S001,2144.922622701747,2146.918693749225,直连,,True
T001,巡航,O01>S001,2146.918693749225,2148.9147647967034,直连,,True
T001,巡航,O01>S001,2148.9147647967034,2150.9108358441817,直连,,True
T001,巡航,O01>S001,2150.9108358441817,2152.9069068916597,直连,,True
T001,巡航,O01>S001,2152.9069068916597,2154.902977939138,直连,,True
T001,巡航,O01>S001,2154.902977939138,2156.899048986616,直连,,True
T001,巡航,O01>S001,2156.899048986616,2158.8951200340944,直连,,True
T001,巡航,O01>S001,2158.8951200340944,2160.8911910815723,直连,,True
T001,巡航,O01>S001,2160.8911910815723,2162.8872621290507,直连,,True
T001,巡航,O01>S001,2162.8872621290507,2164.883333176529,直连,,True
T001,巡航,O01>S001,2164.883333176529,2166.879404224007,直连,,True
T001,巡航,O01>S001,2166.879404224007,2168.8754752714854,直连,,True
T001,巡航,O01>S001,2168.8754752714854,2170.8715463189633,直连,,True
T001,巡航,O01>S001,2170.8715463189633,2172.8676173664417,直连,,True
T001,巡航,O01>S001,2172.8676173664417,2174.8636884139196,直连,,True
T001,巡航,O01>S001,2174.8636884139196,2176.859759461398,直连,,True
T001,巡航,O01>S001,2176.859759461398,2178.8558305088764,直连,,True
T001,巡航,O01>S001,2178.8558305088764,2180.8519015563543,直连,,True
T001,巡航,O01>S001,2180.8519015563543,2182.8479726038327,直连,,True
T001,巡航,O01>S001,2182.8479726038327,2184.8440436513106,直连,,True
T001,巡航,O01>S001,2184.8440436513106,2186.840114698789,直连,,True
T001,巡航,O01>S001,2186.840114698789,2188.836185746267,直连,,True
T001,巡航,O01>S001,2188.836185746267,2190.8322567937453,直连,,True
T001,巡航,O01>S001,2190.8322567937453,2192.8283278412237,直连,,True
T001,巡航,O01>S001,2192.8283278412237,2194.8243988887016,直连,,True
T001,巡航,O01>S001,2194.8243988887016,2196.82046993618,直连,,True
T001,巡航,O01>S001,2196.82046993618,2198.816540983658,直连,,True
T001,巡航,O01>S001,2198.816540983658,2200.8126120311363,直连,,True
T001,巡航,O01>S001,2200.8126120311363,2202.808683078614,直连,,True
T001,巡航,O01>S001,2202.808683078614,2204.8047541260926,直连,,True
T001,巡航,O01>S001,2204.8047541260926,2206.8008251735705,直连,,True
T001,巡航,O01>S001,2206.8008251735705,2208.796896221049,直连,,True
T001,巡航,O01>S001,2208.796896221049,2210.7929672685273,直连,,True
T001,巡航,O01>S001,2210.7929672685273,2212.789038316005,直连,,True
T001,巡航,O01>S001,2212.789038316005,2214.7851093634836,直连,,True
T001,巡航,O01>S001,2214.7851093634836,2216.7811804109615,直连,,True
T001,巡航,O01>S001,2216.7811804109615,2218.77725145844,直连,,True
T001,巡航,O01>S001,2218.77725145844,2220.773322505918,直连,,True
T001,巡航,O01>S001,2220.773322505918,2222.769393553396,直连,,True
T001,巡航,O01>S001,2222.769393553396,2224.7654646008746,直连,,True
T001,巡航,O01>S001,2224.7654646008746,2226.7615356483525,直连,,True
T001,巡航,O01>S001,2226.7615356483525,2228.757606695831,直连,,True
T001,巡航,O01>S001,2228.757606695831,2230.753677743309,直连,,True
T001,巡航,O01>S001,2230.753677743309,2232.749748790787,直连,,True
T001,巡航,O01>S001,2232.749748790787,2234.745819838265,直连,,True
T001,巡航,O01>S001,2234.745819838265,2236.7418908857435,直连,,True
T001,下降,O01>S001,2236.7418908857435,2251.5846592369803,直连,,True
T001,下降,O01>S001,2251.5846592369803,2266.4274275882176,直连,,True
T001,下降,O01>S001,2266.4274275882176,2281.2701959394544,直连,,True
T001,投送,S001,2281.2701959394544,2677.2701959394544,直连,,True
T001,爬升,S001>O01,2677.2701959394544,2689.144410620444,直连,,True
T001,爬升,S001>O01,2689.144410620444,2701.0186253014335,直连,,True
T001,爬升,S001>O01,2701.0186253014335,2712.892839982423,直连,,True
T001,巡航,S001>O01,2712.892839982423,2714.8889110299015,直连,,True
T001,巡航,S001>O01,2714.8889110299015,2716.8849820773794,直连,,True
T001,巡航,S001>O01,2716.8849820773794,2718.8810531248578,直连,,True
T001,巡航,S001>O01,2718.8810531248578,2720.8771241723357,直连,,True
T001,巡航,S001>O01,2720.8771241723357,2722.873195219814,直连,,True
T001,巡航,S001>O01,2722.873195219814,2724.869266267292,直连,,True
T001,巡航,S001>O01,2724.869266267292,2726.8653373147704,直连,,True
T001,巡航,S001>O01,2726.8653373147704,2728.8614083622488,直连,,True
T001,巡航,S001>O01,2728.8614083622488,2730.8574794097267,直连,,True
T001,巡航,S001>O01,2730.8574794097267,2732.853550457205,直连,,True
T001,巡航,S001>O01,2732.853550457205,2734.849621504683,直连,,True
T001,巡航,S001>O01,2734.849621504683,2736.8456925521614,直连,,True
T001,巡航,S001>O01,2736.8456925521614,2738.8417635996393,直连,,True
T001,巡航,S001>O01,2738.8417635996393,2740.8378346471177,直连,,True
T001,巡航,S001>O01,2740.8378346471177,2742.833905694596,直连,,True
T001,巡航,S001>O01,2742.833905694596,2744.829976742074,直连,,True
T001,巡航,S001>O01,2744.829976742074,2746.8260477895524,直连,,True
T001,巡航,S001>O01,2746.8260477895524,2748.8221188370303,直连,,True
T001,巡航,S001>O01,2748.8221188370303,2750.8181898845087,直连,,True
T001,巡航,S001>O01,2750.8181898845087,2752.8142609319866,直连,,True
T001,巡航,S001>O01,2752.8142609319866,2754.810331979465,直连,,True
T001,巡航,S001>O01,2754.810331979465,2756.8064030269434,直连,,True
T001,巡航,S001>O01,2756.8064030269434,2758.8024740744213,直连,,True
T001,巡航,S001>O01,2758.8024740744213,2760.7985451218997,直连,,True
T001,巡航,S001>O01,2760.7985451218997,2762.7946161693776,直连,,True
T001,巡航,S001>O01,2762.7946161693776,2764.790687216856,直连,,True
T001,巡航,S001>O01,2764.790687216856,2766.786758264334,直连,,True
T001,巡航,S001>O01,2766.786758264334,2768.7828293118123,直连,,True
T001,巡航,S001>O01,2768.7828293118123,2770.77890035929,直连,,True
T001,巡航,S001>O01,2770.77890035929,2772.7749714067686,直连,,True
T001,巡航,S001>O01,2772.7749714067686,2774.771042454247,直连,,True
T001,巡航,S001>O01,2774.771042454247,2776.767113501725,直连,,True
T001,巡航,S001>O01,2776.767113501725,2778.7631845492033,直连,,True
T001,巡航,S001>O01,2778.7631845492033,2780.759255596681,直连,,True
T001,巡航,S001>O01,2780.759255596681,2782.7553266441596,直连,,True
T001,巡航,S001>O01,2782.7553266441596,2784.7513976916375,直连,,True
T001,巡航,S001>O01,2784.7513976916375,2786.747468739116,直连,,True
T001,巡航,S001>O01,2786.747468739116,2788.7435397865943,直连,,True
T001,巡航,S001>O01,2788.7435397865943,2790.739610834072,直连,,True
T001,巡航,S001>O01,2790.739610834072,2792.7356818815506,直连,,True
T001,巡航,S001>O01,2792.7356818815506,2794.7317529290285,直连,,True
T001,巡航,S001>O01,2794.7317529290285,2796.727823976507,直连,,True
T001,巡航,S001>O01,2796.727823976507,2798.723895023985,直连,,True
T001,巡航,S001>O01,2798.723895023985,2800.719966071463,直连,,True
T001,巡航,S001>O01,2800.719966071463,2802.7160371189416,直连,,True
T001,巡航,S001>O01,2802.7160371189416,2804.7121081664195,直连,,True
T001,巡航,S001>O01,2804.7121081664195,2806.708179213898,直连,,True
T001,巡航,S001>O01,2806.708179213898,2808.704250261376,直连,,True
T001,巡航,S001>O01,2808.704250261376,2810.700321308854,直连,,True
T001,巡航,S001>O01,2810.700321308854,2812.696392356332,直连,,True
T001,巡航,S001>O01,2812.696392356332,2814.6924634038105,直连,,True
T001,巡航,S001>O01,2814.6924634038105,2816.688534451289,直连,,True
T001,巡航,S001>O01,2816.688534451289,2818.684605498767,直连,,True
T001,巡航,S001>O01,2818.684605498767,2820.680676546245,直连,,True
T001,巡航,S001>O01,2820.680676546245,2822.676747593723,直连,,True
T001,巡航,S001>O01,2822.676747593723,2824.6728186412015,直连,,True
T001,巡航,S001>O01,2824.6728186412015,2826.6688896886794,直连,,True
T001,巡航,S001>O01,2826.6688896886794,2828.664960736158,直连,,True
T001,巡航,S001>O01,2828.664960736158,2830.661031783636,直连,,True
T001,巡航,S001>O01,2830.661031783636,2832.657102831114,直连,,True
T001,巡航,S001>O01,2832.657102831114,2834.6531738785925,直连,,True
T001,巡航,S001>O01,2834.6531738785925,2836.6492449260704,直连,,True
T001,巡航,S001>O01,2836.6492449260704,2838.645315973549,直连,,True
T001,巡航,S001>O01,2838.645315973549,2840.6413870210267,直连,,True
T001,巡航,S001>O01,2840.6413870210267,2842.637458068505,直连,,True
T001,巡航,S001>O01,2842.637458068505,2844.6335291159835,直连,,True
T001,巡航,S001>O01,2844.6335291159835,2846.6296001634614,直连,,True
T001,巡航,S001>O01,2846.6296001634614,2848.62567121094,直连,,True
T001,巡航,S001>O01,2848.62567121094,2850.6217422584177,直连,,True
T001,巡航,S001>O01,2850.6217422584177,2852.617813305896,直连,,True
T001,巡航,S001>O01,2852.617813305896,2854.613884353374,直连,,True
T001,巡航,S001>O01,2854.613884353374,2856.6099554008524,直连,,True
T001,巡航,S001>O01,2856.6099554008524,2858.6060264483303,直连,,True
T001,巡航,S001>O01,2858.6060264483303,2860.6020974958087,直连,,True
T001,巡航,S001>O01,2860.6020974958087,2862.598168543287,直连,,True
T001,巡航,S001>O01,2862.598168543287,2864.594239590765,直连,,True
T001,巡航,S001>O01,2864.594239590765,2866.5903106382434,直连,,True
T001,巡航,S001>O01,2866.5903106382434,2868.5863816857213,直连,,True
T001,巡航,S001>O01,2868.5863816857213,2870.5824527331997,直连,,True
T001,巡航,S001>O01,2870.5824527331997,2872.5785237806776,直连,,True
T001,巡航,S001>O01,2872.5785237806776,2874.574594828156,直连,,True
T001,巡航,S001>O01,2874.574594828156,2876.5706658756344,直连,,True
T001,巡航,S001>O01,2876.5706658756344,2878.5667369231123,直连,,True
T001,巡航,S001>O01,2878.5667369231123,2880.5628079705907,直连,,True
T001,巡航,S001>O01,2880.5628079705907,2882.5588790180686,直连,,True
T001,巡航,S001>O01,2882.5588790180686,2884.554950065547,直连,,True
T001,巡航,S001>O01,2884.554950065547,2886.551021113025,直连,,True
T001,巡航,S001>O01,2886.551021113025,2888.5470921605033,直连,,True
T001,巡航,S001>O01,2888.5470921605033,2890.5431632079817,直连,,True
T001,巡航,S001>O01,2890.5431632079817,2892.5392342554596,直连,,True
T001,巡航,S001>O01,2892.5392342554596,2894.535305302938,直连,,True
T001,巡航,S001>O01,2894.535305302938,2896.531376350416,直连,,True
T001,巡航,S001>O01,2896.531376350416,2898.5274473978943,直连,,True
T001,巡航,S001>O01,2898.5274473978943,2900.5235184453722,直连,,True
T001,巡航,S001>O01,2900.5235184453722,2902.5195894928506,直连,,True
T001,巡航,S001>O01,2902.5195894928506,2904.515660540329,直连,,True
T001,巡航,S001>O01,2904.515660540329,2906.511731587807,直连,,True
T001,巡航,S001>O01,2906.511731587807,2908.5078026352853,直连,,True
T001,巡航,S001>O01,2908.5078026352853,2910.5038736827632,直连,,True
T001,巡航,S001>O01,2910.5038736827632,2912.4999447302416,直连,,True
T001,巡航,S001>O01,2912.4999447302416,2914.4960157777195,直连,,True
T001,巡航,S001>O01,2914.4960157777195,2916.492086825198,直连,,True
T001,下降,S001>O01,2916.492086825198,2931.0277478359403,直连,,True
T001,下降,S001>O01,2931.0277478359403,2945.5634088466823,直连,,True
T001,下降,S001>O01,2945.5634088466823,2960.0990698574246,直连,,True
T001,下降,S001>O01,2960.0990698574246,2974.6347308681666,直连,,True
T001,下降,S001>O01,2974.6347308681666,2989.170391878909,直连,,True
T002,爬升,O01>S001,480.0,491.6285288085937,直连,,True
T002,爬升,O01>S001,491.6285288085937,503.2570576171875,直连,,True
T002,爬升,O01>S001,503.2570576171875,514.8855864257813,直连,,True
T002,爬升,O01>S001,514.8855864257813,526.514115234375,直连,,True
T002,爬升,O01>S001,526.514115234375,538.1426440429688,直连,,True
T002,巡航,O01>S001,538.1426440429688,540.1387150904469,直连,,True
T002,巡航,O01>S001,540.1387150904469,542.1347861379252,直连,,True
T002,巡航,O01>S001,542.1347861379252,544.1308571854033,直连,,True
T002,巡航,O01>S001,544.1308571854033,546.1269282328815,直连,,True
T002,巡航,O01>S001,546.1269282328815,548.1229992803596,直连,,True
T002,巡航,O01>S001,548.1229992803596,550.1190703278379,直连,,True
T002,巡航,O01>S001,550.1190703278379,552.115141375316,直连,,True
T002,巡航,O01>S001,552.115141375316,554.1112124227942,直连,,True
T002,巡航,O01>S001,554.1112124227942,556.1072834702724,直连,,True
T002,巡航,O01>S001,556.1072834702724,558.1033545177506,直连,,True
T002,巡航,O01>S001,558.1033545177506,560.0994255652288,直连,,True
T002,巡航,O01>S001,560.0994255652288,562.0954966127069,直连,,True
T002,巡航,O01>S001,562.0954966127069,564.0915676601851,直连,,True
T002,巡航,O01>S001,564.0915676601851,566.0876387076634,直连,,True
T002,巡航,O01>S001,566.0876387076634,568.0837097551415,直连,,True
T002,巡航,O01>S001,568.0837097551415,570.0797808026197,直连,,True
T002,巡航,O01>S001,570.0797808026197,572.0758518500978,直连,,True
T002,巡航,O01>S001,572.0758518500978,574.0719228975761,直连,,True
T002,巡航,O01>S001,574.0719228975761,576.0679939450542,直连,,True
T002,巡航,O01>S001,576.0679939450542,578.0640649925324,直连,,True
T002,巡航,O01>S001,578.0640649925324,580.0601360400105,直连,,True
T002,巡航,O01>S001,580.0601360400105,582.0562070874888,直连,,True
T002,巡航,O01>S001,582.0562070874888,584.052278134967,直连,,True
T002,巡航,O01>S001,584.052278134967,586.0483491824451,直连,,True
T002,巡航,O01>S001,586.0483491824451,588.0444202299233,直连,,True
T002,巡航,O01>S001,588.0444202299233,590.0404912774015,直连,,True
T002,巡航,O01>S001,590.0404912774015,592.0365623248797,直连,,True
T002,巡航,O01>S001,592.0365623248797,594.0326333723579,直连,,True
T002,巡航,O01>S001,594.0326333723579,596.028704419836,直连,,True
T002,巡航,O01>S001,596.028704419836,598.0247754673143,直连,,True
T002,巡航,O01>S001,598.0247754673143,600.0208465147924,直连,,True
T002,巡航,O01>S001,600.0208465147924,602.0169175622706,直连,,True
T002,巡航,O01>S001,602.0169175622706,604.0129886097488,直连,,True
T002,巡航,O01>S001,604.0129886097488,606.009059657227,直连,,True
T002,巡航,O01>S001,606.009059657227,608.0051307047052,直连,,True
T002,巡航,O01>S001,608.0051307047052,610.0012017521833,直连,,True
T002,巡航,O01>S001,610.0012017521833,611.9972727996615,直连,,True
T002,巡航,O01>S001,611.9972727996615,613.9933438471397,直连,,True
T002,巡航,O01>S001,613.9933438471397,615.9894148946179,直连,,True
T002,巡航,O01>S001,615.9894148946179,617.985485942096,直连,,True
T002,巡航,O01>S001,617.985485942096,619.9815569895743,直连,,True
T002,巡航,O01>S001,619.9815569895743,621.9776280370525,直连,,True
T002,巡航,O01>S001,621.9776280370525,623.9736990845306,直连,,True
T002,巡航,O01>S001,623.9736990845306,625.9697701320088,直连,,True
T002,巡航,O01>S001,625.9697701320088,627.9658411794869,直连,,True
T002,巡航,O01>S001,627.9658411794869,629.9619122269652,直连,,True
T002,巡航,O01>S001,629.9619122269652,631.9579832744433,直连,,True
T002,巡航,O01>S001,631.9579832744433,633.9540543219215,直连,,True
T002,巡航,O01>S001,633.9540543219215,635.9501253693998,直连,,True
T002,巡航,O01>S001,635.9501253693998,637.9461964168779,直连,,True
T002,巡航,O01>S001,637.9461964168779,639.9422674643561,直连,,True
T002,巡航,O01>S001,639.9422674643561,641.9383385118342,直连,,True
T002,巡航,O01>S001,641.9383385118342,643.9344095593125,直连,,True
T002,巡航,O01>S001,643.9344095593125,645.9304806067906,直连,,True
T002,巡航,O01>S001,645.9304806067906,647.9265516542688,直连,,True
T002,巡航,O01>S001,647.9265516542688,649.922622701747,直连,,True
T002,巡航,O01>S001,649.922622701747,651.9186937492252,直连,,True
T002,巡航,O01>S001,651.9186937492252,653.9147647967034,直连,,True
T002,巡航,O01>S001,653.9147647967034,655.9108358441815,直连,,True
T002,巡航,O01>S001,655.9108358441815,657.9069068916597,直连,,True
T002,巡航,O01>S001,657.9069068916597,659.9029779391378,直连,,True
T002,巡航,O01>S001,659.9029779391378,661.8990489866161,直连,,True
T002,巡航,O01>S001,661.8990489866161,663.8951200340942,直连,,True
T002,巡航,O01>S001,663.8951200340942,665.8911910815724,直连,,True
T002,巡航,O01>S001,665.8911910815724,667.8872621290507,直连,,True
T002,巡航,O01>S001,667.8872621290507,669.8833331765288,直连,,True
T002,巡航,O01>S001,669.8833331765288,671.879404224007,直连,,True
T002,巡航,O01>S001,671.879404224007,673.8754752714851,直连,,True
T002,巡航,O01>S001,673.8754752714851,675.8715463189634,直连,,True
T002,巡航,O01>S001,675.8715463189634,677.8676173664416,直连,,True
T002,巡航,O01>S001,677.8676173664416,679.8636884139197,直连,,True
T002,巡航,O01>S001,679.8636884139197,681.859759461398,直连,,True
T002,巡航,O01>S001,681.859759461398,683.8558305088761,直连,,True
T002,巡航,O01>S001,683.8558305088761,685.8519015563543,直连,,True
T002,巡航,O01>S001,685.8519015563543,687.8479726038324,直连,,True
T002,巡航,O01>S001,687.8479726038324,689.8440436513106,直连,,True
T002,巡航,O01>S001,689.8440436513106,691.8401146987887,直连,,True
T002,巡航,O01>S001,691.8401146987887,693.836185746267,直连,,True
T002,巡航,O01>S001,693.836185746267,695.8322567937452,直连,,True
T002,巡航,O01>S001,695.8322567937452,697.8283278412233,直连,,True
T002,巡航,O01>S001,697.8283278412233,699.8243988887016,直连,,True
T002,巡航,O01>S001,699.8243988887016,701.8204699361797,直连,,True
T002,巡航,O01>S001,701.8204699361797,703.8165409836579,直连,,True
T002,巡航,O01>S001,703.8165409836579,705.812612031136,直连,,True
T002,巡航,O01>S001,705.812612031136,707.8086830786143,直连,,True
T002,巡航,O01>S001,707.8086830786143,709.8047541260925,直连,,True
T002,巡航,O01>S001,709.8047541260925,711.8008251735706,直连,,True
T002,巡航,O01>S001,711.8008251735706,713.7968962210489,直连,,True
T002,巡航,O01>S001,713.7968962210489,715.792967268527,直连,,True
T002,巡航,O01>S001,715.792967268527,717.7890383160052,直连,,True
T002,巡航,O01>S001,717.7890383160052,719.7851093634833,直连,,True
T002,巡航,O01>S001,719.7851093634833,721.7811804109615,直连,,True
T002,巡航,O01>S001,721.7811804109615,723.7772514584398,直连,,True
T002,巡航,O01>S001,723.7772514584398,725.7733225059179,直连,,True
T002,巡航,O01>S001,725.7733225059179,727.7693935533961,直连,,True
T002,巡航,O01>S001,727.7693935533961,729.7654646008743,直连,,True
T002,巡航,O01>S001,729.7654646008743,731.7615356483525,直连,,True
T002,巡航,O01>S001,731.7615356483525,733.7576066958306,直连,,True
T002,巡航,O01>S001,733.7576066958306,735.7536777433088,直连,,True
T002,巡航,O01>S001,735.7536777433088,737.749748790787,直连,,True
T002,巡航,O01>S001,737.749748790787,739.7458198382652,直连,,True
T002,巡航,O01>S001,739.7458198382652,741.7418908857434,直连,,True
T002,下降,O01>S001,741.7418908857434,756.5846592369803,直连,,True
T002,下降,O01>S001,756.5846592369803,771.4274275882174,直连,,True
T002,下降,O01>S001,771.4274275882174,786.2701959394543,直连,,True
T002,投送,S001,786.2701959394543,1182.2701959394544,直连,,True
T002,爬升,S001>O01,1182.2701959394544,1194.144410620444,直连,,True
T002,爬升,S001>O01,1194.144410620444,1206.0186253014335,直连,,True
T002,爬升,S001>O01,1206.0186253014335,1217.892839982423,直连,,True
T002,巡航,S001>O01,1217.892839982423,1219.8889110299012,直连,,True
T002,巡航,S001>O01,1219.8889110299012,1221.8849820773794,直连,,True
T002,巡航,S001>O01,1221.8849820773794,1223.8810531248575,直连,,True
T002,巡航,S001>O01,1223.8810531248575,1225.877124172336,直连,,True
T002,巡航,S001>O01,1225.877124172336,1227.873195219814,直连,,True
T002,巡航,S001>O01,1227.873195219814,1229.8692662672922,直连,,True
T002,巡航,S001>O01,1229.8692662672922,1231.8653373147704,直连,,True
T002,巡航,S001>O01,1231.8653373147704,1233.8614083622485,直连,,True
T002,巡航,S001>O01,1233.8614083622485,1235.8574794097267,直连,,True
T002,巡航,S001>O01,1235.8574794097267,1237.8535504572048,直连,,True
T002,巡航,S001>O01,1237.8535504572048,1239.849621504683,直连,,True
T002,巡航,S001>O01,1239.849621504683,1241.8456925521614,直连,,True
T002,巡航,S001>O01,1241.8456925521614,1243.8417635996395,直连,,True
T002,巡航,S001>O01,1243.8417635996395,1245.8378346471177,直连,,True
T002,巡航,S001>O01,1245.8378346471177,1247.8339056945958,直连,,True
T002,巡航,S001>O01,1247.8339056945958,1249.829976742074,直连,,True
T002,巡航,S001>O01,1249.829976742074,1251.8260477895521,直连,,True
T002,巡航,S001>O01,1251.8260477895521,1253.8221188370303,直连,,True
T002,巡航,S001>O01,1253.8221188370303,1255.8181898845085,直连,,True
T002,巡航,S001>O01,1255.8181898845085,1257.8142609319868,直连,,True
T002,巡航,S001>O01,1257.8142609319868,1259.810331979465,直连,,True
T002,巡航,S001>O01,1259.810331979465,1261.8064030269431,直连,,True
T002,巡航,S001>O01,1261.8064030269431,1263.8024740744213,直连,,True
T002,巡航,S001>O01,1263.8024740744213,1265.7985451218995,直连,,True
T002,巡航,S001>O01,1265.7985451218995,1267.7946161693776,直连,,True
T002,巡航,S001>O01,1267.7946161693776,1269.7906872168558,直连,,True
T002,巡航,S001>O01,1269.7906872168558,1271.786758264334,直连,,True
T002,巡航,S001>O01,1271.786758264334,1273.7828293118123,直连,,True
T002,巡航,S001>O01,1273.7828293118123,1275.7789003592904,直连,,True
T002,巡航,S001>O01,1275.7789003592904,1277.7749714067686,直连,,True
T002,巡航,S001>O01,1277.7749714067686,1279.7710424542468,直连,,True
T002,巡航,S001>O01,1279.7710424542468,1281.767113501725,直连,,True
T002,巡航,S001>O01,1281.767113501725,1283.763184549203,直连,,True
T002,巡航,S001>O01,1283.763184549203,1285.7592555966812,直连,,True
T002,巡航,S001>O01,1285.7592555966812,1287.7553266441594,直连,,True
T002,巡航,S001>O01,1287.7553266441594,1289.7513976916377,直连,,True
T002,巡航,S001>O01,1289.7513976916377,1291.747468739116,直连,,True
T002,巡航,S001>O01,1291.747468739116,1293.743539786594,直连,,True
T002,巡航,S001>O01,1293.743539786594,1295.7396108340722,直连,,True
T002,巡航,S001>O01,1295.7396108340722,1297.7356818815504,直连,,True
T002,巡航,S001>O01,1297.7356818815504,1299.7317529290285,直连,,True
T002,巡航,S001>O01,1299.7317529290285,1301.7278239765067,直连,,True
T002,巡航,S001>O01,1301.7278239765067,1303.7238950239848,直连,,True
T002,巡航,S001>O01,1303.7238950239848,1305.7199660714632,直连,,True
T002,巡航,S001>O01,1305.7199660714632,1307.7160371189414,直连,,True
T002,巡航,S001>O01,1307.7160371189414,1309.7121081664195,直连,,True
T002,巡航,S001>O01,1309.7121081664195,1311.7081792138977,直连,,True
T002,巡航,S001>O01,1311.7081792138977,1313.7042502613758,直连,,True
T002,巡航,S001>O01,1313.7042502613758,1315.700321308854,直连,,True
T002,巡航,S001>O01,1315.700321308854,1317.6963923563321,直连,,True
T002,巡航,S001>O01,1317.6963923563321,1319.6924634038105,直连,,True
T002,巡航,S001>O01,1319.6924634038105,1321.6885344512887,直连,,True
T002,巡航,S001>O01,1321.6885344512887,1323.6846054987668,直连,,True
T002,巡航,S001>O01,1323.6846054987668,1325.680676546245,直连,,True
T002,巡航,S001>O01,1325.680676546245,1327.6767475937231,直连,,True
T002,巡航,S001>O01,1327.6767475937231,1329.6728186412013,直连,,True
T002,巡航,S001>O01,1329.6728186412013,1331.6688896886794,直连,,True
T002,巡航,S001>O01,1331.6688896886794,1333.6649607361576,直连,,True
T002,巡航,S001>O01,1333.6649607361576,1335.661031783636,直连,,True
T002,巡航,S001>O01,1335.661031783636,1337.6571028311141,直连,,True
T002,巡航,S001>O01,1337.6571028311141,1339.6531738785923,直连,,True
T002,巡航,S001>O01,1339.6531738785923,1341.6492449260704,直连,,True
T002,巡航,S001>O01,1341.6492449260704,1343.6453159735486,直连,,True
T002,巡航,S001>O01,1343.6453159735486,1345.6413870210267,直连,,True
T002,巡航,S001>O01,1345.6413870210267,1347.6374580685049,直连,,True
T002,巡航,S001>O01,1347.6374580685049,1349.633529115983,直连,,True
T002,巡航,S001>O01,1349.633529115983,1351.6296001634614,直连,,True
T002,巡航,S001>O01,1351.6296001634614,1353.6256712109396,直连,,True
T002,巡航,S001>O01,1353.6256712109396,1355.6217422584177,直连,,True
T002,巡航,S001>O01,1355.6217422584177,1357.6178133058959,直连,,True
T002,巡航,S001>O01,1357.6178133058959,1359.613884353374,直连,,True
T002,巡航,S001>O01,1359.613884353374,1361.6099554008522,直连,,True
T002,巡航,S001>O01,1361.6099554008522,1363.6060264483303,直连,,True
T002,巡航,S001>O01,1363.6060264483303,1365.6020974958085,直连,,True
T002,巡航,S001>O01,1365.6020974958085,1367.5981685432869,直连,,True
T002,巡航,S001>O01,1367.5981685432869,1369.594239590765,直连,,True
T002,巡航,S001>O01,1369.594239590765,1371.5903106382432,直连,,True
T002,巡航,S001>O01,1371.5903106382432,1373.5863816857213,直连,,True
T002,巡航,S001>O01,1373.5863816857213,1375.5824527331995,直连,,True
T002,巡航,S001>O01,1375.5824527331995,1377.5785237806776,直连,,True
T002,巡航,S001>O01,1377.5785237806776,1379.5745948281558,直连,,True
T002,巡航,S001>O01,1379.5745948281558,1381.570665875634,直连,,True
T002,巡航,S001>O01,1381.570665875634,1383.5667369231123,直连,,True
T002,巡航,S001>O01,1383.5667369231123,1385.5628079705905,直连,,True
T002,巡航,S001>O01,1385.5628079705905,1387.5588790180686,直连,,True
T002,巡航,S001>O01,1387.5588790180686,1389.5549500655468,直连,,True
T002,巡航,S001>O01,1389.5549500655468,1391.551021113025,直连,,True
T002,巡航,S001>O01,1391.551021113025,1393.547092160503,直连,,True
T002,巡航,S001>O01,1393.547092160503,1395.5431632079813,直连,,True
T002,巡航,S001>O01,1395.5431632079813,1397.5392342554596,直连,,True
T002,巡航,S001>O01,1397.5392342554596,1399.5353053029378,直连,,True
T002,巡航,S001>O01,1399.5353053029378,1401.531376350416,直连,,True
T002,巡航,S001>O01,1401.531376350416,1403.527447397894,直连,,True
T002,巡航,S001>O01,1403.527447397894,1405.5235184453722,直连,,True
T002,巡航,S001>O01,1405.5235184453722,1407.5195894928504,直连,,True
T002,巡航,S001>O01,1407.5195894928504,1409.5156605403286,直连,,True
T002,巡航,S001>O01,1409.5156605403286,1411.5117315878067,直连,,True
T002,巡航,S001>O01,1411.5117315878067,1413.5078026352849,直连,,True
T002,巡航,S001>O01,1413.5078026352849,1415.5038736827632,直连,,True
T002,巡航,S001>O01,1415.5038736827632,1417.4999447302414,直连,,True
T002,巡航,S001>O01,1417.4999447302414,1419.4960157777195,直连,,True
T002,巡航,S001>O01,1419.4960157777195,1421.4920868251977,直连,,True
T002,下降,S001>O01,1421.4920868251977,1436.0277478359399,直连,,True
T002,下降,S001>O01,1436.0277478359399,1450.563408846682,直连,,True
T002,下降,S001>O01,1450.563408846682,1465.0990698574244,直连,,True
T002,下降,S001>O01,1465.0990698574244,1479.6347308681666,直连,,True
T002,下降,S001>O01,1479.6347308681666,1494.1703918789087,直连,,True
T003,爬升,O01>S001,390.0,399.6904406738281,直连,,True
T003,爬升,O01>S001,399.6904406738281,409.38088134765627,直连,,True
T003,爬升,O01>S001,409.38088134765627,419.0713220214844,直连,,True
T003,爬升,O01>S001,419.0713220214844,428.76176269531254,直连,,True
T003,爬升,O01>S001,428.76176269531254,438.45220336914065,直连,,True
T003,巡航,O01>S001,438.45220336914065,440.9472921784884,直连,,True
T003,巡航,O01>S001,440.9472921784884,443.4423809878361,直连,,True
T003,巡航,O01>S001,443.4423809878361,445.93746979718384,直连,,True
T003,巡航,O01>S001,445.93746979718384,448.4325586065316,直连,,True
T003,巡航,O01>S001,448.4325586065316,450.9276474158793,直连,,True
T003,巡航,O01>S001,450.9276474158793,453.422736225227,直连,,True
T003,巡航,O01>S001,453.422736225227,455.9178250345748,直连,,True
T003,巡航,O01>S001,455.9178250345748,458.41291384392247,直连,,True
T003,巡航,O01>S001,458.41291384392247,460.9080026532702,直连,,True
T003,巡航,O01>S001,460.9080026532702,463.4030914626179,直连,,True
T003,巡航,O01>S001,463.4030914626179,465.89818027196566,直连,,True
T003,巡航,O01>S001,465.89818027196566,468.3932690813134,直连,,True
T003,巡航,O01>S001,468.3932690813134,470.8883578906611,直连,,True
T003,巡航,O01>S001,470.8883578906611,473.38344670000885,直连,,True
T003,巡航,O01>S001,473.38344670000885,475.8785355093566,直连,,True
T003,巡航,O01>S001,475.8785355093566,478.3736243187043,直连,,True
T003,巡航,O01>S001,478.3736243187043,480.86871312805204,直连,,True
T003,巡航,O01>S001,480.86871312805204,483.3638019373998,直连,,True
T003,巡航,O01>S001,483.3638019373998,485.8588907467475,直连,,True
T003,巡航,O01>S001,485.8588907467475,488.3539795560952,直连,,True
T003,巡航,O01>S001,488.3539795560952,490.8490683654429,直连,,True
T003,巡航,O01>S001,490.8490683654429,493.34415717479067,直连,,True
T003,巡航,O01>S001,493.34415717479067,495.8392459841384,直连,,True
T003,巡航,O01>S001,495.8392459841384,498.33433479348616,直连,,True
T003,巡航,O01>S001,498.33433479348616,500.82942360283386,直连,,True
T003,巡航,O01>S001,500.82942360283386,503.3245124121816,直连,,True
T003,巡航,O01>S001,503.3245124121816,505.8196012215293,直连,,True
T003,巡航,O01>S001,505.8196012215293,508.31469003087705,直连,,True
T003,巡航,O01>S001,508.31469003087705,510.8097788402248,直连,,True
T003,巡航,O01>S001,510.8097788402248,513.3048676495725,直连,,True
T003,巡航,O01>S001,513.3048676495725,515.7999564589202,直连,,True
T003,巡航,O01>S001,515.7999564589202,518.2950452682679,直连,,True
T003,巡航,O01>S001,518.2950452682679,520.7901340776157,直连,,True
T003,巡航,O01>S001,520.7901340776157,523.2852228869634,直连,,True
T003,巡航,O01>S001,523.2852228869634,525.7803116963112,直连,,True
T003,巡航,O01>S001,525.7803116963112,528.2754005056589,直连,,True
T003,巡航,O01>S001,528.2754005056589,530.7704893150067,直连,,True
T003,巡航,O01>S001,530.7704893150067,533.2655781243543,直连,,True
T003,巡航,O01>S001,533.2655781243543,535.760666933702,直连,,True
T003,巡航,O01>S001,535.760666933702,538.2557557430498,直连,,True
T003,巡航,O01>S001,538.2557557430498,540.7508445523976,直连,,True
T003,巡航,O01>S001,540.7508445523976,543.2459333617453,直连,,True
T003,巡航,O01>S001,543.2459333617453,545.7410221710929,直连,,True
T003,巡航,O01>S001,545.7410221710929,548.2361109804407,直连,,True
T003,巡航,O01>S001,548.2361109804407,550.7311997897884,直连,,True
T003,巡航,O01>S001,550.7311997897884,553.2262885991362,直连,,True
T003,巡航,O01>S001,553.2262885991362,555.7213774084839,直连,,True
T003,巡航,O01>S001,555.7213774084839,558.2164662178316,直连,,True
T003,巡航,O01>S001,558.2164662178316,560.7115550271793,直连,,True
T003,巡航,O01>S001,560.7115550271793,563.2066438365271,直连,,True
T003,巡航,O01>S001,563.2066438365271,565.7017326458748,直连,,True
T003,巡航,O01>S001,565.7017326458748,568.1968214552226,直连,,True
T003,巡航,O01>S001,568.1968214552226,570.6919102645703,直连,,True
T003,巡航,O01>S001,570.6919102645703,573.1869990739181,直连,,True
T003,巡航,O01>S001,573.1869990739181,575.6820878832657,直连,,True
T003,巡航,O01>S001,575.6820878832657,578.1771766926134,直连,,True
T003,巡航,O01>S001,578.1771766926134,580.6722655019612,直连,,True
T003,巡航,O01>S001,580.6722655019612,583.1673543113089,直连,,True
T003,巡航,O01>S001,583.1673543113089,585.6624431206567,直连,,True
T003,巡航,O01>S001,585.6624431206567,588.1575319300043,直连,,True
T003,巡航,O01>S001,588.1575319300043,590.6526207393521,直连,,True
T003,巡航,O01>S001,590.6526207393521,593.1477095486998,直连,,True
T003,巡航,O01>S001,593.1477095486998,595.6427983580476,直连,,True
T003,巡航,O01>S001,595.6427983580476,598.1378871673953,直连,,True
T003,巡航,O01>S001,598.1378871673953,600.632975976743,直连,,True
T003,巡航,O01>S001,600.632975976743,603.1280647860908,直连,,True
T003,巡航,O01>S001,603.1280647860908,605.6231535954385,直连,,True
T003,巡航,O01>S001,605.6231535954385,608.1182424047862,直连,,True
T003,巡航,O01>S001,608.1182424047862,610.613331214134,直连,,True
T003,巡航,O01>S001,610.613331214134,613.1084200234817,直连,,True
T003,巡航,O01>S001,613.1084200234817,615.6035088328294,直连,,True
T003,巡航,O01>S001,615.6035088328294,618.0985976421771,直连,,True
T003,巡航,O01>S001,618.0985976421771,620.5936864515248,直连,,True
T003,巡航,O01>S001,620.5936864515248,623.0887752608726,直连,,True
T003,巡航,O01>S001,623.0887752608726,625.5838640702203,直连,,True
T003,巡航,O01>S001,625.5838640702203,628.0789528795681,直连,,True
T003,巡航,O01>S001,628.0789528795681,630.5740416889157,直连,,True
T003,巡航,O01>S001,630.5740416889157,633.0691304982635,直连,,True
T003,巡航,O01>S001,633.0691304982635,635.5642193076112,直连,,True
T003,巡航,O01>S001,635.5642193076112,638.059308116959,直连,,True
T003,巡航,O01>S001,638.059308116959,640.5543969263067,直连,,True
T003,巡航,O01>S001,640.5543969263067,643.0494857356543,直连,,True
T003,巡航,O01>S001,643.0494857356543,645.5445745450021,直连,,True
T003,巡航,O01>S001,645.5445745450021,648.0396633543498,直连,,True
T003,巡航,O01>S001,648.0396633543498,650.5347521636976,直连,,True
T003,巡航,O01>S001,650.5347521636976,653.0298409730453,直连,,True
T003,巡航,O01>S001,653.0298409730453,655.524929782393,直连,,True
T003,巡航,O01>S001,655.524929782393,658.0200185917408,直连,,True
T003,巡航,O01>S001,658.0200185917408,660.5151074010885,直连,,True
T003,巡航,O01>S001,660.5151074010885,663.0101962104362,直连,,True
T003,巡航,O01>S001,663.0101962104362,665.505285019784,直连,,True
T003,巡航,O01>S001,665.505285019784,668.0003738291317,直连,,True
T003,巡航,O01>S001,668.0003738291317,670.4954626384795,直连,,True
T003,巡航,O01>S001,670.4954626384795,672.9905514478271,直连,,True
T003,巡航,O01>S001,672.9905514478271,675.4856402571749,直连,,True
T003,巡航,O01>S001,675.4856402571749,677.9807290665226,直连,,True
T003,巡航,O01>S001,677.9807290665226,680.4758178758703,直连,,True
T003,巡航,O01>S001,680.4758178758703,682.9709066852181,直连,,True
T003,巡航,O01>S001,682.9709066852181,685.4659954945657,直连,,True
T003,巡航,O01>S001,685.4659954945657,687.9610843039135,直连,,True
T003,巡航,O01>S001,687.9610843039135,690.4561731132612,直连,,True
T003,巡航,O01>S001,690.4561731132612,692.951261922609,直连,,True
T003,下降,O01>S001,692.951261922609,704.8254766035985,直连,,True
T003,下降,O01>S001,704.8254766035985,716.6996912845882,直连,,True
T003,下降,O01>S001,716.6996912845882,728.5739059655778,直连,,True
T003,投送,S001,728.5739059655778,968.5739059655778,直连,,True
T003,爬升,S001>O01,968.5739059655778,978.4690848664025,直连,,True
T003,爬升,S001>O01,978.4690848664025,988.364263767227,直连,,True
T003,爬升,S001>O01,988.364263767227,998.2594426680517,直连,,True
T003,巡航,S001>O01,998.2594426680517,1000.7545314773995,直连,,True
T003,巡航,S001>O01,1000.7545314773995,1003.2496202867472,直连,,True
T003,巡航,S001>O01,1003.2496202867472,1005.7447090960949,直连,,True
T003,巡航,S001>O01,1005.7447090960949,1008.2397979054426,直连,,True
T003,巡航,S001>O01,1008.2397979054426,1010.7348867147904,直连,,True
T003,巡航,S001>O01,1010.7348867147904,1013.2299755241381,直连,,True
T003,巡航,S001>O01,1013.2299755241381,1015.7250643334859,直连,,True
T003,巡航,S001>O01,1015.7250643334859,1018.2201531428336,直连,,True
T003,巡航,S001>O01,1018.2201531428336,1020.7152419521813,直连,,True
T003,巡航,S001>O01,1020.7152419521813,1023.210330761529,直连,,True
T003,巡航,S001>O01,1023.210330761529,1025.7054195708768,直连,,True
T003,巡航,S001>O01,1025.7054195708768,1028.2005083802244,直连,,True
T003,巡航,S001>O01,1028.2005083802244,1030.6955971895723,直连,,True
T003,巡航,S001>O01,1030.6955971895723,1033.19068599892,直连,,True
T003,巡航,S001>O01,1033.19068599892,1035.6857748082678,直连,,True
T003,巡航,S001>O01,1035.6857748082678,1038.1808636176154,直连,,True
T003,巡航,S001>O01,1038.1808636176154,1040.675952426963,直连,,True
T003,巡航,S001>O01,1040.675952426963,1043.1710412363109,直连,,True
T003,巡航,S001>O01,1043.1710412363109,1045.6661300456585,直连,,True
T003,巡航,S001>O01,1045.6661300456585,1048.1612188550064,直连,,True
T003,巡航,S001>O01,1048.1612188550064,1050.656307664354,直连,,True
T003,巡航,S001>O01,1050.656307664354,1053.1513964737017,直连,,True
T003,巡航,S001>O01,1053.1513964737017,1055.6464852830495,直连,,True
T003,巡航,S001>O01,1055.6464852830495,1058.1415740923971,直连,,True
T003,巡航,S001>O01,1058.1415740923971,1060.636662901745,直连,,True
T003,巡航,S001>O01,1060.636662901745,1063.1317517110926,直连,,True
T003,巡航,S001>O01,1063.1317517110926,1065.6268405204405,直连,,True
T003,巡航,S001>O01,1065.6268405204405,1068.1219293297881,直连,,True
T003,巡航,S001>O01,1068.1219293297881,1070.6170181391358,直连,,True
T003,巡航,S001>O01,1070.6170181391358,1073.1121069484836,直连,,True
T003,巡航,S001>O01,1073.1121069484836,1075.6071957578313,直连,,True
T003,巡航,S001>O01,1075.6071957578313,1078.1022845671791,直连,,True
T003,巡航,S001>O01,1078.1022845671791,1080.5973733765268,直连,,True
T003,巡航,S001>O01,1080.5973733765268,1083.0924621858744,直连,,True
T003,巡航,S001>O01,1083.0924621858744,1085.5875509952223,直连,,True
T003,巡航,S001>O01,1085.5875509952223,1088.08263980457,直连,,True
T003,巡航,S001>O01,1088.08263980457,1090.5777286139178,直连,,True
T003,巡航,S001>O01,1090.5777286139178,1093.0728174232654,直连,,True
T003,巡航,S001>O01,1093.0728174232654,1095.567906232613,直连,,True
T003,巡航,S001>O01,1095.567906232613,1098.062995041961,直连,,True
T003,巡航,S001>O01,1098.062995041961,1100.5580838513085,直连,,True
T003,巡航,S001>O01,1100.5580838513085,1103.0531726606564,直连,,True
T003,巡航,S001>O01,1103.0531726606564,1105.548261470004,直连,,True
T003,巡航,S001>O01,1105.548261470004,1108.0433502793517,直连,,True
T003,巡航,S001>O01,1108.0433502793517,1110.5384390886995,直连,,True
T003,巡航,S001>O01,1110.5384390886995,1113.0335278980472,直连,,True
T003,巡航,S001>O01,1113.0335278980472,1115.528616707395,直连,,True
T003,巡航,S001>O01,1115.528616707395,1118.0237055167427,直连,,True
T003,巡航,S001>O01,1118.0237055167427,1120.5187943260903,直连,,True
T003,巡航,S001>O01,1120.5187943260903,1123.0138831354382,直连,,True
T003,巡航,S001>O01,1123.0138831354382,1125.5089719447858,直连,,True
T003,巡航,S001>O01,1125.5089719447858,1128.0040607541337,直连,,True
T003,巡航,S001>O01,1128.0040607541337,1130.4991495634813,直连,,True
T003,巡航,S001>O01,1130.4991495634813,1132.994238372829,直连,,True
T003,巡航,S001>O01,1132.994238372829,1135.4893271821768,直连,,True
T003,巡航,S001>O01,1135.4893271821768,1137.9844159915244,直连,,True
T003,巡航,S001>O01,1137.9844159915244,1140.4795048008723,直连,,True
T003,巡航,S001>O01,1140.4795048008723,1142.97459361022,直连,,True
T003,巡航,S001>O01,1142.97459361022,1145.4696824195678,直连,,True
T003,巡航,S001>O01,1145.4696824195678,1147.9647712289154,直连,,True
T003,巡航,S001>O01,1147.9647712289154,1150.459860038263,直连,,True
T003,巡航,S001>O01,1150.459860038263,1152.954948847611,直连,,True
T003,巡航,S001>O01,1152.954948847611,1155.4500376569586,直连,,True
T003,巡航,S001>O01,1155.4500376569586,1157.9451264663062,直连,,True
T003,巡航,S001>O01,1157.9451264663062,1160.440215275654,直连,,True
T003,巡航,S001>O01,1160.440215275654,1162.9353040850017,直连,,True
T003,巡航,S001>O01,1162.9353040850017,1165.4303928943496,直连,,True
T003,巡航,S001>O01,1165.4303928943496,1167.9254817036972,直连,,True
T003,巡航,S001>O01,1167.9254817036972,1170.420570513045,直连,,True
T003,巡航,S001>O01,1170.420570513045,1172.9156593223927,直连,,True
T003,巡航,S001>O01,1172.9156593223927,1175.4107481317403,直连,,True
T003,巡航,S001>O01,1175.4107481317403,1177.9058369410882,直连,,True
T003,巡航,S001>O01,1177.9058369410882,1180.4009257504358,直连,,True
T003,巡航,S001>O01,1180.4009257504358,1182.8960145597837,直连,,True
T003,巡航,S001>O01,1182.8960145597837,1185.3911033691313,直连,,True
T003,巡航,S001>O01,1185.3911033691313,1187.8861921784792,直连,,True
T003,巡航,S001>O01,1187.8861921784792,1190.3812809878268,直连,,True
T003,巡航,S001>O01,1190.3812809878268,1192.8763697971744,直连,,True
T003,巡航,S001>O01,1192.8763697971744,1195.3714586065223,直连,,True
T003,巡航,S001>O01,1195.3714586065223,1197.86654741587,直连,,True
T003,巡航,S001>O01,1197.86654741587,1200.3616362252176,直连,,True
T003,巡航,S001>O01,1200.3616362252176,1202.8567250345654,直连,,True
T003,巡航,S001>O01,1202.8567250345654,1205.351813843913,直连,,True
T003,巡航,S001>O01,1205.351813843913,1207.846902653261,直连,,True
T003,巡航,S001>O01,1207.846902653261,1210.3419914626086,直连,,True
T003,巡航,S001>O01,1210.3419914626086,1212.8370802719564,直连,,True
T003,巡航,S001>O01,1212.8370802719564,1215.332169081304,直连,,True
T003,巡航,S001>O01,1215.332169081304,1217.8272578906517,直连,,True
T003,巡航,S001>O01,1217.8272578906517,1220.3223466999996,直连,,True
T003,巡航,S001>O01,1220.3223466999996,1222.8174355093472,直连,,True
T003,巡航,S001>O01,1222.8174355093472,1225.312524318695,直连,,True
T003,巡航,S001>O01,1225.312524318695,1227.8076131280427,直连,,True
T003,巡航,S001>O01,1227.8076131280427,1230.3027019373903,直连,,True
T003,巡航,S001>O01,1230.3027019373903,1232.7977907467382,直连,,True
T003,巡航,S001>O01,1232.7977907467382,1235.2928795560858,直连,,True
T003,巡航,S001>O01,1235.2928795560858,1237.7879683654337,直连,,True
T003,巡航,S001>O01,1237.7879683654337,1240.2830571747813,直连,,True
T003,巡航,S001>O01,1240.2830571747813,1242.778145984129,直连,,True
T003,巡航,S001>O01,1242.778145984129,1245.2732347934768,直连,,True
T003,巡航,S001>O01,1245.2732347934768,1247.7683236028245,直连,,True
T003,巡航,S001>O01,1247.7683236028245,1250.2634124121723,直连,,True
T003,巡航,S001>O01,1250.2634124121723,1252.75850122152,直连,,True
T003,下降,S001>O01,1252.75850122152,1264.3870300301137,直连,,True
T003,下降,S001>O01,1264.3870300301137,1276.0155588387074,直连,,True
T003,下降,S001>O01,1276.0155588387074,1287.6440876473011,直连,,True
T003,下降,S001>O01,1287.6440876473011,1299.2726164558949,直连,,True
T003,下降,S001>O01,1299.2726164558949,1310.9011452644886,直连,,True
T004,爬升,O01>S002,4543.0,4551.631154959542,直连,,True
T004,爬升,O01>S002,4551.631154959542,4560.262309919085,直连,,True
T004,爬升,O01>S002,4560.262309919085,4568.893464878627,直连,,True
T004,爬升,O01>S002,4568.893464878627,4577.52461983817,直连,,True
T004,爬升,O01>S002,4577.52461983817,4586.155774797712,直连,,True
T004,爬升,O01>S002,4586.155774797712,4594.786929757255,直连,,True
T004,爬升,O01>S002,4594.786929757255,4603.418084716797,直连,,True
T004,巡航,O01>S002,4603.418084716797,4605.908443489902,直连,,True
T004,巡航,O01>S002,4605.908443489902,4608.398802263007,直连,,True
T004,巡航,O01>S002,4608.398802263007,4610.889161036112,直连,,True
T004,巡航,O01>S002,4610.889161036112,4613.379519809217,直连,,True
T004,巡航,O01>S002,4613.379519809217,4615.869878582322,直连,,True
T004,巡航,O01>S002,4615.869878582322,4618.360237355427,直连,,True
T004,巡航,O01>S002,4618.360237355427,4620.850596128531,直连,,True
T004,巡航,O01>S002,4620.850596128531,4623.340954901636,直连,,True
T004,巡航,O01>S002,4623.340954901636,4625.831313674741,直连,,True
T004,巡航,O01>S002,4625.831313674741,4628.321672447846,直连,,True
T004,巡航,O01>S002,4628.321672447846,4630.81203122095,直连,,True
T004,巡航,O01>S002,4630.81203122095,4633.302389994055,直连,,True
T004,巡航,O01>S002,4633.302389994055,4635.79274876716,直连,,True
T004,巡航,O01>S002,4635.79274876716,4638.2831075402655,直连,,True
T004,巡航,O01>S002,4638.2831075402655,4640.77346631337,直连,,True
T004,巡航,O01>S002,4640.77346631337,4643.263825086475,直连,,True
T004,巡航,O01>S002,4643.263825086475,4645.75418385958,直连,,True
T004,巡航,O01>S002,4645.75418385958,4648.244542632685,直连,,True
T004,巡航,O01>S002,4648.244542632685,4650.734901405789,直连,,True
T004,巡航,O01>S002,4650.734901405789,4653.225260178894,直连,,True
T004,巡航,O01>S002,4653.225260178894,4655.715618951999,直连,,True
T004,巡航,O01>S002,4655.715618951999,4658.205977725104,直连,,True
T004,巡航,O01>S002,4658.205977725104,4660.696336498208,直连,,True
T004,巡航,O01>S002,4660.696336498208,4663.1866952713135,直连,,True
T004,巡航,O01>S002,4663.1866952713135,4665.677054044419,直连,,True
T004,巡航,O01>S002,4665.677054044419,4668.167412817524,直连,,True
T004,巡航,O01>S002,4668.167412817524,4670.657771590628,直连,,True
T004,巡航,O01>S002,4670.657771590628,4673.148130363733,直连,,True
T004,巡航,O01>S002,4673.148130363733,4675.638489136838,直连,,True
T004,巡航,O01>S002,4675.638489136838,4678.128847909943,直连,,True
T004,巡航,O01>S002,4678.128847909943,4680.619206683048,直连,,True
T004,巡航,O01>S002,4680.619206683048,4683.109565456152,直连,,True
T004,巡航,O01>S002,4683.109565456152,4685.599924229257,直连,,True
T004,巡航,O01>S002,4685.599924229257,4688.090283002362,直连,,True
T004,巡航,O01>S002,4688.090283002362,4690.5806417754675,直连,,True
T004,巡航,O01>S002,4690.5806417754675,4693.071000548572,直连,,True
T004,巡航,O01>S002,4693.071000548572,4695.561359321677,直连,,True
T004,巡航,O01>S002,4695.561359321677,4698.051718094782,直连,,True
T004,巡航,O01>S002,4698.051718094782,4700.542076867887,直连,,True
T004,巡航,O01>S002,4700.542076867887,4703.032435640991,直连,,True
T004,巡航,O01>S002,4703.032435640991,4705.522794414096,直连,,True
T004,巡航,O01>S002,4705.522794414096,4708.013153187201,直连,,True
T004,巡航,O01>S002,4708.013153187201,4710.503511960306,直连,,True
T004,巡航,O01>S002,4710.503511960306,4712.99387073341,直连,,True
T004,巡航,O01>S002,4712.99387073341,4715.4842295065155,直连,,True
T004,巡航,O01>S002,4715.4842295065155,4717.974588279621,直连,,True
T004,巡航,O01>S002,4717.974588279621,4720.464947052726,直连,,True
T004,巡航,O01>S002,4720.464947052726,4722.95530582583,直连,,True
T004,巡航,O01>S002,4722.95530582583,4725.445664598935,直连,,True
T004,巡航,O01>S002,4725.445664598935,4727.93602337204,直连,,True
T004,巡航,O01>S002,4727.93602337204,4730.426382145145,直连,,True
T004,巡航,O01>S002,4730.426382145145,4732.916740918249,直连,,True
T004,巡航,O01>S002,4732.916740918249,4735.407099691354,直连,,True
T004,巡航,O01>S002,4735.407099691354,4737.897458464459,直连,,True
T004,巡航,O01>S002,4737.897458464459,4740.387817237564,直连,,True
T004,巡航,O01>S002,4740.387817237564,4742.8781760106685,直连,,True
T004,巡航,O01>S002,4742.8781760106685,4745.368534783774,直连,,True
T004,巡航,O01>S002,4745.368534783774,4747.858893556879,直连,,True
T004,巡航,O01>S002,4747.858893556879,4750.349252329984,直连,,True
T004,巡航,O01>S002,4750.349252329984,4752.839611103089,直连,,True
T004,巡航,O01>S002,4752.839611103089,4755.329969876193,直连,,True
T004,巡航,O01>S002,4755.329969876193,4757.820328649298,直连,,True
T004,巡航,O01>S002,4757.820328649298,4760.310687422403,直连,,True
T004,巡航,O01>S002,4760.310687422403,4762.801046195507,直连,,True
T004,巡航,O01>S002,4762.801046195507,4765.291404968612,直连,,True
T004,巡航,O01>S002,4765.291404968612,4767.781763741717,直连,,True
T004,巡航,O01>S002,4767.781763741717,4770.2721225148225,直连,,True
T004,巡航,O01>S002,4770.2721225148225,4772.762481287928,直连,,True
T004,巡航,O01>S002,4772.762481287928,4775.252840061032,直连,,True
T004,巡航,O01>S002,4775.252840061032,4777.743198834137,直连,,True
T004,巡航,O01>S002,4777.743198834137,4780.233557607242,直连,,True
T004,巡航,O01>S002,4780.233557607242,4782.723916380347,直连,,True
T004,巡航,O01>S002,4782.723916380347,4785.214275153451,直连,,True
T004,巡航,O01>S002,4785.214275153451,4787.704633926556,直连,,True
T004,巡航,O01>S002,4787.704633926556,4790.194992699661,直连,,True
T004,巡航,O01>S002,4790.194992699661,4792.685351472766,直连,,True
T004,巡航,O01>S002,4792.685351472766,4795.1757102458705,直连,,True
T004,巡航,O01>S002,4795.1757102458705,4797.666069018976,直连,,True
T004,巡航,O01>S002,4797.666069018976,4800.156427792081,直连,,True
T004,巡航,O01>S002,4800.156427792081,4802.646786565186,直连,,True
T004,巡航,O01>S002,4802.646786565186,4805.13714533829,直连,,True
T004,巡航,O01>S002,4805.13714533829,4807.627504111395,直连,,True
T004,巡航,O01>S002,4807.627504111395,4810.1178628845,直连,,True
T004,巡航,O01>S002,4810.1178628845,4812.608221657605,直连,,True
T004,巡航,O01>S002,4812.608221657605,4815.098580430709,直连,,True
T004,巡航,O01>S002,4815.098580430709,4817.588939203814,直连,,True
T004,巡航,O01>S002,4817.588939203814,4820.079297976919,直连,,True
T004,巡航,O01>S002,4820.079297976919,4822.5696567500245,直连,,True
T004,巡航,O01>S002,4822.5696567500245,4825.060015523129,直连,,True
T004,巡航,O01>S002,4825.060015523129,4827.550374296234,直连,,True
T004,巡航,O01>S002,4827.550374296234,4830.040733069339,直连,,True
T004,巡航,O01>S002,4830.040733069339,4832.531091842444,直连,,True
T004,巡航,O01>S002,4832.531091842444,4835.021450615548,直连,,True
T004,巡航,O01>S002,4835.021450615548,4837.511809388653,直连,,True
T004,巡航,O01>S002,4837.511809388653,4840.002168161758,直连,,True
T004,巡航,O01>S002,4840.002168161758,4842.492526934863,直连,,True
T004,巡航,O01>S002,4842.492526934863,4844.982885707968,直连,,True
T004,巡航,O01>S002,4844.982885707968,4847.4732444810725,直连,,True
T004,巡航,O01>S002,4847.4732444810725,4849.9636032541775,直连,,True
T004,巡航,O01>S002,4849.9636032541775,4852.453962027283,直连,,True
T004,巡航,O01>S002,4852.453962027283,4854.944320800388,直连,,True
T004,巡航,O01>S002,4854.944320800388,4857.434679573492,直连,,True
T004,巡航,O01>S002,4857.434679573492,4859.925038346597,直连,,True
T004,巡航,O01>S002,4859.925038346597,4862.415397119702,直连,,True
T004,巡航,O01>S002,4862.415397119702,4864.905755892807,直连,,True
T004,巡航,O01>S002,4864.905755892807,4867.396114665911,直连,,True
T004,巡航,O01>S002,4867.396114665911,4869.886473439016,直连,,True
T004,巡航,O01>S002,4869.886473439016,4872.376832212121,直连,,True
T004,巡航,O01>S002,4872.376832212121,4874.867190985226,直连,,True
T004,巡航,O01>S002,4874.867190985226,4877.357549758331,直连,,True
T004,巡航,O01>S002,4877.357549758331,4879.847908531436,直连,,True
T004,巡航,O01>S002,4879.847908531436,4882.338267304541,直连,,True
T004,巡航,O01>S002,4882.338267304541,4884.828626077646,直连,,True
T004,巡航,O01>S002,4884.828626077646,4887.31898485075,直连,,True
T004,巡航,O01>S002,4887.31898485075,4889.809343623855,直连,,True
T004,巡航,O01>S002,4889.809343623855,4892.29970239696,直连,,True
T004,巡航,O01>S002,4892.29970239696,4894.790061170065,直连,,True
T004,巡航,O01>S002,4894.790061170065,4897.280419943169,直连,,True
T004,巡航,O01>S002,4897.280419943169,4899.770778716274,直连,,True
T004,巡航,O01>S002,4899.770778716274,4902.2611374893795,直连,,True
T004,巡航,O01>S002,4902.2611374893795,4904.751496262485,直连,,True
T004,巡航,O01>S002,4904.751496262485,4907.241855035589,直连,,True
T004,巡航,O01>S002,4907.241855035589,4909.732213808694,直连,,True
T004,巡航,O01>S002,4909.732213808694,4912.222572581799,直连,,True
T004,巡航,O01>S002,4912.222572581799,4914.712931354904,直连,,True
T004,巡航,O01>S002,4914.712931354904,4917.203290128009,直连,,True
T004,巡航,O01>S002,4917.203290128009,4919.693648901113,直连,,True
T004,巡航,O01>S002,4919.693648901113,4922.184007674218,直连,,True
T004,巡航,O01>S002,4922.184007674218,4924.674366447323,直连,,True
T004,巡航,O01>S002,4924.674366447323,4927.164725220428,直连,,True
T004,巡航,O01>S002,4927.164725220428,4929.655083993533,直连,,True
T004,巡航,O01>S002,4929.655083993533,4932.145442766638,直连,,True
T004,巡航,O01>S002,4932.145442766638,4934.635801539743,中继兜底,R-S04,True
T004,巡航,O01>S002,4934.635801539743,4937.126160312848,中继兜底,R-S04,True
T004,巡航,O01>S002,4937.126160312848,4939.616519085952,中继兜底,R-S04,True
T004,巡航,O01>S002,4939.616519085952,4942.106877859057,中继兜底,R-S04,True
T004,巡航,O01>S002,4942.106877859057,4944.597236632162,中继兜底,R-S04,True
T004,巡航,O01>S002,4944.597236632162,4947.087595405267,中继兜底,R-S04,True
T004,巡航,O01>S002,4947.087595405267,4949.577954178371,中继兜底,R-S04,True
T004,巡航,O01>S002,4949.577954178371,4952.068312951476,中继兜底,R-S04,True
T004,巡航,O01>S002,4952.068312951476,4954.5586717245815,中继兜底,R-S04,True
T004,巡航,O01>S002,4954.5586717245815,4957.0490304976865,中继兜底,R-S04,True
T004,巡航,O01>S002,4957.0490304976865,4959.539389270791,中继兜底,R-S04,True
T004,巡航,O01>S002,4959.539389270791,4962.029748043896,中继兜底,R-S04,True
T004,巡航,O01>S002,4962.029748043896,4964.520106817001,中继兜底,R-S04,True
T004,巡航,O01>S002,4964.520106817001,4967.010465590106,中继兜底,R-S04,True
T004,巡航,O01>S002,4967.010465590106,4969.50082436321,中继兜底,R-S04,True
T004,巡航,O01>S002,4969.50082436321,4971.991183136315,中继兜底,R-S04,True
T004,巡航,O01>S002,4971.991183136315,4974.48154190942,中继兜底,R-S04,True
T004,巡航,O01>S002,4974.48154190942,4976.971900682525,中继兜底,R-S04,True
T004,巡航,O01>S002,4976.971900682525,4979.4622594556295,中继兜底,R-S04,True
T004,巡航,O01>S002,4979.4622594556295,4981.9526182287345,中继兜底,R-S04,True
T004,巡航,O01>S002,4981.9526182287345,4984.44297700184,中继兜底,R-S04,True
T004,巡航,O01>S002,4984.44297700184,4986.933335774945,中继兜底,R-S04,True
T004,巡航,O01>S002,4986.933335774945,4989.42369454805,中继兜底,R-S04,True
T004,巡航,O01>S002,4989.42369454805,4991.914053321154,中继兜底,R-S04,True
T004,巡航,O01>S002,4991.914053321154,4994.404412094259,中继兜底,R-S04,True
T004,巡航,O01>S002,4994.404412094259,4996.894770867364,中继兜底,R-S04,True
T004,巡航,O01>S002,4996.894770867364,4999.385129640468,中继兜底,R-S04,True
T004,巡航,O01>S002,4999.385129640468,5001.875488413573,中继兜底,R-S04,True
T004,巡航,O01>S002,5001.875488413573,5004.365847186678,中继兜底,R-S04,True
T004,巡航,O01>S002,5004.365847186678,5006.856205959783,中继兜底,R-S04,True
T004,巡航,O01>S002,5006.856205959783,5009.3465647328885,中继兜底,R-S04,True
T004,巡航,O01>S002,5009.3465647328885,5011.836923505993,中继兜底,R-S04,True
T004,巡航,O01>S002,5011.836923505993,5014.327282279098,中继兜底,R-S04,True
T004,巡航,O01>S002,5014.327282279098,5016.817641052203,中继兜底,R-S04,True
T004,巡航,O01>S002,5016.817641052203,5019.307999825308,中继兜底,R-S04,True
T004,巡航,O01>S002,5019.307999825308,5021.798358598412,中继兜底,R-S04,True
T004,巡航,O01>S002,5021.798358598412,5024.288717371517,中继兜底,R-S04,True
T004,巡航,O01>S002,5024.288717371517,5026.779076144622,中继兜底,R-S04,True
T004,巡航,O01>S002,5026.779076144622,5029.269434917727,中继兜底,R-S04,True
T004,巡航,O01>S002,5029.269434917727,5031.759793690831,中继兜底,R-S04,True
T004,巡航,O01>S002,5031.759793690831,5034.2501524639365,中继兜底,R-S04,True
T004,巡航,O01>S002,5034.2501524639365,5036.740511237042,中继兜底,R-S04,True
T004,巡航,O01>S002,5036.740511237042,5039.230870010147,中继兜底,R-S04,True
T004,巡航,O01>S002,5039.230870010147,5041.721228783251,中继兜底,R-S04,True
T004,巡航,O01>S002,5041.721228783251,5044.211587556356,中继兜底,R-S04,True
T004,巡航,O01>S002,5044.211587556356,5046.701946329461,中继兜底,R-S04,True
T004,巡航,O01>S002,5046.701946329461,5049.192305102566,中继兜底,R-S04,True
T004,巡航,O01>S002,5049.192305102566,5051.68266387567,中继兜底,R-S04,True
T004,巡航,O01>S002,5051.68266387567,5054.173022648775,中继兜底,R-S04,True
T004,巡航,O01>S002,5054.173022648775,5056.66338142188,中继兜底,R-S04,True
T004,巡航,O01>S002,5056.66338142188,5059.153740194985,中继兜底,R-S04,True
T004,巡航,O01>S002,5059.153740194985,5061.6440989680905,中继兜底,R-S04,True
T004,巡航,O01>S002,5061.6440989680905,5064.134457741195,中继兜底,R-S04,True
T004,巡航,O01>S002,5064.134457741195,5066.6248165143,中继兜底,R-S04,True
T004,巡航,O01>S002,5066.6248165143,5069.115175287405,中继兜底,R-S04,True
T004,巡航,O01>S002,5069.115175287405,5071.605534060509,中继兜底,R-S04,True
T004,巡航,O01>S002,5071.605534060509,5074.095892833614,中继兜底,R-S04,True
T004,巡航,O01>S002,5074.095892833614,5076.586251606719,中继兜底,R-S04,True
T004,巡航,O01>S002,5076.586251606719,5079.076610379824,中继兜底,R-S04,True
T004,巡航,O01>S002,5079.076610379824,5081.566969152929,中继兜底,R-S04,True
T004,巡航,O01>S002,5081.566969152929,5084.057327926033,中继兜底,R-S04,True
T004,巡航,O01>S002,5084.057327926033,5086.5476866991385,中继兜底,R-S04,True
T004,巡航,O01>S002,5086.5476866991385,5089.0380454722435,中继兜底,R-S04,True
T004,巡航,O01>S002,5089.0380454722435,5091.528404245349,中继兜底,R-S04,True
T004,巡航,O01>S002,5091.528404245349,5094.018763018453,中继兜底,R-S04,True
T004,巡航,O01>S002,5094.018763018453,5096.509121791558,中继兜底,R-S04,True
T004,巡航,O01>S002,5096.509121791558,5098.999480564663,中继兜底,R-S04,True
T004,巡航,O01>S002,5098.999480564663,5101.489839337768,中继兜底,R-S04,True
T004,巡航,O01>S002,5101.489839337768,5103.980198110872,中继兜底,R-S04,True
T004,巡航,O01>S002,5103.980198110872,5106.470556883977,中继兜底,R-S04,True
T004,巡航,O01>S002,5106.470556883977,5108.960915657082,中继兜底,R-S04,True
T004,巡航,O01>S002,5108.960915657082,5111.451274430187,中继兜底,R-S04,True
T004,巡航,O01>S002,5111.451274430187,5113.9416332032915,中继兜底,R-S04,True
T004,巡航,O01>S002,5113.9416332032915,5116.431991976397,中继兜底,R-S04,True
T004,巡航,O01>S002,5116.431991976397,5118.922350749502,中继兜底,R-S04,True
T004,巡航,O01>S002,5118.922350749502,5121.412709522607,中继兜底,R-S04,True
T004,巡航,O01>S002,5121.412709522607,5123.903068295711,中继兜底,R-S04,True
T004,巡航,O01>S002,5123.903068295711,5126.393427068816,中继兜底,R-S04,True
T004,巡航,O01>S002,5126.393427068816,5128.883785841921,中继兜底,R-S04,True
T004,巡航,O01>S002,5128.883785841921,5131.374144615026,中继兜底,R-S04,True
T004,巡航,O01>S002,5131.374144615026,5133.864503388131,中继兜底,R-S04,True
T004,巡航,O01>S002,5133.864503388131,5136.354862161235,中继兜底,R-S04,True
T004,巡航,O01>S002,5136.354862161235,5138.84522093434,中继兜底,R-S04,True
T004,巡航,O01>S002,5138.84522093434,5141.3355797074455,中继兜底,R-S04,True
T004,巡航,O01>S002,5141.3355797074455,5143.82593848055,中继兜底,R-S04,True
T004,巡航,O01>S002,5143.82593848055,5146.316297253655,中继兜底,R-S04,True
T004,巡航,O01>S002,5146.316297253655,5148.80665602676,中继兜底,R-S04,True
T004,巡航,O01>S002,5148.80665602676,5151.297014799865,中继兜底,R-S04,True
T004,巡航,O01>S002,5151.297014799865,5153.78737357297,中继兜底,R-S04,True
T004,巡航,O01>S002,5153.78737357297,5156.277732346074,中继兜底,R-S04,True
T004,巡航,O01>S002,5156.277732346074,5158.768091119179,中继兜底,R-S04,True
T004,巡航,O01>S002,5158.768091119179,5161.258449892284,中继兜底,R-S04,True
T004,巡航,O01>S002,5161.258449892284,5163.748808665388,中继兜底,R-S04,True
T004,巡航,O01>S002,5163.748808665388,5166.2391674384935,中继兜底,R-S04,True
T004,巡航,O01>S002,5166.2391674384935,5168.729526211599,中继兜底,R-S04,True
T004,巡航,O01>S002,5168.729526211599,5171.219884984704,中继兜底,R-S04,True
T004,巡航,O01>S002,5171.219884984704,5173.710243757809,中继兜底,R-S04,True
T004,巡航,O01>S002,5173.710243757809,5176.200602530913,中继兜底,R-S04,True
T004,巡航,O01>S002,5176.200602530913,5178.690961304018,中继兜底,R-S04,True
T004,巡航,O01>S002,5178.690961304018,5181.181320077123,中继兜底,R-S04,True
T004,巡航,O01>S002,5181.181320077123,5183.671678850228,中继兜底,R-S04,True
T004,巡航,O01>S002,5183.671678850228,5186.162037623332,中继兜底,R-S04,True
T004,巡航,O01>S002,5186.162037623332,5188.652396396437,中继兜底,R-S04,True
T004,巡航,O01>S002,5188.652396396437,5191.142755169542,中继兜底,R-S04,True
T004,巡航,O01>S002,5191.142755169542,5193.6331139426475,中继兜底,R-S04,True
T004,巡航,O01>S002,5193.6331139426475,5196.123472715752,中继兜底,R-S04,True
T004,巡航,O01>S002,5196.123472715752,5198.613831488857,中继兜底,R-S04,True
T004,巡航,O01>S002,5198.613831488857,5201.104190261962,中继兜底,R-S04,True
T004,巡航,O01>S002,5201.104190261962,5203.594549035067,中继兜底,R-S04,True
T004,巡航,O01>S002,5203.594549035067,5206.084907808172,中继兜底,R-S04,True
T004,巡航,O01>S002,5206.084907808172,5208.575266581276,中继兜底,R-S04,True
T004,巡航,O01>S002,5208.575266581276,5211.065625354381,中继兜底,R-S04,True
T004,巡航,O01>S002,5211.065625354381,5213.555984127486,中继兜底,R-S04,True
T004,巡航,O01>S002,5213.555984127486,5216.04634290059,中继兜底,R-S04,True
T004,巡航,O01>S002,5216.04634290059,5218.5367016736955,中继兜底,R-S04,True
T004,巡航,O01>S002,5218.5367016736955,5221.0270604468005,中继兜底,R-S04,True
T004,下降,O01>S002,5221.0270604468005,5232.954294333519,中继兜底,R-S04,True
T004,下降,O01>S002,5232.954294333519,5244.881528220239,中继兜底,R-S04,True
T004,下降,O01>S002,5244.881528220239,5256.808762106957,中继兜底,R-S04,True
T004,投送,S002,5256.808762106957,5466.808762106957,中继兜底,R-S04,True
T004,爬升,S002>O01,5466.808762106957,5476.748123679223,中继兜底,R-S04,True
T004,爬升,S002>O01,5476.748123679223,5486.687485251488,中继兜底,R-S04,True
T004,爬升,S002>O01,5486.687485251488,5496.626846823754,中继兜底,R-S04,True
T004,巡航,S002>O01,5496.626846823754,5499.117205596859,中继兜底,R-S04,True
T004,巡航,S002>O01,5499.117205596859,5501.607564369964,中继兜底,R-S04,True
T004,巡航,S002>O01,5501.607564369964,5504.097923143068,中继兜底,R-S04,True
T004,巡航,S002>O01,5504.097923143068,5506.588281916173,中继兜底,R-S04,True
T004,巡航,S002>O01,5506.588281916173,5509.0786406892785,中继兜底,R-S04,True
T004,巡航,S002>O01,5509.0786406892785,5511.5689994623835,中继兜底,R-S04,True
T004,巡航,S002>O01,5511.5689994623835,5514.059358235488,中继兜底,R-S04,True
T004,巡航,S002>O01,5514.059358235488,5516.549717008593,中继兜底,R-S04,True
T004,巡航,S002>O01,5516.549717008593,5519.040075781698,中继兜底,R-S04,True
T004,巡航,S002>O01,5519.040075781698,5521.530434554803,中继兜底,R-S04,True
T004,巡航,S002>O01,5521.530434554803,5524.020793327907,中继兜底,R-S04,True
T004,巡航,S002>O01,5524.020793327907,5526.511152101012,中继兜底,R-S04,True
T004,巡航,S002>O01,5526.511152101012,5529.001510874117,中继兜底,R-S04,True
T004,巡航,S002>O01,5529.001510874117,5531.491869647222,中继兜底,R-S04,True
T004,巡航,S002>O01,5531.491869647222,5533.9822284203265,中继兜底,R-S04,True
T004,巡航,S002>O01,5533.9822284203265,5536.4725871934315,中继兜底,R-S04,True
T004,巡航,S002>O01,5536.4725871934315,5538.962945966537,中继兜底,R-S04,True
T004,巡航,S002>O01,5538.962945966537,5541.453304739642,中继兜底,R-S04,True
T004,巡航,S002>O01,5541.453304739642,5543.943663512746,中继兜底,R-S04,True
T004,巡航,S002>O01,5543.943663512746,5546.434022285851,中继兜底,R-S04,True
T004,巡航,S002>O01,5546.434022285851,5548.924381058956,中继兜底,R-S04,True
T004,巡航,S002>O01,5548.924381058956,5551.414739832061,中继兜底,R-S04,True
T004,巡航,S002>O01,5551.414739832061,5553.905098605165,中继兜底,R-S04,True
T004,巡航,S002>O01,5553.905098605165,5556.39545737827,中继兜底,R-S04,True
T004,巡航,S002>O01,5556.39545737827,5558.885816151375,中继兜底,R-S04,True
T004,巡航,S002>O01,5558.885816151375,5561.37617492448,中继兜底,R-S04,True
T004,巡航,S002>O01,5561.37617492448,5563.866533697585,中继兜底,R-S04,True
T004,巡航,S002>O01,5563.866533697585,5566.35689247069,中继兜底,R-S04,True
T004,巡航,S002>O01,5566.35689247069,5568.847251243795,中继兜底,R-S04,True
T004,巡航,S002>O01,5568.847251243795,5571.3376100169,中继兜底,R-S04,True
T004,巡航,S002>O01,5571.3376100169,5573.827968790005,中继兜底,R-S04,True
T004,巡航,S002>O01,5573.827968790005,5576.318327563109,中继兜底,R-S04,True
T004,巡航,S002>O01,5576.318327563109,5578.808686336214,中继兜底,R-S04,True
T004,巡航,S002>O01,5578.808686336214,5581.299045109319,中继兜底,R-S04,True
T004,巡航,S002>O01,5581.299045109319,5583.789403882424,中继兜底,R-S04,True
T004,巡航,S002>O01,5583.789403882424,5586.279762655528,中继兜底,R-S04,True
T004,巡航,S002>O01,5586.279762655528,5588.7701214286335,中继兜底,R-S04,True
T004,巡航,S002>O01,5588.7701214286335,5591.260480201739,中继兜底,R-S04,True
T004,巡航,S002>O01,5591.260480201739,5593.750838974844,中继兜底,R-S04,True
T004,巡航,S002>O01,5593.750838974844,5596.241197747948,中继兜底,R-S04,True
T004,巡航,S002>O01,5596.241197747948,5598.731556521053,中继兜底,R-S04,True
T004,巡航,S002>O01,5598.731556521053,5601.221915294158,中继兜底,R-S04,True
T004,巡航,S002>O01,5601.221915294158,5603.712274067263,中继兜底,R-S04,True
T004,巡航,S002>O01,5603.712274067263,5606.202632840367,中继兜底,R-S04,True
T004,巡航,S002>O01,5606.202632840367,5608.692991613472,中继兜底,R-S04,True
T004,巡航,S002>O01,5608.692991613472,5611.183350386577,中继兜底,R-S04,True
T004,巡航,S002>O01,5611.183350386577,5613.673709159682,中继兜底,R-S04,True
T004,巡航,S002>O01,5613.673709159682,5616.164067932787,中继兜底,R-S04,True
T004,巡航,S002>O01,5616.164067932787,5618.654426705892,中继兜底,R-S04,True
T004,巡航,S002>O01,5618.654426705892,5621.144785478997,中继兜底,R-S04,True
T004,巡航,S002>O01,5621.144785478997,5623.635144252102,中继兜底,R-S04,True
T004,巡航,S002>O01,5623.635144252102,5626.125503025206,中继兜底,R-S04,True
T004,巡航,S002>O01,5626.125503025206,5628.615861798311,中继兜底,R-S04,True
T004,巡航,S002>O01,5628.615861798311,5631.106220571416,中继兜底,R-S04,True
T004,巡航,S002>O01,5631.106220571416,5633.596579344521,中继兜底,R-S04,True
T004,巡航,S002>O01,5633.596579344521,5636.086938117625,中继兜底,R-S04,True
T004,巡航,S002>O01,5636.086938117625,5638.57729689073,中继兜底,R-S04,True
T004,巡航,S002>O01,5638.57729689073,5641.0676556638355,中继兜底,R-S04,True
T004,巡航,S002>O01,5641.0676556638355,5643.5580144369405,中继兜底,R-S04,True
T004,巡航,S002>O01,5643.5580144369405,5646.048373210046,中继兜底,R-S04,True
T004,巡航,S002>O01,5646.048373210046,5648.53873198315,中继兜底,R-S04,True
T004,巡航,S002>O01,5648.53873198315,5651.029090756255,中继兜底,R-S04,True
T004,巡航,S002>O01,5651.029090756255,5653.51944952936,中继兜底,R-S04,True
T004,巡航,S002>O01,5653.51944952936,5656.009808302464,中继兜底,R-S04,True
T004,巡航,S002>O01,5656.009808302464,5658.500167075569,中继兜底,R-S04,True
T004,巡航,S002>O01,5658.500167075569,5660.990525848674,中继兜底,R-S04,True
T004,巡航,S002>O01,5660.990525848674,5663.480884621779,中继兜底,R-S04,True
T004,巡航,S002>O01,5663.480884621779,5665.971243394884,中继兜底,R-S04,True
T004,巡航,S002>O01,5665.971243394884,5668.4616021679885,中继兜底,R-S04,True
T004,巡航,S002>O01,5668.4616021679885,5670.951960941094,中继兜底,R-S04,True
T004,巡航,S002>O01,5670.951960941094,5673.442319714199,中继兜底,R-S04,True
T004,巡航,S002>O01,5673.442319714199,5675.932678487304,中继兜底,R-S04,True
T004,巡航,S002>O01,5675.932678487304,5678.423037260408,中继兜底,R-S04,True
T004,巡航,S002>O01,5678.423037260408,5680.913396033513,中继兜底,R-S04,True
T004,巡航,S002>O01,5680.913396033513,5683.403754806618,中继兜底,R-S04,True
T004,巡航,S002>O01,5683.403754806618,5685.894113579723,中继兜底,R-S04,True
T004,巡航,S002>O01,5685.894113579723,5688.384472352827,中继兜底,R-S04,True
T004,巡航,S002>O01,5688.384472352827,5690.874831125932,中继兜底,R-S04,True
T004,巡航,S002>O01,5690.874831125932,5693.365189899037,中继兜底,R-S04,True
T004,巡航,S002>O01,5693.365189899037,5695.8555486721425,中继兜底,R-S04,True
T004,巡航,S002>O01,5695.8555486721425,5698.345907445247,中继兜底,R-S04,True
T004,巡航,S002>O01,5698.345907445247,5700.836266218352,中继兜底,R-S04,True
T004,巡航,S002>O01,5700.836266218352,5703.326624991457,中继兜底,R-S04,True
T004,巡航,S002>O01,5703.326624991457,5705.816983764562,中继兜底,R-S04,True
T004,巡航,S002>O01,5705.816983764562,5708.307342537666,中继兜底,R-S04,True
T004,巡航,S002>O01,5708.307342537666,5710.797701310771,中继兜底,R-S04,True
T004,巡航,S002>O01,5710.797701310771,5713.288060083876,中继兜底,R-S04,True
T004,巡航,S002>O01,5713.288060083876,5715.778418856981,中继兜底,R-S04,True
T004,巡航,S002>O01,5715.778418856981,5718.268777630085,中继兜底,R-S04,True
T004,巡航,S002>O01,5718.268777630085,5720.7591364031905,中继兜底,R-S04,True
T004,巡航,S002>O01,5720.7591364031905,5723.249495176296,中继兜底,R-S04,True
T004,巡航,S002>O01,5723.249495176296,5725.739853949401,中继兜底,R-S04,True
T004,巡航,S002>O01,5725.739853949401,5728.230212722505,中继兜底,R-S04,True
T004,巡航,S002>O01,5728.230212722505,5730.72057149561,中继兜底,R-S04,True
T004,巡航,S002>O01,5730.72057149561,5733.210930268715,中继兜底,R-S04,True
T004,巡航,S002>O01,5733.210930268715,5735.70128904182,中继兜底,R-S04,True
T004,巡航,S002>O01,5735.70128904182,5738.191647814925,中继兜底,R-S04,True
T004,巡航,S002>O01,5738.191647814925,5740.682006588029,中继兜底,R-S04,True
T004,巡航,S002>O01,5740.682006588029,5743.172365361134,中继兜底,R-S04,True
T004,巡航,S002>O01,5743.172365361134,5745.662724134239,中继兜底,R-S04,True
T004,巡航,S002>O01,5745.662724134239,5748.1530829073445,中继兜底,R-S04,True
T004,巡航,S002>O01,5748.1530829073445,5750.643441680449,中继兜底,R-S04,True
T004,巡航,S002>O01,5750.643441680449,5753.133800453554,中继兜底,R-S04,True
T004,巡航,S002>O01,5753.133800453554,5755.624159226659,中继兜底,R-S04,True
T004,巡航,S002>O01,5755.624159226659,5758.114517999764,中继兜底,R-S04,True
T004,巡航,S002>O01,5758.114517999764,5760.604876772868,中继兜底,R-S04,True
T004,巡航,S002>O01,5760.604876772868,5763.095235545973,中继兜底,R-S04,True
T004,巡航,S002>O01,5763.095235545973,5765.585594319078,中继兜底,R-S04,True
T004,巡航,S002>O01,5765.585594319078,5768.075953092183,中继兜底,R-S04,True
T004,巡航,S002>O01,5768.075953092183,5770.566311865287,中继兜底,R-S04,True
T004,巡航,S002>O01,5770.566311865287,5773.0566706383925,中继兜底,R-S04,True
T004,巡航,S002>O01,5773.0566706383925,5775.5470294114975,中继兜底,R-S04,True
T004,巡航,S002>O01,5775.5470294114975,5778.037388184603,中继兜底,R-S04,True
T004,巡航,S002>O01,5778.037388184603,5780.527746957707,中继兜底,R-S04,True
T004,巡航,S002>O01,5780.527746957707,5783.018105730812,中继兜底,R-S04,True
T004,巡航,S002>O01,5783.018105730812,5785.508464503917,中继兜底,R-S04,True
T004,巡航,S002>O01,5785.508464503917,5787.998823277022,直连,,True
T004,巡航,S002>O01,5787.998823277022,5790.489182050126,直连,,True
T004,巡航,S002>O01,5790.489182050126,5792.979540823231,直连,,True
T004,巡航,S002>O01,5792.979540823231,5795.469899596336,直连,,True
T004,巡航,S002>O01,5795.469899596336,5797.960258369441,直连,,True
T004,巡航,S002>O01,5797.960258369441,5800.4506171425455,直连,,True
T004,巡航,S002>O01,5800.4506171425455,5802.940975915651,直连,,True
T004,巡航,S002>O01,5802.940975915651,5805.431334688756,直连,,True
T004,巡航,S002>O01,5805.431334688756,5807.921693461861,直连,,True
T004,巡航,S002>O01,5807.921693461861,5810.412052234966,直连,,True
T004,巡航,S002>O01,5810.412052234966,5812.90241100807,直连,,True
T004,巡航,S002>O01,5812.90241100807,5815.392769781175,直连,,True
T004,巡航,S002>O01,5815.392769781175,5817.88312855428,直连,,True
T004,巡航,S002>O01,5817.88312855428,5820.373487327385,直连,,True
T004,巡航,S002>O01,5820.373487327385,5822.863846100489,直连,,True
T004,巡航,S002>O01,5822.863846100489,5825.354204873594,直连,,True
T004,巡航,S002>O01,5825.354204873594,5827.8445636466995,直连,,True
T004,巡航,S002>O01,5827.8445636466995,5830.334922419805,直连,,True
T004,巡航,S002>O01,5830.334922419805,5832.825281192909,直连,,True
T004,巡航,S002>O01,5832.825281192909,5835.315639966014,直连,,True
T004,巡航,S002>O01,5835.315639966014,5837.805998739119,直连,,True
T004,巡航,S002>O01,5837.805998739119,5840.296357512224,直连,,True
T004,巡航,S002>O01,5840.296357512224,5842.786716285328,直连,,True
T004,巡航,S002>O01,5842.786716285328,5845.277075058433,直连,,True
T004,巡航,S002>O01,5845.277075058433,5847.767433831538,直连,,True
T004,巡航,S002>O01,5847.767433831538,5850.257792604643,直连,,True
T004,巡航,S002>O01,5850.257792604643,5852.7481513777475,直连,,True
T004,巡航,S002>O01,5852.7481513777475,5855.238510150853,直连,,True
T004,巡航,S002>O01,5855.238510150853,5857.728868923958,直连,,True
T004,巡航,S002>O01,5857.728868923958,5860.219227697063,直连,,True
T004,巡航,S002>O01,5860.219227697063,5862.709586470167,直连,,True
T004,巡航,S002>O01,5862.709586470167,5865.199945243272,直连,,True
T004,巡航,S002>O01,5865.199945243272,5867.690304016377,直连,,True
T004,巡航,S002>O01,5867.690304016377,5870.180662789482,直连,,True
T004,巡航,S002>O01,5870.180662789482,5872.671021562586,直连,,True
T004,巡航,S002>O01,5872.671021562586,5875.161380335691,直连,,True
T004,巡航,S002>O01,5875.161380335691,5877.651739108796,直连,,True
T004,巡航,S002>O01,5877.651739108796,5880.1420978819015,直连,,True
T004,巡航,S002>O01,5880.1420978819015,5882.6324566550065,直连,,True
T004,巡航,S002>O01,5882.6324566550065,5885.122815428111,直连,,True
T004,巡航,S002>O01,5885.122815428111,5887.613174201216,直连,,True
T004,巡航,S002>O01,5887.613174201216,5890.103532974321,直连,,True
T004,巡航,S002>O01,5890.103532974321,5892.593891747425,直连,,True
T004,巡航,S002>O01,5892.593891747425,5895.08425052053,直连,,True
T004,巡航,S002>O01,5895.08425052053,5897.574609293635,直连,,True
T004,巡航,S002>O01,5897.574609293635,5900.06496806674,直连,,True
T004,巡航,S002>O01,5900.06496806674,5902.555326839845,直连,,True
T004,巡航,S002>O01,5902.555326839845,5905.0456856129495,直连,,True
T004,巡航,S002>O01,5905.0456856129495,5907.5360443860545,直连,,True
T004,巡航,S002>O01,5907.5360443860545,5910.02640315916,直连,,True
T004,巡航,S002>O01,5910.02640315916,5912.516761932265,直连,,True
T004,巡航,S002>O01,5912.516761932265,5915.007120705369,直连,,True
T004,巡航,S002>O01,5915.007120705369,5917.497479478474,直连,,True
T004,巡航,S002>O01,5917.497479478474,5919.987838251579,直连,,True
T004,巡航,S002>O01,5919.987838251579,5922.478197024684,直连,,True
T004,巡航,S002>O01,5922.478197024684,5924.968555797788,直连,,True
T004,巡航,S002>O01,5924.968555797788,5927.458914570893,直连,,True
T004,巡航,S002>O01,5927.458914570893,5929.949273343998,直连,,True
T004,巡航,S002>O01,5929.949273343998,5932.439632117103,直连,,True
T004,巡航,S002>O01,5932.439632117103,5934.929990890208,直连,,True
T004,巡航,S002>O01,5934.929990890208,5937.420349663313,直连,,True
T004,巡航,S002>O01,5937.420349663313,5939.910708436418,直连,,True
T004,巡航,S002>O01,5939.910708436418,5942.401067209523,直连,,True
T004,巡航,S002>O01,5942.401067209523,5944.891425982627,直连,,True
T004,巡航,S002>O01,5944.891425982627,5947.381784755732,直连,,True
T004,巡航,S002>O01,5947.381784755732,5949.872143528837,直连,,True
T004,巡航,S002>O01,5949.872143528837,5952.362502301942,直连,,True
T004,巡航,S002>O01,5952.362502301942,5954.852861075047,直连,,True
T004,巡航,S002>O01,5954.852861075047,5957.343219848151,直连,,True
T004,巡航,S002>O01,5957.343219848151,5959.8335786212565,直连,,True
T004,巡航,S002>O01,5959.8335786212565,5962.323937394362,直连,,True
T004,巡航,S002>O01,5962.323937394362,5964.814296167466,直连,,True
T004,巡航,S002>O01,5964.814296167466,5967.304654940571,直连,,True
T004,巡航,S002>O01,5967.304654940571,5969.795013713676,直连,,True
T004,巡航,S002>O01,5969.795013713676,5972.285372486781,直连,,True
T004,巡航,S002>O01,5972.285372486781,5974.775731259886,直连,,True
T004,巡航,S002>O01,5974.775731259886,5977.26609003299,直连,,True
T004,巡航,S002>O01,5977.26609003299,5979.756448806095,直连,,True
T004,巡航,S002>O01,5979.756448806095,5982.2468075792,直连,,True
T004,巡航,S002>O01,5982.2468075792,5984.737166352305,直连,,True
T004,巡航,S002>O01,5984.737166352305,5987.22752512541,直连,,True
T004,巡航,S002>O01,5987.22752512541,5989.717883898515,直连,,True
T004,巡航,S002>O01,5989.717883898515,5992.20824267162,直连,,True
T004,巡航,S002>O01,5992.20824267162,5994.698601444725,直连,,True
T004,巡航,S002>O01,5994.698601444725,5997.188960217829,直连,,True
T004,巡航,S002>O01,5997.188960217829,5999.679318990934,直连,,True
T004,巡航,S002>O01,5999.679318990934,6002.169677764039,直连,,True
T004,巡航,S002>O01,6002.169677764039,6004.660036537144,直连,,True
T004,巡航,S002>O01,6004.660036537144,6007.150395310248,直连,,True
T004,巡航,S002>O01,6007.150395310248,6009.640754083353,直连,,True
T004,巡航,S002>O01,6009.640754083353,6012.1311128564585,直连,,True
T004,巡航,S002>O01,6012.1311128564585,6014.6214716295635,直连,,True
T004,巡航,S002>O01,6014.6214716295635,6017.111830402668,直连,,True
T004,巡航,S002>O01,6017.111830402668,6019.602189175773,直连,,True
T004,巡航,S002>O01,6019.602189175773,6022.092547948878,直连,,True
T004,巡航,S002>O01,6022.092547948878,6024.582906721983,直连,,True
T004,巡航,S002>O01,6024.582906721983,6027.073265495088,直连,,True
T004,巡航,S002>O01,6027.073265495088,6029.563624268192,直连,,True
T004,巡航,S002>O01,6029.563624268192,6032.053983041297,直连,,True
T004,巡航,S002>O01,6032.053983041297,6034.544341814402,直连,,True
T004,巡航,S002>O01,6034.544341814402,6037.034700587506,直连,,True
T004,巡航,S002>O01,6037.034700587506,6039.5250593606115,直连,,True
T004,巡航,S002>O01,6039.5250593606115,6042.015418133717,直连,,True
T004,巡航,S002>O01,6042.015418133717,6044.505776906822,直连,,True
T004,巡航,S002>O01,6044.505776906822,6046.996135679927,直连,,True
T004,巡航,S002>O01,6046.996135679927,6049.486494453031,直连,,True
T004,巡航,S002>O01,6049.486494453031,6051.976853226136,直连,,True
T004,巡航,S002>O01,6051.976853226136,6054.467211999241,直连,,True
T004,巡航,S002>O01,6054.467211999241,6056.957570772345,直连,,True
T004,巡航,S002>O01,6056.957570772345,6059.44792954545,直连,,True
T004,巡航,S002>O01,6059.44792954545,6061.938288318555,直连,,True
T004,巡航,S002>O01,6061.938288318555,6064.42864709166,直连,,True
T004,巡航,S002>O01,6064.42864709166,6066.9190058647655,直连,,True
T004,巡航,S002>O01,6066.9190058647655,6069.40936463787,直连,,True
T004,巡航,S002>O01,6069.40936463787,6071.899723410975,直连,,True
T004,巡航,S002>O01,6071.899723410975,6074.39008218408,直连,,True
T004,巡航,S002>O01,6074.39008218408,6076.880440957185,直连,,True
T004,巡航,S002>O01,6076.880440957185,6079.370799730289,直连,,True
T004,巡航,S002>O01,6079.370799730289,6081.861158503394,直连,,True
T004,巡航,S002>O01,6081.861158503394,6084.351517276499,直连,,True
T004,巡航,S002>O01,6084.351517276499,6086.841876049604,直连,,True
T004,巡航,S002>O01,6086.841876049604,6089.332234822708,直连,,True
T004,巡航,S002>O01,6089.332234822708,6091.8225935958135,直连,,True
T004,巡航,S002>O01,6091.8225935958135,6094.312952368919,直连,,True
T004,巡航,S002>O01,6094.312952368919,6096.803311142024,直连,,True
T004,巡航,S002>O01,6096.803311142024,6099.293669915129,直连,,True
T004,巡航,S002>O01,6099.293669915129,6101.784028688233,直连,,True
T004,巡航,S002>O01,6101.784028688233,6104.274387461338,直连,,True
T004,巡航,S002>O01,6104.274387461338,6106.764746234443,直连,,True
T004,巡航,S002>O01,6106.764746234443,6109.255105007547,直连,,True
T004,巡航,S002>O01,6109.255105007547,6111.745463780652,直连,,True
T004,巡航,S002>O01,6111.745463780652,6114.235822553757,直连,,True
T004,下降,S002>O01,6114.235822553757,6124.593208505208,直连,,True
T004,下降,S002>O01,6124.593208505208,6134.950594456659,直连,,True
T004,下降,S002>O01,6134.950594456659,6145.30798040811,直连,,True
T004,下降,S002>O01,6145.30798040811,6155.665366359561,直连,,True
T004,下降,S002>O01,6155.665366359561,6166.022752311012,直连,,True
T004,下降,S002>O01,6166.022752311012,6176.380138262462,直连,,True
T004,下降,S002>O01,6176.380138262462,6186.737524213913,直连,,True
T005,爬升,O01>S002,480.0,490.3573859514509,直连,,True
T005,爬升,O01>S002,490.3573859514509,500.7147719029018,直连,,True
T005,爬升,O01>S002,500.7147719029018,511.0721578543527,直连,,True
T005,爬升,O01>S002,511.0721578543527,521.4295438058036,直连,,True
T005,爬升,O01>S002,521.4295438058036,531.7869297572545,直连,,True
T005,爬升,O01>S002,531.7869297572545,542.1443157087054,直连,,True
T005,爬升,O01>S002,542.1443157087054,552.5017016601563,直连,,True
T005,巡航,O01>S002,552.5017016601563,554.4939886786402,直连,,True
T005,巡航,O01>S002,554.4939886786402,556.486275697124,直连,,True
T005,巡航,O01>S002,556.486275697124,558.478562715608,直连,,True
T005,巡航,O01>S002,558.478562715608,560.4708497340919,直连,,True
T005,巡航,O01>S002,560.4708497340919,562.4631367525757,直连,,True
T005,巡航,O01>S002,562.4631367525757,564.4554237710596,直连,,True
T005,巡航,O01>S002,564.4554237710596,566.4477107895435,直连,,True
T005,巡航,O01>S002,566.4477107895435,568.4399978080273,直连,,True
T005,巡航,O01>S002,568.4399978080273,570.4322848265112,直连,,True
T005,巡航,O01>S002,570.4322848265112,572.4245718449952,直连,,True
T005,巡航,O01>S002,572.4245718449952,574.416858863479,直连,,True
T005,巡航,O01>S002,574.416858863479,576.4091458819629,直连,,True
T005,巡航,O01>S002,576.4091458819629,578.4014329004467,直连,,True
T005,巡航,O01>S002,578.4014329004467,580.3937199189306,直连,,True
T005,巡航,O01>S002,580.3937199189306,582.3860069374145,直连,,True
T005,巡航,O01>S002,582.3860069374145,584.3782939558984,直连,,True
T005,巡航,O01>S002,584.3782939558984,586.3705809743823,直连,,True
T005,巡航,O01>S002,586.3705809743823,588.3628679928662,直连,,True
T005,巡航,O01>S002,588.3628679928662,590.35515501135,直连,,True
T005,巡航,O01>S002,590.35515501135,592.3474420298339,直连,,True
T005,巡航,O01>S002,592.3474420298339,594.3397290483178,直连,,True
T005,巡航,O01>S002,594.3397290483178,596.3320160668017,直连,,True
T005,巡航,O01>S002,596.3320160668017,598.3243030852856,直连,,True
T005,巡航,O01>S002,598.3243030852856,600.3165901037695,直连,,True
T005,巡航,O01>S002,600.3165901037695,602.3088771222533,直连,,True
T005,巡航,O01>S002,602.3088771222533,604.3011641407372,直连,,True
T005,巡航,O01>S002,604.3011641407372,606.2934511592211,直连,,True
T005,巡航,O01>S002,606.2934511592211,608.285738177705,直连,,True
T005,巡航,O01>S002,608.285738177705,610.2780251961889,直连,,True
T005,巡航,O01>S002,610.2780251961889,612.2703122146727,直连,,True
T005,巡航,O01>S002,612.2703122146727,614.2625992331566,直连,,True
T005,巡航,O01>S002,614.2625992331566,616.2548862516405,直连,,True
T005,巡航,O01>S002,616.2548862516405,618.2471732701243,直连,,True
T005,巡航,O01>S002,618.2471732701243,620.2394602886083,直连,,True
T005,巡航,O01>S002,620.2394602886083,622.2317473070922,直连,,True
T005,巡航,O01>S002,622.2317473070922,624.224034325576,直连,,True
T005,巡航,O01>S002,624.224034325576,626.2163213440599,直连,,True
T005,巡航,O01>S002,626.2163213440599,628.2086083625438,直连,,True
T005,巡航,O01>S002,628.2086083625438,630.2008953810276,直连,,True
T005,巡航,O01>S002,630.2008953810276,632.1931823995116,直连,,True
T005,巡航,O01>S002,632.1931823995116,634.1854694179955,直连,,True
T005,巡航,O01>S002,634.1854694179955,636.1777564364793,直连,,True
T005,巡航,O01>S002,636.1777564364793,638.1700434549632,直连,,True
T005,巡航,O01>S002,638.1700434549632,640.1623304734471,直连,,True
T005,巡航,O01>S002,640.1623304734471,642.1546174919309,直连,,True
T005,巡航,O01>S002,642.1546174919309,644.1469045104149,直连,,True
T005,巡航,O01>S002,644.1469045104149,646.1391915288987,直连,,True
T005,巡航,O01>S002,646.1391915288987,648.1314785473826,直连,,True
T005,巡航,O01>S002,648.1314785473826,650.1237655658665,直连,,True
T005,巡航,O01>S002,650.1237655658665,652.1160525843503,直连,,True
T005,巡航,O01>S002,652.1160525843503,654.1083396028342,直连,,True
T005,巡航,O01>S002,654.1083396028342,656.1006266213182,直连,,True
T005,巡航,O01>S002,656.1006266213182,658.092913639802,直连,,True
T005,巡航,O01>S002,658.092913639802,660.0852006582859,直连,,True
T005,巡航,O01>S002,660.0852006582859,662.0774876767698,直连,,True
T005,巡航,O01>S002,662.0774876767698,664.0697746952536,直连,,True
T005,巡航,O01>S002,664.0697746952536,666.0620617137375,直连,,True
T005,巡航,O01>S002,666.0620617137375,668.0543487322215,直连,,True
T005,巡航,O01>S002,668.0543487322215,670.0466357507053,直连,,True
T005,巡航,O01>S002,670.0466357507053,672.0389227691892,直连,,True
T005,巡航,O01>S002,672.0389227691892,674.0312097876731,直连,,True
T005,巡航,O01>S002,674.0312097876731,676.0234968061569,直连,,True
T005,巡航,O01>S002,676.0234968061569,678.0157838246408,直连,,True
T005,巡航,O01>S002,678.0157838246408,680.0080708431246,直连,,True
T005,巡航,O01>S002,680.0080708431246,682.0003578616086,直连,,True
T005,巡航,O01>S002,682.0003578616086,683.9926448800925,直连,,True
T005,巡航,O01>S002,683.9926448800925,685.9849318985764,直连,,True
T005,巡航,O01>S002,685.9849318985764,687.9772189170602,直连,,True
T005,巡航,O01>S002,687.9772189170602,689.9695059355441,直连,,True
T005,巡航,O01>S002,689.9695059355441,691.9617929540279,直连,,True
T005,巡航,O01>S002,691.9617929540279,693.9540799725119,直连,,True
T005,巡航,O01>S002,693.9540799725119,695.9463669909958,直连,,True
T005,巡航,O01>S002,695.9463669909958,697.9386540094797,直连,,True
T005,巡航,O01>S002,697.9386540094797,699.9309410279635,直连,,True
T005,巡航,O01>S002,699.9309410279635,701.9232280464474,直连,,True
T005,巡航,O01>S002,701.9232280464474,703.9155150649312,直连,,True
T005,巡航,O01>S002,703.9155150649312,705.9078020834152,直连,,True
T005,巡航,O01>S002,705.9078020834152,707.9000891018991,直连,,True
T005,巡航,O01>S002,707.9000891018991,709.8923761203829,直连,,True
T005,巡航,O01>S002,709.8923761203829,711.8846631388668,直连,,True
T005,巡航,O01>S002,711.8846631388668,713.8769501573506,直连,,True
T005,巡航,O01>S002,713.8769501573506,715.8692371758345,直连,,True
T005,巡航,O01>S002,715.8692371758345,717.8615241943185,直连,,True
T005,巡航,O01>S002,717.8615241943185,719.8538112128024,直连,,True
T005,巡航,O01>S002,719.8538112128024,721.8460982312862,直连,,True
T005,巡航,O01>S002,721.8460982312862,723.8383852497701,直连,,True
T005,巡航,O01>S002,723.8383852497701,725.8306722682539,直连,,True
T005,巡航,O01>S002,725.8306722682539,727.8229592867378,直连,,True
T005,巡航,O01>S002,727.8229592867378,729.8152463052218,直连,,True
T005,巡航,O01>S002,729.8152463052218,731.8075333237057,直连,,True
T005,巡航,O01>S002,731.8075333237057,733.7998203421895,直连,,True
T005,巡航,O01>S002,733.7998203421895,735.7921073606734,直连,,True
T005,巡航,O01>S002,735.7921073606734,737.7843943791572,直连,,True
T005,巡航,O01>S002,737.7843943791572,739.7766813976411,直连,,True
T005,巡航,O01>S002,739.7766813976411,741.7689684161251,直连,,True
T005,巡航,O01>S002,741.7689684161251,743.7612554346089,直连,,True
T005,巡航,O01>S002,743.7612554346089,745.7535424530928,直连,,True
T005,巡航,O01>S002,745.7535424530928,747.7458294715766,直连,,True
T005,巡航,O01>S002,747.7458294715766,749.7381164900605,直连,,True
T005,巡航,O01>S002,749.7381164900605,751.7304035085444,直连,,True
T005,巡航,O01>S002,751.7304035085444,753.7226905270284,直连,,True
T005,巡航,O01>S002,753.7226905270284,755.7149775455122,直连,,True
T005,巡航,O01>S002,755.7149775455122,757.7072645639961,直连,,True
T005,巡航,O01>S002,757.7072645639961,759.6995515824799,直连,,True
T005,巡航,O01>S002,759.6995515824799,761.6918386009638,直连,,True
T005,巡航,O01>S002,761.6918386009638,763.6841256194477,直连,,True
T005,巡航,O01>S002,763.6841256194477,765.6764126379317,直连,,True
T005,巡航,O01>S002,765.6764126379317,767.6686996564155,直连,,True
T005,巡航,O01>S002,767.6686996564155,769.6609866748994,直连,,True
T005,巡航,O01>S002,769.6609866748994,771.6532736933832,直连,,True
T005,巡航,O01>S002,771.6532736933832,773.6455607118671,直连,,True
T005,巡航,O01>S002,773.6455607118671,775.637847730351,直连,,True
T005,巡航,O01>S002,775.637847730351,777.6301347488348,直连,,True
T005,巡航,O01>S002,777.6301347488348,779.6224217673188,直连,,True
T005,巡航,O01>S002,779.6224217673188,781.6147087858026,直连,,True
T005,巡航,O01>S002,781.6147087858026,783.6069958042865,直连,,True
T005,巡航,O01>S002,783.6069958042865,785.5992828227704,直连,,True
T005,巡航,O01>S002,785.5992828227704,787.5915698412543,直连,,True
T005,巡航,O01>S002,787.5915698412543,789.5838568597381,直连,,True
T005,巡航,O01>S002,789.5838568597381,791.5761438782221,直连,,True
T005,巡航,O01>S002,791.5761438782221,793.5684308967059,直连,,True
T005,巡航,O01>S002,793.5684308967059,795.5607179151898,直连,,True
T005,巡航,O01>S002,795.5607179151898,797.5530049336737,直连,,True
T005,巡航,O01>S002,797.5530049336737,799.5452919521576,直连,,True
T005,巡航,O01>S002,799.5452919521576,801.5375789706414,直连,,True
T005,巡航,O01>S002,801.5375789706414,803.5298659891254,直连,,True
T005,巡航,O01>S002,803.5298659891254,805.5221530076092,直连,,True
T005,巡航,O01>S002,805.5221530076092,807.5144400260931,直连,,True
T005,巡航,O01>S002,807.5144400260931,809.506727044577,直连,,True
T005,巡航,O01>S002,809.506727044577,811.4990140630609,直连,,True
T005,巡航,O01>S002,811.4990140630609,813.4913010815447,直连,,True
T005,巡航,O01>S002,813.4913010815447,815.4835881000286,直连,,True
T005,巡航,O01>S002,815.4835881000286,817.4758751185125,中继兜底,R-S03,True
T005,巡航,O01>S002,817.4758751185125,819.4681621369964,中继兜底,R-S03,True
T005,巡航,O01>S002,819.4681621369964,821.4604491554803,中继兜底,R-S03,True
T005,巡航,O01>S002,821.4604491554803,823.4527361739641,中继兜底,R-S03,True
T005,巡航,O01>S002,823.4527361739641,825.4450231924479,中继兜底,R-S03,True
T005,巡航,O01>S002,825.4450231924479,827.4373102109319,中继兜底,R-S03,True
T005,巡航,O01>S002,827.4373102109319,829.4295972294158,中继兜底,R-S03,True
T005,巡航,O01>S002,829.4295972294158,831.4218842478997,中继兜底,R-S03,True
T005,巡航,O01>S002,831.4218842478997,833.4141712663836,中继兜底,R-S03,True
T005,巡航,O01>S002,833.4141712663836,835.4064582848675,中继兜底,R-S03,True
T005,巡航,O01>S002,835.4064582848675,837.3987453033513,中继兜底,R-S03,True
T005,巡航,O01>S002,837.3987453033513,839.3910323218352,中继兜底,R-S03,True
T005,巡航,O01>S002,839.3910323218352,841.3833193403191,中继兜底,R-S03,True
T005,巡航,O01>S002,841.3833193403191,843.375606358803,中继兜底,R-S03,True
T005,巡航,O01>S002,843.375606358803,845.3678933772869,中继兜底,R-S03,True
T005,巡航,O01>S002,845.3678933772869,847.3601803957707,中继兜底,R-S03,True
T005,巡航,O01>S002,847.3601803957707,849.3524674142546,中继兜底,R-S03,True
T005,巡航,O01>S002,849.3524674142546,851.3447544327385,中继兜底,R-S03,True
T005,巡航,O01>S002,851.3447544327385,853.3370414512224,中继兜底,R-S03,True
T005,巡航,O01>S002,853.3370414512224,855.3293284697063,中继兜底,R-S03,True
T005,巡航,O01>S002,855.3293284697063,857.3216154881902,中继兜底,R-S03,True
T005,巡航,O01>S002,857.3216154881902,859.313902506674,中继兜底,R-S03,True
T005,巡航,O01>S002,859.313902506674,861.3061895251578,中继兜底,R-S03,True
T005,巡航,O01>S002,861.3061895251578,863.2984765436418,中继兜底,R-S03,True
T005,巡航,O01>S002,863.2984765436418,865.2907635621257,中继兜底,R-S03,True
T005,巡航,O01>S002,865.2907635621257,867.2830505806096,中继兜底,R-S03,True
T005,巡航,O01>S002,867.2830505806096,869.2753375990934,中继兜底,R-S03,True
T005,巡航,O01>S002,869.2753375990934,871.2676246175773,中继兜底,R-S03,True
T005,巡航,O01>S002,871.2676246175773,873.2599116360611,中继兜底,R-S03,True
T005,巡航,O01>S002,873.2599116360611,875.252198654545,中继兜底,R-S03,True
T005,巡航,O01>S002,875.252198654545,877.244485673029,中继兜底,R-S03,True
T005,巡航,O01>S002,877.244485673029,879.2367726915129,中继兜底,R-S03,True
T005,巡航,O01>S002,879.2367726915129,881.2290597099967,中继兜底,R-S03,True
T005,巡航,O01>S002,881.2290597099967,883.2213467284805,中继兜底,R-S03,True
T005,巡航,O01>S002,883.2213467284805,885.2136337469644,中继兜底,R-S03,True
T005,巡航,O01>S002,885.2136337469644,887.2059207654484,中继兜底,R-S03,True
T005,巡航,O01>S002,887.2059207654484,889.1982077839323,中继兜底,R-S03,True
T005,巡航,O01>S002,889.1982077839323,891.1904948024161,中继兜底,R-S03,True
T005,巡航,O01>S002,891.1904948024161,893.1827818209,中继兜底,R-S03,True
T005,巡航,O01>S002,893.1827818209,895.1750688393839,中继兜底,R-S03,True
T005,巡航,O01>S002,895.1750688393839,897.1673558578677,中继兜底,R-S03,True
T005,巡航,O01>S002,897.1673558578677,899.1596428763517,中继兜底,R-S03,True
T005,巡航,O01>S002,899.1596428763517,901.1519298948356,中继兜底,R-S03,True
T005,巡航,O01>S002,901.1519298948356,903.1442169133195,中继兜底,R-S03,True
T005,巡航,O01>S002,903.1442169133195,905.1365039318033,中继兜底,R-S03,True
T005,巡航,O01>S002,905.1365039318033,907.1287909502871,中继兜底,R-S03,True
T005,巡航,O01>S002,907.1287909502871,909.121077968771,中继兜底,R-S03,True
T005,巡航,O01>S002,909.121077968771,911.113364987255,中继兜底,R-S03,True
T005,巡航,O01>S002,911.113364987255,913.1056520057389,中继兜底,R-S03,True
T005,巡航,O01>S002,913.1056520057389,915.0979390242227,中继兜底,R-S03,True
T005,巡航,O01>S002,915.0979390242227,917.0902260427066,中继兜底,R-S03,True
T005,巡航,O01>S002,917.0902260427066,919.0825130611904,中继兜底,R-S03,True
T005,巡航,O01>S002,919.0825130611904,921.0748000796743,中继兜底,R-S03,True
T005,巡航,O01>S002,921.0748000796743,923.0670870981583,中继兜底,R-S03,True
T005,巡航,O01>S002,923.0670870981583,925.0593741166422,中继兜底,R-S03,True
T005,巡航,O01>S002,925.0593741166422,927.051661135126,中继兜底,R-S03,True
T005,巡航,O01>S002,927.051661135126,929.0439481536098,中继兜底,R-S03,True
T005,巡航,O01>S002,929.0439481536098,931.0362351720937,中继兜底,R-S03,True
T005,巡航,O01>S002,931.0362351720937,933.0285221905776,中继兜底,R-S03,True
T005,巡航,O01>S002,933.0285221905776,935.0208092090616,中继兜底,R-S03,True
T005,巡航,O01>S002,935.0208092090616,937.0130962275454,中继兜底,R-S03,True
T005,巡航,O01>S002,937.0130962275454,939.0053832460293,中继兜底,R-S03,True
T005,巡航,O01>S002,939.0053832460293,940.9976702645131,中继兜底,R-S03,True
T005,巡航,O01>S002,940.9976702645131,942.989957282997,中继兜底,R-S03,True
T005,巡航,O01>S002,942.989957282997,944.9822443014809,中继兜底,R-S03,True
T005,巡航,O01>S002,944.9822443014809,946.9745313199649,中继兜底,R-S03,True
T005,巡航,O01>S002,946.9745313199649,948.9668183384487,中继兜底,R-S03,True
T005,巡航,O01>S002,948.9668183384487,950.9591053569325,中继兜底,R-S03,True
T005,巡航,O01>S002,950.9591053569325,952.9513923754164,中继兜底,R-S03,True
T005,巡航,O01>S002,952.9513923754164,954.9436793939003,中继兜底,R-S03,True
T005,巡航,O01>S002,954.9436793939003,956.9359664123842,中继兜底,R-S03,True
T005,巡航,O01>S002,956.9359664123842,958.9282534308682,中继兜底,R-S03,True
T005,巡航,O01>S002,958.9282534308682,960.9205404493521,中继兜底,R-S03,True
T005,巡航,O01>S002,960.9205404493521,962.9128274678359,中继兜底,R-S03,True
T005,巡航,O01>S002,962.9128274678359,964.9051144863197,中继兜底,R-S03,True
T005,巡航,O01>S002,964.9051144863197,966.8974015048036,中继兜底,R-S03,True
T005,巡航,O01>S002,966.8974015048036,968.8896885232875,中继兜底,R-S03,True
T005,巡航,O01>S002,968.8896885232875,970.8819755417715,中继兜底,R-S03,True
T005,巡航,O01>S002,970.8819755417715,972.8742625602553,中继兜底,R-S03,True
T005,巡航,O01>S002,972.8742625602553,974.8665495787391,中继兜底,R-S03,True
T005,巡航,O01>S002,974.8665495787391,976.858836597223,中继兜底,R-S03,True
T005,巡航,O01>S002,976.858836597223,978.8511236157069,中继兜底,R-S03,True
T005,巡航,O01>S002,978.8511236157069,980.8434106341908,中继兜底,R-S03,True
T005,巡航,O01>S002,980.8434106341908,982.8356976526746,中继兜底,R-S03,True
T005,巡航,O01>S002,982.8356976526746,984.8279846711586,中继兜底,R-S03,True
T005,巡航,O01>S002,984.8279846711586,986.8202716896424,中继兜底,R-S03,True
T005,巡航,O01>S002,986.8202716896424,988.8125587081263,中继兜底,R-S03,True
T005,巡航,O01>S002,988.8125587081263,990.8048457266102,中继兜底,R-S03,True
T005,巡航,O01>S002,990.8048457266102,992.7971327450941,中继兜底,R-S03,True
T005,巡航,O01>S002,992.7971327450941,994.7894197635779,中继兜底,R-S03,True
T005,巡航,O01>S002,994.7894197635779,996.7817067820617,中继兜底,R-S03,True
T005,巡航,O01>S002,996.7817067820617,998.7739938005457,中继兜底,R-S03,True
T005,巡航,O01>S002,998.7739938005457,1000.7662808190296,中继兜底,R-S03,True
T005,巡航,O01>S002,1000.7662808190296,1002.7585678375135,中继兜底,R-S03,True
T005,巡航,O01>S002,1002.7585678375135,1004.7508548559973,中继兜底,R-S03,True
T005,巡航,O01>S002,1004.7508548559973,1006.7431418744812,中继兜底,R-S03,True
T005,巡航,O01>S002,1006.7431418744812,1008.735428892965,中继兜底,R-S03,True
T005,巡航,O01>S002,1008.735428892965,1010.727715911449,中继兜底,R-S03,True
T005,巡航,O01>S002,1010.727715911449,1012.7200029299329,中继兜底,R-S03,True
T005,巡航,O01>S002,1012.7200029299329,1014.7122899484168,中继兜底,R-S03,True
T005,巡航,O01>S002,1014.7122899484168,1016.7045769669007,中继兜底,R-S03,True
T005,巡航,O01>S002,1016.7045769669007,1018.6968639853845,中继兜底,R-S03,True
T005,巡航,O01>S002,1018.6968639853845,1020.6891510038685,中继兜底,R-S03,True
T005,巡航,O01>S002,1020.6891510038685,1022.6814380223523,中继兜底,R-S03,True
T005,巡航,O01>S002,1022.6814380223523,1024.6737250408362,中继兜底,R-S03,True
T005,巡航,O01>S002,1024.6737250408362,1026.66601205932,中继兜底,R-S03,True
T005,巡航,O01>S002,1026.66601205932,1028.658299077804,中继兜底,R-S03,True
T005,巡航,O01>S002,1028.658299077804,1030.650586096288,中继兜底,R-S03,True
T005,巡航,O01>S002,1030.650586096288,1032.6428731147716,中继兜底,R-S03,True
T005,巡航,O01>S002,1032.6428731147716,1034.6351601332556,中继兜底,R-S03,True
T005,巡航,O01>S002,1034.6351601332556,1036.6274471517395,中继兜底,R-S03,True
T005,巡航,O01>S002,1036.6274471517395,1038.6197341702234,中继兜底,R-S03,True
T005,巡航,O01>S002,1038.6197341702234,1040.6120211887073,中继兜底,R-S03,True
T005,巡航,O01>S002,1040.6120211887073,1042.604308207191,中继兜底,R-S03,True
T005,巡航,O01>S002,1042.604308207191,1044.596595225675,中继兜底,R-S03,True
T005,巡航,O01>S002,1044.596595225675,1046.5888822441589,中继兜底,R-S03,True
T005,下降,O01>S002,1046.5888822441589,1061.4979246025573,中继兜底,R-S03,True
T005,下降,O01>S002,1061.4979246025573,1076.4069669609557,中继兜底,R-S03,True
T005,下降,O01>S002,1076.4069669609557,1091.3160093193542,中继兜底,R-S03,True
T005,投送,S002,1091.3160093193542,1487.3160093193542,中继兜底,R-S03,True
T005,爬升,S002>O01,1487.3160093193542,1499.243243206073,中继兜底,R-S03,True
T005,爬升,S002>O01,1499.243243206073,1511.1704770927915,中继兜底,R-S03,True
T005,爬升,S002>O01,1511.1704770927915,1523.0977109795103,中继兜底,R-S03,True
T005,巡航,S002>O01,1523.0977109795103,1525.0899979979943,中继兜底,R-S03,True
T005,巡航,S002>O01,1525.0899979979943,1527.0822850164782,中继兜底,R-S03,True
T005,巡航,S002>O01,1527.0822850164782,1529.0745720349619,中继兜底,R-S03,True
T005,巡航,S002>O01,1529.0745720349619,1531.0668590534458,中继兜底,R-S03,True
T005,巡航,S002>O01,1531.0668590534458,1533.0591460719297,中继兜底,R-S03,True
T005,巡航,S002>O01,1533.0591460719297,1535.0514330904136,中继兜底,R-S03,True
T005,巡航,S002>O01,1535.0514330904136,1537.0437201088976,中继兜底,R-S03,True
T005,巡航,S002>O01,1537.0437201088976,1539.0360071273815,中继兜底,R-S03,True
T005,巡航,S002>O01,1539.0360071273815,1541.0282941458652,中继兜底,R-S03,True
T005,巡航,S002>O01,1541.0282941458652,1543.020581164349,中继兜底,R-S03,True
T005,巡航,S002>O01,1543.020581164349,1545.012868182833,中继兜底,R-S03,True
T005,巡航,S002>O01,1545.012868182833,1547.005155201317,中继兜底,R-S03,True
T005,巡航,S002>O01,1547.005155201317,1548.9974422198009,中继兜底,R-S03,True
T005,巡航,S002>O01,1548.9974422198009,1550.9897292382848,中继兜底,R-S03,True
T005,巡航,S002>O01,1550.9897292382848,1552.9820162567685,中继兜底,R-S03,True
T005,巡航,S002>O01,1552.9820162567685,1554.9743032752524,中继兜底,R-S03,True
T005,巡航,S002>O01,1554.9743032752524,1556.9665902937363,中继兜底,R-S03,True
T005,巡航,S002>O01,1556.9665902937363,1558.9588773122202,中继兜底,R-S03,True
T005,巡航,S002>O01,1558.9588773122202,1560.9511643307042,中继兜底,R-S03,True
T005,巡航,S002>O01,1560.9511643307042,1562.943451349188,中继兜底,R-S03,True
T005,巡航,S002>O01,1562.943451349188,1564.9357383676718,中继兜底,R-S03,True
T005,巡航,S002>O01,1564.9357383676718,1566.9280253861557,中继兜底,R-S03,True
T005,巡航,S002>O01,1566.9280253861557,1568.9203124046396,中继兜底,R-S03,True
T005,巡航,S002>O01,1568.9203124046396,1570.9125994231235,中继兜底,R-S03,True
T005,巡航,S002>O01,1570.9125994231235,1572.9048864416075,中继兜底,R-S03,True
T005,巡航,S002>O01,1572.9048864416075,1574.8971734600914,中继兜底,R-S03,True
T005,巡航,S002>O01,1574.8971734600914,1576.889460478575,中继兜底,R-S03,True
T005,巡航,S002>O01,1576.889460478575,1578.881747497059,中继兜底,R-S03,True
T005,巡航,S002>O01,1578.881747497059,1580.874034515543,中继兜底,R-S03,True
T005,巡航,S002>O01,1580.874034515543,1582.8663215340268,中继兜底,R-S03,True
T005,巡航,S002>O01,1582.8663215340268,1584.8586085525108,中继兜底,R-S03,True
T005,巡航,S002>O01,1584.8586085525108,1586.8508955709945,中继兜底,R-S03,True
T005,巡航,S002>O01,1586.8508955709945,1588.8431825894784,中继兜底,R-S03,True
T005,巡航,S002>O01,1588.8431825894784,1590.8354696079623,中继兜底,R-S03,True
T005,巡航,S002>O01,1590.8354696079623,1592.8277566264462,中继兜底,R-S03,True
T005,巡航,S002>O01,1592.8277566264462,1594.8200436449301,中继兜底,R-S03,True
T005,巡航,S002>O01,1594.8200436449301,1596.812330663414,中继兜底,R-S03,True
T005,巡航,S002>O01,1596.812330663414,1598.8046176818978,中继兜底,R-S03,True
T005,巡航,S002>O01,1598.8046176818978,1600.7969047003817,中继兜底,R-S03,True
T005,巡航,S002>O01,1600.7969047003817,1602.7891917188656,中继兜底,R-S03,True
T005,巡航,S002>O01,1602.7891917188656,1604.7814787373495,中继兜底,R-S03,True
T005,巡航,S002>O01,1604.7814787373495,1606.7737657558334,中继兜底,R-S03,True
T005,巡航,S002>O01,1606.7737657558334,1608.7660527743174,中继兜底,R-S03,True
T005,巡航,S002>O01,1608.7660527743174,1610.758339792801,中继兜底,R-S03,True
T005,巡航,S002>O01,1610.758339792801,1612.750626811285,中继兜底,R-S03,True
T005,巡航,S002>O01,1612.750626811285,1614.742913829769,中继兜底,R-S03,True
T005,巡航,S002>O01,1614.742913829769,1616.7352008482528,中继兜底,R-S03,True
T005,巡航,S002>O01,1616.7352008482528,1618.7274878667367,中继兜底,R-S03,True
T005,巡航,S002>O01,1618.7274878667367,1620.7197748852204,中继兜底,R-S03,True
T005,巡航,S002>O01,1620.7197748852204,1622.7120619037044,中继兜底,R-S03,True
T005,巡航,S002>O01,1622.7120619037044,1624.7043489221883,中继兜底,R-S03,True
T005,巡航,S002>O01,1624.7043489221883,1626.6966359406722,中继兜底,R-S03,True
T005,巡航,S002>O01,1626.6966359406722,1628.6889229591561,中继兜底,R-S03,True
T005,巡航,S002>O01,1628.6889229591561,1630.68120997764,中继兜底,R-S03,True
T005,巡航,S002>O01,1630.68120997764,1632.6734969961237,中继兜底,R-S03,True
T005,巡航,S002>O01,1632.6734969961237,1634.6657840146077,中继兜底,R-S03,True
T005,巡航,S002>O01,1634.6657840146077,1636.6580710330916,中继兜底,R-S03,True
T005,巡航,S002>O01,1636.6580710330916,1638.6503580515755,中继兜底,R-S03,True
T005,巡航,S002>O01,1638.6503580515755,1640.6426450700594,中继兜底,R-S03,True
T005,巡航,S002>O01,1640.6426450700594,1642.6349320885433,中继兜底,R-S03,True
T005,巡航,S002>O01,1642.6349320885433,1644.627219107027,中继兜底,R-S03,True
T005,巡航,S002>O01,1644.627219107027,1646.619506125511,中继兜底,R-S03,True
T005,巡航,S002>O01,1646.619506125511,1648.6117931439949,中继兜底,R-S03,True
T005,巡航,S002>O01,1648.6117931439949,1650.6040801624788,中继兜底,R-S03,True
T005,巡航,S002>O01,1650.6040801624788,1652.5963671809627,中继兜底,R-S03,True
T005,巡航,S002>O01,1652.5963671809627,1654.5886541994464,中继兜底,R-S03,True
T005,巡航,S002>O01,1654.5886541994464,1656.5809412179303,中继兜底,R-S03,True
T005,巡航,S002>O01,1656.5809412179303,1658.5732282364143,中继兜底,R-S03,True
T005,巡航,S002>O01,1658.5732282364143,1660.5655152548982,中继兜底,R-S03,True
T005,巡航,S002>O01,1660.5655152548982,1662.557802273382,中继兜底,R-S03,True
T005,巡航,S002>O01,1662.557802273382,1664.550089291866,中继兜底,R-S03,True
T005,巡航,S002>O01,1664.550089291866,1666.54237631035,中继兜底,R-S03,True
T005,巡航,S002>O01,1666.54237631035,1668.5346633288336,中继兜底,R-S03,True
T005,巡航,S002>O01,1668.5346633288336,1670.5269503473176,中继兜底,R-S03,True
T005,巡航,S002>O01,1670.5269503473176,1672.5192373658015,中继兜底,R-S03,True
T005,巡航,S002>O01,1672.5192373658015,1674.5115243842854,中继兜底,R-S03,True
T005,巡航,S002>O01,1674.5115243842854,1676.5038114027693,中继兜底,R-S03,True
T005,巡航,S002>O01,1676.5038114027693,1678.496098421253,中继兜底,R-S03,True
T005,巡航,S002>O01,1678.496098421253,1680.488385439737,中继兜底,R-S03,True
T005,巡航,S002>O01,1680.488385439737,1682.4806724582209,中继兜底,R-S03,True
T005,巡航,S002>O01,1682.4806724582209,1684.4729594767048,中继兜底,R-S03,True
T005,巡航,S002>O01,1684.4729594767048,1686.4652464951887,中继兜底,R-S03,True
T005,巡航,S002>O01,1686.4652464951887,1688.4575335136726,中继兜底,R-S03,True
T005,巡航,S002>O01,1688.4575335136726,1690.4498205321563,中继兜底,R-S03,True
T005,巡航,S002>O01,1690.4498205321563,1692.4421075506402,中继兜底,R-S03,True
T005,巡航,S002>O01,1692.4421075506402,1694.4343945691242,中继兜底,R-S03,True
T005,巡航,S002>O01,1694.4343945691242,1696.426681587608,中继兜底,R-S03,True
T005,巡航,S002>O01,1696.426681587608,1698.418968606092,中继兜底,R-S03,True
T005,巡航,S002>O01,1698.418968606092,1700.411255624576,中继兜底,R-S03,True
T005,巡航,S002>O01,1700.411255624576,1702.4035426430596,中继兜底,R-S03,True
T005,巡航,S002>O01,1702.4035426430596,1704.3958296615435,中继兜底,R-S03,True
T005,巡航,S002>O01,1704.3958296615435,1706.3881166800275,中继兜底,R-S03,True
T005,巡航,S002>O01,1706.3881166800275,1708.3804036985114,中继兜底,R-S03,True
T005,巡航,S002>O01,1708.3804036985114,1710.3726907169953,中继兜底,R-S03,True
T005,巡航,S002>O01,1710.3726907169953,1712.364977735479,中继兜底,R-S03,True
T005,巡航,S002>O01,1712.364977735479,1714.357264753963,中继兜底,R-S03,True
T005,巡航,S002>O01,1714.357264753963,1716.3495517724468,中继兜底,R-S03,True
T005,巡航,S002>O01,1716.3495517724468,1718.3418387909308,中继兜底,R-S03,True
T005,巡航,S002>O01,1718.3418387909308,1720.3341258094147,中继兜底,R-S03,True
T005,巡航,S002>O01,1720.3341258094147,1722.3264128278986,中继兜底,R-S03,True
T005,巡航,S002>O01,1722.3264128278986,1724.3186998463825,中继兜底,R-S03,True
T005,巡航,S002>O01,1724.3186998463825,1726.3109868648662,中继兜底,R-S03,True
T005,巡航,S002>O01,1726.3109868648662,1728.3032738833501,中继兜底,R-S03,True
T005,巡航,S002>O01,1728.3032738833501,1730.295560901834,中继兜底,R-S03,True
T005,巡航,S002>O01,1730.295560901834,1732.287847920318,中继兜底,R-S03,True
T005,巡航,S002>O01,1732.287847920318,1734.280134938802,中继兜底,R-S03,True
T005,巡航,S002>O01,1734.280134938802,1736.2724219572856,中继兜底,R-S03,True
T005,巡航,S002>O01,1736.2724219572856,1738.2647089757695,中继兜底,R-S03,True
T005,巡航,S002>O01,1738.2647089757695,1740.2569959942534,中继兜底,R-S03,True
T005,巡航,S002>O01,1740.2569959942534,1742.2492830127374,中继兜底,R-S03,True
T005,巡航,S002>O01,1742.2492830127374,1744.2415700312213,中继兜底,R-S03,True
T005,巡航,S002>O01,1744.2415700312213,1746.233857049705,中继兜底,R-S03,True
T005,巡航,S002>O01,1746.233857049705,1748.226144068189,中继兜底,R-S03,True
T005,巡航,S002>O01,1748.226144068189,1750.2184310866728,中继兜底,R-S03,True
T005,巡航,S002>O01,1750.2184310866728,1752.2107181051567,中继兜底,R-S03,True
T005,巡航,S002>O01,1752.2107181051567,1754.2030051236407,中继兜底,R-S03,True
T005,巡航,S002>O01,1754.2030051236407,1756.1952921421246,直连,,True
T005,巡航,S002>O01,1756.1952921421246,1758.1875791606085,直连,,True
T005,巡航,S002>O01,1758.1875791606085,1760.1798661790922,直连,,True
T005,巡航,S002>O01,1760.1798661790922,1762.172153197576,直连,,True
T005,巡航,S002>O01,1762.172153197576,1764.16444021606,直连,,True
T005,巡航,S002>O01,1764.16444021606,1766.156727234544,直连,,True
T005,巡航,S002>O01,1766.156727234544,1768.1490142530279,直连,,True
T005,巡航,S002>O01,1768.1490142530279,1770.1413012715116,直连,,True
T005,巡航,S002>O01,1770.1413012715116,1772.1335882899955,直连,,True
T005,巡航,S002>O01,1772.1335882899955,1774.1258753084794,直连,,True
T005,巡航,S002>O01,1774.1258753084794,1776.1181623269633,直连,,True
T005,巡航,S002>O01,1776.1181623269633,1778.1104493454473,直连,,True
T005,巡航,S002>O01,1778.1104493454473,1780.102736363931,直连,,True
T005,巡航,S002>O01,1780.102736363931,1782.095023382415,直连,,True
T005,巡航,S002>O01,1782.095023382415,1784.0873104008988,直连,,True
T005,巡航,S002>O01,1784.0873104008988,1786.0795974193827,直连,,True
T005,巡航,S002>O01,1786.0795974193827,1788.0718844378666,直连,,True
T005,巡航,S002>O01,1788.0718844378666,1790.0641714563506,直连,,True
T005,巡航,S002>O01,1790.0641714563506,1792.0564584748345,直连,,True
T005,巡航,S002>O01,1792.0564584748345,1794.0487454933182,直连,,True
T005,巡航,S002>O01,1794.0487454933182,1796.041032511802,直连,,True
T005,巡航,S002>O01,1796.041032511802,1798.033319530286,直连,,True
T005,巡航,S002>O01,1798.033319530286,1800.02560654877,直连,,True
T005,巡航,S002>O01,1800.02560654877,1802.0178935672539,直连,,True
T005,巡航,S002>O01,1802.0178935672539,1804.0101805857378,直连,,True
T005,巡航,S002>O01,1804.0101805857378,1806.0024676042217,直连,,True
T005,巡航,S002>O01,1806.0024676042217,1807.9947546227054,直连,,True
T005,巡航,S002>O01,1807.9947546227054,1809.9870416411893,直连,,True
T005,巡航,S002>O01,1809.9870416411893,1811.9793286596732,直连,,True
T005,巡航,S002>O01,1811.9793286596732,1813.9716156781571,直连,,True
T005,巡航,S002>O01,1813.9716156781571,1815.963902696641,直连,,True
T005,巡航,S002>O01,1815.963902696641,1817.9561897151248,直连,,True
T005,巡航,S002>O01,1817.9561897151248,1819.9484767336087,直连,,True
T005,巡航,S002>O01,1819.9484767336087,1821.9407637520926,直连,,True
T005,巡航,S002>O01,1821.9407637520926,1823.9330507705765,直连,,True
T005,巡航,S002>O01,1823.9330507705765,1825.9253377890604,直连,,True
T005,巡航,S002>O01,1825.9253377890604,1827.9176248075441,直连,,True
T005,巡航,S002>O01,1827.9176248075441,1829.909911826028,直连,,True
T005,巡航,S002>O01,1829.909911826028,1831.902198844512,直连,,True
T005,巡航,S002>O01,1831.902198844512,1833.894485862996,直连,,True
T005,巡航,S002>O01,1833.894485862996,1835.8867728814798,直连,,True
T005,巡航,S002>O01,1835.8867728814798,1837.8790598999635,直连,,True
T005,巡航,S002>O01,1837.8790598999635,1839.8713469184477,直连,,True
T005,巡航,S002>O01,1839.8713469184477,1841.8636339369314,直连,,True
T005,巡航,S002>O01,1841.8636339369314,1843.8559209554153,直连,,True
T005,巡航,S002>O01,1843.8559209554153,1845.8482079738992,直连,,True
T005,巡航,S002>O01,1845.8482079738992,1847.8404949923831,直连,,True
T005,巡航,S002>O01,1847.8404949923831,1849.832782010867,直连,,True
T005,巡航,S002>O01,1849.832782010867,1851.8250690293507,直连,,True
T005,巡航,S002>O01,1851.8250690293507,1853.8173560478347,直连,,True
T005,巡航,S002>O01,1853.8173560478347,1855.8096430663186,直连,,True
T005,巡航,S002>O01,1855.8096430663186,1857.8019300848025,直连,,True
T005,巡航,S002>O01,1857.8019300848025,1859.7942171032864,直连,,True
T005,巡航,S002>O01,1859.7942171032864,1861.7865041217701,直连,,True
T005,巡航,S002>O01,1861.7865041217701,1863.7787911402543,直连,,True
T005,巡航,S002>O01,1863.7787911402543,1865.771078158738,直连,,True
T005,巡航,S002>O01,1865.771078158738,1867.7633651772219,直连,,True
T005,巡航,S002>O01,1867.7633651772219,1869.7556521957058,直连,,True
T005,巡航,S002>O01,1869.7556521957058,1871.7479392141897,直连,,True
T005,巡航,S002>O01,1871.7479392141897,1873.7402262326736,直连,,True
T005,巡航,S002>O01,1873.7402262326736,1875.7325132511573,直连,,True
T005,巡航,S002>O01,1875.7325132511573,1877.7248002696413,直连,,True
T005,巡航,S002>O01,1877.7248002696413,1879.7170872881252,直连,,True
T005,巡航,S002>O01,1879.7170872881252,1881.709374306609,直连,,True
T005,巡航,S002>O01,1881.709374306609,1883.701661325093,直连,,True
T005,巡航,S002>O01,1883.701661325093,1885.6939483435767,直连,,True
T005,巡航,S002>O01,1885.6939483435767,1887.6862353620606,直连,,True
T005,巡航,S002>O01,1887.6862353620606,1889.6785223805446,直连,,True
T005,巡航,S002>O01,1889.6785223805446,1891.6708093990285,直连,,True
T005,巡航,S002>O01,1891.6708093990285,1893.6630964175124,直连,,True
T005,巡航,S002>O01,1893.6630964175124,1895.655383435996,直连,,True
T005,巡航,S002>O01,1895.655383435996,1897.6476704544802,直连,,True
T005,巡航,S002>O01,1897.6476704544802,1899.639957472964,直连,,True
T005,巡航,S002>O01,1899.639957472964,1901.6322444914479,直连,,True
T005,巡航,S002>O01,1901.6322444914479,1903.6245315099318,直连,,True
T005,巡航,S002>O01,1903.6245315099318,1905.6168185284157,直连,,True
T005,巡航,S002>O01,1905.6168185284157,1907.6091055468996,直连,,True
T005,巡航,S002>O01,1907.6091055468996,1909.6013925653833,直连,,True
T005,巡航,S002>O01,1909.6013925653833,1911.5936795838672,直连,,True
T005,巡航,S002>O01,1911.5936795838672,1913.5859666023512,直连,,True
T005,巡航,S002>O01,1913.5859666023512,1915.578253620835,直连,,True
T005,巡航,S002>O01,1915.578253620835,1917.570540639319,直连,,True
T005,巡航,S002>O01,1917.570540639319,1919.5628276578027,直连,,True
T005,巡航,S002>O01,1919.5628276578027,1921.5551146762866,直连,,True
T005,巡航,S002>O01,1921.5551146762866,1923.5474016947705,直连,,True
T005,巡航,S002>O01,1923.5474016947705,1925.5396887132545,直连,,True
T005,巡航,S002>O01,1925.5396887132545,1927.5319757317384,直连,,True
T005,巡航,S002>O01,1927.5319757317384,1929.5242627502223,直连,,True
T005,巡航,S002>O01,1929.5242627502223,1931.5165497687062,直连,,True
T005,巡航,S002>O01,1931.5165497687062,1933.50883678719,直连,,True
T005,巡航,S002>O01,1933.50883678719,1935.5011238056738,直连,,True
T005,巡航,S002>O01,1935.5011238056738,1937.4934108241578,直连,,True
T005,巡航,S002>O01,1937.4934108241578,1939.4856978426417,直连,,True
T005,巡航,S002>O01,1939.4856978426417,1941.4779848611256,直连,,True
T005,巡航,S002>O01,1941.4779848611256,1943.4702718796093,直连,,True
T005,巡航,S002>O01,1943.4702718796093,1945.4625588980932,直连,,True
T005,巡航,S002>O01,1945.4625588980932,1947.4548459165771,直连,,True
T005,巡航,S002>O01,1947.4548459165771,1949.447132935061,直连,,True
T005,巡航,S002>O01,1949.447132935061,1951.439419953545,直连,,True
T005,巡航,S002>O01,1951.439419953545,1953.4317069720287,直连,,True
T005,巡航,S002>O01,1953.4317069720287,1955.4239939905128,直连,,True
T005,巡航,S002>O01,1955.4239939905128,1957.4162810089965,直连,,True
T005,巡航,S002>O01,1957.4162810089965,1959.4085680274804,直连,,True
T005,巡航,S002>O01,1959.4085680274804,1961.4008550459644,直连,,True
T005,巡航,S002>O01,1961.4008550459644,1963.3931420644483,直连,,True
T005,巡航,S002>O01,1963.3931420644483,1965.3854290829322,直连,,True
T005,巡航,S002>O01,1965.3854290829322,1967.377716101416,直连,,True
T005,巡航,S002>O01,1967.377716101416,1969.3700031198998,直连,,True
T005,巡航,S002>O01,1969.3700031198998,1971.3622901383837,直连,,True
T005,巡航,S002>O01,1971.3622901383837,1973.3545771568677,直连,,True
T005,巡航,S002>O01,1973.3545771568677,1975.3468641753516,直连,,True
T005,巡航,S002>O01,1975.3468641753516,1977.3391511938353,直连,,True
T005,巡航,S002>O01,1977.3391511938353,1979.3314382123192,直连,,True
T005,巡航,S002>O01,1979.3314382123192,1981.3237252308031,直连,,True
T005,巡航,S002>O01,1981.3237252308031,1983.316012249287,直连,,True
T005,巡航,S002>O01,1983.316012249287,1985.308299267771,直连,,True
T005,巡航,S002>O01,1985.308299267771,1987.3005862862549,直连,,True
T005,巡航,S002>O01,1987.3005862862549,1989.2928733047388,直连,,True
T005,巡航,S002>O01,1989.2928733047388,1991.2851603232225,直连,,True
T005,巡航,S002>O01,1991.2851603232225,1993.2774473417064,直连,,True
T005,巡航,S002>O01,1993.2774473417064,1995.2697343601903,直连,,True
T005,巡航,S002>O01,1995.2697343601903,1997.2620213786743,直连,,True
T005,巡航,S002>O01,1997.2620213786743,1999.2543083971582,直连,,True
T005,巡航,S002>O01,1999.2543083971582,2001.2465954156419,直连,,True
T005,巡航,S002>O01,2001.2465954156419,2003.2388824341258,直连,,True
T005,巡航,S002>O01,2003.2388824341258,2005.2311694526097,直连,,True
T005,巡航,S002>O01,2005.2311694526097,2007.2234564710936,直连,,True
T005,巡航,S002>O01,2007.2234564710936,2009.2157434895776,直连,,True
T005,巡航,S002>O01,2009.2157434895776,2011.2080305080613,直连,,True
T005,巡航,S002>O01,2011.2080305080613,2013.2003175265452,直连,,True
T005,巡航,S002>O01,2013.2003175265452,2015.192604545029,直连,,True
T005,巡航,S002>O01,2015.192604545029,2017.184891563513,直连,,True
T005,下降,S002>O01,2017.184891563513,2030.1316240028266,直连,,True
T005,下降,S002>O01,2030.1316240028266,2043.0783564421401,直连,,True
T005,下降,S002>O01,2043.0783564421401,2056.025088881454,直连,,True
T005,下降,S002>O01,2056.025088881454,2068.9718213207675,直连,,True
T005,下降,S002>O01,2068.9718213207675,2081.918553760081,直连,,True
T005,下降,S002>O01,2081.918553760081,2094.8652861993946,直连,,True
T005,下降,S002>O01,2094.8652861993946,2107.812018638708,直连,,True
T006,爬升,O01>S003,2845.0,2856.5761103515624,直连,,True
T006,爬升,O01>S003,2856.5761103515624,2868.152220703125,直连,,True
T006,爬升,O01>S003,2868.152220703125,2879.7283310546877,直连,,True
T006,爬升,O01>S003,2879.7283310546877,2891.30444140625,直连,,True
T006,爬升,O01>S003,2891.30444140625,2902.8805517578126,直连,,True
T006,爬升,O01>S003,2902.8805517578126,2914.456662109375,直连,,True
T006,爬升,O01>S003,2914.456662109375,2926.0327724609374,直连,,True
T006,爬升,O01>S003,2926.0327724609374,2937.6088828125003,直连,,True
T006,爬升,O01>S003,2937.6088828125003,2949.1849931640627,直连,,True
T006,爬升,O01>S003,2949.1849931640627,2960.761103515625,直连,,True
T006,爬升,O01>S003,2960.761103515625,2972.3372138671875,直连,,True
T006,爬升,O01>S003,2972.3372138671875,2983.91332421875,直连,,True
T006,爬升,O01>S003,2983.91332421875,2995.489434570313,直连,,True
T006,爬升,O01>S003,2995.489434570313,3007.0655449218752,直连,,True
T006,爬升,O01>S003,3007.0655449218752,3018.6416552734377,直连,,True
T006,巡航,O01>S003,3018.6416552734377,3020.6343377746857,直连,,True
T006,巡航,O01>S003,3020.6343377746857,3022.6270202759342,直连,,True
T006,巡航,O01>S003,3022.6270202759342,3024.6197027771823,直连,,True
T006,巡航,O01>S003,3024.6197027771823,3026.6123852784303,直连,,True
T006,巡航,O01>S003,3026.6123852784303,3028.6050677796784,直连,,True
T006,巡航,O01>S003,3028.6050677796784,3030.597750280927,直连,,True
T006,巡航,O01>S003,3030.597750280927,3032.590432782175,直连,,True
T006,巡航,O01>S003,3032.590432782175,3034.583115283423,直连,,True
T006,巡航,O01>S003,3034.583115283423,3036.575797784671,直连,,True
T006,巡航,O01>S003,3036.575797784671,3038.5684802859196,直连,,True
T006,巡航,O01>S003,3038.5684802859196,3040.5611627871676,直连,,True
T006,巡航,O01>S003,3040.5611627871676,3042.5538452884157,直连,,True
T006,巡航,O01>S003,3042.5538452884157,3044.5465277896637,直连,,True
T006,巡航,O01>S003,3044.5465277896637,3046.5392102909123,直连,,True
T006,巡航,O01>S003,3046.5392102909123,3048.5318927921603,直连,,True
T006,巡航,O01>S003,3048.5318927921603,3050.5245752934084,直连,,True
T006,巡航,O01>S003,3050.5245752934084,3052.5172577946564,直连,,True
T006,巡航,O01>S003,3052.5172577946564,3054.509940295905,直连,,True
T006,巡航,O01>S003,3054.509940295905,3056.502622797153,直连,,True
T006,巡航,O01>S003,3056.502622797153,3058.495305298401,直连,,True
T006,巡航,O01>S003,3058.495305298401,3060.487987799649,直连,,True
T006,巡航,O01>S003,3060.487987799649,3062.4806703008976,直连,,True
T006,巡航,O01>S003,3062.4806703008976,3064.4733528021457,直连,,True
T006,巡航,O01>S003,3064.4733528021457,3066.4660353033937,直连,,True
T006,巡航,O01>S003,3066.4660353033937,3068.4587178046418,直连,,True
T006,巡航,O01>S003,3068.4587178046418,3070.4514003058903,直连,,True
T006,巡航,O01>S003,3070.4514003058903,3072.4440828071383,直连,,True
T006,巡航,O01>S003,3072.4440828071383,3074.4367653083864,直连,,True
T006,巡航,O01>S003,3074.4367653083864,3076.429447809635,直连,,True
T006,巡航,O01>S003,3076.429447809635,3078.422130310883,直连,,True
T006,巡航,O01>S003,3078.422130310883,3080.414812812131,直连,,True
T006,巡航,O01>S003,3080.414812812131,3082.407495313379,直连,,True
T006,巡航,O01>S003,3082.407495313379,3084.4001778146276,直连,,True
T006,巡航,O01>S003,3084.4001778146276,3086.3928603158756,直连,,True
T006,巡航,O01>S003,3086.3928603158756,3088.3855428171237,直连,,True
T006,巡航,O01>S003,3088.3855428171237,3090.3782253183717,直连,,True
T006,巡航,O01>S003,3090.3782253183717,3092.3709078196202,直连,,True
T006,巡航,O01>S003,3092.3709078196202,3094.3635903208683,直连,,True
T006,巡航,O01>S003,3094.3635903208683,3096.3562728221164,直连,,True
T006,巡航,O01>S003,3096.3562728221164,3098.3489553233644,直连,,True
T006,巡航,O01>S003,3098.3489553233644,3100.341637824613,直连,,True
T006,巡航,O01>S003,3100.341637824613,3102.334320325861,直连,,True
T006,巡航,O01>S003,3102.334320325861,3104.327002827109,直连,,True
T006,巡航,O01>S003,3104.327002827109,3106.319685328357,直连,,True
T006,巡航,O01>S003,3106.319685328357,3108.3123678296056,直连,,True
T006,巡航,O01>S003,3108.3123678296056,3110.3050503308536,直连,,True
T006,巡航,O01>S003,3110.3050503308536,3112.2977328321017,直连,,True
T006,巡航,O01>S003,3112.2977328321017,3114.2904153333498,直连,,True
T006,巡航,O01>S003,3114.2904153333498,3116.2830978345983,直连,,True
T006,巡航,O01>S003,3116.2830978345983,3118.2757803358463,直连,,True
T006,巡航,O01>S003,3118.2757803358463,3120.2684628370944,直连,,True
T006,巡航,O01>S003,3120.2684628370944,3122.2611453383424,直连,,True
T006,巡航,O01>S003,3122.2611453383424,3124.253827839591,直连,,True
T006,巡航,O01>S003,3124.253827839591,3126.246510340839,直连,,True
T006,巡航,O01>S003,3126.246510340839,3128.239192842087,直连,,True
T006,巡航,O01>S003,3128.239192842087,3130.2318753433356,直连,,True
T006,巡航,O01>S003,3130.2318753433356,3132.2245578445836,直连,,True
T006,巡航,O01>S003,3132.2245578445836,3134.2172403458317,直连,,True
T006,巡航,O01>S003,3134.2172403458317,3136.2099228470797,直连,,True
T006,巡航,O01>S003,3136.2099228470797,3138.2026053483282,直连,,True
T006,巡航,O01>S003,3138.2026053483282,3140.1952878495763,直连,,True
T006,巡航,O01>S003,3140.1952878495763,3142.1879703508243,直连,,True
T006,巡航,O01>S003,3142.1879703508243,3144.1806528520724,直连,,True
T006,巡航,O01>S003,3144.1806528520724,3146.173335353321,直连,,True
T006,巡航,O01>S003,3146.173335353321,3148.166017854569,直连,,True
T006,巡航,O01>S003,3148.166017854569,3150.158700355817,直连,,True
T006,巡航,O01>S003,3150.158700355817,3152.151382857065,直连,,True
T006,巡航,O01>S003,3152.151382857065,3154.1440653583136,直连,,True
T006,巡航,O01>S003,3154.1440653583136,3156.1367478595616,直连,,True
T006,巡航,O01>S003,3156.1367478595616,3158.1294303608097,直连,,True
T006,巡航,O01>S003,3158.1294303608097,3160.1221128620577,直连,,True
T006,巡航,O01>S003,3160.1221128620577,3162.1147953633063,直连,,True
T006,巡航,O01>S003,3162.1147953633063,3164.1074778645543,直连,,True
T006,巡航,O01>S003,3164.1074778645543,3166.1001603658024,直连,,True
T006,巡航,O01>S003,3166.1001603658024,3168.0928428670504,直连,,True
T006,巡航,O01>S003,3168.0928428670504,3170.085525368299,直连,,True
T006,巡航,O01>S003,3170.085525368299,3172.078207869547,直连,,True
T006,巡航,O01>S003,3172.078207869547,3174.070890370795,直连,,True
T006,巡航,O01>S003,3174.070890370795,3176.0635728720436,直连,,True
T006,巡航,O01>S003,3176.0635728720436,3178.0562553732916,直连,,True
T006,巡航,O01>S003,3178.0562553732916,3180.0489378745397,直连,,True
T006,巡航,O01>S003,3180.0489378745397,3182.0416203757877,直连,,True
T006,巡航,O01>S003,3182.0416203757877,3184.0343028770358,直连,,True
T006,巡航,O01>S003,3184.0343028770358,3186.0269853782843,直连,,True
T006,巡航,O01>S003,3186.0269853782843,3188.0196678795323,直连,,True
T006,巡航,O01>S003,3188.0196678795323,3190.0123503807804,直连,,True
T006,巡航,O01>S003,3190.0123503807804,3192.005032882029,直连,,True
T006,巡航,O01>S003,3192.005032882029,3193.997715383277,直连,,True
T006,巡航,O01>S003,3193.997715383277,3195.990397884525,直连,,True
T006,巡航,O01>S003,3195.990397884525,3197.983080385773,直连,,True
T006,巡航,O01>S003,3197.983080385773,3199.9757628870216,直连,,True
T006,巡航,O01>S003,3199.9757628870216,3201.9684453882696,直连,,True
T006,巡航,O01>S003,3201.9684453882696,3203.9611278895177,直连,,True
T006,巡航,O01>S003,3203.9611278895177,3205.9538103907657,直连,,True
T006,巡航,O01>S003,3205.9538103907657,3207.9464928920142,直连,,True
T006,巡航,O01>S003,3207.9464928920142,3209.9391753932623,直连,,True
T006,巡航,O01>S003,3209.9391753932623,3211.9318578945104,直连,,True
T006,巡航,O01>S003,3211.9318578945104,3213.9245403957584,直连,,True
T006,巡航,O01>S003,3213.9245403957584,3215.917222897007,直连,,True
T006,巡航,O01>S003,3215.917222897007,3217.909905398255,直连,,True
T006,巡航,O01>S003,3217.909905398255,3219.902587899503,直连,,True
T006,巡航,O01>S003,3219.902587899503,3221.895270400751,直连,,True
T006,巡航,O01>S003,3221.895270400751,3223.8879529019996,直连,,True
T006,巡航,O01>S003,3223.8879529019996,3225.8806354032477,直连,,True
T006,巡航,O01>S003,3225.8806354032477,3227.8733179044957,直连,,True
T006,巡航,O01>S003,3227.8733179044957,3229.8660004057438,直连,,True
T006,巡航,O01>S003,3229.8660004057438,3231.8586829069923,直连,,True
T006,巡航,O01>S003,3231.8586829069923,3233.8513654082403,直连,,True
T006,巡航,O01>S003,3233.8513654082403,3235.8440479094884,直连,,True
T006,巡航,O01>S003,3235.8440479094884,3237.836730410737,直连,,True
T006,巡航,O01>S003,3237.836730410737,3239.829412911985,直连,,True
T006,巡航,O01>S003,3239.829412911985,3241.822095413233,直连,,True
T006,巡航,O01>S003,3241.822095413233,3243.814777914481,直连,,True
T006,巡航,O01>S003,3243.814777914481,3245.807460415729,直连,,True
T006,巡航,O01>S003,3245.807460415729,3247.8001429169776,直连,,True
T006,巡航,O01>S003,3247.8001429169776,3249.7928254182257,直连,,True
T006,巡航,O01>S003,3249.7928254182257,3251.7855079194737,直连,,True
T006,巡航,O01>S003,3251.7855079194737,3253.7781904207222,直连,,True
T006,巡航,O01>S003,3253.7781904207222,3255.7708729219703,直连,,True
T006,巡航,O01>S003,3255.7708729219703,3257.7635554232183,直连,,True
T006,巡航,O01>S003,3257.7635554232183,3259.7562379244664,直连,,True
T006,巡航,O01>S003,3259.7562379244664,3261.748920425715,直连,,True
T006,巡航,O01>S003,3261.748920425715,3263.741602926963,直连,,True
T006,巡航,O01>S003,3263.741602926963,3265.734285428211,直连,,True
T006,巡航,O01>S003,3265.734285428211,3267.726967929459,直连,,True
T006,巡航,O01>S003,3267.726967929459,3269.7196504307076,直连,,True
T006,巡航,O01>S003,3269.7196504307076,3271.7123329319556,直连,,True
T006,巡航,O01>S003,3271.7123329319556,3273.7050154332037,直连,,True
T006,巡航,O01>S003,3273.7050154332037,3275.6976979344518,直连,,True
T006,巡航,O01>S003,3275.6976979344518,3277.6903804357003,直连,,True
T006,巡航,O01>S003,3277.6903804357003,3279.6830629369483,直连,,True
T006,巡航,O01>S003,3279.6830629369483,3280.6794041875723,直连,,True
T006,巡航,O01>S003,3280.6794041875723,3281.6757454381964,中继兜底,R-S02,True
T006,巡航,O01>S003,3281.6757454381964,3283.6684279394444,中继兜底,R-S02,True
T006,巡航,O01>S003,3283.6684279394444,3285.661110440693,中继兜底,R-S02,True
T006,巡航,O01>S003,3285.661110440693,3287.653792941941,中继兜底,R-S02,True
T006,巡航,O01>S003,3287.653792941941,3289.646475443189,中继兜底,R-S02,True
T006,巡航,O01>S003,3289.646475443189,3291.639157944437,中继兜底,R-S02,True
T006,巡航,O01>S003,3291.639157944437,3293.6318404456856,中继兜底,R-S02,True
T006,巡航,O01>S003,3293.6318404456856,3295.6245229469337,中继兜底,R-S02,True
T006,巡航,O01>S003,3295.6245229469337,3297.6172054481817,中继兜底,R-S02,True
T006,巡航,O01>S003,3297.6172054481817,3299.6098879494302,中继兜底,R-S02,True
T006,巡航,O01>S003,3299.6098879494302,3301.6025704506783,中继兜底,R-S02,True
T006,巡航,O01>S003,3301.6025704506783,3303.5952529519263,中继兜底,R-S02,True
T006,巡航,O01>S003,3303.5952529519263,3305.5879354531744,中继兜底,R-S02,True
T006,巡航,O01>S003,3305.5879354531744,3307.5806179544225,中继兜底,R-S02,True
T006,巡航,O01>S003,3307.5806179544225,3309.573300455671,中继兜底,R-S02,True
T006,巡航,O01>S003,3309.573300455671,3311.565982956919,中继兜底,R-S02,True
T006,巡航,O01>S003,3311.565982956919,3313.558665458167,中继兜底,R-S02,True
T006,巡航,O01>S003,3313.558665458167,3315.5513479594156,中继兜底,R-S02,True
T006,巡航,O01>S003,3315.5513479594156,3317.5440304606636,中继兜底,R-S02,True
T006,巡航,O01>S003,3317.5440304606636,3319.5367129619117,中继兜底,R-S02,True
T006,巡航,O01>S003,3319.5367129619117,3321.5293954631597,中继兜底,R-S02,True
T006,巡航,O01>S003,3321.5293954631597,3323.5220779644083,中继兜底,R-S02,True
T006,巡航,O01>S003,3323.5220779644083,3325.5147604656563,中继兜底,R-S02,True
T006,巡航,O01>S003,3325.5147604656563,3327.5074429669044,中继兜底,R-S02,True
T006,巡航,O01>S003,3327.5074429669044,3329.5001254681524,中继兜底,R-S02,True
T006,巡航,O01>S003,3329.5001254681524,3331.492807969401,中继兜底,R-S02,True
T006,巡航,O01>S003,3331.492807969401,3333.485490470649,中继兜底,R-S02,True
T006,巡航,O01>S003,3333.485490470649,3335.478172971897,中继兜底,R-S02,True
T006,巡航,O01>S003,3335.478172971897,3337.470855473145,中继兜底,R-S02,True
T006,巡航,O01>S003,3337.470855473145,3339.4635379743936,中继兜底,R-S02,True
T006,巡航,O01>S003,3339.4635379743936,3341.4562204756417,中继兜底,R-S02,True
T006,巡航,O01>S003,3341.4562204756417,3343.4489029768897,中继兜底,R-S02,True
T006,巡航,O01>S003,3343.4489029768897,3345.441585478138,中继兜底,R-S02,True
T006,巡航,O01>S003,3345.441585478138,3347.4342679793863,中继兜底,R-S02,True
T006,巡航,O01>S003,3347.4342679793863,3349.4269504806343,中继兜底,R-S02,True
T006,巡航,O01>S003,3349.4269504806343,3351.4196329818824,中继兜底,R-S02,True
T006,巡航,O01>S003,3351.4196329818824,3353.4123154831304,中继兜底,R-S02,True
T006,巡航,O01>S003,3353.4123154831304,3355.404997984379,中继兜底,R-S02,True
T006,巡航,O01>S003,3355.404997984379,3357.397680485627,中继兜底,R-S02,True
T006,巡航,O01>S003,3357.397680485627,3359.390362986875,中继兜底,R-S02,True
T006,巡航,O01>S003,3359.390362986875,3361.3830454881236,中继兜底,R-S02,True
T006,巡航,O01>S003,3361.3830454881236,3363.3757279893716,中继兜底,R-S02,True
T006,巡航,O01>S003,3363.3757279893716,3365.3684104906197,中继兜底,R-S02,True
T006,巡航,O01>S003,3365.3684104906197,3367.3610929918677,中继兜底,R-S02,True
T006,巡航,O01>S003,3367.3610929918677,3369.3537754931162,中继兜底,R-S02,True
T006,巡航,O01>S003,3369.3537754931162,3371.3464579943643,中继兜底,R-S02,True
T006,巡航,O01>S003,3371.3464579943643,3373.3391404956124,中继兜底,R-S02,True
T006,巡航,O01>S003,3373.3391404956124,3375.3318229968604,中继兜底,R-S02,True
T006,巡航,O01>S003,3375.3318229968604,3377.324505498109,中继兜底,R-S02,True
T006,巡航,O01>S003,3377.324505498109,3379.317187999357,中继兜底,R-S02,True
T006,巡航,O01>S003,3379.317187999357,3381.309870500605,中继兜底,R-S02,True
T006,巡航,O01>S003,3381.309870500605,3383.302553001853,中继兜底,R-S02,True
T006,巡航,O01>S003,3383.302553001853,3385.2952355031016,中继兜底,R-S02,True
T006,巡航,O01>S003,3385.2952355031016,3387.2879180043496,中继兜底,R-S02,True
T006,巡航,O01>S003,3387.2879180043496,3389.2806005055977,中继兜底,R-S02,True
T006,巡航,O01>S003,3389.2806005055977,3391.273283006846,中继兜底,R-S02,True
T006,巡航,O01>S003,3391.273283006846,3393.2659655080943,中继兜底,R-S02,True
T006,巡航,O01>S003,3393.2659655080943,3395.2586480093423,中继兜底,R-S02,True
T006,巡航,O01>S003,3395.2586480093423,3397.2513305105904,中继兜底,R-S02,True
T006,巡航,O01>S003,3397.2513305105904,3399.2440130118384,中继兜底,R-S02,True
T006,巡航,O01>S003,3399.2440130118384,3401.236695513087,中继兜底,R-S02,True
T006,巡航,O01>S003,3401.236695513087,3403.229378014335,中继兜底,R-S02,True
T006,巡航,O01>S003,3403.229378014335,3405.222060515583,中继兜底,R-S02,True
T006,巡航,O01>S003,3405.222060515583,3407.2147430168316,中继兜底,R-S02,True
T006,巡航,O01>S003,3407.2147430168316,3409.2074255180796,中继兜底,R-S02,True
T006,巡航,O01>S003,3409.2074255180796,3411.2001080193277,中继兜底,R-S02,True
T006,巡航,O01>S003,3411.2001080193277,3413.1927905205757,中继兜底,R-S02,True
T006,巡航,O01>S003,3413.1927905205757,3415.1854730218242,中继兜底,R-S02,True
T006,巡航,O01>S003,3415.1854730218242,3417.1781555230723,中继兜底,R-S02,True
T006,巡航,O01>S003,3417.1781555230723,3419.1708380243203,中继兜底,R-S02,True
T006,巡航,O01>S003,3419.1708380243203,3421.1635205255684,中继兜底,R-S02,True
T006,巡航,O01>S003,3421.1635205255684,3423.156203026817,中继兜底,R-S02,True
T006,巡航,O01>S003,3423.156203026817,3425.148885528065,中继兜底,R-S02,True
T006,巡航,O01>S003,3425.148885528065,3427.141568029313,中继兜底,R-S02,True
T006,巡航,O01>S003,3427.141568029313,3429.134250530561,中继兜底,R-S02,True
T006,巡航,O01>S003,3429.134250530561,3431.1269330318096,中继兜底,R-S02,True
T006,巡航,O01>S003,3431.1269330318096,3433.1196155330576,中继兜底,R-S02,True
T006,巡航,O01>S003,3433.1196155330576,3435.1122980343057,中继兜底,R-S02,True
T006,巡航,O01>S003,3435.1122980343057,3437.1049805355538,中继兜底,R-S02,True
T006,巡航,O01>S003,3437.1049805355538,3439.0976630368023,中继兜底,R-S02,True
T006,巡航,O01>S003,3439.0976630368023,3441.0903455380503,中继兜底,R-S02,True
T006,巡航,O01>S003,3441.0903455380503,3443.0830280392984,中继兜底,R-S02,True
T006,巡航,O01>S003,3443.0830280392984,3445.0757105405464,中继兜底,R-S02,True
T006,巡航,O01>S003,3445.0757105405464,3447.068393041795,中继兜底,R-S02,True
T006,巡航,O01>S003,3447.068393041795,3449.061075543043,中继兜底,R-S02,True
T006,巡航,O01>S003,3449.061075543043,3451.053758044291,中继兜底,R-S02,True
T006,巡航,O01>S003,3451.053758044291,3453.0464405455396,中继兜底,R-S02,True
T006,巡航,O01>S003,3453.0464405455396,3455.0391230467876,中继兜底,R-S02,True
T006,巡航,O01>S003,3455.0391230467876,3457.0318055480357,中继兜底,R-S02,True
T006,巡航,O01>S003,3457.0318055480357,3459.0244880492837,中继兜底,R-S02,True
T006,巡航,O01>S003,3459.0244880492837,3461.017170550532,中继兜底,R-S02,True
T006,巡航,O01>S003,3461.017170550532,3463.0098530517803,中继兜底,R-S02,True
T006,巡航,O01>S003,3463.0098530517803,3465.0025355530283,中继兜底,R-S02,True
T006,巡航,O01>S003,3465.0025355530283,3466.9952180542764,中继兜底,R-S02,True
T006,巡航,O01>S003,3466.9952180542764,3468.987900555525,中继兜底,R-S02,True
T006,巡航,O01>S003,3468.987900555525,3470.980583056773,中继兜底,R-S02,True
T006,巡航,O01>S003,3470.980583056773,3472.973265558021,中继兜底,R-S02,True
T006,巡航,O01>S003,3472.973265558021,3474.965948059269,中继兜底,R-S02,True
T006,巡航,O01>S003,3474.965948059269,3476.9586305605176,中继兜底,R-S02,True
T006,巡航,O01>S003,3476.9586305605176,3478.9513130617656,中继兜底,R-S02,True
T006,巡航,O01>S003,3478.9513130617656,3480.9439955630137,中继兜底,R-S02,True
T006,巡航,O01>S003,3480.9439955630137,3482.9366780642617,中继兜底,R-S02,True
T006,巡航,O01>S003,3482.9366780642617,3484.9293605655103,中继兜底,R-S02,True
T006,巡航,O01>S003,3484.9293605655103,3486.9220430667583,中继兜底,R-S02,True
T006,巡航,O01>S003,3486.9220430667583,3488.9147255680064,中继兜底,R-S02,True
T006,巡航,O01>S003,3488.9147255680064,3490.9074080692544,中继兜底,R-S02,True
T006,巡航,O01>S003,3490.9074080692544,3492.900090570503,中继兜底,R-S02,True
T006,巡航,O01>S003,3492.900090570503,3494.892773071751,中继兜底,R-S02,True
T006,巡航,O01>S003,3494.892773071751,3496.885455572999,中继兜底,R-S02,True
T006,巡航,O01>S003,3496.885455572999,3498.8781380742475,中继兜底,R-S02,True
T006,巡航,O01>S003,3498.8781380742475,3500.8708205754956,中继兜底,R-S02,True
T006,巡航,O01>S003,3500.8708205754956,3502.8635030767437,中继兜底,R-S02,True
T006,下降,O01>S003,3502.8635030767437,3516.8200117132183,中继兜底,R-S02,True
T006,下降,O01>S003,3516.8200117132183,3530.776520349693,中继兜底,R-S02,True
T006,下降,O01>S003,3530.776520349693,3544.7330289861675,中继兜底,R-S02,True
T006,下降,O01>S003,3544.7330289861675,3558.689537622642,中继兜底,R-S02,True
T006,下降,O01>S003,3558.689537622642,3572.6460462591167,中继兜底,R-S02,True
T006,下降,O01>S003,3572.6460462591167,3586.6025548955913,中继兜底,R-S02,True
T006,下降,O01>S003,3586.6025548955913,3600.559063532066,中继兜底,R-S02,True
T006,下降,O01>S003,3600.559063532066,3614.5155721685405,中继兜底,R-S02,True
T006,投送,S003,3614.5155721685405,3974.5155721685405,中继兜底,R-S02,True
T006,爬升,S003>O01,3974.5155721685405,3985.68077907772,中继兜底,R-S02,True
T006,爬升,S003>O01,3985.68077907772,3996.8459859869,中继兜底,R-S02,True
T006,爬升,S003>O01,3996.8459859869,4008.0111928960796,中继兜底,R-S02,True
T006,爬升,S003>O01,4008.0111928960796,4019.1763998052593,中继兜底,R-S02,True
T006,爬升,S003>O01,4019.1763998052593,4030.341606714439,中继兜底,R-S02,True
T006,爬升,S003>O01,4030.341606714439,4041.5068136236187,中继兜底,R-S02,True
T006,爬升,S003>O01,4041.5068136236187,4052.6720205327983,中继兜底,R-S02,True
T006,爬升,S003>O01,4052.6720205327983,4063.837227441978,中继兜底,R-S02,True
T006,巡航,S003>O01,4063.837227441978,4065.829909943226,中继兜底,R-S02,True
T006,巡航,S003>O01,4065.829909943226,4067.8225924444746,中继兜底,R-S02,True
T006,巡航,S003>O01,4067.8225924444746,4069.8152749457226,中继兜底,R-S02,True
T006,巡航,S003>O01,4069.8152749457226,4071.8079574469707,中继兜底,R-S02,True
T006,巡航,S003>O01,4071.8079574469707,4073.8006399482188,中继兜底,R-S02,True
T006,巡航,S003>O01,4073.8006399482188,4075.7933224494673,中继兜底,R-S02,True
T006,巡航,S003>O01,4075.7933224494673,4077.7860049507153,中继兜底,R-S02,True
T006,巡航,S003>O01,4077.7860049507153,4079.7786874519634,中继兜底,R-S02,True
T006,巡航,S003>O01,4079.7786874519634,4081.7713699532114,中继兜底,R-S02,True
T006,巡航,S003>O01,4081.7713699532114,4083.76405245446,中继兜底,R-S02,True
T006,巡航,S003>O01,4083.76405245446,4085.756734955708,中继兜底,R-S02,True
T006,巡航,S003>O01,4085.756734955708,4087.749417456956,中继兜底,R-S02,True
T006,巡航,S003>O01,4087.749417456956,4089.742099958204,中继兜底,R-S02,True
T006,巡航,S003>O01,4089.742099958204,4091.7347824594526,中继兜底,R-S02,True
T006,巡航,S003>O01,4091.7347824594526,4093.7274649607007,中继兜底,R-S02,True
T006,巡航,S003>O01,4093.7274649607007,4095.7201474619487,中继兜底,R-S02,True
T006,巡航,S003>O01,4095.7201474619487,4097.712829963197,中继兜底,R-S02,True
T006,巡航,S003>O01,4097.712829963197,4099.705512464445,中继兜底,R-S02,True
T006,巡航,S003>O01,4099.705512464445,4101.698194965693,中继兜底,R-S02,True
T006,巡航,S003>O01,4101.698194965693,4103.690877466942,中继兜底,R-S02,True
T006,巡航,S003>O01,4103.690877466942,4105.68355996819,中继兜底,R-S02,True
T006,巡航,S003>O01,4105.68355996819,4107.676242469438,中继兜底,R-S02,True
T006,巡航,S003>O01,4107.676242469438,4109.668924970686,中继兜底,R-S02,True
T006,巡航,S003>O01,4109.668924970686,4111.661607471934,中继兜底,R-S02,True
T006,巡航,S003>O01,4111.661607471934,4113.654289973182,中继兜底,R-S02,True
T006,巡航,S003>O01,4113.654289973182,4115.64697247443,中继兜底,R-S02,True
T006,巡航,S003>O01,4115.64697247443,4117.639654975678,中继兜底,R-S02,True
T006,巡航,S003>O01,4117.639654975678,4119.632337476927,中继兜底,R-S02,True
T006,巡航,S003>O01,4119.632337476927,4121.625019978175,中继兜底,R-S02,True
T006,巡航,S003>O01,4121.625019978175,4123.617702479423,中继兜底,R-S02,True
T006,巡航,S003>O01,4123.617702479423,4125.610384980671,中继兜底,R-S02,True
T006,巡航,S003>O01,4125.610384980671,4127.603067481919,中继兜底,R-S02,True
T006,巡航,S003>O01,4127.603067481919,4129.5957499831675,中继兜底,R-S02,True
T006,巡航,S003>O01,4129.5957499831675,4131.5884324844155,中继兜底,R-S02,True
T006,巡航,S003>O01,4131.5884324844155,4133.581114985664,中继兜底,R-S02,True
T006,巡航,S003>O01,4133.581114985664,4135.573797486913,中继兜底,R-S02,True
T006,巡航,S003>O01,4135.573797486913,4137.566479988161,中继兜底,R-S02,True
T006,巡航,S003>O01,4137.566479988161,4139.559162489409,中继兜底,R-S02,True
T006,巡航,S003>O01,4139.559162489409,4141.551844990657,中继兜底,R-S02,True
T006,巡航,S003>O01,4141.551844990657,4143.544527491905,中继兜底,R-S02,True
T006,巡航,S003>O01,4143.544527491905,4145.537209993153,中继兜底,R-S02,True
T006,巡航,S003>O01,4145.537209993153,4147.529892494401,中继兜底,R-S02,True
T006,巡航,S003>O01,4147.529892494401,4149.522574995649,中继兜底,R-S02,True
T006,巡航,S003>O01,4149.522574995649,4151.515257496898,中继兜底,R-S02,True
T006,巡航,S003>O01,4151.515257496898,4153.507939998146,中继兜底,R-S02,True
T006,巡航,S003>O01,4153.507939998146,4155.500622499394,中继兜底,R-S02,True
T006,巡航,S003>O01,4155.500622499394,4157.493305000642,中继兜底,R-S02,True
T006,巡航,S003>O01,4157.493305000642,4159.48598750189,中继兜底,R-S02,True
T006,巡航,S003>O01,4159.48598750189,4161.478670003138,中继兜底,R-S02,True
T006,巡航,S003>O01,4161.478670003138,4163.471352504386,中继兜底,R-S02,True
T006,巡航,S003>O01,4163.471352504386,4165.464035005634,中继兜底,R-S02,True
T006,巡航,S003>O01,4165.464035005634,4167.456717506883,中继兜底,R-S02,True
T006,巡航,S003>O01,4167.456717506883,4169.449400008131,中继兜底,R-S02,True
T006,巡航,S003>O01,4169.449400008131,4171.442082509379,中继兜底,R-S02,True
T006,巡航,S003>O01,4171.442082509379,4173.434765010627,中继兜底,R-S02,True
T006,巡航,S003>O01,4173.434765010627,4175.4274475118755,中继兜底,R-S02,True
T006,巡航,S003>O01,4175.4274475118755,4177.4201300131235,中继兜底,R-S02,True
T006,巡航,S003>O01,4177.4201300131235,4179.412812514372,中继兜底,R-S02,True
T006,巡航,S003>O01,4179.412812514372,4181.4054950156205,中继兜底,R-S02,True
T006,巡航,S003>O01,4181.4054950156205,4183.398177516869,中继兜底,R-S02,True
T006,巡航,S003>O01,4183.398177516869,4185.390860018117,中继兜底,R-S02,True
T006,巡航,S003>O01,4185.390860018117,4187.383542519365,中继兜底,R-S02,True
T006,巡航,S003>O01,4187.383542519365,4189.376225020613,中继兜底,R-S02,True
T006,巡航,S003>O01,4189.376225020613,4191.368907521861,中继兜底,R-S02,True
T006,巡航,S003>O01,4191.368907521861,4193.361590023109,中继兜底,R-S02,True
T006,巡航,S003>O01,4193.361590023109,4195.354272524357,中继兜底,R-S02,True
T006,巡航,S003>O01,4195.354272524357,4197.346955025606,中继兜底,R-S02,True
T006,巡航,S003>O01,4197.346955025606,4199.339637526854,中继兜底,R-S02,True
T006,巡航,S003>O01,4199.339637526854,4201.332320028102,中继兜底,R-S02,True
T006,巡航,S003>O01,4201.332320028102,4203.32500252935,中继兜底,R-S02,True
T006,巡航,S003>O01,4203.32500252935,4205.317685030598,中继兜底,R-S02,True
T006,巡航,S003>O01,4205.317685030598,4207.310367531846,中继兜底,R-S02,True
T006,巡航,S003>O01,4207.310367531846,4209.303050033094,中继兜底,R-S02,True
T006,巡航,S003>O01,4209.303050033094,4211.295732534342,中继兜底,R-S02,True
T006,巡航,S003>O01,4211.295732534342,4213.288415035591,中继兜底,R-S02,True
T006,巡航,S003>O01,4213.288415035591,4215.281097536839,中继兜底,R-S02,True
T006,巡航,S003>O01,4215.281097536839,4217.273780038087,中继兜底,R-S02,True
T006,巡航,S003>O01,4217.273780038087,4219.266462539335,中继兜底,R-S02,True
T006,巡航,S003>O01,4219.266462539335,4221.2591450405835,中继兜底,R-S02,True
T006,巡航,S003>O01,4221.2591450405835,4223.2518275418315,中继兜底,R-S02,True
T006,巡航,S003>O01,4223.2518275418315,4225.24451004308,中继兜底,R-S02,True
T006,巡航,S003>O01,4225.24451004308,4227.237192544328,中继兜底,R-S02,True
T006,巡航,S003>O01,4227.237192544328,4229.229875045577,中继兜底,R-S02,True
T006,巡航,S003>O01,4229.229875045577,4231.222557546825,中继兜底,R-S02,True
T006,巡航,S003>O01,4231.222557546825,4233.215240048073,中继兜底,R-S02,True
T006,巡航,S003>O01,4233.215240048073,4235.207922549321,中继兜底,R-S02,True
T006,巡航,S003>O01,4235.207922549321,4237.200605050569,中继兜底,R-S02,True
T006,巡航,S003>O01,4237.200605050569,4239.193287551817,中继兜底,R-S02,True
T006,巡航,S003>O01,4239.193287551817,4241.185970053065,中继兜底,R-S02,True
T006,巡航,S003>O01,4241.185970053065,4243.178652554313,中继兜底,R-S02,True
T006,巡航,S003>O01,4243.178652554313,4245.171335055562,中继兜底,R-S02,True
T006,巡航,S003>O01,4245.171335055562,4247.16401755681,中继兜底,R-S02,True
T006,巡航,S003>O01,4247.16401755681,4249.156700058058,中继兜底,R-S02,True
T006,巡航,S003>O01,4249.156700058058,4251.149382559306,中继兜底,R-S02,True
T006,巡航,S003>O01,4251.149382559306,4253.142065060554,中继兜底,R-S02,True
T006,巡航,S003>O01,4253.142065060554,4255.134747561802,中继兜底,R-S02,True
T006,巡航,S003>O01,4255.134747561802,4257.12743006305,中继兜底,R-S02,True
T006,巡航,S003>O01,4257.12743006305,4259.120112564298,中继兜底,R-S02,True
T006,巡航,S003>O01,4259.120112564298,4261.112795065547,中继兜底,R-S02,True
T006,巡航,S003>O01,4261.112795065547,4263.105477566795,中继兜底,R-S02,True
T006,巡航,S003>O01,4263.105477566795,4265.098160068043,中继兜底,R-S02,True
T006,巡航,S003>O01,4265.098160068043,4267.090842569291,中继兜底,R-S02,True
T006,巡航,S003>O01,4267.090842569291,4269.0835250705395,中继兜底,R-S02,True
T006,巡航,S003>O01,4269.0835250705395,4271.076207571788,中继兜底,R-S02,True
T006,巡航,S003>O01,4271.076207571788,4273.068890073036,中继兜底,R-S02,True
T006,巡航,S003>O01,4273.068890073036,4275.061572574285,中继兜底,R-S02,True
T006,巡航,S003>O01,4275.061572574285,4277.054255075533,中继兜底,R-S02,True
T006,巡航,S003>O01,4277.054255075533,4279.046937576781,中继兜底,R-S02,True
T006,巡航,S003>O01,4279.046937576781,4281.039620078029,中继兜底,R-S02,True
T006,巡航,S003>O01,4281.039620078029,4283.032302579277,中继兜底,R-S02,True
T006,巡航,S003>O01,4283.032302579277,4285.024985080525,中继兜底,R-S02,True
T006,巡航,S003>O01,4285.024985080525,4286.021326331149,中继兜底,R-S02,True
T006,巡航,S003>O01,4286.021326331149,4287.017667581773,直连,,True
T006,巡航,S003>O01,4287.017667581773,4289.010350083021,直连,,True
T006,巡航,S003>O01,4289.010350083021,4291.00303258427,直连,,True
T006,巡航,S003>O01,4291.00303258427,4292.995715085518,直连,,True
T006,巡航,S003>O01,4292.995715085518,4294.988397586766,直连,,True
T006,巡航,S003>O01,4294.988397586766,4296.981080088014,直连,,True
T006,巡航,S003>O01,4296.981080088014,4298.973762589262,直连,,True
T006,巡航,S003>O01,4298.973762589262,4300.96644509051,直连,,True
T006,巡航,S003>O01,4300.96644509051,4302.959127591758,直连,,True
T006,巡航,S003>O01,4302.959127591758,4304.951810093006,直连,,True
T006,巡航,S003>O01,4304.951810093006,4306.944492594255,直连,,True
T006,巡航,S003>O01,4306.944492594255,4308.937175095503,直连,,True
T006,巡航,S003>O01,4308.937175095503,4310.929857596751,直连,,True
T006,巡航,S003>O01,4310.929857596751,4312.922540097999,直连,,True
T006,巡航,S003>O01,4312.922540097999,4314.9152225992475,直连,,True
T006,巡航,S003>O01,4314.9152225992475,4316.907905100496,直连,,True
T006,巡航,S003>O01,4316.907905100496,4318.900587601744,直连,,True
T006,巡航,S003>O01,4318.900587601744,4320.893270102992,直连,,True
T006,巡航,S003>O01,4320.893270102992,4322.885952604241,直连,,True
T006,巡航,S003>O01,4322.885952604241,4324.878635105489,直连,,True
T006,巡航,S003>O01,4324.878635105489,4326.871317606737,直连,,True
T006,巡航,S003>O01,4326.871317606737,4328.864000107985,直连,,True
T006,巡航,S003>O01,4328.864000107985,4330.856682609233,直连,,True
T006,巡航,S003>O01,4330.856682609233,4332.849365110481,直连,,True
T006,巡航,S003>O01,4332.849365110481,4334.842047611729,直连,,True
T006,巡航,S003>O01,4334.842047611729,4336.834730112978,直连,,True
T006,巡航,S003>O01,4336.834730112978,4338.827412614226,直连,,True
T006,巡航,S003>O01,4338.827412614226,4340.820095115474,直连,,True
T006,巡航,S003>O01,4340.820095115474,4342.812777616722,直连,,True
T006,巡航,S003>O01,4342.812777616722,4344.80546011797,直连,,True
T006,巡航,S003>O01,4344.80546011797,4346.798142619218,直连,,True
T006,巡航,S003>O01,4346.798142619218,4348.790825120466,直连,,True
T006,巡航,S003>O01,4348.790825120466,4350.783507621714,直连,,True
T006,巡航,S003>O01,4350.783507621714,4352.776190122962,直连,,True
T006,巡航,S003>O01,4352.776190122962,4354.768872624211,直连,,True
T006,巡航,S003>O01,4354.768872624211,4356.761555125459,直连,,True
T006,巡航,S003>O01,4356.761555125459,4358.754237626707,直连,,True
T006,巡航,S003>O01,4358.754237626707,4360.7469201279555,直连,,True
T006,巡航,S003>O01,4360.7469201279555,4362.739602629204,直连,,True
T006,巡航,S003>O01,4362.739602629204,4364.732285130452,直连,,True
T006,巡航,S003>O01,4364.732285130452,4366.7249676317,直连,,True
T006,巡航,S003>O01,4366.7249676317,4368.717650132949,直连,,True
T006,巡航,S003>O01,4368.717650132949,4370.710332634197,直连,,True
T006,巡航,S003>O01,4370.710332634197,4372.703015135445,直连,,True
T006,巡航,S003>O01,4372.703015135445,4374.695697636693,直连,,True
T006,巡航,S003>O01,4374.695697636693,4376.688380137941,直连,,True
T006,巡航,S003>O01,4376.688380137941,4378.681062639189,直连,,True
T006,巡航,S003>O01,4378.681062639189,4380.673745140437,直连,,True
T006,巡航,S003>O01,4380.673745140437,4382.666427641685,直连,,True
T006,巡航,S003>O01,4382.666427641685,4384.659110142933,直连,,True
T006,巡航,S003>O01,4384.659110142933,4386.651792644182,直连,,True
T006,巡航,S003>O01,4386.651792644182,4388.64447514543,直连,,True
T006,巡航,S003>O01,4388.64447514543,4390.637157646678,直连,,True
T006,巡航,S003>O01,4390.637157646678,4392.629840147926,直连,,True
T006,巡航,S003>O01,4392.629840147926,4394.622522649174,直连,,True
T006,巡航,S003>O01,4394.622522649174,4396.615205150422,直连,,True
T006,巡航,S003>O01,4396.615205150422,4398.60788765167,直连,,True
T006,巡航,S003>O01,4398.60788765167,4400.600570152919,直连,,True
T006,巡航,S003>O01,4400.600570152919,4402.593252654167,直连,,True
T006,巡航,S003>O01,4402.593252654167,4404.585935155415,直连,,True
T006,巡航,S003>O01,4404.585935155415,4406.5786176566635,直连,,True
T006,巡航,S003>O01,4406.5786176566635,4408.5713001579115,直连,,True
T006,巡航,S003>O01,4408.5713001579115,4410.56398265916,直连,,True
T006,巡航,S003>O01,4410.56398265916,4412.556665160408,直连,,True
T006,巡航,S003>O01,4412.556665160408,4414.549347661656,直连,,True
T006,巡航,S003>O01,4414.549347661656,4416.542030162905,直连,,True
T006,巡航,S003>O01,4416.542030162905,4418.534712664153,直连,,True
T006,巡航,S003>O01,4418.534712664153,4420.527395165401,直连,,True
T006,巡航,S003>O01,4420.527395165401,4422.520077666649,直连,,True
T006,巡航,S003>O01,4422.520077666649,4424.512760167897,直连,,True
T006,巡航,S003>O01,4424.512760167897,4426.505442669145,直连,,True
T006,巡航,S003>O01,4426.505442669145,4428.498125170393,直连,,True
T006,巡航,S003>O01,4428.498125170393,4430.490807671642,直连,,True
T006,巡航,S003>O01,4430.490807671642,4432.48349017289,直连,,True
T006,巡航,S003>O01,4432.48349017289,4434.476172674138,直连,,True
T006,巡航,S003>O01,4434.476172674138,4436.468855175386,直连,,True
T006,巡航,S003>O01,4436.468855175386,4438.461537676634,直连,,True
T006,巡航,S003>O01,4438.461537676634,4440.454220177882,直连,,True
T006,巡航,S003>O01,4440.454220177882,4442.44690267913,直连,,True
T006,巡航,S003>O01,4442.44690267913,4444.439585180378,直连,,True
T006,巡航,S003>O01,4444.439585180378,4446.432267681626,直连,,True
T006,巡航,S003>O01,4446.432267681626,4448.424950182875,直连,,True
T006,巡航,S003>O01,4448.424950182875,4450.417632684123,直连,,True
T006,巡航,S003>O01,4450.417632684123,4452.4103151853715,直连,,True
T006,巡航,S003>O01,4452.4103151853715,4454.4029976866195,直连,,True
T006,巡航,S003>O01,4454.4029976866195,4456.395680187868,直连,,True
T006,巡航,S003>O01,4456.395680187868,4458.388362689116,直连,,True
T006,巡航,S003>O01,4458.388362689116,4460.381045190364,直连,,True
T006,巡航,S003>O01,4460.381045190364,4462.373727691613,直连,,True
T006,巡航,S003>O01,4462.373727691613,4464.366410192861,直连,,True
T006,巡航,S003>O01,4464.366410192861,4466.359092694109,直连,,True
T006,巡航,S003>O01,4466.359092694109,4468.351775195357,直连,,True
T006,巡航,S003>O01,4468.351775195357,4470.344457696605,直连,,True
T006,巡航,S003>O01,4470.344457696605,4472.337140197853,直连,,True
T006,巡航,S003>O01,4472.337140197853,4474.329822699101,直连,,True
T006,巡航,S003>O01,4474.329822699101,4476.322505200349,直连,,True
T006,巡航,S003>O01,4476.322505200349,4478.315187701597,直连,,True
T006,巡航,S003>O01,4478.315187701597,4480.307870202846,直连,,True
T006,巡航,S003>O01,4480.307870202846,4482.300552704094,直连,,True
T006,巡航,S003>O01,4482.300552704094,4484.293235205342,直连,,True
T006,巡航,S003>O01,4484.293235205342,4486.28591770659,直连,,True
T006,巡航,S003>O01,4486.28591770659,4488.278600207838,直连,,True
T006,巡航,S003>O01,4488.278600207838,4490.271282709086,直连,,True
T006,巡航,S003>O01,4490.271282709086,4492.263965210334,直连,,True
T006,巡航,S003>O01,4492.263965210334,4494.256647711583,直连,,True
T006,巡航,S003>O01,4494.256647711583,4496.249330212831,直连,,True
T006,巡航,S003>O01,4496.249330212831,4498.2420127140795,直连,,True
T006,巡航,S003>O01,4498.2420127140795,4500.2346952153275,直连,,True
T006,巡航,S003>O01,4500.2346952153275,4502.227377716576,直连,,True
T006,巡航,S003>O01,4502.227377716576,4504.220060217824,直连,,True
T006,巡航,S003>O01,4504.220060217824,4506.212742719072,直连,,True
T006,巡航,S003>O01,4506.212742719072,4508.20542522032,直连,,True
T006,巡航,S003>O01,4508.20542522032,4510.198107721569,直连,,True
T006,巡航,S003>O01,4510.198107721569,4512.190790222817,直连,,True
T006,巡航,S003>O01,4512.190790222817,4514.183472724065,直连,,True
T006,巡航,S003>O01,4514.183472724065,4516.176155225313,直连,,True
T006,巡航,S003>O01,4516.176155225313,4518.168837726561,直连,,True
T006,巡航,S003>O01,4518.168837726561,4520.161520227809,直连,,True
T006,巡航,S003>O01,4520.161520227809,4522.154202729057,直连,,True
T006,巡航,S003>O01,4522.154202729057,4524.146885230306,直连,,True
T006,巡航,S003>O01,4524.146885230306,4526.139567731554,直连,,True
T006,巡航,S003>O01,4526.139567731554,4528.132250232802,直连,,True
T006,巡航,S003>O01,4528.132250232802,4530.12493273405,直连,,True
T006,巡航,S003>O01,4530.12493273405,4532.117615235298,直连,,True
T006,巡航,S003>O01,4532.117615235298,4534.110297736546,直连,,True
T006,巡航,S003>O01,4534.110297736546,4536.102980237794,直连,,True
T006,巡航,S003>O01,4536.102980237794,4538.095662739042,直连,,True
T006,巡航,S003>O01,4538.095662739042,4540.08834524029,直连,,True
T006,巡航,S003>O01,4540.08834524029,4542.081027741539,直连,,True
T006,巡航,S003>O01,4542.081027741539,4544.0737102427875,直连,,True
T006,巡航,S003>O01,4544.0737102427875,4546.0663927440355,直连,,True
T006,巡航,S003>O01,4546.0663927440355,4548.059075245284,直连,,True
T006,下降,S003>O01,4548.059075245284,4562.529213184736,直连,,True
T006,下降,S003>O01,4562.529213184736,4576.99935112419,直连,,True
T006,下降,S003>O01,4576.99935112419,4591.469489063643,直连,,True
T006,下降,S003>O01,4591.469489063643,4605.939627003096,直连,,True
T006,下降,S003>O01,4605.939627003096,4620.409764942549,直连,,True
T006,下降,S003>O01,4620.409764942549,4634.879902882002,直连,,True
T006,下降,S003>O01,4634.879902882002,4649.350040821455,直连,,True
T006,下降,S003>O01,4649.350040821455,4663.820178760909,直连,,True
T006,下降,S003>O01,4663.820178760909,4678.2903167003615,直连,,True
T006,下降,S003>O01,4678.2903167003615,4692.760454639814,直连,,True
T006,下降,S003>O01,4692.760454639814,4707.230592579268,直连,,True
T006,下降,S003>O01,4707.230592579268,4721.700730518721,直连,,True
T006,下降,S003>O01,4721.700730518721,4736.170868458174,直连,,True
T006,下降,S003>O01,4736.170868458174,4750.641006397627,直连,,True
T006,下降,S003>O01,4750.641006397627,4765.11114433708,直连,,True
T007,爬升,O01>S003,4173.0,4182.6467586263025,直连,,True
T007,爬升,O01>S003,4182.6467586263025,4192.293517252604,直连,,True
T007,爬升,O01>S003,4192.293517252604,4201.9402758789065,直连,,True
T007,爬升,O01>S003,4201.9402758789065,4211.587034505208,直连,,True
T007,爬升,O01>S003,4211.587034505208,4221.2337931315105,直连,,True
T007,爬升,O01>S003,4221.2337931315105,4230.880551757813,直连,,True
T007,爬升,O01>S003,4230.880551757813,4240.527310384115,直连,,True
T007,爬升,O01>S003,4240.527310384115,4250.174069010417,直连,,True
T007,爬升,O01>S003,4250.174069010417,4259.820827636719,直连,,True
T007,爬升,O01>S003,4259.820827636719,4269.467586263021,直连,,True
T007,爬升,O01>S003,4269.467586263021,4279.114344889324,直连,,True
T007,爬升,O01>S003,4279.114344889324,4288.761103515625,直连,,True
T007,爬升,O01>S003,4288.761103515625,4298.407862141928,直连,,True
T007,爬升,O01>S003,4298.407862141928,4308.054620768229,直连,,True
T007,爬升,O01>S003,4308.054620768229,4317.701379394532,直连,,True
T007,巡航,O01>S003,4317.701379394532,4319.69406189578,直连,,True
T007,巡航,O01>S003,4319.69406189578,4321.686744397028,直连,,True
T007,巡航,O01>S003,4321.686744397028,4323.679426898276,直连,,True
T007,巡航,O01>S003,4323.679426898276,4325.672109399525,直连,,True
T007,巡航,O01>S003,4325.672109399525,4327.664791900773,直连,,True
T007,巡航,O01>S003,4327.664791900773,4329.657474402021,直连,,True
T007,巡航,O01>S003,4329.657474402021,4331.650156903269,直连,,True
T007,巡航,O01>S003,4331.650156903269,4333.642839404517,直连,,True
T007,巡航,O01>S003,4333.642839404517,4335.635521905765,直连,,True
T007,巡航,O01>S003,4335.635521905765,4337.628204407013,直连,,True
T007,巡航,O01>S003,4337.628204407013,4339.620886908261,直连,,True
T007,巡航,O01>S003,4339.620886908261,4341.61356940951,直连,,True
T007,巡航,O01>S003,4341.61356940951,4343.606251910758,直连,,True
T007,巡航,O01>S003,4343.606251910758,4345.598934412006,直连,,True
T007,巡航,O01>S003,4345.598934412006,4347.591616913254,直连,,True
T007,巡航,O01>S003,4347.591616913254,4349.584299414502,直连,,True
T007,巡航,O01>S003,4349.584299414502,4351.57698191575,直连,,True
T007,巡航,O01>S003,4351.57698191575,4353.569664416998,直连,,True
T007,巡航,O01>S003,4353.569664416998,4355.5623469182465,直连,,True
T007,巡航,O01>S003,4355.5623469182465,4357.555029419495,直连,,True
T007,巡航,O01>S003,4357.555029419495,4359.5477119207435,直连,,True
T007,巡航,O01>S003,4359.5477119207435,4361.540394421992,直连,,True
T007,巡航,O01>S003,4361.540394421992,4363.53307692324,直连,,True
T007,巡航,O01>S003,4363.53307692324,4365.525759424488,直连,,True
T007,巡航,O01>S003,4365.525759424488,4367.518441925736,直连,,True
T007,巡航,O01>S003,4367.518441925736,4369.511124426984,直连,,True
T007,巡航,O01>S003,4369.511124426984,4371.503806928232,直连,,True
T007,巡航,O01>S003,4371.503806928232,4373.496489429481,直连,,True
T007,巡航,O01>S003,4373.496489429481,4375.489171930729,直连,,True
T007,巡航,O01>S003,4375.489171930729,4377.481854431977,直连,,True
T007,巡航,O01>S003,4377.481854431977,4379.474536933225,直连,,True
T007,巡航,O01>S003,4379.474536933225,4381.467219434473,直连,,True
T007,巡航,O01>S003,4381.467219434473,4383.459901935721,直连,,True
T007,巡航,O01>S003,4383.459901935721,4385.452584436969,直连,,True
T007,巡航,O01>S003,4385.452584436969,4387.445266938217,直连,,True
T007,巡航,O01>S003,4387.445266938217,4389.437949439466,直连,,True
T007,巡航,O01>S003,4389.437949439466,4391.430631940714,直连,,True
T007,巡航,O01>S003,4391.430631940714,4393.423314441962,直连,,True
T007,巡航,O01>S003,4393.423314441962,4395.41599694321,直连,,True
T007,巡航,O01>S003,4395.41599694321,4397.408679444458,直连,,True
T007,巡航,O01>S003,4397.408679444458,4399.401361945706,直连,,True
T007,巡航,O01>S003,4399.401361945706,4401.3940444469545,直连,,True
T007,巡航,O01>S003,4401.3940444469545,4403.3867269482025,直连,,True
T007,巡航,O01>S003,4403.3867269482025,4405.3794094494515,直连,,True
T007,巡航,O01>S003,4405.3794094494515,4407.3720919506995,直连,,True
T007,巡航,O01>S003,4407.3720919506995,4409.364774451948,直连,,True
T007,巡航,O01>S003,4409.364774451948,4411.357456953196,直连,,True
T007,巡航,O01>S003,4411.357456953196,4413.350139454444,直连,,True
T007,巡航,O01>S003,4413.350139454444,4415.342821955692,直连,,True
T007,巡航,O01>S003,4415.342821955692,4417.33550445694,直连,,True
T007,巡航,O01>S003,4417.33550445694,4419.328186958188,直连,,True
T007,巡航,O01>S003,4419.328186958188,4421.320869459437,直连,,True
T007,巡航,O01>S003,4421.320869459437,4423.313551960685,直连,,True
T007,巡航,O01>S003,4423.313551960685,4425.306234461933,直连,,True
T007,巡航,O01>S003,4425.306234461933,4427.298916963181,直连,,True
T007,巡航,O01>S003,4427.298916963181,4429.291599464429,直连,,True
T007,巡航,O01>S003,4429.291599464429,4431.284281965677,直连,,True
T007,巡航,O01>S003,4431.284281965677,4433.276964466925,直连,,True
T007,巡航,O01>S003,4433.276964466925,4435.269646968174,直连,,True
T007,巡航,O01>S003,4435.269646968174,4437.262329469422,直连,,True
T007,巡航,O01>S003,4437.262329469422,4439.25501197067,直连,,True
T007,巡航,O01>S003,4439.25501197067,4441.247694471918,直连,,True
T007,巡航,O01>S003,4441.247694471918,4443.240376973166,直连,,True
T007,巡航,O01>S003,4443.240376973166,4445.233059474414,直连,,True
T007,巡航,O01>S003,4445.233059474414,4447.2257419756625,直连,,True
T007,巡航,O01>S003,4447.2257419756625,4449.2184244769105,直连,,True
T007,巡航,O01>S003,4449.2184244769105,4451.2111069781595,直连,,True
T007,巡航,O01>S003,4451.2111069781595,4453.2037894794075,直连,,True
T007,巡航,O01>S003,4453.2037894794075,4455.196471980656,直连,,True
T007,巡航,O01>S003,4455.196471980656,4457.189154481904,直连,,True
T007,巡航,O01>S003,4457.189154481904,4459.181836983152,直连,,True
T007,巡航,O01>S003,4459.181836983152,4461.1745194844,直连,,True
T007,巡航,O01>S003,4461.1745194844,4463.167201985648,直连,,True
T007,巡航,O01>S003,4463.167201985648,4465.159884486896,直连,,True
T007,巡航,O01>S003,4465.159884486896,4467.152566988145,直连,,True
T007,巡航,O01>S003,4467.152566988145,4469.145249489393,直连,,True
T007,巡航,O01>S003,4469.145249489393,4471.137931990641,直连,,True
T007,巡航,O01>S003,4471.137931990641,4473.130614491889,直连,,True
T007,巡航,O01>S003,4473.130614491889,4475.123296993137,直连,,True
T007,巡航,O01>S003,4475.123296993137,4477.115979494385,直连,,True
T007,巡航,O01>S003,4477.115979494385,4479.108661995633,直连,,True
T007,巡航,O01>S003,4479.108661995633,4481.101344496881,直连,,True
T007,巡航,O01>S003,4481.101344496881,4483.09402699813,直连,,True
T007,巡航,O01>S003,4483.09402699813,4485.086709499378,直连,,True
T007,巡航,O01>S003,4485.086709499378,4487.079392000626,直连,,True
T007,巡航,O01>S003,4487.079392000626,4489.072074501874,直连,,True
T007,巡航,O01>S003,4489.072074501874,4491.064757003122,直连,,True
T007,巡航,O01>S003,4491.064757003122,4493.05743950437,直连,,True
T007,巡航,O01>S003,4493.05743950437,4495.0501220056185,直连,,True
T007,巡航,O01>S003,4495.0501220056185,4497.042804506867,直连,,True
T007,巡航,O01>S003,4497.042804506867,4499.0354870081155,直连,,True
T007,巡航,O01>S003,4499.0354870081155,4501.028169509364,直连,,True
T007,巡航,O01>S003,4501.028169509364,4503.020852010612,直连,,True
T007,巡航,O01>S003,4503.020852010612,4505.01353451186,直连,,True
T007,巡航,O01>S003,4505.01353451186,4507.006217013108,直连,,True
T007,巡航,O01>S003,4507.006217013108,4508.998899514356,直连,,True
T007,巡航,O01>S003,4508.998899514356,4510.991582015604,直连,,True
T007,巡航,O01>S003,4510.991582015604,4512.984264516852,直连,,True
T007,巡航,O01>S003,4512.984264516852,4514.976947018101,直连,,True
T007,巡航,O01>S003,4514.976947018101,4516.969629519349,直连,,True
T007,巡航,O01>S003,4516.969629519349,4518.962312020597,直连,,True
T007,巡航,O01>S003,4518.962312020597,4520.954994521845,直连,,True
T007,巡航,O01>S003,4520.954994521845,4522.947677023093,直连,,True
T007,巡航,O01>S003,4522.947677023093,4524.940359524341,直连,,True
T007,巡航,O01>S003,4524.940359524341,4526.933042025589,直连,,True
T007,巡航,O01>S003,4526.933042025589,4528.925724526838,直连,,True
T007,巡航,O01>S003,4528.925724526838,4530.918407028086,直连,,True
T007,巡航,O01>S003,4530.918407028086,4532.911089529334,直连,,True
T007,巡航,O01>S003,4532.911089529334,4534.903772030582,直连,,True
T007,巡航,O01>S003,4534.903772030582,4536.89645453183,直连,,True
T007,巡航,O01>S003,4536.89645453183,4538.889137033078,直连,,True
T007,巡航,O01>S003,4538.889137033078,4540.8818195343265,直连,,True
T007,巡航,O01>S003,4540.8818195343265,4542.874502035575,直连,,True
T007,巡航,O01>S003,4542.874502035575,4544.8671845368235,直连,,True
T007,巡航,O01>S003,4544.8671845368235,4546.859867038072,直连,,True
T007,巡航,O01>S003,4546.859867038072,4548.85254953932,直连,,True
T007,巡航,O01>S003,4548.85254953932,4550.845232040568,直连,,True
T007,巡航,O01>S003,4550.845232040568,4552.837914541816,直连,,True
T007,巡航,O01>S003,4552.837914541816,4554.830597043064,直连,,True
T007,巡航,O01>S003,4554.830597043064,4556.823279544312,直连,,True
T007,巡航,O01>S003,4556.823279544312,4558.81596204556,直连,,True
T007,巡航,O01>S003,4558.81596204556,4560.808644546809,直连,,True
T007,巡航,O01>S003,4560.808644546809,4562.801327048057,直连,,True
T007,巡航,O01>S003,4562.801327048057,4564.794009549305,直连,,True
T007,巡航,O01>S003,4564.794009549305,4566.786692050553,直连,,True
T007,巡航,O01>S003,4566.786692050553,4568.779374551801,直连,,True
T007,巡航,O01>S003,4568.779374551801,4570.772057053049,直连,,True
T007,巡航,O01>S003,4570.772057053049,4572.764739554297,直连,,True
T007,巡航,O01>S003,4572.764739554297,4574.757422055545,直连,,True
T007,巡航,O01>S003,4574.757422055545,4576.750104556794,直连,,True
T007,巡航,O01>S003,4576.750104556794,4578.742787058042,直连,,True
T007,巡航,O01>S003,4578.742787058042,4579.739128308666,直连,,True
T007,巡航,O01>S003,4579.739128308666,4580.73546955929,中继兜底,R-S02,True
T007,巡航,O01>S003,4580.73546955929,4582.728152060538,中继兜底,R-S02,True
T007,巡航,O01>S003,4582.728152060538,4584.720834561786,中继兜底,R-S02,True
T007,巡航,O01>S003,4584.720834561786,4586.7135170630345,中继兜底,R-S02,True
T007,巡航,O01>S003,4586.7135170630345,4588.7061995642825,中继兜底,R-S02,True
T007,巡航,O01>S003,4588.7061995642825,4590.6988820655315,中继兜底,R-S02,True
T007,巡航,O01>S003,4590.6988820655315,4592.69156456678,中继兜底,R-S02,True
T007,巡航,O01>S003,4592.69156456678,4594.684247068028,中继兜底,R-S02,True
T007,巡航,O01>S003,4594.684247068028,4596.676929569276,中继兜底,R-S02,True
T007,巡航,O01>S003,4596.676929569276,4598.669612070524,中继兜底,R-S02,True
T007,巡航,O01>S003,4598.669612070524,4600.662294571772,中继兜底,R-S02,True
T007,巡航,O01>S003,4600.662294571772,4602.65497707302,中继兜底,R-S02,True
T007,巡航,O01>S003,4602.65497707302,4604.647659574268,中继兜底,R-S02,True
T007,巡航,O01>S003,4604.647659574268,4606.640342075516,中继兜底,R-S02,True
T007,巡航,O01>S003,4606.640342075516,4608.633024576765,中继兜底,R-S02,True
T007,巡航,O01>S003,4608.633024576765,4610.625707078013,中继兜底,R-S02,True
T007,巡航,O01>S003,4610.625707078013,4612.618389579261,中继兜底,R-S02,True
T007,巡航,O01>S003,4612.618389579261,4614.611072080509,中继兜底,R-S02,True
T007,巡航,O01>S003,4614.611072080509,4616.603754581757,中继兜底,R-S02,True
T007,巡航,O01>S003,4616.603754581757,4618.596437083005,中继兜底,R-S02,True
T007,巡航,O01>S003,4618.596437083005,4620.589119584253,中继兜底,R-S02,True
T007,巡航,O01>S003,4620.589119584253,4622.581802085502,中继兜底,R-S02,True
T007,巡航,O01>S003,4622.581802085502,4624.57448458675,中继兜底,R-S02,True
T007,巡航,O01>S003,4624.57448458675,4626.567167087998,中继兜底,R-S02,True
T007,巡航,O01>S003,4626.567167087998,4628.559849589246,中继兜底,R-S02,True
T007,巡航,O01>S003,4628.559849589246,4630.552532090494,中继兜底,R-S02,True
T007,巡航,O01>S003,4630.552532090494,4632.5452145917425,中继兜底,R-S02,True
T007,巡航,O01>S003,4632.5452145917425,4634.5378970929905,中继兜底,R-S02,True
T007,巡航,O01>S003,4634.5378970929905,4636.530579594239,中继兜底,R-S02,True
T007,巡航,O01>S003,4636.530579594239,4638.523262095487,中继兜底,R-S02,True
T007,巡航,O01>S003,4638.523262095487,4640.515944596736,中继兜底,R-S02,True
T007,巡航,O01>S003,4640.515944596736,4642.508627097984,中继兜底,R-S02,True
T007,巡航,O01>S003,4642.508627097984,4644.501309599232,中继兜底,R-S02,True
T007,巡航,O01>S003,4644.501309599232,4646.49399210048,中继兜底,R-S02,True
T007,巡航,O01>S003,4646.49399210048,4648.486674601728,中继兜底,R-S02,True
T007,巡航,O01>S003,4648.486674601728,4650.479357102976,中继兜底,R-S02,True
T007,巡航,O01>S003,4650.479357102976,4652.472039604224,中继兜底,R-S02,True
T007,巡航,O01>S003,4652.472039604224,4654.464722105473,中继兜底,R-S02,True
T007,巡航,O01>S003,4654.464722105473,4656.457404606721,中继兜底,R-S02,True
T007,巡航,O01>S003,4656.457404606721,4658.450087107969,中继兜底,R-S02,True
T007,巡航,O01>S003,4658.450087107969,4660.442769609217,中继兜底,R-S02,True
T007,巡航,O01>S003,4660.442769609217,4662.435452110465,中继兜底,R-S02,True
T007,巡航,O01>S003,4662.435452110465,4664.428134611713,中继兜底,R-S02,True
T007,巡航,O01>S003,4664.428134611713,4666.420817112961,中继兜底,R-S02,True
T007,巡航,O01>S003,4666.420817112961,4668.413499614209,中继兜底,R-S02,True
T007,巡航,O01>S003,4668.413499614209,4670.406182115458,中继兜底,R-S02,True
T007,巡航,O01>S003,4670.406182115458,4672.398864616706,中继兜底,R-S02,True
T007,巡航,O01>S003,4672.398864616706,4674.391547117954,中继兜底,R-S02,True
T007,巡航,O01>S003,4674.391547117954,4676.384229619202,中继兜底,R-S02,True
T007,巡航,O01>S003,4676.384229619202,4678.3769121204505,中继兜底,R-S02,True
T007,巡航,O01>S003,4678.3769121204505,4680.3695946216985,中继兜底,R-S02,True
T007,巡航,O01>S003,4680.3695946216985,4682.362277122947,中继兜底,R-S02,True
T007,巡航,O01>S003,4682.362277122947,4684.3549596241955,中继兜底,R-S02,True
T007,巡航,O01>S003,4684.3549596241955,4686.347642125444,中继兜底,R-S02,True
T007,巡航,O01>S003,4686.347642125444,4688.340324626692,中继兜底,R-S02,True
T007,巡航,O01>S003,4688.340324626692,4690.33300712794,中继兜底,R-S02,True
T007,巡航,O01>S003,4690.33300712794,4692.325689629188,中继兜底,R-S02,True
T007,巡航,O01>S003,4692.325689629188,4694.318372130436,中继兜底,R-S02,True
T007,巡航,O01>S003,4694.318372130436,4696.311054631684,中继兜底,R-S02,True
T007,巡航,O01>S003,4696.311054631684,4698.303737132932,中继兜底,R-S02,True
T007,巡航,O01>S003,4698.303737132932,4700.29641963418,中继兜底,R-S02,True
T007,巡航,O01>S003,4700.29641963418,4702.289102135429,中继兜底,R-S02,True
T007,巡航,O01>S003,4702.289102135429,4704.281784636677,中继兜底,R-S02,True
T007,巡航,O01>S003,4704.281784636677,4706.274467137925,中继兜底,R-S02,True
T007,巡航,O01>S003,4706.274467137925,4708.267149639173,中继兜底,R-S02,True
T007,巡航,O01>S003,4708.267149639173,4710.259832140421,中继兜底,R-S02,True
T007,巡航,O01>S003,4710.259832140421,4712.252514641669,中继兜底,R-S02,True
T007,巡航,O01>S003,4712.252514641669,4714.245197142917,中继兜底,R-S02,True
T007,巡航,O01>S003,4714.245197142917,4716.237879644166,中继兜底,R-S02,True
T007,巡航,O01>S003,4716.237879644166,4718.230562145414,中继兜底,R-S02,True
T007,巡航,O01>S003,4718.230562145414,4720.223244646662,中继兜底,R-S02,True
T007,巡航,O01>S003,4720.223244646662,4722.21592714791,中继兜底,R-S02,True
T007,巡航,O01>S003,4722.21592714791,4724.2086096491585,中继兜底,R-S02,True
T007,巡航,O01>S003,4724.2086096491585,4726.2012921504065,中继兜底,R-S02,True
T007,巡航,O01>S003,4726.2012921504065,4728.193974651655,中继兜底,R-S02,True
T007,巡航,O01>S003,4728.193974651655,4730.186657152903,中继兜底,R-S02,True
T007,巡航,O01>S003,4730.186657152903,4732.179339654151,中继兜底,R-S02,True
T007,巡航,O01>S003,4732.179339654151,4734.1720221554,中继兜底,R-S02,True
T007,巡航,O01>S003,4734.1720221554,4736.164704656648,中继兜底,R-S02,True
T007,巡航,O01>S003,4736.164704656648,4738.157387157896,中继兜底,R-S02,True
T007,巡航,O01>S003,4738.157387157896,4740.150069659144,中继兜底,R-S02,True
T007,巡航,O01>S003,4740.150069659144,4742.142752160392,中继兜底,R-S02,True
T007,巡航,O01>S003,4742.142752160392,4744.13543466164,中继兜底,R-S02,True
T007,巡航,O01>S003,4744.13543466164,4746.128117162888,中继兜底,R-S02,True
T007,巡航,O01>S003,4746.128117162888,4748.120799664137,中继兜底,R-S02,True
T007,巡航,O01>S003,4748.120799664137,4750.113482165385,中继兜底,R-S02,True
T007,巡航,O01>S003,4750.113482165385,4752.106164666633,中继兜底,R-S02,True
T007,巡航,O01>S003,4752.106164666633,4754.098847167881,中继兜底,R-S02,True
T007,巡航,O01>S003,4754.098847167881,4756.091529669129,中继兜底,R-S02,True
T007,巡航,O01>S003,4756.091529669129,4758.084212170377,中继兜底,R-S02,True
T007,巡航,O01>S003,4758.084212170377,4760.076894671625,中继兜底,R-S02,True
T007,巡航,O01>S003,4760.076894671625,4762.069577172873,中继兜底,R-S02,True
T007,巡航,O01>S003,4762.069577172873,4764.062259674122,中继兜底,R-S02,True
T007,巡航,O01>S003,4764.062259674122,4766.05494217537,中继兜底,R-S02,True
T007,巡航,O01>S003,4766.05494217537,4768.047624676618,中继兜底,R-S02,True
T007,巡航,O01>S003,4768.047624676618,4770.040307177866,中继兜底,R-S02,True
T007,巡航,O01>S003,4770.040307177866,4772.0329896791145,中继兜底,R-S02,True
T007,巡航,O01>S003,4772.0329896791145,4774.025672180363,中继兜底,R-S02,True
T007,巡航,O01>S003,4774.025672180363,4776.018354681611,中继兜底,R-S02,True
T007,巡航,O01>S003,4776.018354681611,4778.01103718286,中继兜底,R-S02,True
T007,巡航,O01>S003,4778.01103718286,4780.003719684108,中继兜底,R-S02,True
T007,巡航,O01>S003,4780.003719684108,4781.996402185356,中继兜底,R-S02,True
T007,巡航,O01>S003,4781.996402185356,4783.989084686604,中继兜底,R-S02,True
T007,巡航,O01>S003,4783.989084686604,4785.981767187852,中继兜底,R-S02,True
T007,巡航,O01>S003,4785.981767187852,4787.9744496891,中继兜底,R-S02,True
T007,巡航,O01>S003,4787.9744496891,4789.967132190348,中继兜底,R-S02,True
T007,巡航,O01>S003,4789.967132190348,4791.959814691596,中继兜底,R-S02,True
T007,巡航,O01>S003,4791.959814691596,4793.952497192844,中继兜底,R-S02,True
T007,巡航,O01>S003,4793.952497192844,4795.945179694093,中继兜底,R-S02,True
T007,巡航,O01>S003,4795.945179694093,4797.937862195341,中继兜底,R-S02,True
T007,巡航,O01>S003,4797.937862195341,4799.930544696589,中继兜底,R-S02,True
T007,巡航,O01>S003,4799.930544696589,4801.923227197837,中继兜底,R-S02,True
T007,下降,O01>S003,4801.923227197837,4813.088434107017,中继兜底,R-S02,True
T007,下降,O01>S003,4813.088434107017,4824.2536410161965,中继兜底,R-S02,True
T007,下降,O01>S003,4824.2536410161965,4835.418847925376,中继兜底,R-S02,True
T007,下降,O01>S003,4835.418847925376,4846.584054834556,中继兜底,R-S02,True
T007,下降,O01>S003,4846.584054834556,4857.749261743736,中继兜底,R-S02,True
T007,下降,O01>S003,4857.749261743736,4868.914468652915,中继兜底,R-S02,True
T007,下降,O01>S003,4868.914468652915,4880.079675562095,中继兜底,R-S02,True
T007,下降,O01>S003,4880.079675562095,4891.244882471275,中继兜底,R-S02,True
T007,投送,S003,4891.244882471275,5131.244882471275,中继兜底,R-S02,True
T007,爬升,S003>O01,5131.244882471275,5140.549221562258,中继兜底,R-S02,True
T007,爬升,S003>O01,5140.549221562258,5149.8535606532405,中继兜底,R-S02,True
T007,爬升,S003>O01,5149.8535606532405,5159.157899744224,中继兜底,R-S02,True
T007,爬升,S003>O01,5159.157899744224,5168.462238835207,中继兜底,R-S02,True
T007,爬升,S003>O01,5168.462238835207,5177.76657792619,中继兜底,R-S02,True
T007,爬升,S003>O01,5177.76657792619,5187.070917017173,中继兜底,R-S02,True
T007,爬升,S003>O01,5187.070917017173,5196.375256108156,中继兜底,R-S02,True
T007,爬升,S003>O01,5196.375256108156,5205.679595199139,中继兜底,R-S02,True
T007,巡航,S003>O01,5205.679595199139,5207.672277700387,中继兜底,R-S02,True
T007,巡航,S003>O01,5207.672277700387,5209.664960201635,中继兜底,R-S02,True
T007,巡航,S003>O01,5209.664960201635,5211.657642702883,中继兜底,R-S02,True
T007,巡航,S003>O01,5211.657642702883,5213.650325204132,中继兜底,R-S02,True
T007,巡航,S003>O01,5213.650325204132,5215.64300770538,中继兜底,R-S02,True
T007,巡航,S003>O01,5215.64300770538,5217.635690206628,中继兜底,R-S02,True
T007,巡航,S003>O01,5217.635690206628,5219.628372707876,中继兜底,R-S02,True
T007,巡航,S003>O01,5219.628372707876,5221.621055209124,中继兜底,R-S02,True
T007,巡航,S003>O01,5221.621055209124,5223.613737710372,中继兜底,R-S02,True
T007,巡航,S003>O01,5223.613737710372,5225.60642021162,中继兜底,R-S02,True
T007,巡航,S003>O01,5225.60642021162,5227.599102712868,中继兜底,R-S02,True
T007,巡航,S003>O01,5227.599102712868,5229.591785214117,中继兜底,R-S02,True
T007,巡航,S003>O01,5229.591785214117,5231.5844677153655,中继兜底,R-S02,True
T007,巡航,S003>O01,5231.5844677153655,5233.5771502166135,中继兜底,R-S02,True
T007,巡航,S003>O01,5233.5771502166135,5235.569832717862,中继兜底,R-S02,True
T007,巡航,S003>O01,5235.569832717862,5237.56251521911,中继兜底,R-S02,True
T007,巡航,S003>O01,5237.56251521911,5239.555197720358,中继兜底,R-S02,True
T007,巡航,S003>O01,5239.555197720358,5241.547880221606,中继兜底,R-S02,True
T007,巡航,S003>O01,5241.547880221606,5243.540562722854,中继兜底,R-S02,True
T007,巡航,S003>O01,5243.540562722854,5245.533245224103,中继兜底,R-S02,True
T007,巡航,S003>O01,5245.533245224103,5247.525927725351,中继兜底,R-S02,True
T007,巡航,S003>O01,5247.525927725351,5249.518610226599,中继兜底,R-S02,True
T007,巡航,S003>O01,5249.518610226599,5251.511292727847,中继兜底,R-S02,True
T007,巡航,S003>O01,5251.511292727847,5253.503975229095,中继兜底,R-S02,True
T007,巡航,S003>O01,5253.503975229095,5255.496657730343,中继兜底,R-S02,True
T007,巡航,S003>O01,5255.496657730343,5257.489340231591,中继兜底,R-S02,True
T007,巡航,S003>O01,5257.489340231591,5259.482022732839,中继兜底,R-S02,True
T007,巡航,S003>O01,5259.482022732839,5261.474705234088,中继兜底,R-S02,True
T007,巡航,S003>O01,5261.474705234088,5263.467387735336,中继兜底,R-S02,True
T007,巡航,S003>O01,5263.467387735336,5265.460070236584,中继兜底,R-S02,True
T007,巡航,S003>O01,5265.460070236584,5267.452752737832,中继兜底,R-S02,True
T007,巡航,S003>O01,5267.452752737832,5269.44543523908,中继兜底,R-S02,True
T007,巡航,S003>O01,5269.44543523908,5271.438117740328,中继兜底,R-S02,True
T007,巡航,S003>O01,5271.438117740328,5273.430800241576,中继兜底,R-S02,True
T007,巡航,S003>O01,5273.430800241576,5275.4234827428245,中继兜底,R-S02,True
T007,巡航,S003>O01,5275.4234827428245,5277.416165244073,中继兜底,R-S02,True
T007,巡航,S003>O01,5277.416165244073,5279.4088477453215,中继兜底,R-S02,True
T007,巡航,S003>O01,5279.4088477453215,5281.40153024657,中继兜底,R-S02,True
T007,巡航,S003>O01,5281.40153024657,5283.394212747818,中继兜底,R-S02,True
T007,巡航,S003>O01,5283.394212747818,5285.386895249066,中继兜底,R-S02,True
T007,巡航,S003>O01,5285.386895249066,5287.379577750314,中继兜底,R-S02,True
T007,巡航,S003>O01,5287.379577750314,5289.372260251562,中继兜底,R-S02,True
T007,巡航,S003>O01,5289.372260251562,5291.36494275281,中继兜底,R-S02,True
T007,巡航,S003>O01,5291.36494275281,5293.357625254059,中继兜底,R-S02,True
T007,巡航,S003>O01,5293.357625254059,5295.350307755307,中继兜底,R-S02,True
T007,巡航,S003>O01,5295.350307755307,5297.342990256555,中继兜底,R-S02,True
T007,巡航,S003>O01,5297.342990256555,5299.335672757803,中继兜底,R-S02,True
T007,巡航,S003>O01,5299.335672757803,5301.328355259051,中继兜底,R-S02,True
T007,巡航,S003>O01,5301.328355259051,5303.321037760299,中继兜底,R-S02,True
T007,巡航,S003>O01,5303.321037760299,5305.313720261547,中继兜底,R-S02,True
T007,巡航,S003>O01,5305.313720261547,5307.306402762795,中继兜底,R-S02,True
T007,巡航,S003>O01,5307.306402762795,5309.299085264044,中继兜底,R-S02,True
T007,巡航,S003>O01,5309.299085264044,5311.291767765292,中继兜底,R-S02,True
T007,巡航,S003>O01,5311.291767765292,5313.28445026654,中继兜底,R-S02,True
T007,巡航,S003>O01,5313.28445026654,5315.277132767788,中继兜底,R-S02,True
T007,巡航,S003>O01,5315.277132767788,5317.269815269036,中继兜底,R-S02,True
T007,巡航,S003>O01,5317.269815269036,5319.262497770284,中继兜底,R-S02,True
T007,巡航,S003>O01,5319.262497770284,5321.2551802715325,中继兜底,R-S02,True
T007,巡航,S003>O01,5321.2551802715325,5323.247862772781,中继兜底,R-S02,True
T007,巡航,S003>O01,5323.247862772781,5325.2405452740295,中继兜底,R-S02,True
T007,巡航,S003>O01,5325.2405452740295,5327.233227775278,中继兜底,R-S02,True
T007,巡航,S003>O01,5327.233227775278,5329.225910276526,中继兜底,R-S02,True
T007,巡航,S003>O01,5329.225910276526,5331.218592777774,中继兜底,R-S02,True
T007,巡航,S003>O01,5331.218592777774,5333.211275279022,中继兜底,R-S02,True
T007,巡航,S003>O01,5333.211275279022,5335.20395778027,中继兜底,R-S02,True
T007,巡航,S003>O01,5335.20395778027,5337.196640281518,中继兜底,R-S02,True
T007,巡航,S003>O01,5337.196640281518,5339.189322782767,中继兜底,R-S02,True
T007,巡航,S003>O01,5339.189322782767,5341.182005284015,中继兜底,R-S02,True
T007,巡航,S003>O01,5341.182005284015,5343.174687785263,中继兜底,R-S02,True
T007,巡航,S003>O01,5343.174687785263,5345.167370286511,中继兜底,R-S02,True
T007,巡航,S003>O01,5345.167370286511,5347.160052787759,中继兜底,R-S02,True
T007,巡航,S003>O01,5347.160052787759,5349.152735289007,中继兜底,R-S02,True
T007,巡航,S003>O01,5349.152735289007,5351.145417790255,中继兜底,R-S02,True
T007,巡航,S003>O01,5351.145417790255,5353.138100291503,中继兜底,R-S02,True
T007,巡航,S003>O01,5353.138100291503,5355.130782792752,中继兜底,R-S02,True
T007,巡航,S003>O01,5355.130782792752,5357.123465294,中继兜底,R-S02,True
T007,巡航,S003>O01,5357.123465294,5359.116147795248,中继兜底,R-S02,True
T007,巡航,S003>O01,5359.116147795248,5361.108830296496,中继兜底,R-S02,True
T007,巡航,S003>O01,5361.108830296496,5363.101512797744,中继兜底,R-S02,True
T007,巡航,S003>O01,5363.101512797744,5365.094195298992,中继兜底,R-S02,True
T007,巡航,S003>O01,5365.094195298992,5367.0868778002405,中继兜底,R-S02,True
T007,巡航,S003>O01,5367.0868778002405,5369.0795603014885,中继兜底,R-S02,True
T007,巡航,S003>O01,5369.0795603014885,5371.0722428027375,中继兜底,R-S02,True
T007,巡航,S003>O01,5371.0722428027375,5373.064925303986,中继兜底,R-S02,True
T007,巡航,S003>O01,5373.064925303986,5375.057607805234,中继兜底,R-S02,True
T007,巡航,S003>O01,5375.057607805234,5377.050290306482,中继兜底,R-S02,True
T007,巡航,S003>O01,5377.050290306482,5379.04297280773,中继兜底,R-S02,True
T007,巡航,S003>O01,5379.04297280773,5381.035655308978,中继兜底,R-S02,True
T007,巡航,S003>O01,5381.035655308978,5383.028337810226,中继兜底,R-S02,True
T007,巡航,S003>O01,5383.028337810226,5385.021020311474,中继兜底,R-S02,True
T007,巡航,S003>O01,5385.021020311474,5387.013702812723,中继兜底,R-S02,True
T007,巡航,S003>O01,5387.013702812723,5389.006385313971,中继兜底,R-S02,True
T007,巡航,S003>O01,5389.006385313971,5390.999067815219,中继兜底,R-S02,True
T007,巡航,S003>O01,5390.999067815219,5392.991750316467,中继兜底,R-S02,True
T007,巡航,S003>O01,5392.991750316467,5394.984432817715,中继兜底,R-S02,True
T007,巡航,S003>O01,5394.984432817715,5396.977115318963,中继兜底,R-S02,True
T007,巡航,S003>O01,5396.977115318963,5398.969797820211,中继兜底,R-S02,True
T007,巡航,S003>O01,5398.969797820211,5400.962480321459,中继兜底,R-S02,True
T007,巡航,S003>O01,5400.962480321459,5402.955162822708,中继兜底,R-S02,True
T007,巡航,S003>O01,5402.955162822708,5404.947845323956,中继兜底,R-S02,True
T007,巡航,S003>O01,5404.947845323956,5406.940527825204,中继兜底,R-S02,True
T007,巡航,S003>O01,5406.940527825204,5408.933210326452,中继兜底,R-S02,True
T007,巡航,S003>O01,5408.933210326452,5410.9258928277,中继兜底,R-S02,True
T007,巡航,S003>O01,5410.9258928277,5412.9185753289485,中继兜底,R-S02,True
T007,巡航,S003>O01,5412.9185753289485,5414.9112578301965,中继兜底,R-S02,True
T007,巡航,S003>O01,5414.9112578301965,5416.9039403314455,中继兜底,R-S02,True
T007,巡航,S003>O01,5416.9039403314455,5418.8966228326935,中继兜底,R-S02,True
T007,巡航,S003>O01,5418.8966228326935,5420.889305333942,中继兜底,R-S02,True
T007,巡航,S003>O01,5420.889305333942,5422.88198783519,中继兜底,R-S02,True
T007,巡航,S003>O01,5422.88198783519,5424.874670336438,中继兜底,R-S02,True
T007,巡航,S003>O01,5424.874670336438,5426.867352837686,中继兜底,R-S02,True
T007,巡航,S003>O01,5426.867352837686,5427.86369408831,中继兜底,R-S02,True
T007,巡航,S003>O01,5427.86369408831,5428.860035338934,直连,,True
T007,巡航,S003>O01,5428.860035338934,5430.852717840182,直连,,True
T007,巡航,S003>O01,5430.852717840182,5432.845400341431,直连,,True
T007,巡航,S003>O01,5432.845400341431,5434.838082842679,直连,,True
T007,巡航,S003>O01,5434.838082842679,5436.830765343927,直连,,True
T007,巡航,S003>O01,5436.830765343927,5438.823447845175,直连,,True
T007,巡航,S003>O01,5438.823447845175,5440.816130346423,直连,,True
T007,巡航,S003>O01,5440.816130346423,5442.808812847671,直连,,True
T007,巡航,S003>O01,5442.808812847671,5444.801495348919,直连,,True
T007,巡航,S003>O01,5444.801495348919,5446.794177850167,直连,,True
T007,巡航,S003>O01,5446.794177850167,5448.786860351416,直连,,True
T007,巡航,S003>O01,5448.786860351416,5450.779542852664,直连,,True
T007,巡航,S003>O01,5450.779542852664,5452.772225353912,直连,,True
T007,巡航,S003>O01,5452.772225353912,5454.76490785516,直连,,True
T007,巡航,S003>O01,5454.76490785516,5456.757590356408,直连,,True
T007,巡航,S003>O01,5456.757590356408,5458.7502728576565,直连,,True
T007,巡航,S003>O01,5458.7502728576565,5460.7429553589045,直连,,True
T007,巡航,S003>O01,5460.7429553589045,5462.735637860153,直连,,True
T007,巡航,S003>O01,5462.735637860153,5464.7283203614015,直连,,True
T007,巡航,S003>O01,5464.7283203614015,5466.72100286265,直连,,True
T007,巡航,S003>O01,5466.72100286265,5468.713685363898,直连,,True
T007,巡航,S003>O01,5468.713685363898,5470.706367865146,直连,,True
T007,巡航,S003>O01,5470.706367865146,5472.699050366394,直连,,True
T007,巡航,S003>O01,5472.699050366394,5474.691732867642,直连,,True
T007,巡航,S003>O01,5474.691732867642,5476.68441536889,直连,,True
T007,巡航,S003>O01,5476.68441536889,5478.677097870139,直连,,True
T007,巡航,S003>O01,5478.677097870139,5480.669780371387,直连,,True
T007,巡航,S003>O01,5480.669780371387,5482.662462872635,直连,,True
T007,巡航,S003>O01,5482.662462872635,5484.655145373883,直连,,True
T007,巡航,S003>O01,5484.655145373883,5486.647827875131,直连,,True
T007,巡航,S003>O01,5486.647827875131,5488.640510376379,直连,,True
T007,巡航,S003>O01,5488.640510376379,5490.633192877627,直连,,True
T007,巡航,S003>O01,5490.633192877627,5492.625875378875,直连,,True
T007,巡航,S003>O01,5492.625875378875,5494.618557880123,直连,,True
T007,巡航,S003>O01,5494.618557880123,5496.611240381372,直连,,True
T007,巡航,S003>O01,5496.611240381372,5498.60392288262,直连,,True
T007,巡航,S003>O01,5498.60392288262,5500.596605383868,直连,,True
T007,巡航,S003>O01,5500.596605383868,5502.589287885116,直连,,True
T007,巡航,S003>O01,5502.589287885116,5504.581970386364,直连,,True
T007,巡航,S003>O01,5504.581970386364,5506.5746528876125,直连,,True
T007,巡航,S003>O01,5506.5746528876125,5508.567335388861,直连,,True
T007,巡航,S003>O01,5508.567335388861,5510.5600178901095,直连,,True
T007,巡航,S003>O01,5510.5600178901095,5512.552700391358,直连,,True
T007,巡航,S003>O01,5512.552700391358,5514.545382892606,直连,,True
T007,巡航,S003>O01,5514.545382892606,5516.538065393854,直连,,True
T007,巡航,S003>O01,5516.538065393854,5518.530747895102,直连,,True
T007,巡航,S003>O01,5518.530747895102,5520.52343039635,直连,,True
T007,巡航,S003>O01,5520.52343039635,5522.516112897598,直连,,True
T007,巡航,S003>O01,5522.516112897598,5524.508795398846,直连,,True
T007,巡航,S003>O01,5524.508795398846,5526.501477900094,直连,,True
T007,巡航,S003>O01,5526.501477900094,5528.494160401343,直连,,True
T007,巡航,S003>O01,5528.494160401343,5530.486842902591,直连,,True
T007,巡航,S003>O01,5530.486842902591,5532.479525403839,直连,,True
T007,巡航,S003>O01,5532.479525403839,5534.472207905087,直连,,True
T007,巡航,S003>O01,5534.472207905087,5536.464890406335,直连,,True
T007,巡航,S003>O01,5536.464890406335,5538.457572907583,直连,,True
T007,巡航,S003>O01,5538.457572907583,5540.450255408831,直连,,True
T007,巡航,S003>O01,5540.450255408831,5542.44293791008,直连,,True
T007,巡航,S003>O01,5542.44293791008,5544.435620411328,直连,,True
T007,巡航,S003>O01,5544.435620411328,5546.428302912576,直连,,True
T007,巡航,S003>O01,5546.428302912576,5548.420985413824,直连,,True
T007,巡航,S003>O01,5548.420985413824,5550.413667915072,直连,,True
T007,巡航,S003>O01,5550.413667915072,5552.4063504163205,直连,,True
T007,巡航,S003>O01,5552.4063504163205,5554.399032917569,直连,,True
T007,巡航,S003>O01,5554.399032917569,5556.391715418817,直连,,True
T007,巡航,S003>O01,5556.391715418817,5558.384397920066,直连,,True
T007,巡航,S003>O01,5558.384397920066,5560.377080421314,直连,,True
T007,巡航,S003>O01,5560.377080421314,5562.369762922562,直连,,True
T007,巡航,S003>O01,5562.369762922562,5564.36244542381,直连,,True
T007,巡航,S003>O01,5564.36244542381,5566.355127925058,直连,,True
T007,巡航,S003>O01,5566.355127925058,5568.347810426306,直连,,True
T007,巡航,S003>O01,5568.347810426306,5570.340492927554,直连,,True
T007,巡航,S003>O01,5570.340492927554,5572.333175428803,直连,,True
T007,巡航,S003>O01,5572.333175428803,5574.325857930051,直连,,True
T007,巡航,S003>O01,5574.325857930051,5576.318540431299,直连,,True
T007,巡航,S003>O01,5576.318540431299,5578.311222932547,直连,,True
T007,巡航,S003>O01,5578.311222932547,5580.303905433795,直连,,True
T007,巡航,S003>O01,5580.303905433795,5582.296587935043,直连,,True
T007,巡航,S003>O01,5582.296587935043,5584.289270436291,直连,,True
T007,巡航,S003>O01,5584.289270436291,5586.281952937539,直连,,True
T007,巡航,S003>O01,5586.281952937539,5588.274635438787,直连,,True
T007,巡航,S003>O01,5588.274635438787,5590.267317940036,直连,,True
T007,巡航,S003>O01,5590.267317940036,5592.260000441284,直连,,True
T007,巡航,S003>O01,5592.260000441284,5594.252682942532,直连,,True
T007,巡航,S003>O01,5594.252682942532,5596.24536544378,直连,,True
T007,巡航,S003>O01,5596.24536544378,5598.2380479450285,直连,,True
T007,巡航,S003>O01,5598.2380479450285,5600.2307304462765,直连,,True
T007,巡航,S003>O01,5600.2307304462765,5602.223412947525,直连,,True
T007,巡航,S003>O01,5602.223412947525,5604.216095448774,直连,,True
T007,巡航,S003>O01,5604.216095448774,5606.208777950022,直连,,True
T007,巡航,S003>O01,5606.208777950022,5608.20146045127,直连,,True
T007,巡航,S003>O01,5608.20146045127,5610.194142952518,直连,,True
T007,巡航,S003>O01,5610.194142952518,5612.186825453766,直连,,True
T007,巡航,S003>O01,5612.186825453766,5614.179507955014,直连,,True
T007,巡航,S003>O01,5614.179507955014,5616.172190456262,直连,,True
T007,巡航,S003>O01,5616.172190456262,5618.16487295751,直连,,True
T007,巡航,S003>O01,5618.16487295751,5620.157555458758,直连,,True
T007,巡航,S003>O01,5620.157555458758,5622.150237960007,直连,,True
T007,巡航,S003>O01,5622.150237960007,5624.142920461255,直连,,True
T007,巡航,S003>O01,5624.142920461255,5626.135602962503,直连,,True
T007,巡航,S003>O01,5626.135602962503,5628.128285463751,直连,,True
T007,巡航,S003>O01,5628.128285463751,5630.120967964999,直连,,True
T007,巡航,S003>O01,5630.120967964999,5632.113650466247,直连,,True
T007,巡航,S003>O01,5632.113650466247,5634.106332967495,直连,,True
T007,巡航,S003>O01,5634.106332967495,5636.099015468744,直连,,True
T007,巡航,S003>O01,5636.099015468744,5638.091697969992,直连,,True
T007,巡航,S003>O01,5638.091697969992,5640.08438047124,直连,,True
T007,巡航,S003>O01,5640.08438047124,5642.077062972488,直连,,True
T007,巡航,S003>O01,5642.077062972488,5644.0697454737365,直连,,True
T007,巡航,S003>O01,5644.0697454737365,5646.0624279749845,直连,,True
T007,巡航,S003>O01,5646.0624279749845,5648.055110476233,直连,,True
T007,巡航,S003>O01,5648.055110476233,5650.047792977481,直连,,True
T007,巡航,S003>O01,5650.047792977481,5652.04047547873,直连,,True
T007,巡航,S003>O01,5652.04047547873,5654.033157979978,直连,,True
T007,巡航,S003>O01,5654.033157979978,5656.025840481226,直连,,True
T007,巡航,S003>O01,5656.025840481226,5658.018522982474,直连,,True
T007,巡航,S003>O01,5658.018522982474,5660.011205483722,直连,,True
T007,巡航,S003>O01,5660.011205483722,5662.00388798497,直连,,True
T007,巡航,S003>O01,5662.00388798497,5663.996570486218,直连,,True
T007,巡航,S003>O01,5663.996570486218,5665.989252987467,直连,,True
T007,巡航,S003>O01,5665.989252987467,5667.981935488715,直连,,True
T007,巡航,S003>O01,5667.981935488715,5669.974617989963,直连,,True
T007,巡航,S003>O01,5669.974617989963,5671.967300491211,直连,,True
T007,巡航,S003>O01,5671.967300491211,5673.959982992459,直连,,True
T007,巡航,S003>O01,5673.959982992459,5675.952665493707,直连,,True
T007,巡航,S003>O01,5675.952665493707,5677.945347994955,直连,,True
T007,巡航,S003>O01,5677.945347994955,5679.938030496203,直连,,True
T007,巡航,S003>O01,5679.938030496203,5681.930712997451,直连,,True
T007,巡航,S003>O01,5681.930712997451,5683.9233954987,直连,,True
T007,巡航,S003>O01,5683.9233954987,5685.916077999948,直连,,True
T007,巡航,S003>O01,5685.916077999948,5687.908760501196,直连,,True
T007,巡航,S003>O01,5687.908760501196,5689.9014430024445,直连,,True
T007,下降,S003>O01,5689.9014430024445,5701.477553354007,直连,,True
T007,下降,S003>O01,5701.477553354007,5713.053663705569,直连,,True
T007,下降,S003>O01,5713.053663705569,5724.629774057132,直连,,True
T007,下降,S003>O01,5724.629774057132,5736.205884408694,直连,,True
T007,下降,S003>O01,5736.205884408694,5747.781994760257,直连,,True
T007,下降,S003>O01,5747.781994760257,5759.358105111819,直连,,True
T007,下降,S003>O01,5759.358105111819,5770.934215463381,直连,,True
T007,下降,S003>O01,5770.934215463381,5782.510325814945,直连,,True
T007,下降,S003>O01,5782.510325814945,5794.086436166507,直连,,True
T007,下降,S003>O01,5794.086436166507,5805.66254651807,直连,,True
T007,下降,S003>O01,5805.66254651807,5817.238656869632,直连,,True
T007,下降,S003>O01,5817.238656869632,5828.814767221194,直连,,True
T007,下降,S003>O01,5828.814767221194,5840.390877572757,直连,,True
T007,下降,S003>O01,5840.390877572757,5851.966987924319,直连,,True
T007,下降,S003>O01,5851.966987924319,5863.543098275882,直连,,True
T008,爬升,O01>S004,4760.0,4769.017972208659,直连,,True
T008,爬升,O01>S004,4769.017972208659,4778.035944417317,直连,,True
T008,爬升,O01>S004,4778.035944417317,4787.053916625977,直连,,True
T008,爬升,O01>S004,4787.053916625977,4796.0718888346355,直连,,True
T008,爬升,O01>S004,4796.0718888346355,4805.089861043294,直连,,True
T008,爬升,O01>S004,4805.089861043294,4814.107833251953,直连,,True
T008,爬升,O01>S004,4814.107833251953,4823.125805460611,直连,,True
T008,爬升,O01>S004,4823.125805460611,4832.143777669271,直连,,True
T008,爬升,O01>S004,4832.143777669271,4841.16174987793,直连,,True
T008,爬升,O01>S004,4841.16174987793,4850.179722086588,直连,,True
T008,巡航,O01>S004,4850.179722086588,4852.6715597012335,直连,,True
T008,巡航,O01>S004,4852.6715597012335,4855.16339731588,直连,,True
T008,巡航,O01>S004,4855.16339731588,4857.655234930525,直连,,True
T008,巡航,O01>S004,4857.655234930525,4860.14707254517,直连,,True
T008,巡航,O01>S004,4860.14707254517,4862.638910159815,直连,,True
T008,巡航,O01>S004,4862.638910159815,4865.130747774461,直连,,True
T008,巡航,O01>S004,4865.130747774461,4867.6225853891065,直连,,True
T008,巡航,O01>S004,4867.6225853891065,4870.114423003752,直连,,True
T008,巡航,O01>S004,4870.114423003752,4872.606260618398,直连,,True
T008,巡航,O01>S004,4872.606260618398,4875.098098233043,直连,,True
T008,巡航,O01>S004,4875.098098233043,4877.589935847688,直连,,True
T008,巡航,O01>S004,4877.589935847688,4880.081773462334,直连,,True
T008,巡航,O01>S004,4880.081773462334,4882.573611076979,直连,,True
T008,巡航,O01>S004,4882.573611076979,4885.065448691625,直连,,True
T008,巡航,O01>S004,4885.065448691625,4887.55728630627,直连,,True
T008,巡航,O01>S004,4887.55728630627,4890.049123920916,直连,,True
T008,巡航,O01>S004,4890.049123920916,4892.540961535561,直连,,True
T008,巡航,O01>S004,4892.540961535561,4895.032799150206,直连,,True
T008,巡航,O01>S004,4895.032799150206,4897.524636764852,直连,,True
T008,巡航,O01>S004,4897.524636764852,4900.016474379498,直连,,True
T008,巡航,O01>S004,4900.016474379498,4902.508311994143,直连,,True
T008,巡航,O01>S004,4902.508311994143,4905.000149608789,直连,,True
T008,巡航,O01>S004,4905.000149608789,4907.491987223434,直连,,True
T008,巡航,O01>S004,4907.491987223434,4909.983824838079,直连,,True
T008,巡航,O01>S004,4909.983824838079,4912.4756624527245,直连,,True
T008,巡航,O01>S004,4912.4756624527245,4914.967500067371,直连,,True
T008,巡航,O01>S004,4914.967500067371,4917.459337682016,直连,,True
T008,巡航,O01>S004,4917.459337682016,4919.951175296661,直连,,True
T008,巡航,O01>S004,4919.951175296661,4922.443012911307,直连,,True
T008,巡航,O01>S004,4922.443012911307,4924.934850525952,直连,,True
T008,巡航,O01>S004,4924.934850525952,4927.426688140597,直连,,True
T008,巡航,O01>S004,4927.426688140597,4929.9185257552435,直连,,True
T008,巡航,O01>S004,4929.9185257552435,4932.410363369889,直连,,True
T008,巡航,O01>S004,4932.410363369889,4934.902200984534,直连,,True
T008,巡航,O01>S004,4934.902200984534,4937.394038599179,直连,,True
T008,巡航,O01>S004,4937.394038599179,4939.885876213825,直连,,True
T008,巡航,O01>S004,4939.885876213825,4942.37771382847,直连,,True
T008,巡航,O01>S004,4942.37771382847,4944.869551443116,直连,,True
T008,巡航,O01>S004,4944.869551443116,4947.361389057762,直连,,True
T008,巡航,O01>S004,4947.361389057762,4949.853226672407,直连,,True
T008,巡航,O01>S004,4949.853226672407,4952.345064287052,直连,,True
T008,巡航,O01>S004,4952.345064287052,4954.836901901698,直连,,True
T008,巡航,O01>S004,4954.836901901698,4957.328739516343,直连,,True
T008,巡航,O01>S004,4957.328739516343,4959.820577130989,直连,,True
T008,巡航,O01>S004,4959.820577130989,4962.312414745634,直连,,True
T008,巡航,O01>S004,4962.312414745634,4964.80425236028,直连,,True
T008,巡航,O01>S004,4964.80425236028,4967.296089974925,直连,,True
T008,巡航,O01>S004,4967.296089974925,4969.78792758957,直连,,True
T008,巡航,O01>S004,4969.78792758957,4972.279765204216,直连,,True
T008,巡航,O01>S004,4972.279765204216,4974.7716028188615,直连,,True
T008,巡航,O01>S004,4974.7716028188615,4977.263440433507,直连,,True
T008,巡航,O01>S004,4977.263440433507,4979.755278048153,直连,,True
T008,巡航,O01>S004,4979.755278048153,4982.247115662798,直连,,True
T008,巡航,O01>S004,4982.247115662798,4984.738953277443,直连,,True
T008,巡航,O01>S004,4984.738953277443,4987.230790892088,直连,,True
T008,巡航,O01>S004,4987.230790892088,4989.7226285067345,直连,,True
T008,巡航,O01>S004,4989.7226285067345,4992.21446612138,直连,,True
T008,巡航,O01>S004,4992.21446612138,4994.706303736025,直连,,True
T008,巡航,O01>S004,4994.706303736025,4997.198141350671,直连,,True
T008,巡航,O01>S004,4997.198141350671,4999.689978965316,直连,,True
T008,巡航,O01>S004,4999.689978965316,5002.181816579961,直连,,True
T008,巡航,O01>S004,5002.181816579961,5004.673654194607,直连,,True
T008,巡航,O01>S004,5004.673654194607,5007.165491809253,直连,,True
T008,巡航,O01>S004,5007.165491809253,5009.657329423898,直连,,True
T008,巡航,O01>S004,5009.657329423898,5012.149167038543,直连,,True
T008,巡航,O01>S004,5012.149167038543,5014.641004653189,直连,,True
T008,巡航,O01>S004,5014.641004653189,5017.132842267834,直连,,True
T008,巡航,O01>S004,5017.132842267834,5019.6246798824795,直连,,True
T008,巡航,O01>S004,5019.6246798824795,5022.116517497126,直连,,True
T008,巡航,O01>S004,5022.116517497126,5024.608355111771,直连,,True
T008,巡航,O01>S004,5024.608355111771,5027.100192726416,直连,,True
T008,巡航,O01>S004,5027.100192726416,5029.592030341062,直连,,True
T008,巡航,O01>S004,5029.592030341062,5032.083867955707,直连,,True
T008,巡航,O01>S004,5032.083867955707,5034.5757055703525,直连,,True
T008,巡航,O01>S004,5034.5757055703525,5037.067543184998,直连,,True
T008,巡航,O01>S004,5037.067543184998,5039.559380799644,直连,,True
T008,巡航,O01>S004,5039.559380799644,5042.051218414289,直连,,True
T008,巡航,O01>S004,5042.051218414289,5044.543056028934,直连,,True
T008,巡航,O01>S004,5044.543056028934,5047.03489364358,直连,,True
T008,巡航,O01>S004,5047.03489364358,5049.5267312582255,直连,,True
T008,巡航,O01>S004,5049.5267312582255,5052.018568872871,直连,,True
T008,巡航,O01>S004,5052.018568872871,5054.510406487516,直连,,True
T008,巡航,O01>S004,5054.510406487516,5057.002244102162,直连,,True
T008,巡航,O01>S004,5057.002244102162,5059.494081716807,直连,,True
T008,巡航,O01>S004,5059.494081716807,5061.985919331452,直连,,True
T008,巡航,O01>S004,5061.985919331452,5064.477756946098,直连,,True
T008,巡航,O01>S004,5064.477756946098,5066.969594560744,直连,,True
T008,巡航,O01>S004,5066.969594560744,5069.461432175389,直连,,True
T008,巡航,O01>S004,5069.461432175389,5071.953269790035,直连,,True
T008,巡航,O01>S004,5071.953269790035,5074.44510740468,直连,,True
T008,巡航,O01>S004,5074.44510740468,5076.936945019325,直连,,True
T008,巡航,O01>S004,5076.936945019325,5079.4287826339705,直连,,True
T008,巡航,O01>S004,5079.4287826339705,5081.920620248617,直连,,True
T008,巡航,O01>S004,5081.920620248617,5084.412457863262,直连,,True
T008,巡航,O01>S004,5084.412457863262,5086.904295477907,直连,,True
T008,巡航,O01>S004,5086.904295477907,5089.396133092553,直连,,True
T008,巡航,O01>S004,5089.396133092553,5091.887970707198,直连,,True
T008,巡航,O01>S004,5091.887970707198,5094.3798083218435,直连,,True
T008,巡航,O01>S004,5094.3798083218435,5096.87164593649,直连,,True
T008,巡航,O01>S004,5096.87164593649,5099.363483551135,直连,,True
T008,巡航,O01>S004,5099.363483551135,5101.85532116578,直连,,True
T008,巡航,O01>S004,5101.85532116578,5104.347158780425,直连,,True
T008,巡航,O01>S004,5104.347158780425,5106.838996395071,直连,,True
T008,巡航,O01>S004,5106.838996395071,5109.330834009716,直连,,True
T008,巡航,O01>S004,5109.330834009716,5111.822671624362,直连,,True
T008,巡航,O01>S004,5111.822671624362,5114.314509239008,直连,,True
T008,巡航,O01>S004,5114.314509239008,5116.806346853653,直连,,True
T008,巡航,O01>S004,5116.806346853653,5119.298184468298,直连,,True
T008,巡航,O01>S004,5119.298184468298,5121.790022082943,直连,,True
T008,巡航,O01>S004,5121.790022082943,5124.281859697589,直连,,True
T008,巡航,O01>S004,5124.281859697589,5126.773697312235,直连,,True
T008,巡航,O01>S004,5126.773697312235,5129.26553492688,直连,,True
T008,巡航,O01>S004,5129.26553492688,5131.757372541526,直连,,True
T008,巡航,O01>S004,5131.757372541526,5134.249210156171,直连,,True
T008,巡航,O01>S004,5134.249210156171,5136.741047770816,直连,,True
T008,巡航,O01>S004,5136.741047770816,5139.232885385462,直连,,True
T008,巡航,O01>S004,5139.232885385462,5141.724723000108,直连,,True
T008,巡航,O01>S004,5141.724723000108,5144.216560614753,直连,,True
T008,巡航,O01>S004,5144.216560614753,5146.708398229399,直连,,True
T008,巡航,O01>S004,5146.708398229399,5149.200235844044,直连,,True
T008,巡航,O01>S004,5149.200235844044,5151.692073458689,直连,,True
T008,巡航,O01>S004,5151.692073458689,5154.1839110733345,直连,,True
T008,巡航,O01>S004,5154.1839110733345,5156.675748687981,直连,,True
T008,巡航,O01>S004,5156.675748687981,5159.167586302626,直连,,True
T008,巡航,O01>S004,5159.167586302626,5161.659423917271,直连,,True
T008,巡航,O01>S004,5161.659423917271,5164.151261531917,直连,,True
T008,巡航,O01>S004,5164.151261531917,5166.643099146562,直连,,True
T008,巡航,O01>S004,5166.643099146562,5169.134936761207,直连,,True
T008,巡航,O01>S004,5169.134936761207,5171.626774375853,直连,,True
T008,巡航,O01>S004,5171.626774375853,5174.118611990499,直连,,True
T008,巡航,O01>S004,5174.118611990499,5176.610449605144,直连,,True
T008,巡航,O01>S004,5176.610449605144,5179.102287219789,直连,,True
T008,巡航,O01>S004,5179.102287219789,5181.594124834435,直连,,True
T008,巡航,O01>S004,5181.594124834435,5184.08596244908,直连,,True
T008,巡航,O01>S004,5184.08596244908,5186.577800063726,直连,,True
T008,巡航,O01>S004,5186.577800063726,5189.069637678372,直连,,True
T008,巡航,O01>S004,5189.069637678372,5191.561475293017,直连,,True
T008,巡航,O01>S004,5191.561475293017,5194.053312907662,直连,,True
T008,巡航,O01>S004,5194.053312907662,5196.545150522307,直连,,True
T008,巡航,O01>S004,5196.545150522307,5199.036988136953,直连,,True
T008,巡航,O01>S004,5199.036988136953,5201.528825751599,直连,,True
T008,巡航,O01>S004,5201.528825751599,5204.020663366244,直连,,True
T008,巡航,O01>S004,5204.020663366244,5206.51250098089,直连,,True
T008,巡航,O01>S004,5206.51250098089,5209.004338595535,直连,,True
T008,巡航,O01>S004,5209.004338595535,5211.49617621018,直连,,True
T008,巡航,O01>S004,5211.49617621018,5213.988013824826,直连,,True
T008,巡航,O01>S004,5213.988013824826,5216.4798514394715,直连,,True
T008,巡航,O01>S004,5216.4798514394715,5218.971689054117,直连,,True
T008,巡航,O01>S004,5218.971689054117,5221.463526668762,直连,,True
T008,巡航,O01>S004,5221.463526668762,5223.955364283408,直连,,True
T008,巡航,O01>S004,5223.955364283408,5226.447201898053,直连,,True
T008,巡航,O01>S004,5226.447201898053,5228.939039512698,直连,,True
T008,巡航,O01>S004,5228.939039512698,5231.4308771273445,直连,,True
T008,巡航,O01>S004,5231.4308771273445,5233.92271474199,直连,,True
T008,巡航,O01>S004,5233.92271474199,5236.414552356635,直连,,True
T008,巡航,O01>S004,5236.414552356635,5238.906389971281,直连,,True
T008,巡航,O01>S004,5238.906389971281,5241.398227585926,直连,,True
T008,巡航,O01>S004,5241.398227585926,5243.890065200571,直连,,True
T008,巡航,O01>S004,5243.890065200571,5246.381902815217,直连,,True
T008,巡航,O01>S004,5246.381902815217,5248.873740429863,直连,,True
T008,巡航,O01>S004,5248.873740429863,5251.365578044508,直连,,True
T008,巡航,O01>S004,5251.365578044508,5253.857415659153,直连,,True
T008,巡航,O01>S004,5253.857415659153,5256.349253273799,直连,,True
T008,巡航,O01>S004,5256.349253273799,5258.841090888444,直连,,True
T008,巡航,O01>S004,5258.841090888444,5261.3329285030895,直连,,True
T008,巡航,O01>S004,5261.3329285030895,5263.824766117736,直连,,True
T008,巡航,O01>S004,5263.824766117736,5266.316603732381,直连,,True
T008,巡航,O01>S004,5266.316603732381,5268.808441347026,直连,,True
T008,巡航,O01>S004,5268.808441347026,5271.300278961671,直连,,True
T008,巡航,O01>S004,5271.300278961671,5273.792116576317,直连,,True
T008,巡航,O01>S004,5273.792116576317,5276.2839541909625,直连,,True
T008,巡航,O01>S004,5276.2839541909625,5278.775791805608,直连,,True
T008,巡航,O01>S004,5278.775791805608,5281.267629420254,直连,,True
T008,巡航,O01>S004,5281.267629420254,5283.759467034899,直连,,True
T008,巡航,O01>S004,5283.759467034899,5286.251304649544,直连,,True
T008,巡航,O01>S004,5286.251304649544,5288.743142264189,直连,,True
T008,巡航,O01>S004,5288.743142264189,5291.2349798788355,直连,,True
T008,巡航,O01>S004,5291.2349798788355,5293.726817493481,直连,,True
T008,巡航,O01>S004,5293.726817493481,5296.218655108126,直连,,True
T008,巡航,O01>S004,5296.218655108126,5298.710492722772,直连,,True
T008,巡航,O01>S004,5298.710492722772,5301.202330337417,直连,,True
T008,巡航,O01>S004,5301.202330337417,5303.694167952062,直连,,True
T008,巡航,O01>S004,5303.694167952062,5306.186005566708,直连,,True
T008,巡航,O01>S004,5306.186005566708,5308.677843181354,直连,,True
T008,巡航,O01>S004,5308.677843181354,5311.169680795999,直连,,True
T008,巡航,O01>S004,5311.169680795999,5313.661518410645,直连,,True
T008,巡航,O01>S004,5313.661518410645,5316.15335602529,中继兜底,R-S04,True
T008,巡航,O01>S004,5316.15335602529,5318.645193639935,中继兜底,R-S04,True
T008,巡航,O01>S004,5318.645193639935,5321.1370312545805,中继兜底,R-S04,True
T008,巡航,O01>S004,5321.1370312545805,5323.628868869227,中继兜底,R-S04,True
T008,巡航,O01>S004,5323.628868869227,5326.120706483872,中继兜底,R-S04,True
T008,巡航,O01>S004,5326.120706483872,5328.612544098517,中继兜底,R-S04,True
T008,巡航,O01>S004,5328.612544098517,5331.104381713163,中继兜底,R-S04,True
T008,巡航,O01>S004,5331.104381713163,5333.596219327808,中继兜底,R-S04,True
T008,巡航,O01>S004,5333.596219327808,5336.0880569424535,中继兜底,R-S04,True
T008,巡航,O01>S004,5336.0880569424535,5338.579894557099,中继兜底,R-S04,True
T008,巡航,O01>S004,5338.579894557099,5341.071732171745,中继兜底,R-S04,True
T008,巡航,O01>S004,5341.071732171745,5343.56356978639,中继兜底,R-S04,True
T008,巡航,O01>S004,5343.56356978639,5346.055407401035,中继兜底,R-S04,True
T008,巡航,O01>S004,5346.055407401035,5348.547245015681,中继兜底,R-S04,True
T008,巡航,O01>S004,5348.547245015681,5351.039082630326,中继兜底,R-S04,True
T008,巡航,O01>S004,5351.039082630326,5353.530920244972,中继兜底,R-S04,True
T008,巡航,O01>S004,5353.530920244972,5356.022757859618,中继兜底,R-S04,True
T008,巡航,O01>S004,5356.022757859618,5358.514595474263,中继兜底,R-S04,True
T008,巡航,O01>S004,5358.514595474263,5361.006433088908,中继兜底,R-S04,True
T008,巡航,O01>S004,5361.006433088908,5363.498270703554,中继兜底,R-S04,True
T008,巡航,O01>S004,5363.498270703554,5365.990108318199,中继兜底,R-S04,True
T008,巡航,O01>S004,5365.990108318199,5368.481945932845,中继兜底,R-S04,True
T008,巡航,O01>S004,5368.481945932845,5370.97378354749,中继兜底,R-S04,True
T008,巡航,O01>S004,5370.97378354749,5373.465621162136,中继兜底,R-S04,True
T008,巡航,O01>S004,5373.465621162136,5375.957458776781,中继兜底,R-S04,True
T008,巡航,O01>S004,5375.957458776781,5378.449296391426,中继兜底,R-S04,True
T008,巡航,O01>S004,5378.449296391426,5380.941134006072,中继兜底,R-S04,True
T008,巡航,O01>S004,5380.941134006072,5383.432971620718,中继兜底,R-S04,True
T008,巡航,O01>S004,5383.432971620718,5385.924809235363,中继兜底,R-S04,True
T008,巡航,O01>S004,5385.924809235363,5388.416646850008,中继兜底,R-S04,True
T008,巡航,O01>S004,5388.416646850008,5390.908484464654,中继兜底,R-S04,True
T008,巡航,O01>S004,5390.908484464654,5393.400322079299,中继兜底,R-S04,True
T008,巡航,O01>S004,5393.400322079299,5395.892159693944,中继兜底,R-S04,True
T008,巡航,O01>S004,5395.892159693944,5398.383997308591,中继兜底,R-S04,True
T008,巡航,O01>S004,5398.383997308591,5400.875834923236,中继兜底,R-S04,True
T008,巡航,O01>S004,5400.875834923236,5403.367672537881,中继兜底,R-S04,True
T008,巡航,O01>S004,5403.367672537881,5405.859510152526,中继兜底,R-S04,True
T008,巡航,O01>S004,5405.859510152526,5408.351347767172,中继兜底,R-S04,True
T008,巡航,O01>S004,5408.351347767172,5410.843185381817,中继兜底,R-S04,True
T008,巡航,O01>S004,5410.843185381817,5413.3350229964635,中继兜底,R-S04,True
T008,巡航,O01>S004,5413.3350229964635,5415.826860611109,中继兜底,R-S04,True
T008,巡航,O01>S004,5415.826860611109,5418.318698225754,中继兜底,R-S04,True
T008,巡航,O01>S004,5418.318698225754,5420.810535840399,中继兜底,R-S04,True
T008,巡航,O01>S004,5420.810535840399,5423.302373455045,中继兜底,R-S04,True
T008,巡航,O01>S004,5423.302373455045,5425.79421106969,中继兜底,R-S04,True
T008,巡航,O01>S004,5425.79421106969,5428.286048684336,中继兜底,R-S04,True
T008,巡航,O01>S004,5428.286048684336,5430.777886298982,中继兜底,R-S04,True
T008,巡航,O01>S004,5430.777886298982,5433.269723913627,中继兜底,R-S04,True
T008,巡航,O01>S004,5433.269723913627,5435.761561528272,中继兜底,R-S04,True
T008,巡航,O01>S004,5435.761561528272,5438.253399142917,中继兜底,R-S04,True
T008,巡航,O01>S004,5438.253399142917,5440.745236757563,中继兜底,R-S04,True
T008,巡航,O01>S004,5440.745236757563,5443.237074372209,中继兜底,R-S04,True
T008,巡航,O01>S004,5443.237074372209,5445.728911986854,中继兜底,R-S04,True
T008,巡航,O01>S004,5445.728911986854,5448.2207496015,中继兜底,R-S04,True
T008,巡航,O01>S004,5448.2207496015,5450.712587216145,中继兜底,R-S04,True
T008,巡航,O01>S004,5450.712587216145,5453.20442483079,中继兜底,R-S04,True
T008,巡航,O01>S004,5453.20442483079,5455.696262445435,中继兜底,R-S04,True
T008,巡航,O01>S004,5455.696262445435,5458.1881000600815,中继兜底,R-S04,True
T008,巡航,O01>S004,5458.1881000600815,5460.679937674727,中继兜底,R-S04,True
T008,巡航,O01>S004,5460.679937674727,5463.171775289373,中继兜底,R-S04,True
T008,巡航,O01>S004,5463.171775289373,5465.663612904018,中继兜底,R-S04,True
T008,巡航,O01>S004,5465.663612904018,5468.155450518663,中继兜底,R-S04,True
T008,巡航,O01>S004,5468.155450518663,5470.647288133308,中继兜底,R-S04,True
T008,巡航,O01>S004,5470.647288133308,5473.1391257479545,中继兜底,R-S04,True
T008,巡航,O01>S004,5473.1391257479545,5475.6309633626,中继兜底,R-S04,True
T008,巡航,O01>S004,5475.6309633626,5478.122800977245,中继兜底,R-S04,True
T008,巡航,O01>S004,5478.122800977245,5480.614638591891,中继兜底,R-S04,True
T008,巡航,O01>S004,5480.614638591891,5483.106476206536,中继兜底,R-S04,True
T008,巡航,O01>S004,5483.106476206536,5485.598313821181,中继兜底,R-S04,True
T008,巡航,O01>S004,5485.598313821181,5488.090151435827,中继兜底,R-S04,True
T008,巡航,O01>S004,5488.090151435827,5490.581989050473,中继兜底,R-S04,True
T008,巡航,O01>S004,5490.581989050473,5493.073826665118,中继兜底,R-S04,True
T008,下降,O01>S004,5493.073826665118,5504.403104415769,中继兜底,R-S04,True
T008,下降,O01>S004,5504.403104415769,5515.7323821664195,中继兜底,R-S04,True
T008,下降,O01>S004,5515.7323821664195,5527.061659917071,中继兜底,R-S04,True
T008,下降,O01>S004,5527.061659917071,5538.390937667722,中继兜底,R-S04,True
T008,下降,O01>S004,5538.390937667722,5549.720215418372,中继兜底,R-S04,True
T008,下降,O01>S004,5549.720215418372,5561.049493169024,中继兜底,R-S04,True
T008,投送,S004,5561.049493169024,5771.049493169024,中继兜底,R-S04,True
T008,爬升,S004>O01,5771.049493169024,5780.490557961233,中继兜底,R-S04,True
T008,爬升,S004>O01,5780.490557961233,5789.931622753442,中继兜底,R-S04,True
T008,爬升,S004>O01,5789.931622753442,5799.372687545651,中继兜底,R-S04,True
T008,爬升,S004>O01,5799.372687545651,5808.813752337861,中继兜底,R-S04,True
T008,爬升,S004>O01,5808.813752337861,5818.25481713007,中继兜底,R-S04,True
T008,爬升,S004>O01,5818.25481713007,5827.695881922279,中继兜底,R-S04,True
T008,巡航,S004>O01,5827.695881922279,5830.187719536924,中继兜底,R-S04,True
T008,巡航,S004>O01,5830.187719536924,5832.67955715157,中继兜底,R-S04,True
T008,巡航,S004>O01,5832.67955715157,5835.171394766216,中继兜底,R-S04,True
T008,巡航,S004>O01,5835.171394766216,5837.663232380861,中继兜底,R-S04,True
T008,巡航,S004>O01,5837.663232380861,5840.155069995506,中继兜底,R-S04,True
T008,巡航,S004>O01,5840.155069995506,5842.646907610152,中继兜底,R-S04,True
T008,巡航,S004>O01,5842.646907610152,5845.138745224797,中继兜底,R-S04,True
T008,巡航,S004>O01,5845.138745224797,5847.6305828394425,中继兜底,R-S04,True
T008,巡航,S004>O01,5847.6305828394425,5850.122420454089,中继兜底,R-S04,True
T008,巡航,S004>O01,5850.122420454089,5852.614258068734,中继兜底,R-S04,True
T008,巡航,S004>O01,5852.614258068734,5855.106095683379,中继兜底,R-S04,True
T008,巡航,S004>O01,5855.106095683379,5857.597933298025,中继兜底,R-S04,True
T008,巡航,S004>O01,5857.597933298025,5860.08977091267,中继兜底,R-S04,True
T008,巡航,S004>O01,5860.08977091267,5862.581608527315,中继兜底,R-S04,True
T008,巡航,S004>O01,5862.581608527315,5865.073446141961,中继兜底,R-S04,True
T008,巡航,S004>O01,5865.073446141961,5867.565283756607,中继兜底,R-S04,True
T008,巡航,S004>O01,5867.565283756607,5870.057121371252,中继兜底,R-S04,True
T008,巡航,S004>O01,5870.057121371252,5872.548958985897,中继兜底,R-S04,True
T008,巡航,S004>O01,5872.548958985897,5875.040796600543,中继兜底,R-S04,True
T008,巡航,S004>O01,5875.040796600543,5877.532634215188,中继兜底,R-S04,True
T008,巡航,S004>O01,5877.532634215188,5880.024471829834,中继兜底,R-S04,True
T008,巡航,S004>O01,5880.024471829834,5882.51630944448,中继兜底,R-S04,True
T008,巡航,S004>O01,5882.51630944448,5885.008147059125,中继兜底,R-S04,True
T008,巡航,S004>O01,5885.008147059125,5887.49998467377,中继兜底,R-S04,True
T008,巡航,S004>O01,5887.49998467377,5889.991822288415,中继兜底,R-S04,True
T008,巡航,S004>O01,5889.991822288415,5892.483659903061,中继兜底,R-S04,True
T008,巡航,S004>O01,5892.483659903061,5894.975497517707,中继兜底,R-S04,True
T008,巡航,S004>O01,5894.975497517707,5897.467335132352,中继兜底,R-S04,True
T008,巡航,S004>O01,5897.467335132352,5899.959172746998,中继兜底,R-S04,True
T008,巡航,S004>O01,5899.959172746998,5902.451010361643,中继兜底,R-S04,True
T008,巡航,S004>O01,5902.451010361643,5904.942847976288,中继兜底,R-S04,True
T008,巡航,S004>O01,5904.942847976288,5907.434685590934,中继兜底,R-S04,True
T008,巡航,S004>O01,5907.434685590934,5909.9265232055795,中继兜底,R-S04,True
T008,巡航,S004>O01,5909.9265232055795,5912.418360820225,中继兜底,R-S04,True
T008,巡航,S004>O01,5912.418360820225,5914.91019843487,中继兜底,R-S04,True
T008,巡航,S004>O01,5914.91019843487,5917.402036049516,中继兜底,R-S04,True
T008,巡航,S004>O01,5917.402036049516,5919.893873664161,中继兜底,R-S04,True
T008,巡航,S004>O01,5919.893873664161,5922.385711278806,中继兜底,R-S04,True
T008,巡航,S004>O01,5922.385711278806,5924.8775488934525,中继兜底,R-S04,True
T008,巡航,S004>O01,5924.8775488934525,5927.369386508098,中继兜底,R-S04,True
T008,巡航,S004>O01,5927.369386508098,5929.861224122743,中继兜底,R-S04,True
T008,巡航,S004>O01,5929.861224122743,5932.353061737389,中继兜底,R-S04,True
T008,巡航,S004>O01,5932.353061737389,5934.844899352034,中继兜底,R-S04,True
T008,巡航,S004>O01,5934.844899352034,5937.336736966679,中继兜底,R-S04,True
T008,巡航,S004>O01,5937.336736966679,5939.828574581325,中继兜底,R-S04,True
T008,巡航,S004>O01,5939.828574581325,5942.320412195971,中继兜底,R-S04,True
T008,巡航,S004>O01,5942.320412195971,5944.812249810616,中继兜底,R-S04,True
T008,巡航,S004>O01,5944.812249810616,5947.304087425261,中继兜底,R-S04,True
T008,巡航,S004>O01,5947.304087425261,5949.795925039907,中继兜底,R-S04,True
T008,巡航,S004>O01,5949.795925039907,5952.287762654552,中继兜底,R-S04,True
T008,巡航,S004>O01,5952.287762654552,5954.7796002691975,中继兜底,R-S04,True
T008,巡航,S004>O01,5954.7796002691975,5957.271437883844,中继兜底,R-S04,True
T008,巡航,S004>O01,5957.271437883844,5959.763275498489,中继兜底,R-S04,True
T008,巡航,S004>O01,5959.763275498489,5962.255113113134,中继兜底,R-S04,True
T008,巡航,S004>O01,5962.255113113134,5964.746950727779,中继兜底,R-S04,True
T008,巡航,S004>O01,5964.746950727779,5967.238788342425,中继兜底,R-S04,True
T008,巡航,S004>O01,5967.238788342425,5969.7306259570705,中继兜底,R-S04,True
T008,巡航,S004>O01,5969.7306259570705,5972.222463571716,中继兜底,R-S04,True
T008,巡航,S004>O01,5972.222463571716,5974.714301186362,中继兜底,R-S04,True
T008,巡航,S004>O01,5974.714301186362,5977.206138801007,中继兜底,R-S04,True
T008,巡航,S004>O01,5977.206138801007,5979.697976415652,中继兜底,R-S04,True
T008,巡航,S004>O01,5979.697976415652,5982.189814030298,中继兜底,R-S04,True
T008,巡航,S004>O01,5982.189814030298,5984.6816516449435,中继兜底,R-S04,True
T008,巡航,S004>O01,5984.6816516449435,5987.173489259589,中继兜底,R-S04,True
T008,巡航,S004>O01,5987.173489259589,5989.665326874234,中继兜底,R-S04,True
T008,巡航,S004>O01,5989.665326874234,5992.15716448888,中继兜底,R-S04,True
T008,巡航,S004>O01,5992.15716448888,5994.649002103525,中继兜底,R-S04,True
T008,巡航,S004>O01,5994.649002103525,5997.14083971817,中继兜底,R-S04,True
T008,巡航,S004>O01,5997.14083971817,5999.6326773328165,中继兜底,R-S04,True
T008,巡航,S004>O01,5999.6326773328165,6002.124514947462,中继兜底,R-S04,True
T008,巡航,S004>O01,6002.124514947462,6004.616352562107,中继兜底,R-S04,True
T008,巡航,S004>O01,6004.616352562107,6007.108190176752,中继兜底,R-S04,True
T008,巡航,S004>O01,6007.108190176752,6009.600027791398,直连,,True
T008,巡航,S004>O01,6009.600027791398,6012.091865406043,直连,,True
T008,巡航,S004>O01,6012.091865406043,6014.5837030206885,直连,,True
T008,巡航,S004>O01,6014.5837030206885,6017.075540635335,直连,,True
T008,巡航,S004>O01,6017.075540635335,6019.56737824998,直连,,True
T008,巡航,S004>O01,6019.56737824998,6022.059215864625,直连,,True
T008,巡航,S004>O01,6022.059215864625,6024.551053479271,直连,,True
T008,巡航,S004>O01,6024.551053479271,6027.042891093916,直连,,True
T008,巡航,S004>O01,6027.042891093916,6029.5347287085615,直连,,True
T008,巡航,S004>O01,6029.5347287085615,6032.026566323207,直连,,True
T008,巡航,S004>O01,6032.026566323207,6034.518403937853,直连,,True
T008,巡航,S004>O01,6034.518403937853,6037.010241552498,直连,,True
T008,巡航,S004>O01,6037.010241552498,6039.502079167143,直连,,True
T008,巡航,S004>O01,6039.502079167143,6041.993916781789,直连,,True
T008,巡航,S004>O01,6041.993916781789,6044.4857543964345,直连,,True
T008,巡航,S004>O01,6044.4857543964345,6046.97759201108,直连,,True
T008,巡航,S004>O01,6046.97759201108,6049.469429625726,直连,,True
T008,巡航,S004>O01,6049.469429625726,6051.961267240371,直连,,True
T008,巡航,S004>O01,6051.961267240371,6054.453104855016,直连,,True
T008,巡航,S004>O01,6054.453104855016,6056.944942469661,直连,,True
T008,巡航,S004>O01,6056.944942469661,6059.436780084307,直连,,True
T008,巡航,S004>O01,6059.436780084307,6061.928617698953,直连,,True
T008,巡航,S004>O01,6061.928617698953,6064.420455313598,直连,,True
T008,巡航,S004>O01,6064.420455313598,6066.912292928244,直连,,True
T008,巡航,S004>O01,6066.912292928244,6069.404130542889,直连,,True
T008,巡航,S004>O01,6069.404130542889,6071.895968157534,直连,,True
T008,巡航,S004>O01,6071.895968157534,6074.38780577218,直连,,True
T008,巡航,S004>O01,6074.38780577218,6076.879643386826,直连,,True
T008,巡航,S004>O01,6076.879643386826,6079.371481001471,直连,,True
T008,巡航,S004>O01,6079.371481001471,6081.863318616116,直连,,True
T008,巡航,S004>O01,6081.863318616116,6084.355156230762,直连,,True
T008,巡航,S004>O01,6084.355156230762,6086.846993845407,直连,,True
T008,巡航,S004>O01,6086.846993845407,6089.3388314600525,直连,,True
T008,巡航,S004>O01,6089.3388314600525,6091.830669074699,直连,,True
T008,巡航,S004>O01,6091.830669074699,6094.322506689344,直连,,True
T008,巡航,S004>O01,6094.322506689344,6096.814344303989,直连,,True
T008,巡航,S004>O01,6096.814344303989,6099.306181918635,直连,,True
T008,巡航,S004>O01,6099.306181918635,6101.79801953328,直连,,True
T008,巡航,S004>O01,6101.79801953328,6104.289857147925,直连,,True
T008,巡航,S004>O01,6104.289857147925,6106.781694762571,直连,,True
T008,巡航,S004>O01,6106.781694762571,6109.273532377217,直连,,True
T008,巡航,S004>O01,6109.273532377217,6111.765369991862,直连,,True
T008,巡航,S004>O01,6111.765369991862,6114.257207606507,直连,,True
T008,巡航,S004>O01,6114.257207606507,6116.749045221153,直连,,True
T008,巡航,S004>O01,6116.749045221153,6119.240882835798,直连,,True
T008,巡航,S004>O01,6119.240882835798,6121.732720450444,直连,,True
T008,巡航,S004>O01,6121.732720450444,6124.224558065089,直连,,True
T008,巡航,S004>O01,6124.224558065089,6126.716395679735,直连,,True
T008,巡航,S004>O01,6126.716395679735,6129.20823329438,直连,,True
T008,巡航,S004>O01,6129.20823329438,6131.700070909025,直连,,True
T008,巡航,S004>O01,6131.700070909025,6134.191908523671,直连,,True
T008,巡航,S004>O01,6134.191908523671,6136.683746138317,直连,,True
T008,巡航,S004>O01,6136.683746138317,6139.175583752962,直连,,True
T008,巡航,S004>O01,6139.175583752962,6141.667421367608,直连,,True
T008,巡航,S004>O01,6141.667421367608,6144.159258982253,直连,,True
T008,巡航,S004>O01,6144.159258982253,6146.651096596898,直连,,True
T008,巡航,S004>O01,6146.651096596898,6149.142934211544,直连,,True
T008,巡航,S004>O01,6149.142934211544,6151.6347718261895,直连,,True
T008,巡航,S004>O01,6151.6347718261895,6154.126609440835,直连,,True
T008,巡航,S004>O01,6154.126609440835,6156.61844705548,直连,,True
T008,巡航,S004>O01,6156.61844705548,6159.110284670126,直连,,True
T008,巡航,S004>O01,6159.110284670126,6161.602122284771,直连,,True
T008,巡航,S004>O01,6161.602122284771,6164.093959899416,直连,,True
T008,巡航,S004>O01,6164.093959899416,6166.5857975140625,直连,,True
T008,巡航,S004>O01,6166.5857975140625,6169.077635128708,直连,,True
T008,巡航,S004>O01,6169.077635128708,6171.569472743353,直连,,True
T008,巡航,S004>O01,6171.569472743353,6174.061310357998,直连,,True
T008,巡航,S004>O01,6174.061310357998,6176.553147972644,直连,,True
T008,巡航,S004>O01,6176.553147972644,6179.044985587289,直连,,True
T008,巡航,S004>O01,6179.044985587289,6181.536823201935,直连,,True
T008,巡航,S004>O01,6181.536823201935,6184.028660816581,直连,,True
T008,巡航,S004>O01,6184.028660816581,6186.520498431226,直连,,True
T008,巡航,S004>O01,6186.520498431226,6189.012336045871,直连,,True
T008,巡航,S004>O01,6189.012336045871,6191.504173660517,直连,,True
T008,巡航,S004>O01,6191.504173660517,6193.996011275162,直连,,True
T008,巡航,S004>O01,6193.996011275162,6196.4878488898075,直连,,True
T008,巡航,S004>O01,6196.4878488898075,6198.979686504454,直连,,True
T008,巡航,S004>O01,6198.979686504454,6201.471524119099,直连,,True
T008,巡航,S004>O01,6201.471524119099,6203.963361733744,直连,,True
T008,巡航,S004>O01,6203.963361733744,6206.455199348389,直连,,True
T008,巡航,S004>O01,6206.455199348389,6208.947036963035,直连,,True
T008,巡航,S004>O01,6208.947036963035,6211.4388745776805,直连,,True
T008,巡航,S004>O01,6211.4388745776805,6213.930712192326,直连,,True
T008,巡航,S004>O01,6213.930712192326,6216.422549806972,直连,,True
T008,巡航,S004>O01,6216.422549806972,6218.914387421617,直连,,True
T008,巡航,S004>O01,6218.914387421617,6221.406225036262,直连,,True
T008,巡航,S004>O01,6221.406225036262,6223.898062650907,直连,,True
T008,巡航,S004>O01,6223.898062650907,6226.3899002655535,直连,,True
T008,巡航,S004>O01,6226.3899002655535,6228.881737880199,直连,,True
T008,巡航,S004>O01,6228.881737880199,6231.373575494844,直连,,True
T008,巡航,S004>O01,6231.373575494844,6233.86541310949,直连,,True
T008,巡航,S004>O01,6233.86541310949,6236.357250724135,直连,,True
T008,巡航,S004>O01,6236.357250724135,6238.84908833878,直连,,True
T008,巡航,S004>O01,6238.84908833878,6241.340925953426,直连,,True
T008,巡航,S004>O01,6241.340925953426,6243.832763568072,直连,,True
T008,巡航,S004>O01,6243.832763568072,6246.324601182717,直连,,True
T008,巡航,S004>O01,6246.324601182717,6248.816438797363,直连,,True
T008,巡航,S004>O01,6248.816438797363,6251.308276412008,直连,,True
T008,巡航,S004>O01,6251.308276412008,6253.800114026653,直连,,True
T008,巡航,S004>O01,6253.800114026653,6256.2919516412985,直连,,True
T008,巡航,S004>O01,6256.2919516412985,6258.783789255945,直连,,True
T008,巡航,S004>O01,6258.783789255945,6261.27562687059,直连,,True
T008,巡航,S004>O01,6261.27562687059,6263.767464485235,直连,,True
T008,巡航,S004>O01,6263.767464485235,6266.259302099881,直连,,True
T008,巡航,S004>O01,6266.259302099881,6268.751139714526,直连,,True
T008,巡航,S004>O01,6268.751139714526,6271.2429773291715,直连,,True
T008,巡航,S004>O01,6271.2429773291715,6273.734814943817,直连,,True
T008,巡航,S004>O01,6273.734814943817,6276.226652558463,直连,,True
T008,巡航,S004>O01,6276.226652558463,6278.718490173108,直连,,True
T008,巡航,S004>O01,6278.718490173108,6281.210327787753,直连,,True
T008,巡航,S004>O01,6281.210327787753,6283.702165402399,直连,,True
T008,巡航,S004>O01,6283.702165402399,6286.194003017044,直连,,True
T008,巡航,S004>O01,6286.194003017044,6288.68584063169,直连,,True
T008,巡航,S004>O01,6288.68584063169,6291.177678246335,直连,,True
T008,巡航,S004>O01,6291.177678246335,6293.669515860981,直连,,True
T008,巡航,S004>O01,6293.669515860981,6296.161353475626,直连,,True
T008,巡航,S004>O01,6296.161353475626,6298.653191090271,直连,,True
T008,巡航,S004>O01,6298.653191090271,6301.145028704917,直连,,True
T008,巡航,S004>O01,6301.145028704917,6303.636866319563,直连,,True
T008,巡航,S004>O01,6303.636866319563,6306.128703934208,直连,,True
T008,巡航,S004>O01,6306.128703934208,6308.620541548854,直连,,True
T008,巡航,S004>O01,6308.620541548854,6311.112379163499,直连,,True
T008,巡航,S004>O01,6311.112379163499,6313.604216778144,直连,,True
T008,巡航,S004>O01,6313.604216778144,6316.09605439279,直连,,True
T008,巡航,S004>O01,6316.09605439279,6318.587892007436,直连,,True
T008,巡航,S004>O01,6318.587892007436,6321.079729622081,直连,,True
T008,巡航,S004>O01,6321.079729622081,6323.571567236726,直连,,True
T008,巡航,S004>O01,6323.571567236726,6326.063404851372,直连,,True
T008,巡航,S004>O01,6326.063404851372,6328.555242466017,直连,,True
T008,巡航,S004>O01,6328.555242466017,6331.047080080662,直连,,True
T008,巡航,S004>O01,6331.047080080662,6333.538917695309,直连,,True
T008,巡航,S004>O01,6333.538917695309,6336.030755309954,直连,,True
T008,巡航,S004>O01,6336.030755309954,6338.522592924599,直连,,True
T008,巡航,S004>O01,6338.522592924599,6341.014430539244,直连,,True
T008,巡航,S004>O01,6341.014430539244,6343.50626815389,直连,,True
T008,巡航,S004>O01,6343.50626815389,6345.998105768535,直连,,True
T008,巡航,S004>O01,6345.998105768535,6348.489943383181,直连,,True
T008,巡航,S004>O01,6348.489943383181,6350.981780997827,直连,,True
T008,巡航,S004>O01,6350.981780997827,6353.473618612472,直连,,True
T008,巡航,S004>O01,6353.473618612472,6355.965456227117,直连,,True
T008,巡航,S004>O01,6355.965456227117,6358.457293841763,直连,,True
T008,巡航,S004>O01,6358.457293841763,6360.949131456408,直连,,True
T008,巡航,S004>O01,6360.949131456408,6363.440969071054,直连,,True
T008,巡航,S004>O01,6363.440969071054,6365.9328066857,直连,,True
T008,巡航,S004>O01,6365.9328066857,6368.424644300345,直连,,True
T008,巡航,S004>O01,6368.424644300345,6370.91648191499,直连,,True
T008,巡航,S004>O01,6370.91648191499,6373.408319529635,直连,,True
T008,巡航,S004>O01,6373.408319529635,6375.900157144281,直连,,True
T008,巡航,S004>O01,6375.900157144281,6378.391994758927,直连,,True
T008,巡航,S004>O01,6378.391994758927,6380.883832373572,直连,,True
T008,巡航,S004>O01,6380.883832373572,6383.375669988218,直连,,True
T008,巡航,S004>O01,6383.375669988218,6385.867507602863,直连,,True
T008,巡航,S004>O01,6385.867507602863,6388.359345217508,直连,,True
T008,巡航,S004>O01,6388.359345217508,6390.851182832153,直连,,True
T008,巡航,S004>O01,6390.851182832153,6393.3430204467995,直连,,True
T008,巡航,S004>O01,6393.3430204467995,6395.834858061445,直连,,True
T008,巡航,S004>O01,6395.834858061445,6398.32669567609,直连,,True
T008,巡航,S004>O01,6398.32669567609,6400.818533290736,直连,,True
T008,巡航,S004>O01,6400.818533290736,6403.310370905381,直连,,True
T008,巡航,S004>O01,6403.310370905381,6405.802208520026,直连,,True
T008,巡航,S004>O01,6405.802208520026,6408.2940461346725,直连,,True
T008,巡航,S004>O01,6408.2940461346725,6410.785883749318,直连,,True
T008,巡航,S004>O01,6410.785883749318,6413.277721363963,直连,,True
T008,巡航,S004>O01,6413.277721363963,6415.769558978608,直连,,True
T008,巡航,S004>O01,6415.769558978608,6418.261396593254,直连,,True
T008,巡航,S004>O01,6418.261396593254,6420.753234207899,直连,,True
T008,巡航,S004>O01,6420.753234207899,6423.245071822545,直连,,True
T008,巡航,S004>O01,6423.245071822545,6425.736909437191,直连,,True
T008,巡航,S004>O01,6425.736909437191,6428.228747051836,直连,,True
T008,巡航,S004>O01,6428.228747051836,6430.720584666481,直连,,True
T008,巡航,S004>O01,6430.720584666481,6433.212422281127,直连,,True
T008,巡航,S004>O01,6433.212422281127,6435.704259895772,直连,,True
T008,巡航,S004>O01,6435.704259895772,6438.1960975104175,直连,,True
T008,巡航,S004>O01,6438.1960975104175,6440.687935125063,直连,,True
T008,巡航,S004>O01,6440.687935125063,6443.179772739709,直连,,True
T008,巡航,S004>O01,6443.179772739709,6445.671610354354,直连,,True
T008,巡航,S004>O01,6445.671610354354,6448.163447968999,直连,,True
T008,巡航,S004>O01,6448.163447968999,6450.655285583645,直连,,True
T008,巡航,S004>O01,6450.655285583645,6453.1471231982905,直连,,True
T008,巡航,S004>O01,6453.1471231982905,6455.638960812936,直连,,True
T008,巡航,S004>O01,6455.638960812936,6458.130798427581,直连,,True
T008,巡航,S004>O01,6458.130798427581,6460.622636042227,直连,,True
T008,巡航,S004>O01,6460.622636042227,6463.114473656872,直连,,True
T008,巡航,S004>O01,6463.114473656872,6465.606311271517,直连,,True
T008,巡航,S004>O01,6465.606311271517,6468.0981488861635,直连,,True
T008,巡航,S004>O01,6468.0981488861635,6470.589986500809,直连,,True
T008,下降,S004>O01,6470.589986500809,6481.4115531512,直连,,True
T008,下降,S004>O01,6481.4115531512,6492.23311980159,直连,,True
T008,下降,S004>O01,6492.23311980159,6503.05468645198,直连,,True
T008,下降,S004>O01,6503.05468645198,6513.876253102371,直连,,True
T008,下降,S004>O01,6513.876253102371,6524.697819752762,直连,,True
T008,下降,S004>O01,6524.697819752762,6535.519386403153,直连,,True
T008,下降,S004>O01,6535.519386403153,6546.340953053543,直连,,True
T008,下降,S004>O01,6546.340953053543,6557.162519703934,直连,,True
T008,下降,S004>O01,6557.162519703934,6567.984086354325,直连,,True
T008,下降,S004>O01,6567.984086354325,6578.805653004715,直连,,True
T009,爬升,O01>S004,5349.0,5359.821566650391,直连,,True
T009,爬升,O01>S004,5359.821566650391,5370.643133300781,直连,,True
T009,爬升,O01>S004,5370.643133300781,5381.4646999511715,直连,,True
T009,爬升,O01>S004,5381.4646999511715,5392.286266601563,直连,,True
T009,爬升,O01>S004,5392.286266601563,5403.107833251954,直连,,True
T009,爬升,O01>S004,5403.107833251954,5413.929399902344,直连,,True
T009,爬升,O01>S004,5413.929399902344,5424.750966552734,直连,,True
T009,爬升,O01>S004,5424.750966552734,5435.572533203125,直连,,True
T009,爬升,O01>S004,5435.572533203125,5446.394099853516,直连,,True
T009,爬升,O01>S004,5446.394099853516,5457.2156665039065,直连,,True
T009,巡航,O01>S004,5457.2156665039065,5459.209136595623,直连,,True
T009,巡航,O01>S004,5459.209136595623,5461.2026066873395,直连,,True
T009,巡航,O01>S004,5461.2026066873395,5463.196076779056,直连,,True
T009,巡航,O01>S004,5463.196076779056,5465.189546870772,直连,,True
T009,巡航,O01>S004,5465.189546870772,5467.183016962488,直连,,True
T009,巡航,O01>S004,5467.183016962488,5469.176487054205,直连,,True
T009,巡航,O01>S004,5469.176487054205,5471.169957145921,直连,,True
T009,巡航,O01>S004,5471.169957145921,5473.163427237638,直连,,True
T009,巡航,O01>S004,5473.163427237638,5475.156897329354,直连,,True
T009,巡航,O01>S004,5475.156897329354,5477.15036742107,直连,,True
T009,巡航,O01>S004,5477.15036742107,5479.143837512786,直连,,True
T009,巡航,O01>S004,5479.143837512786,5481.137307604503,直连,,True
T009,巡航,O01>S004,5481.137307604503,5483.130777696219,直连,,True
T009,巡航,O01>S004,5483.130777696219,5485.124247787936,直连,,True
T009,巡航,O01>S004,5485.124247787936,5487.117717879652,直连,,True
T009,巡航,O01>S004,5487.117717879652,5489.111187971368,直连,,True
T009,巡航,O01>S004,5489.111187971368,5491.104658063085,直连,,True
T009,巡航,O01>S004,5491.104658063085,5493.098128154801,直连,,True
T009,巡航,O01>S004,5493.098128154801,5495.091598246518,直连,,True
T009,巡航,O01>S004,5495.091598246518,5497.085068338234,直连,,True
T009,巡航,O01>S004,5497.085068338234,5499.078538429951,直连,,True
T009,巡航,O01>S004,5499.078538429951,5501.072008521667,直连,,True
T009,巡航,O01>S004,5501.072008521667,5503.065478613383,直连,,True
T009,巡航,O01>S004,5503.065478613383,5505.058948705099,直连,,True
T009,巡航,O01>S004,5505.058948705099,5507.052418796816,直连,,True
T009,巡航,O01>S004,5507.052418796816,5509.045888888532,直连,,True
T009,巡航,O01>S004,5509.045888888532,5511.039358980249,直连,,True
T009,巡航,O01>S004,5511.039358980249,5513.032829071965,直连,,True
T009,巡航,O01>S004,5513.032829071965,5515.026299163681,直连,,True
T009,巡航,O01>S004,5515.026299163681,5517.0197692553975,直连,,True
T009,巡航,O01>S004,5517.0197692553975,5519.013239347114,直连,,True
T009,巡航,O01>S004,5519.013239347114,5521.0067094388305,直连,,True
T009,巡航,O01>S004,5521.0067094388305,5523.000179530547,直连,,True
T009,巡航,O01>S004,5523.000179530547,5524.993649622264,直连,,True
T009,巡航,O01>S004,5524.993649622264,5526.987119713979,直连,,True
T009,巡航,O01>S004,5526.987119713979,5528.980589805696,直连,,True
T009,巡航,O01>S004,5528.980589805696,5530.974059897412,直连,,True
T009,巡航,O01>S004,5530.974059897412,5532.967529989129,直连,,True
T009,巡航,O01>S004,5532.967529989129,5534.961000080845,直连,,True
T009,巡航,O01>S004,5534.961000080845,5536.954470172562,直连,,True
T009,巡航,O01>S004,5536.954470172562,5538.947940264277,直连,,True
T009,巡航,O01>S004,5538.947940264277,5540.941410355994,直连,,True
T009,巡航,O01>S004,5540.941410355994,5542.93488044771,直连,,True
T009,巡航,O01>S004,5542.93488044771,5544.928350539427,直连,,True
T009,巡航,O01>S004,5544.928350539427,5546.921820631143,直连,,True
T009,巡航,O01>S004,5546.921820631143,5548.91529072286,直连,,True
T009,巡航,O01>S004,5548.91529072286,5550.908760814576,直连,,True
T009,巡航,O01>S004,5550.908760814576,5552.902230906292,直连,,True
T009,巡航,O01>S004,5552.902230906292,5554.895700998009,直连,,True
T009,巡航,O01>S004,5554.895700998009,5556.889171089725,直连,,True
T009,巡航,O01>S004,5556.889171089725,5558.882641181442,直连,,True
T009,巡航,O01>S004,5558.882641181442,5560.876111273158,直连,,True
T009,巡航,O01>S004,5560.876111273158,5562.869581364875,直连,,True
T009,巡航,O01>S004,5562.869581364875,5564.86305145659,直连,,True
T009,巡航,O01>S004,5564.86305145659,5566.856521548307,直连,,True
T009,巡航,O01>S004,5566.856521548307,5568.849991640023,直连,,True
T009,巡航,O01>S004,5568.849991640023,5570.84346173174,直连,,True
T009,巡航,O01>S004,5570.84346173174,5572.836931823456,直连,,True
T009,巡航,O01>S004,5572.836931823456,5574.830401915173,直连,,True
T009,巡航,O01>S004,5574.830401915173,5576.823872006888,直连,,True
T009,巡航,O01>S004,5576.823872006888,5578.817342098605,直连,,True
T009,巡航,O01>S004,5578.817342098605,5580.8108121903215,直连,,True
T009,巡航,O01>S004,5580.8108121903215,5582.804282282038,直连,,True
T009,巡航,O01>S004,5582.804282282038,5584.7977523737545,直连,,True
T009,巡航,O01>S004,5584.7977523737545,5586.791222465471,直连,,True
T009,巡航,O01>S004,5586.791222465471,5588.784692557188,直连,,True
T009,巡航,O01>S004,5588.784692557188,5590.778162648903,直连,,True
T009,巡航,O01>S004,5590.778162648903,5592.77163274062,直连,,True
T009,巡航,O01>S004,5592.77163274062,5594.765102832336,直连,,True
T009,巡航,O01>S004,5594.765102832336,5596.758572924053,直连,,True
T009,巡航,O01>S004,5596.758572924053,5598.752043015769,直连,,True
T009,巡航,O01>S004,5598.752043015769,5600.745513107486,直连,,True
T009,巡航,O01>S004,5600.745513107486,5602.738983199201,直连,,True
T009,巡航,O01>S004,5602.738983199201,5604.732453290918,直连,,True
T009,巡航,O01>S004,5604.732453290918,5606.725923382634,直连,,True
T009,巡航,O01>S004,5606.725923382634,5608.719393474351,直连,,True
T009,巡航,O01>S004,5608.719393474351,5610.712863566067,直连,,True
T009,巡航,O01>S004,5610.712863566067,5612.706333657784,直连,,True
T009,巡航,O01>S004,5612.706333657784,5614.6998037495,直连,,True
T009,巡航,O01>S004,5614.6998037495,5616.693273841216,直连,,True
T009,巡航,O01>S004,5616.693273841216,5618.686743932933,直连,,True
T009,巡航,O01>S004,5618.686743932933,5620.680214024649,直连,,True
T009,巡航,O01>S004,5620.680214024649,5622.673684116366,直连,,True
T009,巡航,O01>S004,5622.673684116366,5624.667154208082,直连,,True
T009,巡航,O01>S004,5624.667154208082,5626.660624299798,直连,,True
T009,巡航,O01>S004,5626.660624299798,5628.654094391514,直连,,True
T009,巡航,O01>S004,5628.654094391514,5630.647564483231,直连,,True
T009,巡航,O01>S004,5630.647564483231,5632.641034574947,直连,,True
T009,巡航,O01>S004,5632.641034574947,5634.634504666664,直连,,True
T009,巡航,O01>S004,5634.634504666664,5636.62797475838,直连,,True
T009,巡航,O01>S004,5636.62797475838,5638.621444850097,直连,,True
T009,巡航,O01>S004,5638.621444850097,5640.6149149418125,直连,,True
T009,巡航,O01>S004,5640.6149149418125,5642.608385033529,直连,,True
T009,巡航,O01>S004,5642.608385033529,5644.6018551252455,直连,,True
T009,巡航,O01>S004,5644.6018551252455,5646.595325216962,直连,,True
T009,巡航,O01>S004,5646.595325216962,5648.5887953086785,直连,,True
T009,巡航,O01>S004,5648.5887953086785,5650.582265400395,直连,,True
T009,巡航,O01>S004,5650.582265400395,5652.575735492111,直连,,True
T009,巡航,O01>S004,5652.575735492111,5654.569205583827,直连,,True
T009,巡航,O01>S004,5654.569205583827,5656.562675675544,直连,,True
T009,巡航,O01>S004,5656.562675675544,5658.55614576726,直连,,True
T009,巡航,O01>S004,5658.55614576726,5660.549615858977,直连,,True
T009,巡航,O01>S004,5660.549615858977,5662.543085950693,直连,,True
T009,巡航,O01>S004,5662.543085950693,5664.536556042409,直连,,True
T009,巡航,O01>S004,5664.536556042409,5666.530026134125,直连,,True
T009,巡航,O01>S004,5666.530026134125,5668.523496225842,直连,,True
T009,巡航,O01>S004,5668.523496225842,5670.516966317558,直连,,True
T009,巡航,O01>S004,5670.516966317558,5672.510436409275,直连,,True
T009,巡航,O01>S004,5672.510436409275,5674.503906500991,直连,,True
T009,巡航,O01>S004,5674.503906500991,5676.497376592708,直连,,True
T009,巡航,O01>S004,5676.497376592708,5678.490846684424,直连,,True
T009,巡航,O01>S004,5678.490846684424,5680.48431677614,直连,,True
T009,巡航,O01>S004,5680.48431677614,5682.477786867857,直连,,True
T009,巡航,O01>S004,5682.477786867857,5684.471256959573,直连,,True
T009,巡航,O01>S004,5684.471256959573,5686.46472705129,直连,,True
T009,巡航,O01>S004,5686.46472705129,5688.458197143006,直连,,True
T009,巡航,O01>S004,5688.458197143006,5690.451667234722,直连,,True
T009,巡航,O01>S004,5690.451667234722,5692.445137326438,直连,,True
T009,巡航,O01>S004,5692.445137326438,5694.438607418155,直连,,True
T009,巡航,O01>S004,5694.438607418155,5696.432077509871,直连,,True
T009,巡航,O01>S004,5696.432077509871,5698.425547601588,直连,,True
T009,巡航,O01>S004,5698.425547601588,5700.419017693304,直连,,True
T009,巡航,O01>S004,5700.419017693304,5702.41248778502,直连,,True
T009,巡航,O01>S004,5702.41248778502,5704.4059578767365,直连,,True
T009,巡航,O01>S004,5704.4059578767365,5706.399427968453,直连,,True
T009,巡航,O01>S004,5706.399427968453,5708.3928980601695,直连,,True
T009,巡航,O01>S004,5708.3928980601695,5710.386368151886,直连,,True
T009,巡航,O01>S004,5710.386368151886,5712.3798382436025,直连,,True
T009,巡航,O01>S004,5712.3798382436025,5714.373308335318,直连,,True
T009,巡航,O01>S004,5714.373308335318,5716.366778427035,直连,,True
T009,巡航,O01>S004,5716.366778427035,5718.360248518751,直连,,True
T009,巡航,O01>S004,5718.360248518751,5720.353718610468,直连,,True
T009,巡航,O01>S004,5720.353718610468,5722.347188702184,直连,,True
T009,巡航,O01>S004,5722.347188702184,5724.340658793901,直连,,True
T009,巡航,O01>S004,5724.340658793901,5726.334128885617,直连,,True
T009,巡航,O01>S004,5726.334128885617,5728.327598977333,直连,,True
T009,巡航,O01>S004,5728.327598977333,5730.321069069049,直连,,True
T009,巡航,O01>S004,5730.321069069049,5732.314539160766,直连,,True
T009,巡航,O01>S004,5732.314539160766,5734.308009252482,直连,,True
T009,巡航,O01>S004,5734.308009252482,5736.301479344199,直连,,True
T009,巡航,O01>S004,5736.301479344199,5738.294949435915,直连,,True
T009,巡航,O01>S004,5738.294949435915,5740.288419527631,直连,,True
T009,巡航,O01>S004,5740.288419527631,5742.281889619348,直连,,True
T009,巡航,O01>S004,5742.281889619348,5744.275359711064,直连,,True
T009,巡航,O01>S004,5744.275359711064,5746.268829802781,直连,,True
T009,巡航,O01>S004,5746.268829802781,5748.262299894497,直连,,True
T009,巡航,O01>S004,5748.262299894497,5750.255769986214,直连,,True
T009,巡航,O01>S004,5750.255769986214,5752.24924007793,直连,,True
T009,巡航,O01>S004,5752.24924007793,5754.242710169646,直连,,True
T009,巡航,O01>S004,5754.242710169646,5756.236180261362,直连,,True
T009,巡航,O01>S004,5756.236180261362,5758.229650353079,直连,,True
T009,巡航,O01>S004,5758.229650353079,5760.223120444795,直连,,True
T009,巡航,O01>S004,5760.223120444795,5762.216590536512,直连,,True
T009,巡航,O01>S004,5762.216590536512,5764.210060628227,直连,,True
T009,巡航,O01>S004,5764.210060628227,5766.203530719944,直连,,True
T009,巡航,O01>S004,5766.203530719944,5768.1970008116605,直连,,True
T009,巡航,O01>S004,5768.1970008116605,5770.190470903377,直连,,True
T009,巡航,O01>S004,5770.190470903377,5772.1839409950935,直连,,True
T009,巡航,O01>S004,5772.1839409950935,5774.17741108681,直连,,True
T009,巡航,O01>S004,5774.17741108681,5776.1708811785265,直连,,True
T009,巡航,O01>S004,5776.1708811785265,5778.164351270242,直连,,True
T009,巡航,O01>S004,5778.164351270242,5780.157821361959,直连,,True
T009,巡航,O01>S004,5780.157821361959,5782.151291453675,直连,,True
T009,巡航,O01>S004,5782.151291453675,5784.144761545392,直连,,True
T009,巡航,O01>S004,5784.144761545392,5786.138231637108,直连,,True
T009,巡航,O01>S004,5786.138231637108,5788.131701728825,直连,,True
T009,巡航,O01>S004,5788.131701728825,5790.12517182054,直连,,True
T009,巡航,O01>S004,5790.12517182054,5792.118641912257,直连,,True
T009,巡航,O01>S004,5792.118641912257,5794.112112003973,直连,,True
T009,巡航,O01>S004,5794.112112003973,5796.10558209569,直连,,True
T009,巡航,O01>S004,5796.10558209569,5798.099052187406,直连,,True
T009,巡航,O01>S004,5798.099052187406,5800.092522279123,直连,,True
T009,巡航,O01>S004,5800.092522279123,5802.085992370839,直连,,True
T009,巡航,O01>S004,5802.085992370839,5804.079462462555,直连,,True
T009,巡航,O01>S004,5804.079462462555,5806.072932554272,直连,,True
T009,巡航,O01>S004,5806.072932554272,5808.066402645988,直连,,True
T009,巡航,O01>S004,5808.066402645988,5810.059872737705,直连,,True
T009,巡航,O01>S004,5810.059872737705,5812.053342829421,直连,,True
T009,巡航,O01>S004,5812.053342829421,5814.046812921138,直连,,True
T009,巡航,O01>S004,5814.046812921138,5816.040283012853,直连,,True
T009,巡航,O01>S004,5816.040283012853,5818.03375310457,直连,,True
T009,巡航,O01>S004,5818.03375310457,5820.027223196286,直连,,True
T009,巡航,O01>S004,5820.027223196286,5822.020693288003,直连,,True
T009,巡航,O01>S004,5822.020693288003,5824.014163379719,直连,,True
T009,巡航,O01>S004,5824.014163379719,5826.007633471436,直连,,True
T009,巡航,O01>S004,5826.007633471436,5828.001103563151,直连,,True
T009,巡航,O01>S004,5828.001103563151,5829.994573654868,中继兜底,R-S04,True
T009,巡航,O01>S004,5829.994573654868,5831.9880437465845,中继兜底,R-S04,True
T009,巡航,O01>S004,5831.9880437465845,5833.981513838301,中继兜底,R-S04,True
T009,巡航,O01>S004,5833.981513838301,5835.9749839300175,中继兜底,R-S04,True
T009,巡航,O01>S004,5835.9749839300175,5837.968454021734,中继兜底,R-S04,True
T009,巡航,O01>S004,5837.968454021734,5839.96192411345,中继兜底,R-S04,True
T009,巡航,O01>S004,5839.96192411345,5841.955394205166,中继兜底,R-S04,True
T009,巡航,O01>S004,5841.955394205166,5843.948864296883,中继兜底,R-S04,True
T009,巡航,O01>S004,5843.948864296883,5845.942334388599,中继兜底,R-S04,True
T009,巡航,O01>S004,5845.942334388599,5847.935804480316,中继兜底,R-S04,True
T009,巡航,O01>S004,5847.935804480316,5849.929274572032,中继兜底,R-S04,True
T009,巡航,O01>S004,5849.929274572032,5851.922744663749,中继兜底,R-S04,True
T009,巡航,O01>S004,5851.922744663749,5853.916214755464,中继兜底,R-S04,True
T009,巡航,O01>S004,5853.916214755464,5855.909684847181,中继兜底,R-S04,True
T009,巡航,O01>S004,5855.909684847181,5857.903154938897,中继兜底,R-S04,True
T009,巡航,O01>S004,5857.903154938897,5859.896625030614,中继兜底,R-S04,True
T009,巡航,O01>S004,5859.896625030614,5861.89009512233,中继兜底,R-S04,True
T009,巡航,O01>S004,5861.89009512233,5863.883565214047,中继兜底,R-S04,True
T009,巡航,O01>S004,5863.883565214047,5865.877035305763,中继兜底,R-S04,True
T009,巡航,O01>S004,5865.877035305763,5867.870505397479,中继兜底,R-S04,True
T009,巡航,O01>S004,5867.870505397479,5869.863975489196,中继兜底,R-S04,True
T009,巡航,O01>S004,5869.863975489196,5871.857445580912,中继兜底,R-S04,True
T009,巡航,O01>S004,5871.857445580912,5873.850915672629,中继兜底,R-S04,True
T009,巡航,O01>S004,5873.850915672629,5875.844385764345,中继兜底,R-S04,True
T009,巡航,O01>S004,5875.844385764345,5877.837855856062,中继兜底,R-S04,True
T009,巡航,O01>S004,5877.837855856062,5879.831325947777,中继兜底,R-S04,True
T009,巡航,O01>S004,5879.831325947777,5881.824796039494,中继兜底,R-S04,True
T009,巡航,O01>S004,5881.824796039494,5883.81826613121,中继兜底,R-S04,True
T009,巡航,O01>S004,5883.81826613121,5885.811736222927,中继兜底,R-S04,True
T009,巡航,O01>S004,5885.811736222927,5887.805206314643,中继兜底,R-S04,True
T009,巡航,O01>S004,5887.805206314643,5889.79867640636,中继兜底,R-S04,True
T009,巡航,O01>S004,5889.79867640636,5891.792146498075,中继兜底,R-S04,True
T009,巡航,O01>S004,5891.792146498075,5893.785616589792,中继兜底,R-S04,True
T009,巡航,O01>S004,5893.785616589792,5895.7790866815085,中继兜底,R-S04,True
T009,巡航,O01>S004,5895.7790866815085,5897.772556773225,中继兜底,R-S04,True
T009,巡航,O01>S004,5897.772556773225,5899.7660268649415,中继兜底,R-S04,True
T009,巡航,O01>S004,5899.7660268649415,5901.759496956658,中继兜底,R-S04,True
T009,巡航,O01>S004,5901.759496956658,5903.752967048374,中继兜底,R-S04,True
T009,巡航,O01>S004,5903.752967048374,5905.74643714009,中继兜底,R-S04,True
T009,巡航,O01>S004,5905.74643714009,5907.739907231807,中继兜底,R-S04,True
T009,巡航,O01>S004,5907.739907231807,5909.733377323523,中继兜底,R-S04,True
T009,巡航,O01>S004,5909.733377323523,5911.72684741524,中继兜底,R-S04,True
T009,巡航,O01>S004,5911.72684741524,5913.720317506956,中继兜底,R-S04,True
T009,巡航,O01>S004,5913.720317506956,5915.713787598672,中继兜底,R-S04,True
T009,巡航,O01>S004,5915.713787598672,5917.707257690388,中继兜底,R-S04,True
T009,巡航,O01>S004,5917.707257690388,5919.700727782105,中继兜底,R-S04,True
T009,巡航,O01>S004,5919.700727782105,5921.694197873821,中继兜底,R-S04,True
T009,巡航,O01>S004,5921.694197873821,5923.687667965538,中继兜底,R-S04,True
T009,巡航,O01>S004,5923.687667965538,5925.681138057254,中继兜底,R-S04,True
T009,巡航,O01>S004,5925.681138057254,5927.674608148971,中继兜底,R-S04,True
T009,巡航,O01>S004,5927.674608148971,5929.668078240687,中继兜底,R-S04,True
T009,巡航,O01>S004,5929.668078240687,5931.661548332403,中继兜底,R-S04,True
T009,巡航,O01>S004,5931.661548332403,5933.65501842412,中继兜底,R-S04,True
T009,巡航,O01>S004,5933.65501842412,5935.648488515836,中继兜底,R-S04,True
T009,巡航,O01>S004,5935.648488515836,5937.641958607553,中继兜底,R-S04,True
T009,巡航,O01>S004,5937.641958607553,5939.635428699269,中继兜底,R-S04,True
T009,巡航,O01>S004,5939.635428699269,5941.628898790985,中继兜底,R-S04,True
T009,巡航,O01>S004,5941.628898790985,5943.622368882701,中继兜底,R-S04,True
T009,巡航,O01>S004,5943.622368882701,5945.615838974418,中继兜底,R-S04,True
T009,巡航,O01>S004,5945.615838974418,5947.609309066134,中继兜底,R-S04,True
T009,巡航,O01>S004,5947.609309066134,5949.602779157851,中继兜底,R-S04,True
T009,巡航,O01>S004,5949.602779157851,5951.596249249567,中继兜底,R-S04,True
T009,巡航,O01>S004,5951.596249249567,5953.589719341283,中继兜底,R-S04,True
T009,巡航,O01>S004,5953.589719341283,5955.5831894329995,中继兜底,R-S04,True
T009,巡航,O01>S004,5955.5831894329995,5957.576659524716,中继兜底,R-S04,True
T009,巡航,O01>S004,5957.576659524716,5959.5701296164325,中继兜底,R-S04,True
T009,巡航,O01>S004,5959.5701296164325,5961.563599708149,中继兜底,R-S04,True
T009,巡航,O01>S004,5961.563599708149,5963.5570697998655,中继兜底,R-S04,True
T009,巡航,O01>S004,5963.5570697998655,5965.550539891581,中继兜底,R-S04,True
T009,巡航,O01>S004,5965.550539891581,5967.544009983298,中继兜底,R-S04,True
T009,巡航,O01>S004,5967.544009983298,5969.537480075014,中继兜底,R-S04,True
T009,巡航,O01>S004,5969.537480075014,5971.530950166731,中继兜底,R-S04,True
T009,下降,O01>S004,5971.530950166731,5985.692547355045,中继兜底,R-S04,True
T009,下降,O01>S004,5985.692547355045,5999.854144543358,中继兜底,R-S04,True
T009,下降,O01>S004,5999.854144543358,6014.015741731672,中继兜底,R-S04,True
T009,下降,O01>S004,6014.015741731672,6028.177338919986,中继兜底,R-S04,True
T009,下降,O01>S004,6028.177338919986,6042.3389361083,中继兜底,R-S04,True
T009,下降,O01>S004,6042.3389361083,6056.500533296614,中继兜底,R-S04,True
T009,投送,S004,6056.500533296614,6380.500533296614,中继兜底,R-S04,True
T009,爬升,S004>O01,6380.500533296614,6391.829811047265,中继兜底,R-S04,True
T009,爬升,S004>O01,6391.829811047265,6403.1590887979155,中继兜底,R-S04,True
T009,爬升,S004>O01,6403.1590887979155,6414.488366548567,中继兜底,R-S04,True
T009,爬升,S004>O01,6414.488366548567,6425.817644299218,中继兜底,R-S04,True
T009,爬升,S004>O01,6425.817644299218,6437.146922049868,中继兜底,R-S04,True
T009,爬升,S004>O01,6437.146922049868,6448.47619980052,中继兜底,R-S04,True
T009,巡航,S004>O01,6448.47619980052,6450.469669892236,中继兜底,R-S04,True
T009,巡航,S004>O01,6450.469669892236,6452.463139983953,中继兜底,R-S04,True
T009,巡航,S004>O01,6452.463139983953,6454.456610075669,中继兜底,R-S04,True
T009,巡航,S004>O01,6454.456610075669,6456.450080167385,中继兜底,R-S04,True
T009,巡航,S004>O01,6456.450080167385,6458.443550259101,中继兜底,R-S04,True
T009,巡航,S004>O01,6458.443550259101,6460.437020350818,中继兜底,R-S04,True
T009,巡航,S004>O01,6460.437020350818,6462.430490442534,中继兜底,R-S04,True
T009,巡航,S004>O01,6462.430490442534,6464.423960534251,中继兜底,R-S04,True
T009,巡航,S004>O01,6464.423960534251,6466.417430625967,中继兜底,R-S04,True
T009,巡航,S004>O01,6466.417430625967,6468.410900717683,中继兜底,R-S04,True
T009,巡航,S004>O01,6468.410900717683,6470.4043708094,中继兜底,R-S04,True
T009,巡航,S004>O01,6470.4043708094,6472.397840901116,中继兜底,R-S04,True
T009,巡航,S004>O01,6472.397840901116,6474.391310992833,中继兜底,R-S04,True
T009,巡航,S004>O01,6474.391310992833,6476.384781084549,中继兜底,R-S04,True
T009,巡航,S004>O01,6476.384781084549,6478.378251176266,中继兜底,R-S04,True
T009,巡航,S004>O01,6478.378251176266,6480.371721267981,中继兜底,R-S04,True
T009,巡航,S004>O01,6480.371721267981,6482.365191359698,中继兜底,R-S04,True
T009,巡航,S004>O01,6482.365191359698,6484.358661451414,中继兜底,R-S04,True
T009,巡航,S004>O01,6484.358661451414,6486.352131543131,中继兜底,R-S04,True
T009,巡航,S004>O01,6486.352131543131,6488.345601634847,中继兜底,R-S04,True
T009,巡航,S004>O01,6488.345601634847,6490.339071726564,中继兜底,R-S04,True
T009,巡航,S004>O01,6490.339071726564,6492.332541818279,中继兜底,R-S04,True
T009,巡航,S004>O01,6492.332541818279,6494.326011909996,中继兜底,R-S04,True
T009,巡航,S004>O01,6494.326011909996,6496.3194820017125,中继兜底,R-S04,True
T009,巡航,S004>O01,6496.3194820017125,6498.312952093429,中继兜底,R-S04,True
T009,巡航,S004>O01,6498.312952093429,6500.3064221851455,中继兜底,R-S04,True
T009,巡航,S004>O01,6500.3064221851455,6502.299892276862,中继兜底,R-S04,True
T009,巡航,S004>O01,6502.299892276862,6504.2933623685785,中继兜底,R-S04,True
T009,巡航,S004>O01,6504.2933623685785,6506.286832460294,中继兜底,R-S04,True
T009,巡航,S004>O01,6506.286832460294,6508.280302552011,中继兜底,R-S04,True
T009,巡航,S004>O01,6508.280302552011,6510.273772643727,中继兜底,R-S04,True
T009,巡航,S004>O01,6510.273772643727,6512.267242735444,中继兜底,R-S04,True
T009,巡航,S004>O01,6512.267242735444,6514.26071282716,中继兜底,R-S04,True
T009,巡航,S004>O01,6514.26071282716,6516.254182918877,中继兜底,R-S04,True
T009,巡航,S004>O01,6516.254182918877,6518.247653010592,中继兜底,R-S04,True
T009,巡航,S004>O01,6518.247653010592,6520.241123102309,中继兜底,R-S04,True
T009,巡航,S004>O01,6520.241123102309,6522.234593194025,中继兜底,R-S04,True
T009,巡航,S004>O01,6522.234593194025,6524.228063285742,中继兜底,R-S04,True
T009,巡航,S004>O01,6524.228063285742,6526.221533377458,中继兜底,R-S04,True
T009,巡航,S004>O01,6526.221533377458,6528.215003469175,中继兜底,R-S04,True
T009,巡航,S004>O01,6528.215003469175,6530.2084735608905,中继兜底,R-S04,True
T009,巡航,S004>O01,6530.2084735608905,6532.201943652607,中继兜底,R-S04,True
T009,巡航,S004>O01,6532.201943652607,6534.195413744324,中继兜底,R-S04,True
T009,巡航,S004>O01,6534.195413744324,6536.18888383604,中继兜底,R-S04,True
T009,巡航,S004>O01,6536.18888383604,6538.182353927757,中继兜底,R-S04,True
T009,巡航,S004>O01,6538.182353927757,6540.175824019473,中继兜底,R-S04,True
T009,巡航,S004>O01,6540.175824019473,6542.16929411119,中继兜底,R-S04,True
T009,巡航,S004>O01,6542.16929411119,6544.162764202905,中继兜底,R-S04,True
T009,巡航,S004>O01,6544.162764202905,6546.156234294622,中继兜底,R-S04,True
T009,巡航,S004>O01,6546.156234294622,6548.149704386338,中继兜底,R-S04,True
T009,巡航,S004>O01,6548.149704386338,6550.143174478055,中继兜底,R-S04,True
T009,巡航,S004>O01,6550.143174478055,6552.136644569771,中继兜底,R-S04,True
T009,巡航,S004>O01,6552.136644569771,6554.130114661488,中继兜底,R-S04,True
T009,巡航,S004>O01,6554.130114661488,6556.123584753203,中继兜底,R-S04,True
T009,巡航,S004>O01,6556.123584753203,6558.11705484492,中继兜底,R-S04,True
T009,巡航,S004>O01,6558.11705484492,6560.1105249366365,中继兜底,R-S04,True
T009,巡航,S004>O01,6560.1105249366365,6562.103995028353,中继兜底,R-S04,True
T009,巡航,S004>O01,6562.103995028353,6564.0974651200695,中继兜底,R-S04,True
T009,巡航,S004>O01,6564.0974651200695,6566.090935211786,中继兜底,R-S04,True
T009,巡航,S004>O01,6566.090935211786,6568.084405303502,中继兜底,R-S04,True
T009,巡航,S004>O01,6568.084405303502,6570.077875395218,中继兜底,R-S04,True
T009,巡航,S004>O01,6570.077875395218,6572.071345486935,中继兜底,R-S04,True
T009,巡航,S004>O01,6572.071345486935,6574.064815578651,中继兜底,R-S04,True
T009,巡航,S004>O01,6574.064815578651,6576.058285670368,中继兜底,R-S04,True
T009,巡航,S004>O01,6576.058285670368,6578.051755762084,中继兜底,R-S04,True
T009,巡航,S004>O01,6578.051755762084,6580.045225853801,中继兜底,R-S04,True
T009,巡航,S004>O01,6580.045225853801,6582.038695945516,中继兜底,R-S04,True
T009,巡航,S004>O01,6582.038695945516,6584.032166037233,中继兜底,R-S04,True
T009,巡航,S004>O01,6584.032166037233,6586.025636128949,中继兜底,R-S04,True
T009,巡航,S004>O01,6586.025636128949,6588.019106220666,中继兜底,R-S04,True
T009,巡航,S004>O01,6588.019106220666,6590.012576312382,中继兜底,R-S04,True
T009,巡航,S004>O01,6590.012576312382,6592.006046404099,中继兜底,R-S04,True
T009,巡航,S004>O01,6592.006046404099,6593.9995164958145,直连,,True
T009,巡航,S004>O01,6593.9995164958145,6595.992986587531,直连,,True
T009,巡航,S004>O01,6595.992986587531,6597.986456679248,直连,,True
T009,巡航,S004>O01,6597.986456679248,6599.979926770964,直连,,True
T009,巡航,S004>O01,6599.979926770964,6601.973396862681,直连,,True
T009,巡航,S004>O01,6601.973396862681,6603.966866954397,直连,,True
T009,巡航,S004>O01,6603.966866954397,6605.960337046113,直连,,True
T009,巡航,S004>O01,6605.960337046113,6607.953807137829,直连,,True
T009,巡航,S004>O01,6607.953807137829,6609.947277229546,直连,,True
T009,巡航,S004>O01,6609.947277229546,6611.940747321262,直连,,True
T009,巡航,S004>O01,6611.940747321262,6613.934217412979,直连,,True
T009,巡航,S004>O01,6613.934217412979,6615.927687504695,直连,,True
T009,巡航,S004>O01,6615.927687504695,6617.921157596411,直连,,True
T009,巡航,S004>O01,6617.921157596411,6619.914627688127,直连,,True
T009,巡航,S004>O01,6619.914627688127,6621.908097779844,直连,,True
T009,巡航,S004>O01,6621.908097779844,6623.9015678715605,直连,,True
T009,巡航,S004>O01,6623.9015678715605,6625.895037963277,直连,,True
T009,巡航,S004>O01,6625.895037963277,6627.8885080549935,直连,,True
T009,巡航,S004>O01,6627.8885080549935,6629.88197814671,直连,,True
T009,巡航,S004>O01,6629.88197814671,6631.875448238426,直连,,True
T009,巡航,S004>O01,6631.875448238426,6633.868918330142,直连,,True
T009,巡航,S004>O01,6633.868918330142,6635.862388421859,直连,,True
T009,巡航,S004>O01,6635.862388421859,6637.855858513575,直连,,True
T009,巡航,S004>O01,6637.855858513575,6639.849328605292,直连,,True
T009,巡航,S004>O01,6639.849328605292,6641.842798697008,直连,,True
T009,巡航,S004>O01,6641.842798697008,6643.836268788724,直连,,True
T009,巡航,S004>O01,6643.836268788724,6645.82973888044,直连,,True
T009,巡航,S004>O01,6645.82973888044,6647.823208972157,直连,,True
T009,巡航,S004>O01,6647.823208972157,6649.816679063873,直连,,True
T009,巡航,S004>O01,6649.816679063873,6651.81014915559,直连,,True
T009,巡航,S004>O01,6651.81014915559,6653.803619247306,直连,,True
T009,巡航,S004>O01,6653.803619247306,6655.797089339022,直连,,True
T009,巡航,S004>O01,6655.797089339022,6657.7905594307385,直连,,True
T009,巡航,S004>O01,6657.7905594307385,6659.784029522455,直连,,True
T009,巡航,S004>O01,6659.784029522455,6661.777499614172,直连,,True
T009,巡航,S004>O01,6661.777499614172,6663.770969705888,直连,,True
T009,巡航,S004>O01,6663.770969705888,6665.764439797605,直连,,True
T009,巡航,S004>O01,6665.764439797605,6667.75790988932,直连,,True
T009,巡航,S004>O01,6667.75790988932,6669.751379981037,直连,,True
T009,巡航,S004>O01,6669.751379981037,6671.744850072753,直连,,True
T009,巡航,S004>O01,6671.744850072753,6673.73832016447,直连,,True
T009,巡航,S004>O01,6673.73832016447,6675.731790256186,直连,,True
T009,巡航,S004>O01,6675.731790256186,6677.725260347903,直连,,True
T009,巡航,S004>O01,6677.725260347903,6679.718730439619,直连,,True
T009,巡航,S004>O01,6679.718730439619,6681.712200531335,直连,,True
T009,巡航,S004>O01,6681.712200531335,6683.705670623051,直连,,True
T009,巡航,S004>O01,6683.705670623051,6685.699140714768,直连,,True
T009,巡航,S004>O01,6685.699140714768,6687.6926108064845,直连,,True
T009,巡航,S004>O01,6687.6926108064845,6689.686080898201,直连,,True
T009,巡航,S004>O01,6689.686080898201,6691.6795509899175,直连,,True
T009,巡航,S004>O01,6691.6795509899175,6693.673021081633,直连,,True
T009,巡航,S004>O01,6693.673021081633,6695.66649117335,直连,,True
T009,巡航,S004>O01,6695.66649117335,6697.659961265066,直连,,True
T009,巡航,S004>O01,6697.659961265066,6699.653431356783,直连,,True
T009,巡航,S004>O01,6699.653431356783,6701.646901448499,直连,,True
T009,巡航,S004>O01,6701.646901448499,6703.640371540216,直连,,True
T009,巡航,S004>O01,6703.640371540216,6705.633841631932,直连,,True
T009,巡航,S004>O01,6705.633841631932,6707.627311723648,直连,,True
T009,巡航,S004>O01,6707.627311723648,6709.620781815364,直连,,True
T009,巡航,S004>O01,6709.620781815364,6711.614251907081,直连,,True
T009,巡航,S004>O01,6711.614251907081,6713.607721998797,直连,,True
T009,巡航,S004>O01,6713.607721998797,6715.601192090514,直连,,True
T009,巡航,S004>O01,6715.601192090514,6717.59466218223,直连,,True
T009,巡航,S004>O01,6717.59466218223,6719.588132273946,直连,,True
T009,巡航,S004>O01,6719.588132273946,6721.581602365663,直连,,True
T009,巡航,S004>O01,6721.581602365663,6723.575072457379,直连,,True
T009,巡航,S004>O01,6723.575072457379,6725.568542549096,直连,,True
T009,巡航,S004>O01,6725.568542549096,6727.562012640812,直连,,True
T009,巡航,S004>O01,6727.562012640812,6729.555482732529,直连,,True
T009,巡航,S004>O01,6729.555482732529,6731.548952824244,直连,,True
T009,巡航,S004>O01,6731.548952824244,6733.542422915961,直连,,True
T009,巡航,S004>O01,6733.542422915961,6735.535893007677,直连,,True
T009,巡航,S004>O01,6735.535893007677,6737.529363099394,直连,,True
T009,巡航,S004>O01,6737.529363099394,6739.52283319111,直连,,True
T009,巡航,S004>O01,6739.52283319111,6741.516303282827,直连,,True
T009,巡航,S004>O01,6741.516303282827,6743.509773374542,直连,,True
T009,巡航,S004>O01,6743.509773374542,6745.503243466259,直连,,True
T009,巡航,S004>O01,6745.503243466259,6747.496713557975,直连,,True
T009,巡航,S004>O01,6747.496713557975,6749.490183649692,直连,,True
T009,巡航,S004>O01,6749.490183649692,6751.4836537414085,直连,,True
T009,巡航,S004>O01,6751.4836537414085,6753.477123833125,直连,,True
T009,巡航,S004>O01,6753.477123833125,6755.4705939248415,直连,,True
T009,巡航,S004>O01,6755.4705939248415,6757.464064016557,直连,,True
T009,巡航,S004>O01,6757.464064016557,6759.457534108274,直连,,True
T009,巡航,S004>O01,6759.457534108274,6761.45100419999,直连,,True
T009,巡航,S004>O01,6761.45100419999,6763.444474291707,直连,,True
T009,巡航,S004>O01,6763.444474291707,6765.437944383423,直连,,True
T009,巡航,S004>O01,6765.437944383423,6767.43141447514,直连,,True
T009,巡航,S004>O01,6767.43141447514,6769.424884566855,直连,,True
T009,巡航,S004>O01,6769.424884566855,6771.418354658572,直连,,True
T009,巡航,S004>O01,6771.418354658572,6773.411824750288,直连,,True
T009,巡航,S004>O01,6773.411824750288,6775.405294842005,直连,,True
T009,巡航,S004>O01,6775.405294842005,6777.398764933721,直连,,True
T009,巡航,S004>O01,6777.398764933721,6779.392235025438,直连,,True
T009,巡航,S004>O01,6779.392235025438,6781.385705117154,直连,,True
T009,巡航,S004>O01,6781.385705117154,6783.37917520887,直连,,True
T009,巡航,S004>O01,6783.37917520887,6785.372645300587,直连,,True
T009,巡航,S004>O01,6785.372645300587,6787.366115392303,直连,,True
T009,巡航,S004>O01,6787.366115392303,6789.35958548402,直连,,True
T009,巡航,S004>O01,6789.35958548402,6791.353055575736,直连,,True
T009,巡航,S004>O01,6791.353055575736,6793.346525667452,直连,,True
T009,巡航,S004>O01,6793.346525667452,6795.339995759168,直连,,True
T009,巡航,S004>O01,6795.339995759168,6797.333465850885,直连,,True
T009,巡航,S004>O01,6797.333465850885,6799.326935942601,直连,,True
T009,巡航,S004>O01,6799.326935942601,6801.320406034318,直连,,True
T009,巡航,S004>O01,6801.320406034318,6803.313876126034,直连,,True
T009,巡航,S004>O01,6803.313876126034,6805.307346217751,直连,,True
T009,巡航,S004>O01,6805.307346217751,6807.300816309466,直连,,True
T009,巡航,S004>O01,6807.300816309466,6809.294286401183,直连,,True
T009,巡航,S004>O01,6809.294286401183,6811.2877564928995,直连,,True
T009,巡航,S004>O01,6811.2877564928995,6813.281226584616,直连,,True
T009,巡航,S004>O01,6813.281226584616,6815.2746966763325,直连,,True
T009,巡航,S004>O01,6815.2746966763325,6817.268166768049,直连,,True
T009,巡航,S004>O01,6817.268166768049,6819.261636859765,直连,,True
T009,巡航,S004>O01,6819.261636859765,6821.255106951481,直连,,True
T009,巡航,S004>O01,6821.255106951481,6823.248577043198,直连,,True
T009,巡航,S004>O01,6823.248577043198,6825.242047134914,直连,,True
T009,巡航,S004>O01,6825.242047134914,6827.235517226631,直连,,True
T009,巡航,S004>O01,6827.235517226631,6829.228987318347,直连,,True
T009,巡航,S004>O01,6829.228987318347,6831.222457410064,直连,,True
T009,巡航,S004>O01,6831.222457410064,6833.215927501779,直连,,True
T009,巡航,S004>O01,6833.215927501779,6835.209397593496,直连,,True
T009,巡航,S004>O01,6835.209397593496,6837.202867685212,直连,,True
T009,巡航,S004>O01,6837.202867685212,6839.196337776929,直连,,True
T009,巡航,S004>O01,6839.196337776929,6841.189807868645,直连,,True
T009,巡航,S004>O01,6841.189807868645,6843.183277960362,直连,,True
T009,巡航,S004>O01,6843.183277960362,6845.1767480520775,直连,,True
T009,巡航,S004>O01,6845.1767480520775,6847.170218143794,直连,,True
T009,巡航,S004>O01,6847.170218143794,6849.163688235511,直连,,True
T009,巡航,S004>O01,6849.163688235511,6851.157158327227,直连,,True
T009,巡航,S004>O01,6851.157158327227,6853.150628418944,直连,,True
T009,巡航,S004>O01,6853.150628418944,6855.14409851066,直连,,True
T009,巡航,S004>O01,6855.14409851066,6857.137568602376,直连,,True
T009,巡航,S004>O01,6857.137568602376,6859.131038694092,直连,,True
T009,巡航,S004>O01,6859.131038694092,6861.124508785809,直连,,True
T009,巡航,S004>O01,6861.124508785809,6863.117978877525,直连,,True
T009,巡航,S004>O01,6863.117978877525,6865.111448969242,直连,,True
T009,巡航,S004>O01,6865.111448969242,6867.104919060958,直连,,True
T009,巡航,S004>O01,6867.104919060958,6869.098389152674,直连,,True
T009,巡航,S004>O01,6869.098389152674,6871.09185924439,直连,,True
T009,巡航,S004>O01,6871.09185924439,6873.085329336107,直连,,True
T009,巡航,S004>O01,6873.085329336107,6875.0787994278235,直连,,True
T009,巡航,S004>O01,6875.0787994278235,6877.07226951954,直连,,True
T009,巡航,S004>O01,6877.07226951954,6879.0657396112565,直连,,True
T009,巡航,S004>O01,6879.0657396112565,6881.059209702973,直连,,True
T009,巡航,S004>O01,6881.059209702973,6883.052679794689,直连,,True
T009,巡航,S004>O01,6883.052679794689,6885.046149886405,直连,,True
T009,巡航,S004>O01,6885.046149886405,6887.039619978122,直连,,True
T009,巡航,S004>O01,6887.039619978122,6889.033090069838,直连,,True
T009,巡航,S004>O01,6889.033090069838,6891.026560161555,直连,,True
T009,巡航,S004>O01,6891.026560161555,6893.020030253271,直连,,True
T009,巡航,S004>O01,6893.020030253271,6895.013500344987,直连,,True
T009,巡航,S004>O01,6895.013500344987,6897.006970436703,直连,,True
T009,巡航,S004>O01,6897.006970436703,6899.00044052842,直连,,True
T009,巡航,S004>O01,6899.00044052842,6900.993910620136,直连,,True
T009,巡航,S004>O01,6900.993910620136,6902.987380711853,直连,,True
T009,巡航,S004>O01,6902.987380711853,6904.980850803569,直连,,True
T009,巡航,S004>O01,6904.980850803569,6906.974320895285,直连,,True
T009,巡航,S004>O01,6906.974320895285,6908.9677909870015,直连,,True
T009,巡航,S004>O01,6908.9677909870015,6910.961261078718,直连,,True
T009,巡航,S004>O01,6910.961261078718,6912.954731170435,直连,,True
T009,巡航,S004>O01,6912.954731170435,6914.948201262151,直连,,True
T009,巡航,S004>O01,6914.948201262151,6916.941671353868,直连,,True
T009,巡航,S004>O01,6916.941671353868,6918.935141445583,直连,,True
T009,巡航,S004>O01,6918.935141445583,6920.9286115373,直连,,True
T009,巡航,S004>O01,6920.9286115373,6922.922081629016,直连,,True
T009,巡航,S004>O01,6922.922081629016,6924.915551720733,直连,,True
T009,巡航,S004>O01,6924.915551720733,6926.909021812449,直连,,True
T009,巡航,S004>O01,6926.909021812449,6928.902491904166,直连,,True
T009,巡航,S004>O01,6928.902491904166,6930.895961995882,直连,,True
T009,巡航,S004>O01,6930.895961995882,6932.889432087598,直连,,True
T009,巡航,S004>O01,6932.889432087598,6934.882902179314,直连,,True
T009,巡航,S004>O01,6934.882902179314,6936.876372271031,直连,,True
T009,巡航,S004>O01,6936.876372271031,6938.8698423627475,直连,,True
T009,巡航,S004>O01,6938.8698423627475,6940.863312454464,直连,,True
T009,巡航,S004>O01,6940.863312454464,6942.8567825461805,直连,,True
T009,巡航,S004>O01,6942.8567825461805,6944.850252637896,直连,,True
T009,巡航,S004>O01,6944.850252637896,6946.843722729613,直连,,True
T009,巡航,S004>O01,6946.843722729613,6948.837192821329,直连,,True
T009,巡航,S004>O01,6948.837192821329,6950.830662913046,直连,,True
T009,巡航,S004>O01,6950.830662913046,6952.824133004762,直连,,True
T009,巡航,S004>O01,6952.824133004762,6954.817603096479,直连,,True
T009,巡航,S004>O01,6954.817603096479,6956.811073188194,直连,,True
T009,巡航,S004>O01,6956.811073188194,6958.804543279911,直连,,True
T009,巡航,S004>O01,6958.804543279911,6960.798013371627,直连,,True
T009,巡航,S004>O01,6960.798013371627,6962.791483463344,直连,,True
T009,下降,S004>O01,6962.791483463344,6976.318441776332,直连,,True
T009,下降,S004>O01,6976.318441776332,6989.845400089321,直连,,True
T009,下降,S004>O01,6989.845400089321,7003.372358402308,直连,,True
T009,下降,S004>O01,7003.372358402308,7016.899316715297,直连,,True
T009,下降,S004>O01,7016.899316715297,7030.426275028285,直连,,True
T009,下降,S004>O01,7030.426275028285,7043.9532333412735,直连,,True
T009,下降,S004>O01,7043.9532333412735,7057.480191654262,直连,,True
T009,下降,S004>O01,7057.480191654262,7071.0071499672495,直连,,True
T009,下降,S004>O01,7071.0071499672495,7084.534108280238,直连,,True
T009,下降,S004>O01,7084.534108280238,7098.061066593226,直连,,True
T010,爬升,O01>S005,3531.0,3542.354907924107,直连,,True
T010,爬升,O01>S005,3542.354907924107,3553.7098158482145,直连,,True
T010,爬升,O01>S005,3553.7098158482145,3565.0647237723215,直连,,True
T010,爬升,O01>S005,3565.0647237723215,3576.4196316964285,直连,,True
T010,爬升,O01>S005,3576.4196316964285,3587.7745396205355,直连,,True
T010,爬升,O01>S005,3587.7745396205355,3599.129447544643,直连,,True
T010,爬升,O01>S005,3599.129447544643,3610.48435546875,直连,,True
T010,巡航,O01>S005,3610.48435546875,3612.473297724643,直连,,True
T010,巡航,O01>S005,3612.473297724643,3614.462239980536,直连,,True
T010,巡航,O01>S005,3614.462239980536,3616.4511822364293,直连,,True
T010,巡航,O01>S005,3616.4511822364293,3618.4401244923224,直连,,True
T010,巡航,O01>S005,3618.4401244923224,3620.4290667482155,直连,,True
T010,巡航,O01>S005,3620.4290667482155,3622.4180090041086,直连,,True
T010,巡航,O01>S005,3622.4180090041086,3624.4069512600017,直连,,True
T010,巡航,O01>S005,3624.4069512600017,3626.395893515895,直连,,True
T010,巡航,O01>S005,3626.395893515895,3628.384835771788,直连,,True
T010,巡航,O01>S005,3628.384835771788,3630.373778027681,直连,,True
T010,巡航,O01>S005,3630.373778027681,3632.362720283574,直连,,True
T010,巡航,O01>S005,3632.362720283574,3634.3516625394677,直连,,True
T010,巡航,O01>S005,3634.3516625394677,3636.340604795361,直连,,True
T010,巡航,O01>S005,3636.340604795361,3638.329547051254,直连,,True
T010,巡航,O01>S005,3638.329547051254,3640.318489307147,直连,,True
T010,巡航,O01>S005,3640.318489307147,3642.30743156304,直连,,True
T010,巡航,O01>S005,3642.30743156304,3644.2963738189333,直连,,True
T010,巡航,O01>S005,3644.2963738189333,3646.2853160748264,直连,,True
T010,巡航,O01>S005,3646.2853160748264,3648.2742583307195,直连,,True
T010,巡航,O01>S005,3648.2742583307195,3650.2632005866126,直连,,True
T010,巡航,O01>S005,3650.2632005866126,3652.2521428425057,直连,,True
T010,巡航,O01>S005,3652.2521428425057,3654.241085098399,直连,,True
T010,巡航,O01>S005,3654.241085098399,3656.230027354292,直连,,True
T010,巡航,O01>S005,3656.230027354292,3658.218969610185,直连,,True
T010,巡航,O01>S005,3658.218969610185,3660.207911866078,直连,,True
T010,巡航,O01>S005,3660.207911866078,3662.1968541219712,直连,,True
T010,巡航,O01>S005,3662.1968541219712,3664.1857963778643,直连,,True
T010,巡航,O01>S005,3664.1857963778643,3666.1747386337574,直连,,True
T010,巡航,O01>S005,3666.1747386337574,3668.1636808896505,直连,,True
T010,巡航,O01>S005,3668.1636808896505,3670.1526231455437,直连,,True
T010,巡航,O01>S005,3670.1526231455437,3672.1415654014368,直连,,True
T010,巡航,O01>S005,3672.1415654014368,3674.13050765733,直连,,True
T010,巡航,O01>S005,3674.13050765733,3676.1194499132234,直连,,True
T010,巡航,O01>S005,3676.1194499132234,3678.1083921691165,直连,,True
T010,巡航,O01>S005,3678.1083921691165,3680.0973344250096,直连,,True
T010,巡航,O01>S005,3680.0973344250096,3682.0862766809028,直连,,True
T010,巡航,O01>S005,3682.0862766809028,3684.075218936796,直连,,True
T010,巡航,O01>S005,3684.075218936796,3686.064161192689,直连,,True
T010,巡航,O01>S005,3686.064161192689,3688.053103448582,直连,,True
T010,巡航,O01>S005,3688.053103448582,3690.042045704475,直连,,True
T010,巡航,O01>S005,3690.042045704475,3692.0309879603683,直连,,True
T010,巡航,O01>S005,3692.0309879603683,3694.0199302162614,直连,,True
T010,巡航,O01>S005,3694.0199302162614,3696.0088724721545,直连,,True
T010,巡航,O01>S005,3696.0088724721545,3697.9978147280476,直连,,True
T010,巡航,O01>S005,3697.9978147280476,3699.9867569839407,直连,,True
T010,巡航,O01>S005,3699.9867569839407,3701.975699239834,直连,,True
T010,巡航,O01>S005,3701.975699239834,3703.964641495727,直连,,True
T010,巡航,O01>S005,3703.964641495727,3705.95358375162,直连,,True
T010,巡航,O01>S005,3705.95358375162,3707.942526007513,直连,,True
T010,巡航,O01>S005,3707.942526007513,3709.9314682634063,直连,,True
T010,巡航,O01>S005,3709.9314682634063,3711.9204105192994,直连,,True
T010,巡航,O01>S005,3711.9204105192994,3713.9093527751925,直连,,True
T010,巡航,O01>S005,3713.9093527751925,3715.8982950310856,直连,,True
T010,巡航,O01>S005,3715.8982950310856,3717.8872372869787,直连,,True
T010,巡航,O01>S005,3717.8872372869787,3719.876179542872,直连,,True
T010,巡航,O01>S005,3719.876179542872,3721.8651217987654,直连,,True
T010,巡航,O01>S005,3721.8651217987654,3723.8540640546585,直连,,True
T010,巡航,O01>S005,3723.8540640546585,3725.8430063105516,直连,,True
T010,巡航,O01>S005,3725.8430063105516,3727.8319485664447,直连,,True
T010,巡航,O01>S005,3727.8319485664447,3729.820890822338,直连,,True
T010,巡航,O01>S005,3729.820890822338,3731.809833078231,直连,,True
T010,巡航,O01>S005,3731.809833078231,3733.798775334124,直连,,True
T010,巡航,O01>S005,3733.798775334124,3735.787717590017,直连,,True
T010,巡航,O01>S005,3735.787717590017,3737.77665984591,直连,,True
T010,巡航,O01>S005,3737.77665984591,3739.7656021018033,直连,,True
T010,巡航,O01>S005,3739.7656021018033,3741.7545443576964,直连,,True
T010,巡航,O01>S005,3741.7545443576964,3743.7434866135895,直连,,True
T010,巡航,O01>S005,3743.7434866135895,3745.7324288694826,直连,,True
T010,巡航,O01>S005,3745.7324288694826,3747.7213711253758,直连,,True
T010,巡航,O01>S005,3747.7213711253758,3749.710313381269,直连,,True
T010,巡航,O01>S005,3749.710313381269,3751.699255637162,直连,,True
T010,巡航,O01>S005,3751.699255637162,3753.688197893055,直连,,True
T010,巡航,O01>S005,3753.688197893055,3755.677140148948,直连,,True
T010,巡航,O01>S005,3755.677140148948,3757.6660824048413,直连,,True
T010,巡航,O01>S005,3757.6660824048413,3759.6550246607344,直连,,True
T010,巡航,O01>S005,3759.6550246607344,3761.6439669166275,直连,,True
T010,巡航,O01>S005,3761.6439669166275,3763.632909172521,直连,,True
T010,巡航,O01>S005,3763.632909172521,3765.6218514284137,直连,,True
T010,巡航,O01>S005,3765.6218514284137,3767.6107936843073,直连,,True
T010,巡航,O01>S005,3767.6107936843073,3769.5997359402004,直连,,True
T010,巡航,O01>S005,3769.5997359402004,3771.5886781960935,直连,,True
T010,巡航,O01>S005,3771.5886781960935,3773.5776204519866,直连,,True
T010,巡航,O01>S005,3773.5776204519866,3775.5665627078797,直连,,True
T010,巡航,O01>S005,3775.5665627078797,3777.555504963773,直连,,True
T010,巡航,O01>S005,3777.555504963773,3779.544447219666,直连,,True
T010,巡航,O01>S005,3779.544447219666,3781.533389475559,直连,,True
T010,巡航,O01>S005,3781.533389475559,3783.522331731452,直连,,True
T010,巡航,O01>S005,3783.522331731452,3785.5112739873452,直连,,True
T010,巡航,O01>S005,3785.5112739873452,3787.5002162432384,直连,,True
T010,巡航,O01>S005,3787.5002162432384,3789.4891584991315,直连,,True
T010,巡航,O01>S005,3789.4891584991315,3791.4781007550246,直连,,True
T010,巡航,O01>S005,3791.4781007550246,3793.4670430109177,直连,,True
T010,巡航,O01>S005,3793.4670430109177,3795.455985266811,直连,,True
T010,巡航,O01>S005,3795.455985266811,3797.444927522704,直连,,True
T010,巡航,O01>S005,3797.444927522704,3799.433869778597,直连,,True
T010,巡航,O01>S005,3799.433869778597,3801.42281203449,直连,,True
T010,巡航,O01>S005,3801.42281203449,3803.411754290383,直连,,True
T010,巡航,O01>S005,3803.411754290383,3805.4006965462763,直连,,True
T010,巡航,O01>S005,3805.4006965462763,3807.3896388021694,直连,,True
T010,巡航,O01>S005,3807.3896388021694,3809.378581058063,直连,,True
T010,巡航,O01>S005,3809.378581058063,3811.367523313956,直连,,True
T010,巡航,O01>S005,3811.367523313956,3813.356465569849,直连,,True
T010,巡航,O01>S005,3813.356465569849,3815.3454078257423,直连,,True
T010,巡航,O01>S005,3815.3454078257423,3817.3343500816354,直连,,True
T010,巡航,O01>S005,3817.3343500816354,3819.3232923375285,直连,,True
T010,巡航,O01>S005,3819.3232923375285,3821.3122345934216,直连,,True
T010,巡航,O01>S005,3821.3122345934216,3823.3011768493147,直连,,True
T010,巡航,O01>S005,3823.3011768493147,3825.290119105208,直连,,True
T010,巡航,O01>S005,3825.290119105208,3827.279061361101,直连,,True
T010,巡航,O01>S005,3827.279061361101,3829.268003616994,直连,,True
T010,巡航,O01>S005,3829.268003616994,3831.256945872887,直连,,True
T010,巡航,O01>S005,3831.256945872887,3833.2458881287803,直连,,True
T010,巡航,O01>S005,3833.2458881287803,3835.2348303846734,直连,,True
T010,巡航,O01>S005,3835.2348303846734,3837.2237726405665,直连,,True
T010,巡航,O01>S005,3837.2237726405665,3839.2127148964596,直连,,True
T010,巡航,O01>S005,3839.2127148964596,3841.2016571523527,直连,,True
T010,巡航,O01>S005,3841.2016571523527,3843.190599408246,直连,,True
T010,巡航,O01>S005,3843.190599408246,3845.179541664139,直连,,True
T010,巡航,O01>S005,3845.179541664139,3847.168483920032,直连,,True
T010,巡航,O01>S005,3847.168483920032,3849.157426175925,直连,,True
T010,巡航,O01>S005,3849.157426175925,3851.1463684318187,直连,,True
T010,巡航,O01>S005,3851.1463684318187,3853.1353106877114,直连,,True
T010,巡航,O01>S005,3853.1353106877114,3855.124252943605,直连,,True
T010,巡航,O01>S005,3855.124252943605,3857.113195199498,直连,,True
T010,巡航,O01>S005,3857.113195199498,3859.102137455391,直连,,True
T010,巡航,O01>S005,3859.102137455391,3861.0910797112842,直连,,True
T010,巡航,O01>S005,3861.0910797112842,3863.0800219671773,直连,,True
T010,巡航,O01>S005,3863.0800219671773,3865.0689642230705,直连,,True
T010,巡航,O01>S005,3865.0689642230705,3867.0579064789636,直连,,True
T010,巡航,O01>S005,3867.0579064789636,3869.0468487348567,直连,,True
T010,巡航,O01>S005,3869.0468487348567,3871.03579099075,直连,,True
T010,巡航,O01>S005,3871.03579099075,3873.024733246643,直连,,True
T010,巡航,O01>S005,3873.024733246643,3875.013675502536,中继兜底,R-S02,True
T010,巡航,O01>S005,3875.013675502536,3877.002617758429,中继兜底,R-S02,True
T010,巡航,O01>S005,3877.002617758429,3878.991560014322,中继兜底,R-S02,True
T010,巡航,O01>S005,3878.991560014322,3880.9805022702153,中继兜底,R-S02,True
T010,巡航,O01>S005,3880.9805022702153,3882.9694445261084,中继兜底,R-S02,True
T010,巡航,O01>S005,3882.9694445261084,3884.9583867820015,中继兜底,R-S02,True
T010,巡航,O01>S005,3884.9583867820015,3886.9473290378946,中继兜底,R-S02,True
T010,巡航,O01>S005,3886.9473290378946,3888.9362712937877,中继兜底,R-S02,True
T010,巡航,O01>S005,3888.9362712937877,3890.925213549681,中继兜底,R-S02,True
T010,巡航,O01>S005,3890.925213549681,3892.9141558055744,中继兜底,R-S02,True
T010,巡航,O01>S005,3892.9141558055744,3894.903098061467,中继兜底,R-S02,True
T010,巡航,O01>S005,3894.903098061467,3896.8920403173606,中继兜底,R-S02,True
T010,巡航,O01>S005,3896.8920403173606,3898.8809825732533,中继兜底,R-S02,True
T010,巡航,O01>S005,3898.8809825732533,3900.869924829147,中继兜底,R-S02,True
T010,巡航,O01>S005,3900.869924829147,3902.85886708504,中继兜底,R-S02,True
T010,巡航,O01>S005,3902.85886708504,3904.847809340933,中继兜底,R-S02,True
T010,巡航,O01>S005,3904.847809340933,3906.836751596826,中继兜底,R-S02,True
T010,巡航,O01>S005,3906.836751596826,3908.8256938527193,中继兜底,R-S02,True
T010,巡航,O01>S005,3908.8256938527193,3910.8146361086124,中继兜底,R-S02,True
T010,巡航,O01>S005,3910.8146361086124,3912.8035783645055,中继兜底,R-S02,True
T010,巡航,O01>S005,3912.8035783645055,3914.7925206203986,中继兜底,R-S02,True
T010,巡航,O01>S005,3914.7925206203986,3916.7814628762917,中继兜底,R-S02,True
T010,巡航,O01>S005,3916.7814628762917,3918.770405132185,中继兜底,R-S02,True
T010,巡航,O01>S005,3918.770405132185,3920.759347388078,中继兜底,R-S02,True
T010,巡航,O01>S005,3920.759347388078,3922.748289643971,中继兜底,R-S02,True
T010,巡航,O01>S005,3922.748289643971,3924.737231899864,中继兜底,R-S02,True
T010,巡航,O01>S005,3924.737231899864,3926.7261741557572,中继兜底,R-S02,True
T010,巡航,O01>S005,3926.7261741557572,3928.7151164116503,中继兜底,R-S02,True
T010,巡航,O01>S005,3928.7151164116503,3930.7040586675434,中继兜底,R-S02,True
T010,巡航,O01>S005,3930.7040586675434,3932.6930009234366,中继兜底,R-S02,True
T010,巡航,O01>S005,3932.6930009234366,3934.6819431793297,中继兜底,R-S02,True
T010,巡航,O01>S005,3934.6819431793297,3936.6708854352228,中继兜底,R-S02,True
T010,巡航,O01>S005,3936.6708854352228,3938.659827691116,中继兜底,R-S02,True
T010,巡航,O01>S005,3938.659827691116,3940.648769947009,中继兜底,R-S02,True
T010,巡航,O01>S005,3940.648769947009,3942.6377122029025,中继兜底,R-S02,True
T010,巡航,O01>S005,3942.6377122029025,3944.6266544587957,中继兜底,R-S02,True
T010,巡航,O01>S005,3944.6266544587957,3946.6155967146888,中继兜底,R-S02,True
T010,巡航,O01>S005,3946.6155967146888,3948.604538970582,中继兜底,R-S02,True
T010,巡航,O01>S005,3948.604538970582,3950.593481226475,中继兜底,R-S02,True
T010,巡航,O01>S005,3950.593481226475,3952.582423482368,中继兜底,R-S02,True
T010,巡航,O01>S005,3952.582423482368,3954.571365738261,中继兜底,R-S02,True
T010,巡航,O01>S005,3954.571365738261,3956.5603079941543,中继兜底,R-S02,True
T010,巡航,O01>S005,3956.5603079941543,3958.5492502500474,中继兜底,R-S02,True
T010,巡航,O01>S005,3958.5492502500474,3960.5381925059405,中继兜底,R-S02,True
T010,巡航,O01>S005,3960.5381925059405,3962.5271347618336,中继兜底,R-S02,True
T010,下降,O01>S005,3962.5271347618336,3975.668223629021,中继兜底,R-S02,True
T010,下降,O01>S005,3975.668223629021,3988.809312496209,中继兜底,R-S02,True
T010,下降,O01>S005,3988.809312496209,4001.950401363396,中继兜底,R-S02,True
T010,下降,O01>S005,4001.950401363396,4015.0914902305835,中继兜底,R-S02,True
T010,下降,O01>S005,4015.0914902305835,4028.232579097771,中继兜底,R-S02,True
T010,投送,S005,4028.232579097771,4424.232579097771,中继兜底,R-S02,True
T010,爬升,S005>O01,4424.232579097771,4434.745450191521,中继兜底,R-S02,True
T010,爬升,S005>O01,4434.745450191521,4445.258321285271,中继兜底,R-S02,True
T010,爬升,S005>O01,4445.258321285271,4455.771192379021,中继兜底,R-S02,True
T010,爬升,S005>O01,4455.771192379021,4466.284063472772,中继兜底,R-S02,True
T010,爬升,S005>O01,4466.284063472772,4476.7969345665215,中继兜底,R-S02,True
T010,巡航,S005>O01,4476.7969345665215,4478.785876822415,中继兜底,R-S02,True
T010,巡航,S005>O01,4478.785876822415,4480.774819078308,中继兜底,R-S02,True
T010,巡航,S005>O01,4480.774819078308,4482.763761334201,中继兜底,R-S02,True
T010,巡航,S005>O01,4482.763761334201,4484.752703590094,中继兜底,R-S02,True
T010,巡航,S005>O01,4484.752703590094,4486.7416458459875,中继兜底,R-S02,True
T010,巡航,S005>O01,4486.7416458459875,4488.73058810188,中继兜底,R-S02,True
T010,巡航,S005>O01,4488.73058810188,4490.719530357774,中继兜底,R-S02,True
T010,巡航,S005>O01,4490.719530357774,4492.708472613666,中继兜底,R-S02,True
T010,巡航,S005>O01,4492.708472613666,4494.69741486956,中继兜底,R-S02,True
T010,巡航,S005>O01,4494.69741486956,4496.686357125453,中继兜底,R-S02,True
T010,巡航,S005>O01,4496.686357125453,4498.675299381346,中继兜底,R-S02,True
T010,巡航,S005>O01,4498.675299381346,4500.664241637239,中继兜底,R-S02,True
T010,巡航,S005>O01,4500.664241637239,4502.653183893132,中继兜底,R-S02,True
T010,巡航,S005>O01,4502.653183893132,4504.642126149025,中继兜底,R-S02,True
T010,巡航,S005>O01,4504.642126149025,4506.631068404919,中继兜底,R-S02,True
T010,巡航,S005>O01,4506.631068404919,4508.620010660811,中继兜底,R-S02,True
T010,巡航,S005>O01,4508.620010660811,4510.608952916705,中继兜底,R-S02,True
T010,巡航,S005>O01,4510.608952916705,4512.597895172597,中继兜底,R-S02,True
T010,巡航,S005>O01,4512.597895172597,4514.586837428491,中继兜底,R-S02,True
T010,巡航,S005>O01,4514.586837428491,4516.5757796843845,中继兜底,R-S02,True
T010,巡航,S005>O01,4516.5757796843845,4518.564721940277,中继兜底,R-S02,True
T010,巡航,S005>O01,4518.564721940277,4520.553664196171,中继兜底,R-S02,True
T010,巡航,S005>O01,4520.553664196171,4522.542606452063,中继兜底,R-S02,True
T010,巡航,S005>O01,4522.542606452063,4524.531548707957,中继兜底,R-S02,True
T010,巡航,S005>O01,4524.531548707957,4526.52049096385,中继兜底,R-S02,True
T010,巡航,S005>O01,4526.52049096385,4528.509433219743,中继兜底,R-S02,True
T010,巡航,S005>O01,4528.509433219743,4530.498375475636,中继兜底,R-S02,True
T010,巡航,S005>O01,4530.498375475636,4532.487317731529,中继兜底,R-S02,True
T010,巡航,S005>O01,4532.487317731529,4534.476259987422,中继兜底,R-S02,True
T010,巡航,S005>O01,4534.476259987422,4536.465202243316,中继兜底,R-S02,True
T010,巡航,S005>O01,4536.465202243316,4538.454144499208,中继兜底,R-S02,True
T010,巡航,S005>O01,4538.454144499208,4540.443086755102,中继兜底,R-S02,True
T010,巡航,S005>O01,4540.443086755102,4542.4320290109945,中继兜底,R-S02,True
T010,巡航,S005>O01,4542.4320290109945,4544.420971266888,中继兜底,R-S02,True
T010,巡航,S005>O01,4544.420971266888,4546.409913522781,中继兜底,R-S02,True
T010,巡航,S005>O01,4546.409913522781,4548.398855778674,中继兜底,R-S02,True
T010,巡航,S005>O01,4548.398855778674,4550.387798034567,中继兜底,R-S02,True
T010,巡航,S005>O01,4550.387798034567,4552.3767402904605,中继兜底,R-S02,True
T010,巡航,S005>O01,4552.3767402904605,4554.365682546353,中继兜底,R-S02,True
T010,巡航,S005>O01,4554.365682546353,4556.354624802247,中继兜底,R-S02,True
T010,巡航,S005>O01,4556.354624802247,4558.34356705814,中继兜底,R-S02,True
T010,巡航,S005>O01,4558.34356705814,4560.332509314033,中继兜底,R-S02,True
T010,巡航,S005>O01,4560.332509314033,4562.3214515699265,中继兜底,R-S02,True
T010,巡航,S005>O01,4562.3214515699265,4564.310393825819,中继兜底,R-S02,True
T010,巡航,S005>O01,4564.310393825819,4566.299336081713,中继兜底,R-S02,True
T010,巡航,S005>O01,4566.299336081713,4568.288278337605,直连,,True
T010,巡航,S005>O01,4568.288278337605,4570.277220593499,直连,,True
T010,巡航,S005>O01,4570.277220593499,4572.266162849392,直连,,True
T010,巡航,S005>O01,4572.266162849392,4574.255105105285,直连,,True
T010,巡航,S005>O01,4574.255105105285,4576.244047361178,直连,,True
T010,巡航,S005>O01,4576.244047361178,4578.232989617071,直连,,True
T010,巡航,S005>O01,4578.232989617071,4580.221931872964,直连,,True
T010,巡航,S005>O01,4580.221931872964,4582.2108741288575,直连,,True
T010,巡航,S005>O01,4582.2108741288575,4584.19981638475,直连,,True
T010,巡航,S005>O01,4584.19981638475,4586.188758640644,直连,,True
T010,巡航,S005>O01,4586.188758640644,4588.177700896536,直连,,True
T010,巡航,S005>O01,4588.177700896536,4590.16664315243,直连,,True
T010,巡航,S005>O01,4590.16664315243,4592.155585408323,直连,,True
T010,巡航,S005>O01,4592.155585408323,4594.144527664216,直连,,True
T010,巡航,S005>O01,4594.144527664216,4596.13346992011,直连,,True
T010,巡航,S005>O01,4596.13346992011,4598.122412176002,直连,,True
T010,巡航,S005>O01,4598.122412176002,4600.111354431896,直连,,True
T010,巡航,S005>O01,4600.111354431896,4602.100296687789,直连,,True
T010,巡航,S005>O01,4602.100296687789,4604.089238943682,直连,,True
T010,巡航,S005>O01,4604.089238943682,4606.078181199575,直连,,True
T010,巡航,S005>O01,4606.078181199575,4608.067123455468,直连,,True
T010,巡航,S005>O01,4608.067123455468,4610.056065711361,直连,,True
T010,巡航,S005>O01,4610.056065711361,4612.045007967255,直连,,True
T010,巡航,S005>O01,4612.045007967255,4614.033950223147,直连,,True
T010,巡航,S005>O01,4614.033950223147,4616.022892479041,直连,,True
T010,巡航,S005>O01,4616.022892479041,4618.0118347349335,直连,,True
T010,巡航,S005>O01,4618.0118347349335,4620.000776990827,直连,,True
T010,巡航,S005>O01,4620.000776990827,4621.98971924672,直连,,True
T010,巡航,S005>O01,4621.98971924672,4623.978661502613,直连,,True
T010,巡航,S005>O01,4623.978661502613,4625.967603758506,直连,,True
T010,巡航,S005>O01,4625.967603758506,4627.9565460143995,直连,,True
T010,巡航,S005>O01,4627.9565460143995,4629.945488270292,直连,,True
T010,巡航,S005>O01,4629.945488270292,4631.934430526186,直连,,True
T010,巡航,S005>O01,4631.934430526186,4633.923372782079,直连,,True
T010,巡航,S005>O01,4633.923372782079,4635.912315037972,直连,,True
T010,巡航,S005>O01,4635.912315037972,4637.9012572938655,直连,,True
T010,巡航,S005>O01,4637.9012572938655,4639.890199549758,直连,,True
T010,巡航,S005>O01,4639.890199549758,4641.879141805652,直连,,True
T010,巡航,S005>O01,4641.879141805652,4643.868084061544,直连,,True
T010,巡航,S005>O01,4643.868084061544,4645.857026317438,直连,,True
T010,巡航,S005>O01,4645.857026317438,4647.8459685733305,直连,,True
T010,巡航,S005>O01,4647.8459685733305,4649.834910829224,直连,,True
T010,巡航,S005>O01,4649.834910829224,4651.823853085117,直连,,True
T010,巡航,S005>O01,4651.823853085117,4653.81279534101,直连,,True
T010,巡航,S005>O01,4653.81279534101,4655.801737596903,直连,,True
T010,巡航,S005>O01,4655.801737596903,4657.7906798527965,直连,,True
T010,巡航,S005>O01,4657.7906798527965,4659.779622108689,直连,,True
T010,巡航,S005>O01,4659.779622108689,4661.768564364583,直连,,True
T010,巡航,S005>O01,4661.768564364583,4663.757506620475,直连,,True
T010,巡航,S005>O01,4663.757506620475,4665.746448876369,直连,,True
T010,巡航,S005>O01,4665.746448876369,4667.735391132262,直连,,True
T010,巡航,S005>O01,4667.735391132262,4669.724333388155,直连,,True
T010,巡航,S005>O01,4669.724333388155,4671.713275644048,直连,,True
T010,巡航,S005>O01,4671.713275644048,4673.702217899941,直连,,True
T010,巡航,S005>O01,4673.702217899941,4675.691160155835,直连,,True
T010,巡航,S005>O01,4675.691160155835,4677.680102411728,直连,,True
T010,巡航,S005>O01,4677.680102411728,4679.669044667621,直连,,True
T010,巡航,S005>O01,4679.669044667621,4681.657986923514,直连,,True
T010,巡航,S005>O01,4681.657986923514,4683.646929179407,直连,,True
T010,巡航,S005>O01,4683.646929179407,4685.6358714353,直连,,True
T010,巡航,S005>O01,4685.6358714353,4687.624813691194,直连,,True
T010,巡航,S005>O01,4687.624813691194,4689.613755947086,直连,,True
T010,巡航,S005>O01,4689.613755947086,4691.60269820298,直连,,True
T010,巡航,S005>O01,4691.60269820298,4693.5916404588725,直连,,True
T010,巡航,S005>O01,4693.5916404588725,4695.580582714766,直连,,True
T010,巡航,S005>O01,4695.580582714766,4697.569524970659,直连,,True
T010,巡航,S005>O01,4697.569524970659,4699.558467226552,直连,,True
T010,巡航,S005>O01,4699.558467226552,4701.547409482445,直连,,True
T010,巡航,S005>O01,4701.547409482445,4703.536351738338,直连,,True
T010,巡航,S005>O01,4703.536351738338,4705.525293994231,直连,,True
T010,巡航,S005>O01,4705.525293994231,4707.514236250125,直连,,True
T010,巡航,S005>O01,4707.514236250125,4709.503178506017,直连,,True
T010,巡航,S005>O01,4709.503178506017,4711.492120761911,直连,,True
T010,巡航,S005>O01,4711.492120761911,4713.481063017804,直连,,True
T010,巡航,S005>O01,4713.481063017804,4715.470005273697,直连,,True
T010,巡航,S005>O01,4715.470005273697,4717.458947529591,直连,,True
T010,巡航,S005>O01,4717.458947529591,4719.447889785483,直连,,True
T010,巡航,S005>O01,4719.447889785483,4721.436832041377,直连,,True
T010,巡航,S005>O01,4721.436832041377,4723.4257742972695,直连,,True
T010,巡航,S005>O01,4723.4257742972695,4725.414716553163,直连,,True
T010,巡航,S005>O01,4725.414716553163,4727.403658809056,直连,,True
T010,巡航,S005>O01,4727.403658809056,4729.392601064949,直连,,True
T010,巡航,S005>O01,4729.392601064949,4731.381543320842,直连,,True
T010,巡航,S005>O01,4731.381543320842,4733.3704855767355,直连,,True
T010,巡航,S005>O01,4733.3704855767355,4735.359427832628,直连,,True
T010,巡航,S005>O01,4735.359427832628,4737.348370088522,直连,,True
T010,巡航,S005>O01,4737.348370088522,4739.337312344414,直连,,True
T010,巡航,S005>O01,4739.337312344414,4741.326254600308,直连,,True
T010,巡航,S005>O01,4741.326254600308,4743.315196856201,直连,,True
T010,巡航,S005>O01,4743.315196856201,4745.304139112094,直连,,True
T010,巡航,S005>O01,4745.304139112094,4747.293081367987,直连,,True
T010,巡航,S005>O01,4747.293081367987,4749.28202362388,直连,,True
T010,巡航,S005>O01,4749.28202362388,4751.270965879774,直连,,True
T010,巡航,S005>O01,4751.270965879774,4753.259908135667,直连,,True
T010,巡航,S005>O01,4753.259908135667,4755.24885039156,直连,,True
T010,巡航,S005>O01,4755.24885039156,4757.237792647453,直连,,True
T010,巡航,S005>O01,4757.237792647453,4759.226734903346,直连,,True
T010,巡航,S005>O01,4759.226734903346,4761.215677159239,直连,,True
T010,巡航,S005>O01,4761.215677159239,4763.204619415133,直连,,True
T010,巡航,S005>O01,4763.204619415133,4765.193561671025,直连,,True
T010,巡航,S005>O01,4765.193561671025,4767.182503926919,直连,,True
T010,巡航,S005>O01,4767.182503926919,4769.171446182811,直连,,True
T010,巡航,S005>O01,4769.171446182811,4771.160388438705,直连,,True
T010,巡航,S005>O01,4771.160388438705,4773.149330694598,直连,,True
T010,巡航,S005>O01,4773.149330694598,4775.138272950491,直连,,True
T010,巡航,S005>O01,4775.138272950491,4777.127215206384,直连,,True
T010,巡航,S005>O01,4777.127215206384,4779.116157462277,直连,,True
T010,巡航,S005>O01,4779.116157462277,4781.10509971817,直连,,True
T010,巡航,S005>O01,4781.10509971817,4783.094041974064,直连,,True
T010,巡航,S005>O01,4783.094041974064,4785.082984229956,直连,,True
T010,巡航,S005>O01,4785.082984229956,4787.07192648585,直连,,True
T010,巡航,S005>O01,4787.07192648585,4789.0608687417425,直连,,True
T010,巡航,S005>O01,4789.0608687417425,4791.049810997636,直连,,True
T010,巡航,S005>O01,4791.049810997636,4793.03875325353,直连,,True
T010,巡航,S005>O01,4793.03875325353,4795.027695509422,直连,,True
T010,巡航,S005>O01,4795.027695509422,4797.016637765316,直连,,True
T010,巡航,S005>O01,4797.016637765316,4799.0055800212085,直连,,True
T010,巡航,S005>O01,4799.0055800212085,4800.994522277102,直连,,True
T010,巡航,S005>O01,4800.994522277102,4802.983464532995,直连,,True
T010,巡航,S005>O01,4802.983464532995,4804.972406788888,直连,,True
T010,巡航,S005>O01,4804.972406788888,4806.961349044781,直连,,True
T010,巡航,S005>O01,4806.961349044781,4808.9502913006745,直连,,True
T010,巡航,S005>O01,4808.9502913006745,4810.939233556567,直连,,True
T010,巡航,S005>O01,4810.939233556567,4812.928175812461,直连,,True
T010,巡航,S005>O01,4812.928175812461,4814.917118068353,直连,,True
T010,巡航,S005>O01,4814.917118068353,4816.906060324247,直连,,True
T010,巡航,S005>O01,4816.906060324247,4818.89500258014,直连,,True
T010,巡航,S005>O01,4818.89500258014,4820.883944836033,直连,,True
T010,巡航,S005>O01,4820.883944836033,4822.872887091926,直连,,True
T010,巡航,S005>O01,4822.872887091926,4824.861829347819,直连,,True
T010,巡航,S005>O01,4824.861829347819,4826.850771603713,直连,,True
T010,巡航,S005>O01,4826.850771603713,4828.839713859606,直连,,True
T010,下降,S005>O01,4828.839713859606,4843.0333487647395,直连,,True
T010,下降,S005>O01,4843.0333487647395,4857.226983669873,直连,,True
T010,下降,S005>O01,4857.226983669873,4871.420618575007,直连,,True
T010,下降,S005>O01,4871.420618575007,4885.614253480141,直连,,True
T010,下降,S005>O01,4885.614253480141,4899.807888385275,直连,,True
T010,下降,S005>O01,4899.807888385275,4914.001523290409,直连,,True
T010,下降,S005>O01,4914.001523290409,4928.195158195543,直连,,True
T011,爬升,O01>S006,2230.0,2239.933243306478,直连,,True
T011,爬升,O01>S006,2239.933243306478,2249.8664866129557,直连,,True
T011,爬升,O01>S006,2249.8664866129557,2259.7997299194335,直连,,True
T011,爬升,O01>S006,2259.7997299194335,2269.7329732259113,直连,,True
T011,爬升,O01>S006,2269.7329732259113,2279.6662165323896,直连,,True
T011,爬升,O01>S006,2279.6662165323896,2289.5994598388675,直连,,True
T011,爬升,O01>S006,2289.5994598388675,2299.5327031453453,直连,,True
T011,爬升,O01>S006,2299.5327031453453,2309.465946451823,直连,,True
T011,巡航,O01>S006,2309.465946451823,2311.4511493261243,直连,,True
T011,巡航,O01>S006,2311.4511493261243,2313.436352200426,直连,,True
T011,巡航,O01>S006,2313.436352200426,2315.421555074727,直连,,True
T011,巡航,O01>S006,2315.421555074727,2317.406757949029,直连,,True
T011,巡航,O01>S006,2317.406757949029,2319.39196082333,直连,,True
T011,巡航,O01>S006,2319.39196082333,2321.3771636976317,直连,,True
T011,巡航,O01>S006,2321.3771636976317,2323.362366571933,直连,,True
T011,巡航,O01>S006,2323.362366571933,2325.3475694462345,直连,,True
T011,巡航,O01>S006,2325.3475694462345,2327.3327723205357,直连,,True
T011,巡航,O01>S006,2327.3327723205357,2329.3179751948373,直连,,True
T011,巡航,O01>S006,2329.3179751948373,2331.3031780691385,直连,,True
T011,巡航,O01>S006,2331.3031780691385,2333.28838094344,直连,,True
T011,巡航,O01>S006,2333.28838094344,2335.2735838177414,直连,,True
T011,巡航,O01>S006,2335.2735838177414,2337.258786692043,直连,,True
T011,巡航,O01>S006,2337.258786692043,2339.243989566344,直连,,True
T011,巡航,O01>S006,2339.243989566344,2341.229192440646,直连,,True
T011,巡航,O01>S006,2341.229192440646,2343.214395314947,直连,,True
T011,巡航,O01>S006,2343.214395314947,2345.1995981892487,直连,,True
T011,巡航,O01>S006,2345.1995981892487,2347.18480106355,直连,,True
T011,巡航,O01>S006,2347.18480106355,2349.1700039378516,直连,,True
T011,巡航,O01>S006,2349.1700039378516,2351.1552068121528,直连,,True
T011,巡航,O01>S006,2351.1552068121528,2353.1404096864544,直连,,True
T011,巡航,O01>S006,2353.1404096864544,2355.1256125607556,直连,,True
T011,巡航,O01>S006,2355.1256125607556,2357.1108154350572,直连,,True
T011,巡航,O01>S006,2357.1108154350572,2359.0960183093584,直连,,True
T011,巡航,O01>S006,2359.0960183093584,2361.08122118366,直连,,True
T011,巡航,O01>S006,2361.08122118366,2363.0664240579613,直连,,True
T011,巡航,O01>S006,2363.0664240579613,2365.051626932263,直连,,True
T011,巡航,O01>S006,2365.051626932263,2367.036829806564,直连,,True
T011,巡航,O01>S006,2367.036829806564,2369.022032680866,直连,,True
T011,巡航,O01>S006,2369.022032680866,2371.007235555167,直连,,True
T011,巡航,O01>S006,2371.007235555167,2372.9924384294686,直连,,True
T011,巡航,O01>S006,2372.9924384294686,2374.97764130377,直连,,True
T011,巡航,O01>S006,2374.97764130377,2376.9628441780715,直连,,True
T011,巡航,O01>S006,2376.9628441780715,2378.9480470523727,直连,,True
T011,巡航,O01>S006,2378.9480470523727,2380.933249926674,直连,,True
T011,巡航,O01>S006,2380.933249926674,2382.9184528009755,直连,,True
T011,巡航,O01>S006,2382.9184528009755,2384.9036556752767,直连,,True
T011,巡航,O01>S006,2384.9036556752767,2386.8888585495783,直连,,True
T011,巡航,O01>S006,2386.8888585495783,2388.8740614238795,直连,,True
T011,巡航,O01>S006,2388.8740614238795,2390.859264298181,直连,,True
T011,巡航,O01>S006,2390.859264298181,2392.8444671724824,直连,,True
T011,巡航,O01>S006,2392.8444671724824,2394.829670046784,直连,,True
T011,巡航,O01>S006,2394.829670046784,2396.814872921085,直连,,True
T011,巡航,O01>S006,2396.814872921085,2398.800075795387,直连,,True
T011,巡航,O01>S006,2398.800075795387,2400.785278669688,直连,,True
T011,巡航,O01>S006,2400.785278669688,2402.7704815439897,直连,,True
T011,巡航,O01>S006,2402.7704815439897,2404.755684418291,直连,,True
T011,巡航,O01>S006,2404.755684418291,2406.7408872925926,直连,,True
T011,巡航,O01>S006,2406.7408872925926,2408.7260901668938,直连,,True
T011,巡航,O01>S006,2408.7260901668938,2410.7112930411954,直连,,True
T011,巡航,O01>S006,2410.7112930411954,2412.6964959154966,直连,,True
T011,巡航,O01>S006,2412.6964959154966,2414.6816987897982,直连,,True
T011,巡航,O01>S006,2414.6816987897982,2416.6669016640994,直连,,True
T011,巡航,O01>S006,2416.6669016640994,2418.652104538401,直连,,True
T011,巡航,O01>S006,2418.652104538401,2420.6373074127023,直连,,True
T011,巡航,O01>S006,2420.6373074127023,2422.622510287004,直连,,True
T011,巡航,O01>S006,2422.622510287004,2424.607713161305,直连,,True
T011,巡航,O01>S006,2424.607713161305,2426.592916035607,直连,,True
T011,巡航,O01>S006,2426.592916035607,2428.578118909908,直连,,True
T011,巡航,O01>S006,2428.578118909908,2430.5633217842096,直连,,True
T011,巡航,O01>S006,2430.5633217842096,2432.548524658511,直连,,True
T011,巡航,O01>S006,2432.548524658511,2434.5337275328125,直连,,True
T011,巡航,O01>S006,2434.5337275328125,2436.5189304071137,直连,,True
T011,巡航,O01>S006,2436.5189304071137,2438.5041332814153,直连,,True
T011,巡航,O01>S006,2438.5041332814153,2440.4893361557165,直连,,True
T011,巡航,O01>S006,2440.4893361557165,2442.474539030018,直连,,True
T011,巡航,O01>S006,2442.474539030018,2444.4597419043193,直连,,True
T011,巡航,O01>S006,2444.4597419043193,2446.444944778621,直连,,True
T011,巡航,O01>S006,2446.444944778621,2448.430147652922,直连,,True
T011,巡航,O01>S006,2448.430147652922,2450.4153505272234,直连,,True
T011,巡航,O01>S006,2450.4153505272234,2452.400553401525,直连,,True
T011,巡航,O01>S006,2452.400553401525,2454.385756275826,直连,,True
T011,巡航,O01>S006,2454.385756275826,2456.370959150128,直连,,True
T011,巡航,O01>S006,2456.370959150128,2458.356162024429,直连,,True
T011,巡航,O01>S006,2458.356162024429,2460.3413648987307,直连,,True
T011,巡航,O01>S006,2460.3413648987307,2462.326567773032,直连,,True
T011,巡航,O01>S006,2462.326567773032,2464.3117706473336,直连,,True
T011,巡航,O01>S006,2464.3117706473336,2466.2969735216348,直连,,True
T011,巡航,O01>S006,2466.2969735216348,2468.2821763959364,直连,,True
T011,巡航,O01>S006,2468.2821763959364,2470.2673792702376,直连,,True
T011,巡航,O01>S006,2470.2673792702376,2472.2525821445392,直连,,True
T011,巡航,O01>S006,2472.2525821445392,2474.2377850188404,直连,,True
T011,巡航,O01>S006,2474.2377850188404,2476.222987893142,直连,,True
T011,巡航,O01>S006,2476.222987893142,2478.2081907674433,直连,,True
T011,巡航,O01>S006,2478.2081907674433,2480.193393641745,直连,,True
T011,巡航,O01>S006,2480.193393641745,2482.178596516046,直连,,True
T011,巡航,O01>S006,2482.178596516046,2484.163799390348,直连,,True
T011,巡航,O01>S006,2484.163799390348,2486.149002264649,直连,,True
T011,巡航,O01>S006,2486.149002264649,2488.1342051389506,直连,,True
T011,巡航,O01>S006,2488.1342051389506,2490.119408013252,直连,,True
T011,巡航,O01>S006,2490.119408013252,2492.1046108875535,直连,,True
T011,巡航,O01>S006,2492.1046108875535,2494.0898137618547,直连,,True
T011,巡航,O01>S006,2494.0898137618547,2496.0750166361563,直连,,True
T011,巡航,O01>S006,2496.0750166361563,2498.0602195104575,直连,,True
T011,巡航,O01>S006,2498.0602195104575,2500.045422384759,直连,,True
T011,巡航,O01>S006,2500.045422384759,2502.0306252590603,直连,,True
T011,巡航,O01>S006,2502.0306252590603,2504.015828133362,直连,,True
T011,巡航,O01>S006,2504.015828133362,2506.001031007663,直连,,True
T011,巡航,O01>S006,2506.001031007663,2507.986233881965,直连,,True
T011,巡航,O01>S006,2507.986233881965,2509.971436756266,直连,,True
T011,巡航,O01>S006,2509.971436756266,2511.9566396305677,直连,,True
T011,巡航,O01>S006,2511.9566396305677,2513.941842504869,直连,,True
T011,巡航,O01>S006,2513.941842504869,2515.9270453791705,直连,,True
T011,巡航,O01>S006,2515.9270453791705,2517.9122482534717,直连,,True
T011,巡航,O01>S006,2517.9122482534717,2519.897451127773,直连,,True
T011,巡航,O01>S006,2519.897451127773,2521.8826540020746,直连,,True
T011,下降,O01>S006,2521.8826540020746,2532.1422218731686,直连,,True
T011,下降,O01>S006,2532.1422218731686,2542.4017897442623,直连,,True
T011,投送,S006,2542.4017897442623,2752.4017897442623,直连,,True
T011,爬升,S006>O01,2752.4017897442623,2760.9514296368407,直连,,True
T011,爬升,S006>O01,2760.9514296368407,2769.5010695294186,直连,,True
T011,巡航,S006>O01,2769.5010695294186,2771.48627240372,直连,,True
T011,巡航,S006>O01,2771.48627240372,2773.4714752780214,直连,,True
T011,巡航,S006>O01,2773.4714752780214,2775.4566781523226,直连,,True
T011,巡航,S006>O01,2775.4566781523226,2777.4418810266243,直连,,True
T011,巡航,S006>O01,2777.4418810266243,2779.4270839009255,直连,,True
T011,巡航,S006>O01,2779.4270839009255,2781.412286775227,直连,,True
T011,巡航,S006>O01,2781.412286775227,2783.3974896495283,直连,,True
T011,巡航,S006>O01,2783.3974896495283,2785.38269252383,直连,,True
T011,巡航,S006>O01,2785.38269252383,2787.367895398131,直连,,True
T011,巡航,S006>O01,2787.367895398131,2789.353098272433,直连,,True
T011,巡航,S006>O01,2789.353098272433,2791.338301146734,直连,,True
T011,巡航,S006>O01,2791.338301146734,2793.3235040210357,直连,,True
T011,巡航,S006>O01,2793.3235040210357,2795.308706895337,直连,,True
T011,巡航,S006>O01,2795.308706895337,2797.2939097696385,直连,,True
T011,巡航,S006>O01,2797.2939097696385,2799.2791126439397,直连,,True
T011,巡航,S006>O01,2799.2791126439397,2801.2643155182413,直连,,True
T011,巡航,S006>O01,2801.2643155182413,2803.2495183925425,直连,,True
T011,巡航,S006>O01,2803.2495183925425,2805.234721266844,直连,,True
T011,巡航,S006>O01,2805.234721266844,2807.2199241411454,直连,,True
T011,巡航,S006>O01,2807.2199241411454,2809.205127015447,直连,,True
T011,巡航,S006>O01,2809.205127015447,2811.190329889748,直连,,True
T011,巡航,S006>O01,2811.190329889748,2813.17553276405,直连,,True
T011,巡航,S006>O01,2813.17553276405,2815.160735638351,直连,,True
T011,巡航,S006>O01,2815.160735638351,2817.1459385126527,直连,,True
T011,巡航,S006>O01,2817.1459385126527,2819.131141386954,直连,,True
T011,巡航,S006>O01,2819.131141386954,2821.1163442612556,直连,,True
T011,巡航,S006>O01,2821.1163442612556,2823.1015471355568,直连,,True
T011,巡航,S006>O01,2823.1015471355568,2825.0867500098584,直连,,True
T011,巡航,S006>O01,2825.0867500098584,2827.0719528841596,直连,,True
T011,巡航,S006>O01,2827.0719528841596,2829.0571557584612,直连,,True
T011,巡航,S006>O01,2829.0571557584612,2831.0423586327624,直连,,True
T011,巡航,S006>O01,2831.0423586327624,2833.027561507064,直连,,True
T011,巡航,S006>O01,2833.027561507064,2835.0127643813653,直连,,True
T011,巡航,S006>O01,2835.0127643813653,2836.9979672556665,直连,,True
T011,巡航,S006>O01,2836.9979672556665,2838.983170129968,直连,,True
T011,巡航,S006>O01,2838.983170129968,2840.96837300427,直连,,True
T011,巡航,S006>O01,2840.96837300427,2842.953575878571,直连,,True
T011,巡航,S006>O01,2842.953575878571,2844.938778752872,直连,,True
T011,巡航,S006>O01,2844.938778752872,2846.923981627174,直连,,True
T011,巡航,S006>O01,2846.923981627174,2848.909184501475,直连,,True
T011,巡航,S006>O01,2848.909184501475,2850.8943873757767,直连,,True
T011,巡航,S006>O01,2850.8943873757767,2852.879590250078,直连,,True
T011,巡航,S006>O01,2852.879590250078,2854.8647931243795,直连,,True
T011,巡航,S006>O01,2854.8647931243795,2856.8499959986807,直连,,True
T011,巡航,S006>O01,2856.8499959986807,2858.8351988729823,直连,,True
T011,巡航,S006>O01,2858.8351988729823,2860.8204017472835,直连,,True
T011,巡航,S006>O01,2860.8204017472835,2862.805604621585,直连,,True
T011,巡航,S006>O01,2862.805604621585,2864.7908074958864,直连,,True
T011,巡航,S006>O01,2864.7908074958864,2866.776010370188,直连,,True
T011,巡航,S006>O01,2866.776010370188,2868.761213244489,直连,,True
T011,巡航,S006>O01,2868.761213244489,2870.746416118791,直连,,True
T011,巡航,S006>O01,2870.746416118791,2872.731618993092,直连,,True
T011,巡航,S006>O01,2872.731618993092,2874.7168218673937,直连,,True
T011,巡航,S006>O01,2874.7168218673937,2876.702024741695,直连,,True
T011,巡航,S006>O01,2876.702024741695,2878.6872276159966,直连,,True
T011,巡航,S006>O01,2878.6872276159966,2880.6724304902978,直连,,True
T011,巡航,S006>O01,2880.6724304902978,2882.6576333645994,直连,,True
T011,巡航,S006>O01,2882.6576333645994,2884.6428362389006,直连,,True
T011,巡航,S006>O01,2884.6428362389006,2886.6280391132022,直连,,True
T011,巡航,S006>O01,2886.6280391132022,2888.6132419875034,直连,,True
T011,巡航,S006>O01,2888.6132419875034,2890.598444861805,直连,,True
T011,巡航,S006>O01,2890.598444861805,2892.5836477361063,直连,,True
T011,巡航,S006>O01,2892.5836477361063,2894.568850610408,直连,,True
T011,巡航,S006>O01,2894.568850610408,2896.554053484709,直连,,True
T011,巡航,S006>O01,2896.554053484709,2898.539256359011,直连,,True
T011,巡航,S006>O01,2898.539256359011,2900.524459233312,直连,,True
T011,巡航,S006>O01,2900.524459233312,2902.5096621076136,直连,,True
T011,巡航,S006>O01,2902.5096621076136,2904.494864981915,直连,,True
T011,巡航,S006>O01,2904.494864981915,2906.480067856216,直连,,True
T011,巡航,S006>O01,2906.480067856216,2908.4652707305177,直连,,True
T011,巡航,S006>O01,2908.4652707305177,2910.4504736048193,直连,,True
T011,巡航,S006>O01,2910.4504736048193,2912.4356764791205,直连,,True
T011,巡航,S006>O01,2912.4356764791205,2914.4208793534217,直连,,True
T011,巡航,S006>O01,2914.4208793534217,2916.4060822277233,直连,,True
T011,巡航,S006>O01,2916.4060822277233,2918.3912851020245,直连,,True
T011,巡航,S006>O01,2918.3912851020245,2920.376487976326,直连,,True
T011,巡航,S006>O01,2920.376487976326,2922.3616908506274,直连,,True
T011,巡航,S006>O01,2922.3616908506274,2924.346893724929,直连,,True
T011,巡航,S006>O01,2924.346893724929,2926.33209659923,直连,,True
T011,巡航,S006>O01,2926.33209659923,2928.317299473532,直连,,True
T011,巡航,S006>O01,2928.317299473532,2930.302502347833,直连,,True
T011,巡航,S006>O01,2930.302502347833,2932.2877052221347,直连,,True
T011,巡航,S006>O01,2932.2877052221347,2934.272908096436,直连,,True
T011,巡航,S006>O01,2934.272908096436,2936.2581109707376,直连,,True
T011,巡航,S006>O01,2936.2581109707376,2938.2433138450388,直连,,True
T011,巡航,S006>O01,2938.2433138450388,2940.2285167193404,直连,,True
T011,巡航,S006>O01,2940.2285167193404,2942.2137195936416,直连,,True
T011,巡航,S006>O01,2942.2137195936416,2944.1989224679432,直连,,True
T011,巡航,S006>O01,2944.1989224679432,2946.1841253422444,直连,,True
T011,巡航,S006>O01,2946.1841253422444,2948.169328216546,直连,,True
T011,巡航,S006>O01,2948.169328216546,2950.1545310908473,直连,,True
T011,巡航,S006>O01,2950.1545310908473,2952.139733965149,直连,,True
T011,巡航,S006>O01,2952.139733965149,2954.12493683945,直连,,True
T011,巡航,S006>O01,2954.12493683945,2956.110139713752,直连,,True
T011,巡航,S006>O01,2956.110139713752,2958.095342588053,直连,,True
T011,巡航,S006>O01,2958.095342588053,2960.0805454623546,直连,,True
T011,巡航,S006>O01,2960.0805454623546,2962.065748336656,直连,,True
T011,巡航,S006>O01,2962.065748336656,2964.0509512109575,直连,,True
T011,巡航,S006>O01,2964.0509512109575,2966.0361540852587,直连,,True
T011,巡航,S006>O01,2966.0361540852587,2968.0213569595603,直连,,True
T011,巡航,S006>O01,2968.0213569595603,2970.0065598338615,直连,,True
T011,巡航,S006>O01,2970.0065598338615,2971.991762708163,直连,,True
T011,巡航,S006>O01,2971.991762708163,2973.9769655824643,直连,,True
T011,巡航,S006>O01,2973.9769655824643,2975.962168456766,直连,,True
T011,巡航,S006>O01,2975.962168456766,2977.947371331067,直连,,True
T011,巡航,S006>O01,2977.947371331067,2979.932574205369,直连,,True
T011,巡航,S006>O01,2979.932574205369,2981.91777707967,直连,,True
T011,下降,S006>O01,2981.91777707967,2993.8376690474433,直连,,True
T011,下降,S006>O01,2993.8376690474433,3005.757561015217,直连,,True
T011,下降,S006>O01,3005.757561015217,3017.6774529829904,直连,,True
T011,下降,S006>O01,3017.6774529829904,3029.5973449507637,直连,,True
T011,下降,S006>O01,3029.5973449507637,3041.517236918537,直连,,True
T011,下降,S006>O01,3041.517236918537,3053.4371288863103,直连,,True
T011,下降,S006>O01,3053.4371288863103,3065.357020854084,直连,,True
T011,下降,S006>O01,3065.357020854084,3077.2769128218574,直连,,True
T012,爬升,O01>S006,360.0,369.93324330647783,直连,,True
T012,爬升,O01>S006,369.93324330647783,379.8664866129557,直连,,True
T012,爬升,O01>S006,379.8664866129557,389.7997299194336,直连,,True
T012,爬升,O01>S006,389.7997299194336,399.73297322591145,直连,,True
T012,爬升,O01>S006,399.73297322591145,409.6662165323893,直连,,True
T012,爬升,O01>S006,409.6662165323893,419.5994598388672,直连,,True
T012,爬升,O01>S006,419.5994598388672,429.53270314534507,直连,,True
T012,爬升,O01>S006,429.53270314534507,439.4659464518229,直连,,True
T012,巡航,O01>S006,439.4659464518229,441.9474500446997,直连,,True
T012,巡航,O01>S006,441.9474500446997,444.42895363757646,直连,,True
T012,巡航,O01>S006,444.42895363757646,446.91045723045323,直连,,True
T012,巡航,O01>S006,446.91045723045323,449.39196082333,直连,,True
T012,巡航,O01>S006,449.39196082333,451.87346441620673,直连,,True
T012,巡航,O01>S006,451.87346441620673,454.3549680090835,直连,,True
T012,巡航,O01>S006,454.3549680090835,456.8364716019603,直连,,True
T012,巡航,O01>S006,456.8364716019603,459.31797519483706,直连,,True
T012,巡航,O01>S006,459.31797519483706,461.79947878771384,直连,,True
T012,巡航,O01>S006,461.79947878771384,464.2809823805906,直连,,True
T012,巡航,O01>S006,464.2809823805906,466.7624859734674,直连,,True
T012,巡航,O01>S006,466.7624859734674,469.24398956634417,直连,,True
T012,巡航,O01>S006,469.24398956634417,471.7254931592209,直连,,True
T012,巡航,O01>S006,471.7254931592209,474.20699675209767,直连,,True
T012,巡航,O01>S006,474.20699675209767,476.68850034497444,直连,,True
T012,巡航,O01>S006,476.68850034497444,479.1700039378512,直连,,True
T012,巡航,O01>S006,479.1700039378512,481.651507530728,直连,,True
T012,巡航,O01>S006,481.651507530728,484.1330111236048,直连,,True
T012,巡航,O01>S006,484.1330111236048,486.61451471648155,直连,,True
T012,巡航,O01>S006,486.61451471648155,489.0960183093583,直连,,True
T012,巡航,O01>S006,489.0960183093583,491.57752190223505,直连,,True
T012,巡航,O01>S006,491.57752190223505,494.0590254951118,直连,,True
T012,巡航,O01>S006,494.0590254951118,496.5405290879886,直连,,True
T012,巡航,O01>S006,496.5405290879886,499.0220326808654,直连,,True
T012,巡航,O01>S006,499.0220326808654,501.50353627374216,直连,,True
T012,巡航,O01>S006,501.50353627374216,503.98503986661893,直连,,True
T012,巡航,O01>S006,503.98503986661893,506.4665434594957,直连,,True
T012,巡航,O01>S006,506.4665434594957,508.94804705237243,直连,,True
T012,巡航,O01>S006,508.94804705237243,511.4295506452492,直连,,True
T012,巡航,O01>S006,511.4295506452492,513.911054238126,直连,,True
T012,巡航,O01>S006,513.911054238126,516.3925578310027,直连,,True
T012,巡航,O01>S006,516.3925578310027,518.8740614238795,直连,,True
T012,巡航,O01>S006,518.8740614238795,521.3555650167564,直连,,True
T012,巡航,O01>S006,521.3555650167564,523.8370686096331,直连,,True
T012,巡航,O01>S006,523.8370686096331,526.3185722025098,直连,,True
T012,巡航,O01>S006,526.3185722025098,528.8000757953866,直连,,True
T012,巡航,O01>S006,528.8000757953866,531.2815793882634,直连,,True
T012,巡航,O01>S006,531.2815793882634,533.7630829811402,直连,,True
T012,巡航,O01>S006,533.7630829811402,536.2445865740169,直连,,True
T012,巡航,O01>S006,536.2445865740169,538.7260901668938,直连,,True
T012,巡航,O01>S006,538.7260901668938,541.2075937597705,直连,,True
T012,巡航,O01>S006,541.2075937597705,543.6890973526472,直连,,True
T012,巡航,O01>S006,543.6890973526472,546.170600945524,直连,,True
T012,巡航,O01>S006,546.170600945524,548.6521045384007,直连,,True
T012,巡航,O01>S006,548.6521045384007,551.1336081312776,直连,,True
T012,巡航,O01>S006,551.1336081312776,553.6151117241543,直连,,True
T012,巡航,O01>S006,553.6151117241543,556.0966153170311,直连,,True
T012,巡航,O01>S006,556.0966153170311,558.5781189099079,直连,,True
T012,巡航,O01>S006,558.5781189099079,561.0596225027846,直连,,True
T012,巡航,O01>S006,561.0596225027846,563.5411260956614,直连,,True
T012,巡航,O01>S006,563.5411260956614,566.0226296885381,直连,,True
T012,巡航,O01>S006,566.0226296885381,568.504133281415,直连,,True
T012,巡航,O01>S006,568.504133281415,570.9856368742917,直连,,True
T012,巡航,O01>S006,570.9856368742917,573.4671404671685,直连,,True
T012,巡航,O01>S006,573.4671404671685,575.9486440600452,直连,,True
T012,巡航,O01>S006,575.9486440600452,578.430147652922,直连,,True
T012,巡航,O01>S006,578.430147652922,580.9116512457988,直连,,True
T012,巡航,O01>S006,580.9116512457988,583.3931548386755,直连,,True
T012,巡航,O01>S006,583.3931548386755,585.8746584315523,直连,,True
T012,巡航,O01>S006,585.8746584315523,588.3561620244291,直连,,True
T012,巡航,O01>S006,588.3561620244291,590.8376656173059,直连,,True
T012,巡航,O01>S006,590.8376656173059,593.3191692101826,直连,,True
T012,巡航,O01>S006,593.3191692101826,595.8006728030593,直连,,True
T012,巡航,O01>S006,595.8006728030593,598.2821763959362,直连,,True
T012,巡航,O01>S006,598.2821763959362,600.763679988813,直连,,True
T012,巡航,O01>S006,600.763679988813,603.2451835816897,直连,,True
T012,巡航,O01>S006,603.2451835816897,605.7266871745665,直连,,True
T012,巡航,O01>S006,605.7266871745665,608.2081907674433,直连,,True
T012,巡航,O01>S006,608.2081907674433,610.68969436032,直连,,True
T012,巡航,O01>S006,610.68969436032,613.1711979531968,直连,,True
T012,巡航,O01>S006,613.1711979531968,615.6527015460736,直连,,True
T012,巡航,O01>S006,615.6527015460736,618.1342051389504,直连,,True
T012,巡航,O01>S006,618.1342051389504,620.6157087318271,直连,,True
T012,巡航,O01>S006,620.6157087318271,623.0972123247038,直连,,True
T012,巡航,O01>S006,623.0972123247038,625.5787159175807,直连,,True
T012,巡航,O01>S006,625.5787159175807,628.0602195104574,直连,,True
T012,巡航,O01>S006,628.0602195104574,630.5417231033342,直连,,True
T012,巡航,O01>S006,630.5417231033342,633.0232266962109,直连,,True
T012,巡航,O01>S006,633.0232266962109,635.5047302890878,直连,,True
T012,巡航,O01>S006,635.5047302890878,637.9862338819645,直连,,True
T012,巡航,O01>S006,637.9862338819645,640.4677374748412,直连,,True
T012,巡航,O01>S006,640.4677374748412,642.949241067718,直连,,True
T012,巡航,O01>S006,642.949241067718,645.4307446605949,直连,,True
T012,巡航,O01>S006,645.4307446605949,647.9122482534716,直连,,True
T012,巡航,O01>S006,647.9122482534716,650.3937518463483,直连,,True
T012,巡航,O01>S006,650.3937518463483,652.8752554392252,直连,,True
T012,巡航,O01>S006,652.8752554392252,655.3567590321019,直连,,True
T012,巡航,O01>S006,655.3567590321019,657.8382626249786,直连,,True
T012,巡航,O01>S006,657.8382626249786,660.3197662178554,直连,,True
T012,巡航,O01>S006,660.3197662178554,662.8012698107323,直连,,True
T012,巡航,O01>S006,662.8012698107323,665.282773403609,直连,,True
T012,巡航,O01>S006,665.282773403609,667.7642769964857,直连,,True
T012,巡航,O01>S006,667.7642769964857,670.2457805893625,直连,,True
T012,巡航,O01>S006,670.2457805893625,672.7272841822393,直连,,True
T012,巡航,O01>S006,672.7272841822393,675.2087877751161,直连,,True
T012,巡航,O01>S006,675.2087877751161,677.6902913679928,直连,,True
T012,巡航,O01>S006,677.6902913679928,680.1717949608696,直连,,True
T012,巡航,O01>S006,680.1717949608696,682.6532985537464,直连,,True
T012,巡航,O01>S006,682.6532985537464,685.1348021466231,直连,,True
T012,巡航,O01>S006,685.1348021466231,687.6163057394999,直连,,True
T012,巡航,O01>S006,687.6163057394999,690.0978093323766,直连,,True
T012,巡航,O01>S006,690.0978093323766,692.5793129252535,直连,,True
T012,巡航,O01>S006,692.5793129252535,695.0608165181302,直连,,True
T012,巡航,O01>S006,695.0608165181302,697.542320111007,直连,,True
T012,巡航,O01>S006,697.542320111007,700.0238237038837,直连,,True
T012,巡航,O01>S006,700.0238237038837,702.5053272967605,直连,,True
T012,巡航,O01>S006,702.5053272967605,704.9868308896373,直连,,True
T012,下降,O01>S006,704.9868308896373,715.246398760731,直连,,True
T012,下降,O01>S006,715.246398760731,725.5059666318248,直连,,True
T012,投送,S006,725.5059666318248,935.5059666318248,直连,,True
T012,爬升,S006>O01,935.5059666318248,944.055606524403,直连,,True
T012,爬升,S006>O01,944.055606524403,952.605246416981,直连,,True
T012,巡航,S006>O01,952.605246416981,955.0867500098577,直连,,True
T012,巡航,S006>O01,955.0867500098577,957.5682536027346,直连,,True
T012,巡航,S006>O01,957.5682536027346,960.0497571956113,直连,,True
T012,巡航,S006>O01,960.0497571956113,962.5312607884881,直连,,True
T012,巡航,S006>O01,962.5312607884881,965.0127643813648,直连,,True
T012,巡航,S006>O01,965.0127643813648,967.4942679742417,直连,,True
T012,巡航,S006>O01,967.4942679742417,969.9757715671184,直连,,True
T012,巡航,S006>O01,969.9757715671184,972.4572751599951,直连,,True
T012,巡航,S006>O01,972.4572751599951,974.9387787528719,直连,,True
T012,巡航,S006>O01,974.9387787528719,977.4202823457487,直连,,True
T012,巡航,S006>O01,977.4202823457487,979.9017859386255,直连,,True
T012,巡航,S006>O01,979.9017859386255,982.3832895315022,直连,,True
T012,巡航,S006>O01,982.3832895315022,984.864793124379,直连,,True
T012,巡航,S006>O01,984.864793124379,987.3462967172558,直连,,True
T012,巡航,S006>O01,987.3462967172558,989.8278003101325,直连,,True
T012,巡航,S006>O01,989.8278003101325,992.3093039030093,直连,,True
T012,巡航,S006>O01,992.3093039030093,994.790807495886,直连,,True
T012,巡航,S006>O01,994.790807495886,997.2723110887629,直连,,True
T012,巡航,S006>O01,997.2723110887629,999.7538146816396,直连,,True
T012,巡航,S006>O01,999.7538146816396,1002.2353182745164,直连,,True
T012,巡航,S006>O01,1002.2353182745164,1004.7168218673932,直连,,True
T012,巡航,S006>O01,1004.7168218673932,1007.1983254602699,直连,,True
T012,巡航,S006>O01,1007.1983254602699,1009.6798290531467,直连,,True
T012,巡航,S006>O01,1009.6798290531467,1012.1613326460234,直连,,True
T012,巡航,S006>O01,1012.1613326460234,1014.6428362389003,直连,,True
T012,巡航,S006>O01,1014.6428362389003,1017.124339831777,直连,,True
T012,巡航,S006>O01,1017.124339831777,1019.6058434246538,直连,,True
T012,巡航,S006>O01,1019.6058434246538,1022.0873470175305,直连,,True
T012,巡航,S006>O01,1022.0873470175305,1024.5688506104073,直连,,True
T012,巡航,S006>O01,1024.5688506104073,1027.050354203284,直连,,True
T012,巡航,S006>O01,1027.050354203284,1029.531857796161,直连,,True
T012,巡航,S006>O01,1029.531857796161,1032.0133613890375,直连,,True
T012,巡航,S006>O01,1032.0133613890375,1034.4948649819144,直连,,True
T012,巡航,S006>O01,1034.4948649819144,1036.9763685747912,直连,,True
T012,巡航,S006>O01,1036.9763685747912,1039.457872167668,直连,,True
T012,巡航,S006>O01,1039.457872167668,1041.9393757605446,直连,,True
T012,巡航,S006>O01,1041.9393757605446,1044.4208793534215,直连,,True
T012,巡航,S006>O01,1044.4208793534215,1046.9023829462983,直连,,True
T012,巡航,S006>O01,1046.9023829462983,1049.383886539175,直连,,True
T012,巡航,S006>O01,1049.383886539175,1051.8653901320517,直连,,True
T012,巡航,S006>O01,1051.8653901320517,1054.3468937249286,直连,,True
T012,巡航,S006>O01,1054.3468937249286,1056.8283973178054,直连,,True
T012,巡航,S006>O01,1056.8283973178054,1059.309900910682,直连,,True
T012,巡航,S006>O01,1059.309900910682,1061.7914045035589,直连,,True
T012,巡航,S006>O01,1061.7914045035589,1064.2729080964357,直连,,True
T012,巡航,S006>O01,1064.2729080964357,1066.7544116893123,直连,,True
T012,巡航,S006>O01,1066.7544116893123,1069.2359152821891,直连,,True
T012,巡航,S006>O01,1069.2359152821891,1071.717418875066,直连,,True
T012,巡航,S006>O01,1071.717418875066,1074.1989224679428,直连,,True
T012,巡航,S006>O01,1074.1989224679428,1076.6804260608194,直连,,True
T012,巡航,S006>O01,1076.6804260608194,1079.1619296536962,直连,,True
T012,巡航,S006>O01,1079.1619296536962,1081.643433246573,直连,,True
T012,巡航,S006>O01,1081.643433246573,1084.1249368394497,直连,,True
T012,巡航,S006>O01,1084.1249368394497,1086.6064404323265,直连,,True
T012,巡航,S006>O01,1086.6064404323265,1089.0879440252033,直连,,True
T012,巡航,S006>O01,1089.0879440252033,1091.5694476180802,直连,,True
T012,巡航,S006>O01,1091.5694476180802,1094.0509512109568,直连,,True
T012,巡航,S006>O01,1094.0509512109568,1096.5324548038336,直连,,True
T012,巡航,S006>O01,1096.5324548038336,1099.0139583967104,直连,,True
T012,巡航,S006>O01,1099.0139583967104,1101.495461989587,直连,,True
T012,巡航,S006>O01,1101.495461989587,1103.976965582464,直连,,True
T012,巡航,S006>O01,1103.976965582464,1106.4584691753407,直连,,True
T012,巡航,S006>O01,1106.4584691753407,1108.9399727682176,直连,,True
T012,巡航,S006>O01,1108.9399727682176,1111.4214763610942,直连,,True
T012,巡航,S006>O01,1111.4214763610942,1113.902979953971,直连,,True
T012,巡航,S006>O01,1113.902979953971,1116.3844835468478,直连,,True
T012,巡航,S006>O01,1116.3844835468478,1118.8659871397244,直连,,True
T012,巡航,S006>O01,1118.8659871397244,1121.3474907326013,直连,,True
T012,巡航,S006>O01,1121.3474907326013,1123.828994325478,直连,,True
T012,巡航,S006>O01,1123.828994325478,1126.310497918355,直连,,True
T012,巡航,S006>O01,1126.310497918355,1128.7920015112315,直连,,True
T012,巡航,S006>O01,1128.7920015112315,1131.2735051041084,直连,,True
T012,巡航,S006>O01,1131.2735051041084,1133.7550086969852,直连,,True
T012,巡航,S006>O01,1133.7550086969852,1136.2365122898618,直连,,True
T012,巡航,S006>O01,1136.2365122898618,1138.7180158827387,直连,,True
T012,巡航,S006>O01,1138.7180158827387,1141.1995194756155,直连,,True
T012,巡航,S006>O01,1141.1995194756155,1143.6810230684923,直连,,True
T012,巡航,S006>O01,1143.6810230684923,1146.162526661369,直连,,True
T012,巡航,S006>O01,1146.162526661369,1148.6440302542458,直连,,True
T012,巡航,S006>O01,1148.6440302542458,1151.1255338471226,直连,,True
T012,巡航,S006>O01,1151.1255338471226,1153.6070374399992,直连,,True
T012,巡航,S006>O01,1153.6070374399992,1156.088541032876,直连,,True
T012,巡航,S006>O01,1156.088541032876,1158.5700446257529,直连,,True
T012,巡航,S006>O01,1158.5700446257529,1161.0515482186297,直连,,True
T012,巡航,S006>O01,1161.0515482186297,1163.5330518115063,直连,,True
T012,巡航,S006>O01,1163.5330518115063,1166.0145554043831,直连,,True
T012,巡航,S006>O01,1166.0145554043831,1168.49605899726,直连,,True
T012,巡航,S006>O01,1168.49605899726,1170.9775625901366,直连,,True
T012,巡航,S006>O01,1170.9775625901366,1173.4590661830134,直连,,True
T012,巡航,S006>O01,1173.4590661830134,1175.9405697758903,直连,,True
T012,巡航,S006>O01,1175.9405697758903,1178.422073368767,直连,,True
T012,巡航,S006>O01,1178.422073368767,1180.9035769616437,直连,,True
T012,巡航,S006>O01,1180.9035769616437,1183.3850805545205,直连,,True
T012,巡航,S006>O01,1183.3850805545205,1185.8665841473974,直连,,True
T012,巡航,S006>O01,1185.8665841473974,1188.348087740274,直连,,True
T012,巡航,S006>O01,1188.348087740274,1190.8295913331508,直连,,True
T012,巡航,S006>O01,1190.8295913331508,1193.3110949260276,直连,,True
T012,巡航,S006>O01,1193.3110949260276,1195.7925985189045,直连,,True
T012,巡航,S006>O01,1195.7925985189045,1198.274102111781,直连,,True
T012,巡航,S006>O01,1198.274102111781,1200.755605704658,直连,,True
T012,巡航,S006>O01,1200.755605704658,1203.2371092975347,直连,,True
T012,巡航,S006>O01,1203.2371092975347,1205.7186128904114,直连,,True
T012,巡航,S006>O01,1205.7186128904114,1208.2001164832882,直连,,True
T012,巡航,S006>O01,1208.2001164832882,1210.681620076165,直连,,True
T012,巡航,S006>O01,1210.681620076165,1213.1631236690419,直连,,True
T012,巡航,S006>O01,1213.1631236690419,1215.6446272619185,直连,,True
T012,巡航,S006>O01,1215.6446272619185,1218.1261308547953,直连,,True
T012,下降,S006>O01,1218.1261308547953,1230.0460228225688,直连,,True
T012,下降,S006>O01,1230.0460228225688,1241.9659147903421,直连,,True
T012,下降,S006>O01,1241.9659147903421,1253.8858067581157,直连,,True
T012,下降,S006>O01,1253.8858067581157,1265.8056987258892,直连,,True
T012,下降,S006>O01,1265.8056987258892,1277.7255906936625,直连,,True
T012,下降,S006>O01,1277.7255906936625,1289.645482661436,直连,,True
T012,下降,S006>O01,1289.645482661436,1301.5653746292094,直连,,True
T012,下降,S006>O01,1301.5653746292094,1313.485266596983,直连,,True
T013,爬升,O01>S006,2567.0,2576.933243306478,直连,,True
T013,爬升,O01>S006,2576.933243306478,2586.8664866129557,直连,,True
T013,爬升,O01>S006,2586.8664866129557,2596.7997299194335,直连,,True
T013,爬升,O01>S006,2596.7997299194335,2606.7329732259113,直连,,True
T013,爬升,O01>S006,2606.7329732259113,2616.6662165323896,直连,,True
T013,爬升,O01>S006,2616.6662165323896,2626.5994598388675,直连,,True
T013,爬升,O01>S006,2626.5994598388675,2636.5327031453453,直连,,True
T013,爬升,O01>S006,2636.5327031453453,2646.465946451823,直连,,True
T013,巡航,O01>S006,2646.465946451823,2648.9474500447,直连,,True
T013,巡航,O01>S006,2648.9474500447,2651.428953637577,直连,,True
T013,巡航,O01>S006,2651.428953637577,2653.9104572304536,直连,,True
T013,巡航,O01>S006,2653.9104572304536,2656.39196082333,直连,,True
T013,巡航,O01>S006,2656.39196082333,2658.873464416207,直连,,True
T013,巡航,O01>S006,2658.873464416207,2661.3549680090837,直连,,True
T013,巡航,O01>S006,2661.3549680090837,2663.8364716019605,直连,,True
T013,巡航,O01>S006,2663.8364716019605,2666.3179751948373,直连,,True
T013,巡航,O01>S006,2666.3179751948373,2668.799478787714,直连,,True
T013,巡航,O01>S006,2668.799478787714,2671.280982380591,直连,,True
T013,巡航,O01>S006,2671.280982380591,2673.7624859734674,直连,,True
T013,巡航,O01>S006,2673.7624859734674,2676.243989566344,直连,,True
T013,巡航,O01>S006,2676.243989566344,2678.725493159221,直连,,True
T013,巡航,O01>S006,2678.725493159221,2681.206996752098,直连,,True
T013,巡航,O01>S006,2681.206996752098,2683.6885003449747,直连,,True
T013,巡航,O01>S006,2683.6885003449747,2686.1700039378516,直连,,True
T013,巡航,O01>S006,2686.1700039378516,2688.6515075307284,直连,,True
T013,巡航,O01>S006,2688.6515075307284,2691.133011123605,直连,,True
T013,巡航,O01>S006,2691.133011123605,2693.6145147164816,直连,,True
T013,巡航,O01>S006,2693.6145147164816,2696.0960183093584,直连,,True
T013,巡航,O01>S006,2696.0960183093584,2698.5775219022353,直连,,True
T013,巡航,O01>S006,2698.5775219022353,2701.059025495112,直连,,True
T013,巡航,O01>S006,2701.059025495112,2703.540529087989,直连,,True
T013,巡航,O01>S006,2703.540529087989,2706.022032680866,直连,,True
T013,巡航,O01>S006,2706.022032680866,2708.5035362737426,直连,,True
T013,巡航,O01>S006,2708.5035362737426,2710.985039866619,直连,,True
T013,巡航,O01>S006,2710.985039866619,2713.466543459496,直连,,True
T013,巡航,O01>S006,2713.466543459496,2715.9480470523727,直连,,True
T013,巡航,O01>S006,2715.9480470523727,2718.4295506452495,直连,,True
T013,巡航,O01>S006,2718.4295506452495,2720.9110542381263,直连,,True
T013,巡航,O01>S006,2720.9110542381263,2723.392557831003,直连,,True
T013,巡航,O01>S006,2723.392557831003,2725.8740614238795,直连,,True
T013,巡航,O01>S006,2725.8740614238795,2728.3555650167564,直连,,True
T013,巡航,O01>S006,2728.3555650167564,2730.837068609633,直连,,True
T013,巡航,O01>S006,2730.837068609633,2733.31857220251,直连,,True
T013,巡航,O01>S006,2733.31857220251,2735.800075795387,直连,,True
T013,巡航,O01>S006,2735.800075795387,2738.2815793882637,直连,,True
T013,巡航,O01>S006,2738.2815793882637,2740.7630829811405,直连,,True
T013,巡航,O01>S006,2740.7630829811405,2743.2445865740174,直连,,True
T013,巡航,O01>S006,2743.2445865740174,2745.7260901668938,直连,,True
T013,巡航,O01>S006,2745.7260901668938,2748.2075937597706,直连,,True
T013,巡航,O01>S006,2748.2075937597706,2750.6890973526474,直连,,True
T013,巡航,O01>S006,2750.6890973526474,2753.1706009455243,直连,,True
T013,巡航,O01>S006,2753.1706009455243,2755.652104538401,直连,,True
T013,巡航,O01>S006,2755.652104538401,2758.133608131278,直连,,True
T013,巡航,O01>S006,2758.133608131278,2760.6151117241548,直连,,True
T013,巡航,O01>S006,2760.6151117241548,2763.096615317031,直连,,True
T013,巡航,O01>S006,2763.096615317031,2765.578118909908,直连,,True
T013,巡航,O01>S006,2765.578118909908,2768.059622502785,直连,,True
T013,巡航,O01>S006,2768.059622502785,2770.5411260956616,直连,,True
T013,巡航,O01>S006,2770.5411260956616,2773.0226296885385,直连,,True
T013,巡航,O01>S006,2773.0226296885385,2775.5041332814153,直连,,True
T013,巡航,O01>S006,2775.5041332814153,2777.985636874292,直连,,True
T013,巡航,O01>S006,2777.985636874292,2780.4671404671685,直连,,True
T013,巡航,O01>S006,2780.4671404671685,2782.9486440600454,直连,,True
T013,巡航,O01>S006,2782.9486440600454,2785.430147652922,直连,,True
T013,巡航,O01>S006,2785.430147652922,2787.911651245799,直连,,True
T013,巡航,O01>S006,2787.911651245799,2790.393154838676,直连,,True
T013,巡航,O01>S006,2790.393154838676,2792.8746584315527,直连,,True
T013,巡航,O01>S006,2792.8746584315527,2795.3561620244295,直连,,True
T013,巡航,O01>S006,2795.3561620244295,2797.837665617306,直连,,True
T013,巡航,O01>S006,2797.837665617306,2800.3191692101827,直连,,True
T013,巡航,O01>S006,2800.3191692101827,2802.8006728030596,直连,,True
T013,巡航,O01>S006,2802.8006728030596,2805.2821763959364,直连,,True
T013,巡航,O01>S006,2805.2821763959364,2807.7636799888132,直连,,True
T013,巡航,O01>S006,2807.7636799888132,2810.24518358169,直连,,True
T013,巡航,O01>S006,2810.24518358169,2812.726687174567,直连,,True
T013,巡航,O01>S006,2812.726687174567,2815.2081907674433,直连,,True
T013,巡航,O01>S006,2815.2081907674433,2817.68969436032,直连,,True
T013,巡航,O01>S006,2817.68969436032,2820.171197953197,直连,,True
T013,巡航,O01>S006,2820.171197953197,2822.652701546074,直连,,True
T013,巡航,O01>S006,2822.652701546074,2825.1342051389506,直连,,True
T013,巡航,O01>S006,2825.1342051389506,2827.6157087318275,直连,,True
T013,巡航,O01>S006,2827.6157087318275,2830.0972123247043,直连,,True
T013,巡航,O01>S006,2830.0972123247043,2832.5787159175807,直连,,True
T013,巡航,O01>S006,2832.5787159175807,2835.0602195104575,直连,,True
T013,巡航,O01>S006,2835.0602195104575,2837.5417231033343,直连,,True
T013,巡航,O01>S006,2837.5417231033343,2840.023226696211,直连,,True
T013,巡航,O01>S006,2840.023226696211,2842.504730289088,直连,,True
T013,巡航,O01>S006,2842.504730289088,2844.986233881965,直连,,True
T013,巡航,O01>S006,2844.986233881965,2847.4677374748417,直连,,True
T013,巡航,O01>S006,2847.4677374748417,2849.9492410677185,直连,,True
T013,巡航,O01>S006,2849.9492410677185,2852.430744660595,直连,,True
T013,巡航,O01>S006,2852.430744660595,2854.9122482534717,直连,,True
T013,巡航,O01>S006,2854.9122482534717,2857.3937518463486,直连,,True
T013,巡航,O01>S006,2857.3937518463486,2859.8752554392254,直连,,True
T013,巡航,O01>S006,2859.8752554392254,2862.356759032102,直连,,True
T013,巡航,O01>S006,2862.356759032102,2864.838262624979,直连,,True
T013,巡航,O01>S006,2864.838262624979,2867.3197662178554,直连,,True
T013,巡航,O01>S006,2867.3197662178554,2869.8012698107323,直连,,True
T013,巡航,O01>S006,2869.8012698107323,2872.282773403609,直连,,True
T013,巡航,O01>S006,2872.282773403609,2874.764276996486,直连,,True
T013,巡航,O01>S006,2874.764276996486,2877.2457805893628,直连,,True
T013,巡航,O01>S006,2877.2457805893628,2879.7272841822396,直连,,True
T013,巡航,O01>S006,2879.7272841822396,2882.2087877751164,直连,,True
T013,巡航,O01>S006,2882.2087877751164,2884.6902913679933,直连,,True
T013,巡航,O01>S006,2884.6902913679933,2887.1717949608696,直连,,True
T013,巡航,O01>S006,2887.1717949608696,2889.6532985537465,直连,,True
T013,巡航,O01>S006,2889.6532985537465,2892.1348021466233,直连,,True
T013,巡航,O01>S006,2892.1348021466233,2894.6163057395,直连,,True
T013,巡航,O01>S006,2894.6163057395,2897.097809332377,直连,,True
T013,巡航,O01>S006,2897.097809332377,2899.579312925254,直连,,True
T013,巡航,O01>S006,2899.579312925254,2902.0608165181307,直连,,True
T013,巡航,O01>S006,2902.0608165181307,2904.542320111007,直连,,True
T013,巡航,O01>S006,2904.542320111007,2907.023823703884,直连,,True
T013,巡航,O01>S006,2907.023823703884,2909.5053272967607,直连,,True
T013,巡航,O01>S006,2909.5053272967607,2911.9868308896375,直连,,True
T013,下降,O01>S006,2911.9868308896375,2922.2463987607316,直连,,True
T013,下降,O01>S006,2922.2463987607316,2932.5059666318252,直连,,True
T013,投送,S006,2932.5059666318252,3142.5059666318252,直连,,True
T013,爬升,S006>O01,3142.5059666318252,3151.0556065244036,直连,,True
T013,爬升,S006>O01,3151.0556065244036,3159.6052464169816,直连,,True
T013,巡航,S006>O01,3159.6052464169816,3162.0867500098584,直连,,True
T013,巡航,S006>O01,3162.0867500098584,3164.5682536027352,直连,,True
T013,巡航,S006>O01,3164.5682536027352,3167.049757195612,直连,,True
T013,巡航,S006>O01,3167.049757195612,3169.5312607884885,直连,,True
T013,巡航,S006>O01,3169.5312607884885,3172.0127643813653,直连,,True
T013,巡航,S006>O01,3172.0127643813653,3174.494267974242,直连,,True
T013,巡航,S006>O01,3174.494267974242,3176.975771567119,直连,,True
T013,巡航,S006>O01,3176.975771567119,3179.457275159996,直连,,True
T013,巡航,S006>O01,3179.457275159996,3181.9387787528726,直连,,True
T013,巡航,S006>O01,3181.9387787528726,3184.4202823457495,直连,,True
T013,巡航,S006>O01,3184.4202823457495,3186.901785938626,直连,,True
T013,巡航,S006>O01,3186.901785938626,3189.3832895315027,直连,,True
T013,巡航,S006>O01,3189.3832895315027,3191.8647931243795,直连,,True
T013,巡航,S006>O01,3191.8647931243795,3194.3462967172563,直连,,True
T013,巡航,S006>O01,3194.3462967172563,3196.827800310133,直连,,True
T013,巡航,S006>O01,3196.827800310133,3199.30930390301,直连,,True
T013,巡航,S006>O01,3199.30930390301,3201.790807495887,直连,,True
T013,巡航,S006>O01,3201.790807495887,3204.272311088763,直连,,True
T013,巡航,S006>O01,3204.272311088763,3206.75381468164,直连,,True
T013,巡航,S006>O01,3206.75381468164,3209.235318274517,直连,,True
T013,巡航,S006>O01,3209.235318274517,3211.7168218673937,直连,,True
T013,巡航,S006>O01,3211.7168218673937,3214.1983254602706,直连,,True
T013,巡航,S006>O01,3214.1983254602706,3216.6798290531474,直连,,True
T013,巡航,S006>O01,3216.6798290531474,3219.161332646024,直连,,True
T013,巡航,S006>O01,3219.161332646024,3221.6428362389006,直连,,True
T013,巡航,S006>O01,3221.6428362389006,3224.1243398317774,直连,,True
T013,巡航,S006>O01,3224.1243398317774,3226.6058434246543,直连,,True
T013,巡航,S006>O01,3226.6058434246543,3229.087347017531,直连,,True
T013,巡航,S006>O01,3229.087347017531,3231.568850610408,直连,,True
T013,巡航,S006>O01,3231.568850610408,3234.0503542032848,直连,,True
T013,巡航,S006>O01,3234.0503542032848,3236.5318577961616,直连,,True
T013,巡航,S006>O01,3236.5318577961616,3239.0133613890384,直连,,True
T013,巡航,S006>O01,3239.0133613890384,3241.494864981915,直连,,True
T013,巡航,S006>O01,3241.494864981915,3243.9763685747916,直连,,True
T013,巡航,S006>O01,3243.9763685747916,3246.4578721676685,直连,,True
T013,巡航,S006>O01,3246.4578721676685,3248.9393757605453,直连,,True
T013,巡航,S006>O01,3248.9393757605453,3251.420879353422,直连,,True
T013,巡航,S006>O01,3251.420879353422,3253.902382946299,直连,,True
T013,巡航,S006>O01,3253.902382946299,3256.383886539176,直连,,True
T013,巡航,S006>O01,3256.383886539176,3258.865390132052,直连,,True
T013,巡航,S006>O01,3258.865390132052,3261.346893724929,直连,,True
T013,巡航,S006>O01,3261.346893724929,3263.828397317806,直连,,True
T013,巡航,S006>O01,3263.828397317806,3266.3099009106827,直连,,True
T013,巡航,S006>O01,3266.3099009106827,3268.7914045035595,直连,,True
T013,巡航,S006>O01,3268.7914045035595,3271.2729080964364,直连,,True
T013,巡航,S006>O01,3271.2729080964364,3273.754411689313,直连,,True
T013,巡航,S006>O01,3273.754411689313,3276.2359152821896,直连,,True
T013,巡航,S006>O01,3276.2359152821896,3278.7174188750664,直连,,True
T013,巡航,S006>O01,3278.7174188750664,3281.1989224679432,直连,,True
T013,巡航,S006>O01,3281.1989224679432,3283.68042606082,直连,,True
T013,巡航,S006>O01,3283.68042606082,3286.161929653697,直连,,True
T013,巡航,S006>O01,3286.161929653697,3288.6434332465737,直连,,True
T013,巡航,S006>O01,3288.6434332465737,3291.1249368394506,直连,,True
T013,巡航,S006>O01,3291.1249368394506,3293.606440432327,直连,,True
T013,巡航,S006>O01,3293.606440432327,3296.087944025204,直连,,True
T013,巡航,S006>O01,3296.087944025204,3298.5694476180806,直连,,True
T013,巡航,S006>O01,3298.5694476180806,3301.0509512109575,直连,,True
T013,巡航,S006>O01,3301.0509512109575,3303.5324548038343,直连,,True
T013,巡航,S006>O01,3303.5324548038343,3306.013958396711,直连,,True
T013,巡航,S006>O01,3306.013958396711,3308.495461989588,直连,,True
T013,巡航,S006>O01,3308.495461989588,3310.9769655824643,直连,,True
T013,巡航,S006>O01,3310.9769655824643,3313.458469175341,直连,,True
T013,巡航,S006>O01,3313.458469175341,3315.939972768218,直连,,True
T013,巡航,S006>O01,3315.939972768218,3318.421476361095,直连,,True
T013,巡航,S006>O01,3318.421476361095,3320.9029799539717,直连,,True
T013,巡航,S006>O01,3320.9029799539717,3323.3844835468485,直连,,True
T013,巡航,S006>O01,3323.3844835468485,3325.8659871397253,直连,,True
T013,巡航,S006>O01,3325.8659871397253,3328.3474907326017,直连,,True
T013,巡航,S006>O01,3328.3474907326017,3330.8289943254786,直连,,True
T013,巡航,S006>O01,3330.8289943254786,3333.3104979183554,直连,,True
T013,巡航,S006>O01,3333.3104979183554,3335.7920015112322,直连,,True
T013,巡航,S006>O01,3335.7920015112322,3338.273505104109,直连,,True
T013,巡航,S006>O01,3338.273505104109,3340.755008696986,直连,,True
T013,巡航,S006>O01,3340.755008696986,3343.2365122898627,直连,,True
T013,巡航,S006>O01,3343.2365122898627,3345.718015882739,直连,,True
T013,巡航,S006>O01,3345.718015882739,3348.199519475616,直连,,True
T013,巡航,S006>O01,3348.199519475616,3350.681023068493,直连,,True
T013,巡航,S006>O01,3350.681023068493,3353.1625266613696,直连,,True
T013,巡航,S006>O01,3353.1625266613696,3355.6440302542464,直连,,True
T013,巡航,S006>O01,3355.6440302542464,3358.1255338471233,直连,,True
T013,巡航,S006>O01,3358.1255338471233,3360.60703744,直连,,True
T013,巡航,S006>O01,3360.60703744,3363.0885410328765,直连,,True
T013,巡航,S006>O01,3363.0885410328765,3365.5700446257533,直连,,True
T013,巡航,S006>O01,3365.5700446257533,3368.05154821863,直连,,True
T013,巡航,S006>O01,3368.05154821863,3370.533051811507,直连,,True
T013,巡航,S006>O01,3370.533051811507,3373.014555404384,直连,,True
T013,巡航,S006>O01,3373.014555404384,3375.4960589972607,直连,,True
T013,巡航,S006>O01,3375.4960589972607,3377.9775625901375,直连,,True
T013,巡航,S006>O01,3377.9775625901375,3380.4590661830143,直连,,True
T013,巡航,S006>O01,3380.4590661830143,3382.9405697758907,直连,,True
T013,巡航,S006>O01,3382.9405697758907,3385.4220733687675,直连,,True
T013,巡航,S006>O01,3385.4220733687675,3387.9035769616444,直连,,True
T013,巡航,S006>O01,3387.9035769616444,3390.385080554521,直连,,True
T013,巡航,S006>O01,3390.385080554521,3392.866584147398,直连,,True
T013,巡航,S006>O01,3392.866584147398,3395.348087740275,直连,,True
T013,巡航,S006>O01,3395.348087740275,3397.8295913331517,直连,,True
T013,巡航,S006>O01,3397.8295913331517,3400.311094926028,直连,,True
T013,巡航,S006>O01,3400.311094926028,3402.792598518905,直连,,True
T013,巡航,S006>O01,3402.792598518905,3405.2741021117818,直连,,True
T013,巡航,S006>O01,3405.2741021117818,3407.7556057046586,直连,,True
T013,巡航,S006>O01,3407.7556057046586,3410.2371092975354,直连,,True
T013,巡航,S006>O01,3410.2371092975354,3412.7186128904123,直连,,True
T013,巡航,S006>O01,3412.7186128904123,3415.200116483289,直连,,True
T013,巡航,S006>O01,3415.200116483289,3417.6816200761655,直连,,True
T013,巡航,S006>O01,3417.6816200761655,3420.1631236690423,直连,,True
T013,巡航,S006>O01,3420.1631236690423,3422.644627261919,直连,,True
T013,巡航,S006>O01,3422.644627261919,3425.126130854796,直连,,True
T013,下降,S006>O01,3425.126130854796,3437.0460228225693,直连,,True
T013,下降,S006>O01,3437.0460228225693,3448.965914790343,直连,,True
T013,下降,S006>O01,3448.965914790343,3460.8858067581164,直连,,True
T013,下降,S006>O01,3460.8858067581164,3472.8056987258897,直连,,True
T013,下降,S006>O01,3472.8056987258897,3484.725590693663,直连,,True
T013,下降,S006>O01,3484.725590693663,3496.6454826614363,直连,,True
T013,下降,S006>O01,3496.6454826614363,3508.56537462921,直连,,True
T013,下降,S006>O01,3508.56537462921,3520.4852665969834,直连,,True
T014,爬升,O01>S007,1674.0,1683.8531583345853,直连,,True
T014,爬升,O01>S007,1683.8531583345853,1693.7063166691707,直连,,True
T014,爬升,O01>S007,1693.7063166691707,1703.559475003756,直连,,True
T014,爬升,O01>S007,1703.559475003756,1713.4126333383413,直连,,True
T014,爬升,O01>S007,1713.4126333383413,1723.2657916729268,直连,,True
T014,爬升,O01>S007,1723.2657916729268,1733.118950007512,直连,,True
T014,爬升,O01>S007,1733.118950007512,1742.9721083420973,直连,,True
T014,爬升,O01>S007,1742.9721083420973,1752.8252666766825,直连,,True
T014,爬升,O01>S007,1752.8252666766825,1762.678425011268,直连,,True
T014,爬升,O01>S007,1762.678425011268,1772.5315833458533,直连,,True
T014,爬升,O01>S007,1772.5315833458533,1782.3847416804385,直连,,True
T014,爬升,O01>S007,1782.3847416804385,1792.237900015024,直连,,True
T014,爬升,O01>S007,1792.237900015024,1802.0910583496093,直连,,True
T014,巡航,O01>S007,1802.0910583496093,1804.577093434923,直连,,True
T014,巡航,O01>S007,1804.577093434923,1807.0631285202367,直连,,True
T014,巡航,O01>S007,1807.0631285202367,1809.5491636055503,直连,,True
T014,巡航,O01>S007,1809.5491636055503,1812.035198690864,直连,,True
T014,巡航,O01>S007,1812.035198690864,1814.5212337761777,直连,,True
T014,巡航,O01>S007,1814.5212337761777,1817.0072688614914,直连,,True
T014,巡航,O01>S007,1817.0072688614914,1819.493303946805,直连,,True
T014,巡航,O01>S007,1819.493303946805,1821.9793390321188,直连,,True
T014,巡航,O01>S007,1821.9793390321188,1824.4653741174325,直连,,True
T014,巡航,O01>S007,1824.4653741174325,1826.951409202746,直连,,True
T014,巡航,O01>S007,1826.951409202746,1829.4374442880596,直连,,True
T014,巡航,O01>S007,1829.4374442880596,1831.9234793733733,直连,,True
T014,巡航,O01>S007,1831.9234793733733,1834.409514458687,直连,,True
T014,巡航,O01>S007,1834.409514458687,1836.8955495440007,直连,,True
T014,巡航,O01>S007,1836.8955495440007,1839.3815846293144,直连,,True
T014,巡航,O01>S007,1839.3815846293144,1841.867619714628,直连,,True
T014,巡航,O01>S007,1841.867619714628,1844.3536547999418,直连,,True
T014,巡航,O01>S007,1844.3536547999418,1846.8396898852554,直连,,True
T014,巡航,O01>S007,1846.8396898852554,1849.3257249705691,直连,,True
T014,巡航,O01>S007,1849.3257249705691,1851.8117600558828,直连,,True
T014,巡航,O01>S007,1851.8117600558828,1854.2977951411965,直连,,True
T014,巡航,O01>S007,1854.2977951411965,1856.7838302265102,直连,,True
T014,巡航,O01>S007,1856.7838302265102,1859.2698653118239,直连,,True
T014,巡航,O01>S007,1859.2698653118239,1861.7559003971376,直连,,True
T014,巡航,O01>S007,1861.7559003971376,1864.2419354824513,直连,,True
T014,巡航,O01>S007,1864.2419354824513,1866.727970567765,直连,,True
T014,巡航,O01>S007,1866.727970567765,1869.2140056530786,直连,,True
T014,巡航,O01>S007,1869.2140056530786,1871.700040738392,直连,,True
T014,巡航,O01>S007,1871.700040738392,1874.1860758237058,直连,,True
T014,巡航,O01>S007,1874.1860758237058,1876.6721109090195,直连,,True
T014,巡航,O01>S007,1876.6721109090195,1879.1581459943332,直连,,True
T014,巡航,O01>S007,1879.1581459943332,1881.6441810796468,直连,,True
T014,巡航,O01>S007,1881.6441810796468,1884.1302161649605,直连,,True
T014,巡航,O01>S007,1884.1302161649605,1886.6162512502742,直连,,True
T014,巡航,O01>S007,1886.6162512502742,1889.102286335588,直连,,True
T014,巡航,O01>S007,1889.102286335588,1891.5883214209016,直连,,True
T014,巡航,O01>S007,1891.5883214209016,1894.0743565062153,直连,,True
T014,巡航,O01>S007,1894.0743565062153,1896.560391591529,直连,,True
T014,巡航,O01>S007,1896.560391591529,1899.0464266768427,直连,,True
T014,巡航,O01>S007,1899.0464266768427,1901.5324617621563,直连,,True
T014,巡航,O01>S007,1901.5324617621563,1904.01849684747,直连,,True
T014,巡航,O01>S007,1904.01849684747,1906.5045319327837,直连,,True
T014,巡航,O01>S007,1906.5045319327837,1908.9905670180974,直连,,True
T014,巡航,O01>S007,1908.9905670180974,1911.476602103411,直连,,True
T014,巡航,O01>S007,1911.476602103411,1913.9626371887248,直连,,True
T014,巡航,O01>S007,1913.9626371887248,1916.4486722740385,直连,,True
T014,巡航,O01>S007,1916.4486722740385,1918.9347073593522,直连,,True
T014,巡航,O01>S007,1918.9347073593522,1921.4207424446656,直连,,True
T014,巡航,O01>S007,1921.4207424446656,1923.9067775299793,直连,,True
T014,巡航,O01>S007,1923.9067775299793,1926.392812615293,直连,,True
T014,巡航,O01>S007,1926.392812615293,1928.8788477006067,直连,,True
T014,巡航,O01>S007,1928.8788477006067,1931.3648827859204,直连,,True
T014,巡航,O01>S007,1931.3648827859204,1933.850917871234,直连,,True
T014,巡航,O01>S007,1933.850917871234,1936.3369529565477,直连,,True
T014,巡航,O01>S007,1936.3369529565477,1938.8229880418614,直连,,True
T014,巡航,O01>S007,1938.8229880418614,1941.3090231271751,直连,,True
T014,巡航,O01>S007,1941.3090231271751,1943.7950582124888,直连,,True
T014,巡航,O01>S007,1943.7950582124888,1946.2810932978025,直连,,True
T014,巡航,O01>S007,1946.2810932978025,1948.7671283831162,直连,,True
T014,巡航,O01>S007,1948.7671283831162,1951.2531634684299,直连,,True
T014,巡航,O01>S007,1951.2531634684299,1953.7391985537436,直连,,True
T014,巡航,O01>S007,1953.7391985537436,1956.2252336390573,直连,,True
T014,巡航,O01>S007,1956.2252336390573,1958.711268724371,直连,,True
T014,巡航,O01>S007,1958.711268724371,1961.1973038096846,直连,,True
T014,巡航,O01>S007,1961.1973038096846,1963.6833388949983,直连,,True
T014,巡航,O01>S007,1963.6833388949983,1966.1693739803118,直连,,True
T014,巡航,O01>S007,1966.1693739803118,1968.6554090656255,直连,,True
T014,巡航,O01>S007,1968.6554090656255,1971.1414441509392,直连,,True
T014,巡航,O01>S007,1971.1414441509392,1973.6274792362528,直连,,True
T014,巡航,O01>S007,1973.6274792362528,1976.1135143215665,直连,,True
T014,巡航,O01>S007,1976.1135143215665,1978.5995494068802,直连,,True
T014,巡航,O01>S007,1978.5995494068802,1981.085584492194,直连,,True
T014,巡航,O01>S007,1981.085584492194,1983.5716195775076,直连,,True
T014,巡航,O01>S007,1983.5716195775076,1986.0576546628213,直连,,True
T014,巡航,O01>S007,1986.0576546628213,1988.543689748135,直连,,True
T014,巡航,O01>S007,1988.543689748135,1991.0297248334487,直连,,True
T014,巡航,O01>S007,1991.0297248334487,1993.5157599187623,直连,,True
T014,巡航,O01>S007,1993.5157599187623,1996.001795004076,直连,,True
T014,巡航,O01>S007,1996.001795004076,1998.4878300893897,直连,,True
T014,巡航,O01>S007,1998.4878300893897,2000.9738651747034,直连,,True
T014,巡航,O01>S007,2000.9738651747034,2003.459900260017,直连,,True
T014,巡航,O01>S007,2003.459900260017,2005.9459353453308,直连,,True
T014,巡航,O01>S007,2005.9459353453308,2008.4319704306445,直连,,True
T014,巡航,O01>S007,2008.4319704306445,2010.9180055159582,直连,,True
T014,巡航,O01>S007,2010.9180055159582,2013.4040406012718,直连,,True
T014,巡航,O01>S007,2013.4040406012718,2015.8900756865855,直连,,True
T014,巡航,O01>S007,2015.8900756865855,2018.376110771899,直连,,True
T014,巡航,O01>S007,2018.376110771899,2020.8621458572127,直连,,True
T014,巡航,O01>S007,2020.8621458572127,2023.3481809425264,直连,,True
T014,巡航,O01>S007,2023.3481809425264,2025.83421602784,直连,,True
T014,巡航,O01>S007,2025.83421602784,2028.3202511131537,直连,,True
T014,巡航,O01>S007,2028.3202511131537,2030.8062861984674,直连,,True
T014,巡航,O01>S007,2030.8062861984674,2033.2923212837811,直连,,True
T014,巡航,O01>S007,2033.2923212837811,2035.7783563690948,直连,,True
T014,巡航,O01>S007,2035.7783563690948,2038.2643914544085,直连,,True
T014,巡航,O01>S007,2038.2643914544085,2040.7504265397222,直连,,True
T014,巡航,O01>S007,2040.7504265397222,2043.2364616250359,直连,,True
T014,巡航,O01>S007,2043.2364616250359,2045.7224967103496,直连,,True
T014,巡航,O01>S007,2045.7224967103496,2048.208531795663,直连,,True
T014,巡航,O01>S007,2048.208531795663,2050.6945668809767,直连,,True
T014,巡航,O01>S007,2050.6945668809767,2053.1806019662904,直连,,True
T014,巡航,O01>S007,2053.1806019662904,2055.666637051604,直连,,True
T014,巡航,O01>S007,2055.666637051604,2058.1526721369178,直连,,True
T014,巡航,O01>S007,2058.1526721369178,2060.6387072222315,直连,,True
T014,巡航,O01>S007,2060.6387072222315,2063.124742307545,直连,,True
T014,巡航,O01>S007,2063.124742307545,2065.610777392859,直连,,True
T014,巡航,O01>S007,2065.610777392859,2068.0968124781725,直连,,True
T014,巡航,O01>S007,2068.0968124781725,2070.582847563486,直连,,True
T014,巡航,O01>S007,2070.582847563486,2073.0688826488,直连,,True
T014,巡航,O01>S007,2073.0688826488,2075.5549177341136,直连,,True
T014,巡航,O01>S007,2075.5549177341136,2078.0409528194273,直连,,True
T014,巡航,O01>S007,2078.0409528194273,2080.526987904741,直连,,True
T014,巡航,O01>S007,2080.526987904741,2083.0130229900547,直连,,True
T014,巡航,O01>S007,2083.0130229900547,2085.4990580753683,直连,,True
T014,巡航,O01>S007,2085.4990580753683,2087.985093160682,直连,,True
T014,巡航,O01>S007,2087.985093160682,2090.4711282459957,直连,,True
T014,巡航,O01>S007,2090.4711282459957,2092.9571633313094,直连,,True
T014,巡航,O01>S007,2092.9571633313094,2095.443198416623,直连,,True
T014,巡航,O01>S007,2095.443198416623,2097.929233501937,直连,,True
T014,巡航,O01>S007,2097.929233501937,2100.4152685872505,直连,,True
T014,巡航,O01>S007,2100.4152685872505,2102.901303672564,直连,,True
T014,巡航,O01>S007,2102.901303672564,2105.387338757878,直连,,True
T014,巡航,O01>S007,2105.387338757878,2107.8733738431915,直连,,True
T014,巡航,O01>S007,2107.8733738431915,2110.359408928505,直连,,True
T014,巡航,O01>S007,2110.359408928505,2112.845444013819,直连,,True
T014,巡航,O01>S007,2112.845444013819,2115.3314790991326,直连,,True
T014,巡航,O01>S007,2115.3314790991326,2117.8175141844463,直连,,True
T014,巡航,O01>S007,2117.8175141844463,2120.30354926976,直连,,True
T014,巡航,O01>S007,2120.30354926976,2122.7895843550737,直连,,True
T014,巡航,O01>S007,2122.7895843550737,2125.2756194403873,直连,,True
T014,巡航,O01>S007,2125.2756194403873,2127.7616545257006,直连,,True
T014,巡航,O01>S007,2127.7616545257006,2130.2476896110147,直连,,True
T014,巡航,O01>S007,2130.2476896110147,2132.733724696328,中继兜底,R-S01,True
T014,巡航,O01>S007,2132.733724696328,2135.219759781642,中继兜底,R-S01,True
T014,巡航,O01>S007,2135.219759781642,2137.7057948669553,中继兜底,R-S01,True
T014,巡航,O01>S007,2137.7057948669553,2140.191829952269,中继兜底,R-S01,True
T014,巡航,O01>S007,2140.191829952269,2142.6778650375827,中继兜底,R-S01,True
T014,巡航,O01>S007,2142.6778650375827,2145.1639001228964,中继兜底,R-S01,True
T014,巡航,O01>S007,2145.1639001228964,2147.64993520821,中继兜底,R-S01,True
T014,巡航,O01>S007,2147.64993520821,2150.1359702935238,中继兜底,R-S01,True
T014,巡航,O01>S007,2150.1359702935238,2152.6220053788375,中继兜底,R-S01,True
T014,巡航,O01>S007,2152.6220053788375,2155.108040464151,中继兜底,R-S01,True
T014,巡航,O01>S007,2155.108040464151,2157.594075549465,中继兜底,R-S01,True
T014,巡航,O01>S007,2157.594075549465,2160.0801106347785,中继兜底,R-S01,True
T014,巡航,O01>S007,2160.0801106347785,2162.566145720092,中继兜底,R-S01,True
T014,巡航,O01>S007,2162.566145720092,2165.052180805406,中继兜底,R-S01,True
T014,巡航,O01>S007,2165.052180805406,2167.5382158907196,中继兜底,R-S01,True
T014,巡航,O01>S007,2167.5382158907196,2170.0242509760333,中继兜底,R-S01,True
T014,巡航,O01>S007,2170.0242509760333,2172.510286061347,中继兜底,R-S01,True
T014,巡航,O01>S007,2172.510286061347,2174.9963211466606,中继兜底,R-S01,True
T014,巡航,O01>S007,2174.9963211466606,2177.4823562319743,中继兜底,R-S01,True
T014,巡航,O01>S007,2177.4823562319743,2179.968391317288,中继兜底,R-S01,True
T014,下降,O01>S007,2179.968391317288,2190.8666029872097,中继兜底,R-S01,True
T014,下降,O01>S007,2190.8666029872097,2201.764814657132,中继兜底,R-S01,True
T014,下降,O01>S007,2201.764814657132,2212.6630263270536,中继兜底,R-S01,True
T014,下降,O01>S007,2212.6630263270536,2223.5612379969753,中继兜底,R-S01,True
T014,下降,O01>S007,2223.5612379969753,2234.4594496668974,中继兜底,R-S01,True
T014,下降,O01>S007,2234.4594496668974,2245.357661336819,中继兜底,R-S01,True
T014,投送,S007,2245.357661336819,2455.357661336819,中继兜底,R-S01,True
T014,爬升,S007>O01,2455.357661336819,2464.439504395087,中继兜底,R-S01,True
T014,爬升,S007>O01,2464.439504395087,2473.5213474533557,中继兜底,R-S01,True
T014,爬升,S007>O01,2473.5213474533557,2482.603190511624,中继兜底,R-S01,True
T014,爬升,S007>O01,2482.603190511624,2491.685033569892,中继兜底,R-S01,True
T014,爬升,S007>O01,2491.685033569892,2500.7668766281604,中继兜底,R-S01,True
T014,爬升,S007>O01,2500.7668766281604,2509.8487196864285,中继兜底,R-S01,True
T014,巡航,S007>O01,2509.8487196864285,2512.334754771742,中继兜底,R-S01,True
T014,巡航,S007>O01,2512.334754771742,2514.820789857056,中继兜底,R-S01,True
T014,巡航,S007>O01,2514.820789857056,2517.3068249423695,中继兜底,R-S01,True
T014,巡航,S007>O01,2517.3068249423695,2519.792860027683,中继兜底,R-S01,True
T014,巡航,S007>O01,2519.792860027683,2522.278895112997,中继兜底,R-S01,True
T014,巡航,S007>O01,2522.278895112997,2524.7649301983106,中继兜底,R-S01,True
T014,巡航,S007>O01,2524.7649301983106,2527.2509652836243,中继兜底,R-S01,True
T014,巡航,S007>O01,2527.2509652836243,2529.737000368938,中继兜底,R-S01,True
T014,巡航,S007>O01,2529.737000368938,2532.2230354542517,中继兜底,R-S01,True
T014,巡航,S007>O01,2532.2230354542517,2534.7090705395653,中继兜底,R-S01,True
T014,巡航,S007>O01,2534.7090705395653,2537.195105624879,中继兜底,R-S01,True
T014,巡航,S007>O01,2537.195105624879,2539.6811407101927,中继兜底,R-S01,True
T014,巡航,S007>O01,2539.6811407101927,2542.1671757955064,中继兜底,R-S01,True
T014,巡航,S007>O01,2542.1671757955064,2544.65321088082,中继兜底,R-S01,True
T014,巡航,S007>O01,2544.65321088082,2547.139245966134,中继兜底,R-S01,True
T014,巡航,S007>O01,2547.139245966134,2549.6252810514475,中继兜底,R-S01,True
T014,巡航,S007>O01,2549.6252810514475,2552.111316136761,中继兜底,R-S01,True
T014,巡航,S007>O01,2552.111316136761,2554.597351222075,中继兜底,R-S01,True
T014,巡航,S007>O01,2554.597351222075,2557.0833863073885,中继兜底,R-S01,True
T014,巡航,S007>O01,2557.0833863073885,2559.5694213927018,中继兜底,R-S01,True
T014,巡航,S007>O01,2559.5694213927018,2562.0554564780155,直连,,True
T014,巡航,S007>O01,2562.0554564780155,2564.541491563329,直连,,True
T014,巡航,S007>O01,2564.541491563329,2567.027526648643,直连,,True
T014,巡航,S007>O01,2567.027526648643,2569.5135617339565,直连,,True
T014,巡航,S007>O01,2569.5135617339565,2571.99959681927,直连,,True
T014,巡航,S007>O01,2571.99959681927,2574.485631904584,直连,,True
T014,巡航,S007>O01,2574.485631904584,2576.9716669898976,直连,,True
T014,巡航,S007>O01,2576.9716669898976,2579.4577020752113,直连,,True
T014,巡航,S007>O01,2579.4577020752113,2581.943737160525,直连,,True
T014,巡航,S007>O01,2581.943737160525,2584.4297722458386,直连,,True
T014,巡航,S007>O01,2584.4297722458386,2586.9158073311523,直连,,True
T014,巡航,S007>O01,2586.9158073311523,2589.401842416466,直连,,True
T014,巡航,S007>O01,2589.401842416466,2591.8878775017797,直连,,True
T014,巡航,S007>O01,2591.8878775017797,2594.3739125870934,直连,,True
T014,巡航,S007>O01,2594.3739125870934,2596.859947672407,直连,,True
T014,巡航,S007>O01,2596.859947672407,2599.345982757721,直连,,True
T014,巡航,S007>O01,2599.345982757721,2601.8320178430345,直连,,True
T014,巡航,S007>O01,2601.8320178430345,2604.318052928348,直连,,True
T014,巡航,S007>O01,2604.318052928348,2606.804088013662,直连,,True
T014,巡航,S007>O01,2606.804088013662,2609.2901230989755,直连,,True
T014,巡航,S007>O01,2609.2901230989755,2611.776158184289,直连,,True
T014,巡航,S007>O01,2611.776158184289,2614.262193269603,直连,,True
T014,巡航,S007>O01,2614.262193269603,2616.7482283549166,直连,,True
T014,巡航,S007>O01,2616.7482283549166,2619.2342634402303,直连,,True
T014,巡航,S007>O01,2619.2342634402303,2621.720298525544,直连,,True
T014,巡航,S007>O01,2621.720298525544,2624.2063336108577,直连,,True
T014,巡航,S007>O01,2624.2063336108577,2626.6923686961713,直连,,True
T014,巡航,S007>O01,2626.6923686961713,2629.178403781485,直连,,True
T014,巡航,S007>O01,2629.178403781485,2631.6644388667987,直连,,True
T014,巡航,S007>O01,2631.6644388667987,2634.1504739521124,直连,,True
T014,巡航,S007>O01,2634.1504739521124,2636.636509037426,直连,,True
T014,巡航,S007>O01,2636.636509037426,2639.12254412274,直连,,True
T014,巡航,S007>O01,2639.12254412274,2641.6085792080535,直连,,True
T014,巡航,S007>O01,2641.6085792080535,2644.094614293367,直连,,True
T014,巡航,S007>O01,2644.094614293367,2646.580649378681,直连,,True
T014,巡航,S007>O01,2646.580649378681,2649.0666844639945,直连,,True
T014,巡航,S007>O01,2649.0666844639945,2651.5527195493078,直连,,True
T014,巡航,S007>O01,2651.5527195493078,2654.038754634622,直连,,True
T014,巡航,S007>O01,2654.038754634622,2656.524789719935,直连,,True
T014,巡航,S007>O01,2656.524789719935,2659.010824805249,直连,,True
T014,巡航,S007>O01,2659.010824805249,2661.4968598905625,直连,,True
T014,巡航,S007>O01,2661.4968598905625,2663.982894975876,直连,,True
T014,巡航,S007>O01,2663.982894975876,2666.46893006119,直连,,True
T014,巡航,S007>O01,2666.46893006119,2668.9549651465036,直连,,True
T014,巡航,S007>O01,2668.9549651465036,2671.4410002318173,直连,,True
T014,巡航,S007>O01,2671.4410002318173,2673.927035317131,直连,,True
T014,巡航,S007>O01,2673.927035317131,2676.4130704024446,直连,,True
T014,巡航,S007>O01,2676.4130704024446,2678.8991054877583,直连,,True
T014,巡航,S007>O01,2678.8991054877583,2681.385140573072,直连,,True
T014,巡航,S007>O01,2681.385140573072,2683.8711756583857,直连,,True
T014,巡航,S007>O01,2683.8711756583857,2686.3572107436994,直连,,True
T014,巡航,S007>O01,2686.3572107436994,2688.843245829013,直连,,True
T014,巡航,S007>O01,2688.843245829013,2691.329280914327,直连,,True
T014,巡航,S007>O01,2691.329280914327,2693.8153159996405,直连,,True
T014,巡航,S007>O01,2693.8153159996405,2696.301351084954,直连,,True
T014,巡航,S007>O01,2696.301351084954,2698.787386170268,直连,,True
T014,巡航,S007>O01,2698.787386170268,2701.2734212555815,直连,,True
T014,巡航,S007>O01,2701.2734212555815,2703.759456340895,直连,,True
T014,巡航,S007>O01,2703.759456340895,2706.245491426209,直连,,True
T014,巡航,S007>O01,2706.245491426209,2708.7315265115226,直连,,True
T014,巡航,S007>O01,2708.7315265115226,2711.2175615968363,直连,,True
T014,巡航,S007>O01,2711.2175615968363,2713.70359668215,直连,,True
T014,巡航,S007>O01,2713.70359668215,2716.1896317674637,直连,,True
T014,巡航,S007>O01,2716.1896317674637,2718.6756668527773,直连,,True
T014,巡航,S007>O01,2718.6756668527773,2721.161701938091,直连,,True
T014,巡航,S007>O01,2721.161701938091,2723.6477370234047,直连,,True
T014,巡航,S007>O01,2723.6477370234047,2726.1337721087184,直连,,True
T014,巡航,S007>O01,2726.1337721087184,2728.619807194032,直连,,True
T014,巡航,S007>O01,2728.619807194032,2731.105842279346,直连,,True
T014,巡航,S007>O01,2731.105842279346,2733.5918773646595,直连,,True
T014,巡航,S007>O01,2733.5918773646595,2736.077912449973,直连,,True
T014,巡航,S007>O01,2736.077912449973,2738.563947535287,直连,,True
T014,巡航,S007>O01,2738.563947535287,2741.0499826206005,直连,,True
T014,巡航,S007>O01,2741.0499826206005,2743.536017705914,直连,,True
T014,巡航,S007>O01,2743.536017705914,2746.022052791228,直连,,True
T014,巡航,S007>O01,2746.022052791228,2748.508087876541,直连,,True
T014,巡航,S007>O01,2748.508087876541,2750.9941229618553,直连,,True
T014,巡航,S007>O01,2750.9941229618553,2753.4801580471685,直连,,True
T014,巡航,S007>O01,2753.4801580471685,2755.966193132482,直连,,True
T014,巡航,S007>O01,2755.966193132482,2758.452228217796,直连,,True
T014,巡航,S007>O01,2758.452228217796,2760.9382633031096,直连,,True
T014,巡航,S007>O01,2760.9382633031096,2763.4242983884233,直连,,True
T014,巡航,S007>O01,2763.4242983884233,2765.910333473737,直连,,True
T014,巡航,S007>O01,2765.910333473737,2768.3963685590506,直连,,True
T014,巡航,S007>O01,2768.3963685590506,2770.8824036443643,直连,,True
T014,巡航,S007>O01,2770.8824036443643,2773.368438729678,直连,,True
T014,巡航,S007>O01,2773.368438729678,2775.8544738149917,直连,,True
T014,巡航,S007>O01,2775.8544738149917,2778.3405089003054,直连,,True
T014,巡航,S007>O01,2778.3405089003054,2780.826543985619,直连,,True
T014,巡航,S007>O01,2780.826543985619,2783.3125790709328,直连,,True
T014,巡航,S007>O01,2783.3125790709328,2785.7986141562465,直连,,True
T014,巡航,S007>O01,2785.7986141562465,2788.28464924156,直连,,True
T014,巡航,S007>O01,2788.28464924156,2790.770684326874,直连,,True
T014,巡航,S007>O01,2790.770684326874,2793.2567194121875,直连,,True
T014,巡航,S007>O01,2793.2567194121875,2795.742754497501,直连,,True
T014,巡航,S007>O01,2795.742754497501,2798.228789582815,直连,,True
T014,巡航,S007>O01,2798.228789582815,2800.7148246681286,直连,,True
T014,巡航,S007>O01,2800.7148246681286,2803.2008597534423,直连,,True
T014,巡航,S007>O01,2803.2008597534423,2805.686894838756,直连,,True
T014,巡航,S007>O01,2805.686894838756,2808.1729299240696,直连,,True
T014,巡航,S007>O01,2808.1729299240696,2810.6589650093833,直连,,True
T014,巡航,S007>O01,2810.6589650093833,2813.145000094697,直连,,True
T014,巡航,S007>O01,2813.145000094697,2815.6310351800107,直连,,True
T014,巡航,S007>O01,2815.6310351800107,2818.1170702653244,直连,,True
T014,巡航,S007>O01,2818.1170702653244,2820.603105350638,直连,,True
T014,巡航,S007>O01,2820.603105350638,2823.089140435952,直连,,True
T014,巡航,S007>O01,2823.089140435952,2825.5751755212655,直连,,True
T014,巡航,S007>O01,2825.5751755212655,2828.061210606579,直连,,True
T014,巡航,S007>O01,2828.061210606579,2830.547245691893,直连,,True
T014,巡航,S007>O01,2830.547245691893,2833.0332807772065,直连,,True
T014,巡航,S007>O01,2833.0332807772065,2835.5193158625198,直连,,True
T014,巡航,S007>O01,2835.5193158625198,2838.005350947834,直连,,True
T014,巡航,S007>O01,2838.005350947834,2840.491386033147,直连,,True
T014,巡航,S007>O01,2840.491386033147,2842.9774211184613,直连,,True
T014,巡航,S007>O01,2842.9774211184613,2845.4634562037745,直连,,True
T014,巡航,S007>O01,2845.4634562037745,2847.949491289088,直连,,True
T014,巡航,S007>O01,2847.949491289088,2850.435526374402,直连,,True
T014,巡航,S007>O01,2850.435526374402,2852.9215614597156,直连,,True
T014,巡航,S007>O01,2852.9215614597156,2855.4075965450293,直连,,True
T014,巡航,S007>O01,2855.4075965450293,2857.893631630343,直连,,True
T014,巡航,S007>O01,2857.893631630343,2860.3796667156566,直连,,True
T014,巡航,S007>O01,2860.3796667156566,2862.8657018009703,直连,,True
T014,巡航,S007>O01,2862.8657018009703,2865.351736886284,直连,,True
T014,巡航,S007>O01,2865.351736886284,2867.8377719715977,直连,,True
T014,巡航,S007>O01,2867.8377719715977,2870.3238070569114,直连,,True
T014,巡航,S007>O01,2870.3238070569114,2872.809842142225,直连,,True
T014,巡航,S007>O01,2872.809842142225,2875.2958772275388,直连,,True
T014,巡航,S007>O01,2875.2958772275388,2877.7819123128525,直连,,True
T014,巡航,S007>O01,2877.7819123128525,2880.267947398166,直连,,True
T014,巡航,S007>O01,2880.267947398166,2882.75398248348,直连,,True
T014,巡航,S007>O01,2882.75398248348,2885.2400175687935,直连,,True
T014,巡航,S007>O01,2885.2400175687935,2887.726052654107,直连,,True
T014,下降,S007>O01,2887.726052654107,2899.5498426556096,直连,,True
T014,下降,S007>O01,2899.5498426556096,2911.373632657112,直连,,True
T014,下降,S007>O01,2911.373632657112,2923.1974226586144,直连,,True
T014,下降,S007>O01,2923.1974226586144,2935.021212660117,直连,,True
T014,下降,S007>O01,2935.021212660117,2946.845002661619,直连,,True
T014,下降,S007>O01,2946.845002661619,2958.6687926631216,直连,,True
T014,下降,S007>O01,2958.6687926631216,2970.492582664624,直连,,True
T014,下降,S007>O01,2970.492582664624,2982.3163726661264,直连,,True
T014,下降,S007>O01,2982.3163726661264,2994.140162667629,直连,,True
T014,下降,S007>O01,2994.140162667629,3005.9639526691312,直连,,True
T014,下降,S007>O01,3005.9639526691312,3017.7877426706336,直连,,True
T014,下降,S007>O01,3017.7877426706336,3029.611532672136,直连,,True
T014,下降,S007>O01,3029.611532672136,3041.4353226736384,直连,,True
T015,爬升,O01>S007,2507.0,2516.8531583345853,直连,,True
T015,爬升,O01>S007,2516.8531583345853,2526.7063166691705,直连,,True
T015,爬升,O01>S007,2526.7063166691705,2536.559475003756,直连,,True
T015,爬升,O01>S007,2536.559475003756,2546.4126333383415,直连,,True
T015,爬升,O01>S007,2546.4126333383415,2556.2657916729268,直连,,True
T015,爬升,O01>S007,2556.2657916729268,2566.118950007512,直连,,True
T015,爬升,O01>S007,2566.118950007512,2575.9721083420973,直连,,True
T015,爬升,O01>S007,2575.9721083420973,2585.8252666766825,直连,,True
T015,爬升,O01>S007,2585.8252666766825,2595.678425011268,直连,,True
T015,爬升,O01>S007,2595.678425011268,2605.5315833458535,直连,,True
T015,爬升,O01>S007,2605.5315833458535,2615.3847416804388,直连,,True
T015,爬升,O01>S007,2615.3847416804388,2625.237900015024,直连,,True
T015,爬升,O01>S007,2625.237900015024,2635.0910583496093,直连,,True
T015,巡航,O01>S007,2635.0910583496093,2637.577093434923,直连,,True
T015,巡航,O01>S007,2637.577093434923,2640.0631285202367,直连,,True
T015,巡航,O01>S007,2640.0631285202367,2642.5491636055503,直连,,True
T015,巡航,O01>S007,2642.5491636055503,2645.035198690864,直连,,True
T015,巡航,O01>S007,2645.035198690864,2647.5212337761777,直连,,True
T015,巡航,O01>S007,2647.5212337761777,2650.0072688614914,直连,,True
T015,巡航,O01>S007,2650.0072688614914,2652.493303946805,直连,,True
T015,巡航,O01>S007,2652.493303946805,2654.979339032119,直连,,True
T015,巡航,O01>S007,2654.979339032119,2657.4653741174325,直连,,True
T015,巡航,O01>S007,2657.4653741174325,2659.951409202746,直连,,True
T015,巡航,O01>S007,2659.951409202746,2662.43744428806,直连,,True
T015,巡航,O01>S007,2662.43744428806,2664.9234793733735,直连,,True
T015,巡航,O01>S007,2664.9234793733735,2667.409514458687,直连,,True
T015,巡航,O01>S007,2667.409514458687,2669.895549544001,直连,,True
T015,巡航,O01>S007,2669.895549544001,2672.3815846293146,直连,,True
T015,巡航,O01>S007,2672.3815846293146,2674.8676197146283,直连,,True
T015,巡航,O01>S007,2674.8676197146283,2677.353654799942,直连,,True
T015,巡航,O01>S007,2677.353654799942,2679.8396898852557,直连,,True
T015,巡航,O01>S007,2679.8396898852557,2682.3257249705694,直连,,True
T015,巡航,O01>S007,2682.3257249705694,2684.8117600558826,直连,,True
T015,巡航,O01>S007,2684.8117600558826,2687.2977951411963,直连,,True
T015,巡航,O01>S007,2687.2977951411963,2689.78383022651,直连,,True
T015,巡航,O01>S007,2689.78383022651,2692.2698653118237,直连,,True
T015,巡航,O01>S007,2692.2698653118237,2694.7559003971373,直连,,True
T015,巡航,O01>S007,2694.7559003971373,2697.241935482451,直连,,True
T015,巡航,O01>S007,2697.241935482451,2699.7279705677647,直连,,True
T015,巡航,O01>S007,2699.7279705677647,2702.2140056530784,直连,,True
T015,巡航,O01>S007,2702.2140056530784,2704.700040738392,直连,,True
T015,巡航,O01>S007,2704.700040738392,2707.186075823706,直连,,True
T015,巡航,O01>S007,2707.186075823706,2709.6721109090195,直连,,True
T015,巡航,O01>S007,2709.6721109090195,2712.158145994333,直连,,True
T015,巡航,O01>S007,2712.158145994333,2714.644181079647,直连,,True
T015,巡航,O01>S007,2714.644181079647,2717.1302161649605,直连,,True
T015,巡航,O01>S007,2717.1302161649605,2719.616251250274,直连,,True
T015,巡航,O01>S007,2719.616251250274,2722.102286335588,直连,,True
T015,巡航,O01>S007,2722.102286335588,2724.5883214209016,直连,,True
T015,巡航,O01>S007,2724.5883214209016,2727.0743565062153,直连,,True
T015,巡航,O01>S007,2727.0743565062153,2729.560391591529,直连,,True
T015,巡航,O01>S007,2729.560391591529,2732.0464266768427,直连,,True
T015,巡航,O01>S007,2732.0464266768427,2734.5324617621563,直连,,True
T015,巡航,O01>S007,2734.5324617621563,2737.01849684747,直连,,True
T015,巡航,O01>S007,2737.01849684747,2739.5045319327837,直连,,True
T015,巡航,O01>S007,2739.5045319327837,2741.9905670180974,直连,,True
T015,巡航,O01>S007,2741.9905670180974,2744.476602103411,直连,,True
T015,巡航,O01>S007,2744.476602103411,2746.962637188725,直连,,True
T015,巡航,O01>S007,2746.962637188725,2749.4486722740385,直连,,True
T015,巡航,O01>S007,2749.4486722740385,2751.934707359352,直连,,True
T015,巡航,O01>S007,2751.934707359352,2754.420742444666,直连,,True
T015,巡航,O01>S007,2754.420742444666,2756.9067775299795,直连,,True
T015,巡航,O01>S007,2756.9067775299795,2759.392812615293,直连,,True
T015,巡航,O01>S007,2759.392812615293,2761.878847700607,直连,,True
T015,巡航,O01>S007,2761.878847700607,2764.3648827859206,直连,,True
T015,巡航,O01>S007,2764.3648827859206,2766.8509178712343,直连,,True
T015,巡航,O01>S007,2766.8509178712343,2769.336952956548,直连,,True
T015,巡航,O01>S007,2769.336952956548,2771.8229880418617,直连,,True
T015,巡航,O01>S007,2771.8229880418617,2774.3090231271754,直连,,True
T015,巡航,O01>S007,2774.3090231271754,2776.7950582124886,直连,,True
T015,巡航,O01>S007,2776.7950582124886,2779.2810932978027,直连,,True
T015,巡航,O01>S007,2779.2810932978027,2781.767128383116,直连,,True
T015,巡航,O01>S007,2781.767128383116,2784.2531634684296,直连,,True
T015,巡航,O01>S007,2784.2531634684296,2786.7391985537433,直连,,True
T015,巡航,O01>S007,2786.7391985537433,2789.225233639057,直连,,True
T015,巡航,O01>S007,2789.225233639057,2791.7112687243707,直连,,True
T015,巡航,O01>S007,2791.7112687243707,2794.1973038096844,直连,,True
T015,巡航,O01>S007,2794.1973038096844,2796.683338894998,直连,,True
T015,巡航,O01>S007,2796.683338894998,2799.169373980312,直连,,True
T015,巡航,O01>S007,2799.169373980312,2801.6554090656255,直连,,True
T015,巡航,O01>S007,2801.6554090656255,2804.141444150939,直连,,True
T015,巡航,O01>S007,2804.141444150939,2806.627479236253,直连,,True
T015,巡航,O01>S007,2806.627479236253,2809.1135143215665,直连,,True
T015,巡航,O01>S007,2809.1135143215665,2811.59954940688,直连,,True
T015,巡航,O01>S007,2811.59954940688,2814.085584492194,直连,,True
T015,巡航,O01>S007,2814.085584492194,2816.5716195775076,直连,,True
T015,巡航,O01>S007,2816.5716195775076,2819.0576546628213,直连,,True
T015,巡航,O01>S007,2819.0576546628213,2821.543689748135,直连,,True
T015,巡航,O01>S007,2821.543689748135,2824.0297248334487,直连,,True
T015,巡航,O01>S007,2824.0297248334487,2826.5157599187623,直连,,True
T015,巡航,O01>S007,2826.5157599187623,2829.001795004076,直连,,True
T015,巡航,O01>S007,2829.001795004076,2831.4878300893897,直连,,True
T015,巡航,O01>S007,2831.4878300893897,2833.9738651747034,直连,,True
T015,巡航,O01>S007,2833.9738651747034,2836.459900260017,直连,,True
T015,巡航,O01>S007,2836.459900260017,2838.945935345331,直连,,True
T015,巡航,O01>S007,2838.945935345331,2841.4319704306445,直连,,True
T015,巡航,O01>S007,2841.4319704306445,2843.918005515958,直连,,True
T015,巡航,O01>S007,2843.918005515958,2846.404040601272,直连,,True
T015,巡航,O01>S007,2846.404040601272,2848.8900756865855,直连,,True
T015,巡航,O01>S007,2848.8900756865855,2851.376110771899,直连,,True
T015,巡航,O01>S007,2851.376110771899,2853.862145857213,直连,,True
T015,巡航,O01>S007,2853.862145857213,2856.3481809425266,直连,,True
T015,巡航,O01>S007,2856.3481809425266,2858.8342160278403,直连,,True
T015,巡航,O01>S007,2858.8342160278403,2861.320251113154,直连,,True
T015,巡航,O01>S007,2861.320251113154,2863.8062861984677,直连,,True
T015,巡航,O01>S007,2863.8062861984677,2866.2923212837813,直连,,True
T015,巡航,O01>S007,2866.2923212837813,2868.778356369095,直连,,True
T015,巡航,O01>S007,2868.778356369095,2871.2643914544087,直连,,True
T015,巡航,O01>S007,2871.2643914544087,2873.750426539722,直连,,True
T015,巡航,O01>S007,2873.750426539722,2876.236461625036,直连,,True
T015,巡航,O01>S007,2876.236461625036,2878.7224967103493,直连,,True
T015,巡航,O01>S007,2878.7224967103493,2881.208531795663,直连,,True
T015,巡航,O01>S007,2881.208531795663,2883.6945668809767,直连,,True
T015,巡航,O01>S007,2883.6945668809767,2886.1806019662904,直连,,True
T015,巡航,O01>S007,2886.1806019662904,2888.666637051604,直连,,True
T015,巡航,O01>S007,2888.666637051604,2891.1526721369178,直连,,True
T015,巡航,O01>S007,2891.1526721369178,2893.6387072222315,直连,,True
T015,巡航,O01>S007,2893.6387072222315,2896.124742307545,直连,,True
T015,巡航,O01>S007,2896.124742307545,2898.610777392859,直连,,True
T015,巡航,O01>S007,2898.610777392859,2901.0968124781725,直连,,True
T015,巡航,O01>S007,2901.0968124781725,2903.582847563486,直连,,True
T015,巡航,O01>S007,2903.582847563486,2906.0688826488,直连,,True
T015,巡航,O01>S007,2906.0688826488,2908.5549177341136,直连,,True
T015,巡航,O01>S007,2908.5549177341136,2911.0409528194273,直连,,True
T015,巡航,O01>S007,2911.0409528194273,2913.526987904741,直连,,True
T015,巡航,O01>S007,2913.526987904741,2916.0130229900547,直连,,True
T015,巡航,O01>S007,2916.0130229900547,2918.4990580753683,直连,,True
T015,巡航,O01>S007,2918.4990580753683,2920.985093160682,直连,,True
T015,巡航,O01>S007,2920.985093160682,2923.4711282459957,直连,,True
T015,巡航,O01>S007,2923.4711282459957,2925.9571633313094,直连,,True
T015,巡航,O01>S007,2925.9571633313094,2928.443198416623,直连,,True
T015,巡航,O01>S007,2928.443198416623,2930.929233501937,直连,,True
T015,巡航,O01>S007,2930.929233501937,2933.4152685872505,直连,,True
T015,巡航,O01>S007,2933.4152685872505,2935.901303672564,直连,,True
T015,巡航,O01>S007,2935.901303672564,2938.387338757878,直连,,True
T015,巡航,O01>S007,2938.387338757878,2940.8733738431915,直连,,True
T015,巡航,O01>S007,2940.8733738431915,2943.359408928505,直连,,True
T015,巡航,O01>S007,2943.359408928505,2945.845444013819,直连,,True
T015,巡航,O01>S007,2945.845444013819,2948.3314790991326,直连,,True
T015,巡航,O01>S007,2948.3314790991326,2950.8175141844463,直连,,True
T015,巡航,O01>S007,2950.8175141844463,2953.30354926976,直连,,True
T015,巡航,O01>S007,2953.30354926976,2955.7895843550737,直连,,True
T015,巡航,O01>S007,2955.7895843550737,2958.2756194403873,直连,,True
T015,巡航,O01>S007,2958.2756194403873,2960.7616545257006,直连,,True
T015,巡航,O01>S007,2960.7616545257006,2963.2476896110147,直连,,True
T015,巡航,O01>S007,2963.2476896110147,2965.733724696328,中继兜底,R-S01,True
T015,巡航,O01>S007,2965.733724696328,2968.219759781642,中继兜底,R-S01,True
T015,巡航,O01>S007,2968.219759781642,2970.7057948669553,中继兜底,R-S01,True
T015,巡航,O01>S007,2970.7057948669553,2973.191829952269,中继兜底,R-S01,True
T015,巡航,O01>S007,2973.191829952269,2975.6778650375827,中继兜底,R-S01,True
T015,巡航,O01>S007,2975.6778650375827,2978.1639001228964,中继兜底,R-S01,True
T015,巡航,O01>S007,2978.1639001228964,2980.64993520821,中继兜底,R-S01,True
T015,巡航,O01>S007,2980.64993520821,2983.1359702935238,中继兜底,R-S01,True
T015,巡航,O01>S007,2983.1359702935238,2985.6220053788375,中继兜底,R-S01,True
T015,巡航,O01>S007,2985.6220053788375,2988.108040464151,中继兜底,R-S01,True
T015,巡航,O01>S007,2988.108040464151,2990.594075549465,中继兜底,R-S01,True
T015,巡航,O01>S007,2990.594075549465,2993.0801106347785,中继兜底,R-S01,True
T015,巡航,O01>S007,2993.0801106347785,2995.566145720092,中继兜底,R-S01,True
T015,巡航,O01>S007,2995.566145720092,2998.052180805406,中继兜底,R-S01,True
T015,巡航,O01>S007,2998.052180805406,3000.5382158907196,中继兜底,R-S01,True
T015,巡航,O01>S007,3000.5382158907196,3003.0242509760333,中继兜底,R-S01,True
T015,巡航,O01>S007,3003.0242509760333,3005.510286061347,中继兜底,R-S01,True
T015,巡航,O01>S007,3005.510286061347,3007.9963211466606,中继兜底,R-S01,True
T015,巡航,O01>S007,3007.9963211466606,3010.4823562319743,中继兜底,R-S01,True
T015,巡航,O01>S007,3010.4823562319743,3012.968391317288,中继兜底,R-S01,True
T015,下降,O01>S007,3012.968391317288,3023.8666029872097,中继兜底,R-S01,True
T015,下降,O01>S007,3023.8666029872097,3034.764814657132,中继兜底,R-S01,True
T015,下降,O01>S007,3034.764814657132,3045.6630263270536,中继兜底,R-S01,True
T015,下降,O01>S007,3045.6630263270536,3056.5612379969753,中继兜底,R-S01,True
T015,下降,O01>S007,3056.5612379969753,3067.4594496668974,中继兜底,R-S01,True
T015,下降,O01>S007,3067.4594496668974,3078.357661336819,中继兜底,R-S01,True
T015,投送,S007,3078.357661336819,3258.357661336819,中继兜底,R-S01,True
T015,爬升,S007>O01,3258.357661336819,3267.439504395087,中继兜底,R-S01,True
T015,爬升,S007>O01,3267.439504395087,3276.5213474533557,中继兜底,R-S01,True
T015,爬升,S007>O01,3276.5213474533557,3285.603190511624,中继兜底,R-S01,True
T015,爬升,S007>O01,3285.603190511624,3294.685033569892,中继兜底,R-S01,True
T015,爬升,S007>O01,3294.685033569892,3303.7668766281604,中继兜底,R-S01,True
T015,爬升,S007>O01,3303.7668766281604,3312.8487196864285,中继兜底,R-S01,True
T015,巡航,S007>O01,3312.8487196864285,3315.334754771742,中继兜底,R-S01,True
T015,巡航,S007>O01,3315.334754771742,3317.820789857056,中继兜底,R-S01,True
T015,巡航,S007>O01,3317.820789857056,3320.3068249423695,中继兜底,R-S01,True
T015,巡航,S007>O01,3320.3068249423695,3322.792860027683,中继兜底,R-S01,True
T015,巡航,S007>O01,3322.792860027683,3325.278895112997,中继兜底,R-S01,True
T015,巡航,S007>O01,3325.278895112997,3327.7649301983106,中继兜底,R-S01,True
T015,巡航,S007>O01,3327.7649301983106,3330.2509652836243,中继兜底,R-S01,True
T015,巡航,S007>O01,3330.2509652836243,3332.737000368938,中继兜底,R-S01,True
T015,巡航,S007>O01,3332.737000368938,3335.2230354542517,中继兜底,R-S01,True
T015,巡航,S007>O01,3335.2230354542517,3337.7090705395653,中继兜底,R-S01,True
T015,巡航,S007>O01,3337.7090705395653,3340.195105624879,中继兜底,R-S01,True
T015,巡航,S007>O01,3340.195105624879,3342.6811407101927,中继兜底,R-S01,True
T015,巡航,S007>O01,3342.6811407101927,3345.1671757955064,中继兜底,R-S01,True
T015,巡航,S007>O01,3345.1671757955064,3347.65321088082,中继兜底,R-S01,True
T015,巡航,S007>O01,3347.65321088082,3350.139245966134,中继兜底,R-S01,True
T015,巡航,S007>O01,3350.139245966134,3352.6252810514475,中继兜底,R-S01,True
T015,巡航,S007>O01,3352.6252810514475,3355.111316136761,中继兜底,R-S01,True
T015,巡航,S007>O01,3355.111316136761,3357.597351222075,中继兜底,R-S01,True
T015,巡航,S007>O01,3357.597351222075,3360.0833863073885,中继兜底,R-S01,True
T015,巡航,S007>O01,3360.0833863073885,3362.5694213927018,中继兜底,R-S01,True
T015,巡航,S007>O01,3362.5694213927018,3365.0554564780155,直连,,True
T015,巡航,S007>O01,3365.0554564780155,3367.541491563329,直连,,True
T015,巡航,S007>O01,3367.541491563329,3370.027526648643,直连,,True
T015,巡航,S007>O01,3370.027526648643,3372.5135617339565,直连,,True
T015,巡航,S007>O01,3372.5135617339565,3374.99959681927,直连,,True
T015,巡航,S007>O01,3374.99959681927,3377.485631904584,直连,,True
T015,巡航,S007>O01,3377.485631904584,3379.9716669898976,直连,,True
T015,巡航,S007>O01,3379.9716669898976,3382.4577020752113,直连,,True
T015,巡航,S007>O01,3382.4577020752113,3384.943737160525,直连,,True
T015,巡航,S007>O01,3384.943737160525,3387.4297722458386,直连,,True
T015,巡航,S007>O01,3387.4297722458386,3389.9158073311523,直连,,True
T015,巡航,S007>O01,3389.9158073311523,3392.401842416466,直连,,True
T015,巡航,S007>O01,3392.401842416466,3394.8878775017797,直连,,True
T015,巡航,S007>O01,3394.8878775017797,3397.3739125870934,直连,,True
T015,巡航,S007>O01,3397.3739125870934,3399.859947672407,直连,,True
T015,巡航,S007>O01,3399.859947672407,3402.345982757721,直连,,True
T015,巡航,S007>O01,3402.345982757721,3404.8320178430345,直连,,True
T015,巡航,S007>O01,3404.8320178430345,3407.318052928348,直连,,True
T015,巡航,S007>O01,3407.318052928348,3409.804088013662,直连,,True
T015,巡航,S007>O01,3409.804088013662,3412.2901230989755,直连,,True
T015,巡航,S007>O01,3412.2901230989755,3414.776158184289,直连,,True
T015,巡航,S007>O01,3414.776158184289,3417.262193269603,直连,,True
T015,巡航,S007>O01,3417.262193269603,3419.7482283549166,直连,,True
T015,巡航,S007>O01,3419.7482283549166,3422.2342634402303,直连,,True
T015,巡航,S007>O01,3422.2342634402303,3424.720298525544,直连,,True
T015,巡航,S007>O01,3424.720298525544,3427.2063336108577,直连,,True
T015,巡航,S007>O01,3427.2063336108577,3429.6923686961713,直连,,True
T015,巡航,S007>O01,3429.6923686961713,3432.178403781485,直连,,True
T015,巡航,S007>O01,3432.178403781485,3434.6644388667987,直连,,True
T015,巡航,S007>O01,3434.6644388667987,3437.1504739521124,直连,,True
T015,巡航,S007>O01,3437.1504739521124,3439.636509037426,直连,,True
T015,巡航,S007>O01,3439.636509037426,3442.12254412274,直连,,True
T015,巡航,S007>O01,3442.12254412274,3444.6085792080535,直连,,True
T015,巡航,S007>O01,3444.6085792080535,3447.094614293367,直连,,True
T015,巡航,S007>O01,3447.094614293367,3449.580649378681,直连,,True
T015,巡航,S007>O01,3449.580649378681,3452.0666844639945,直连,,True
T015,巡航,S007>O01,3452.0666844639945,3454.5527195493078,直连,,True
T015,巡航,S007>O01,3454.5527195493078,3457.038754634622,直连,,True
T015,巡航,S007>O01,3457.038754634622,3459.524789719935,直连,,True
T015,巡航,S007>O01,3459.524789719935,3462.010824805249,直连,,True
T015,巡航,S007>O01,3462.010824805249,3464.4968598905625,直连,,True
T015,巡航,S007>O01,3464.4968598905625,3466.982894975876,直连,,True
T015,巡航,S007>O01,3466.982894975876,3469.46893006119,直连,,True
T015,巡航,S007>O01,3469.46893006119,3471.9549651465036,直连,,True
T015,巡航,S007>O01,3471.9549651465036,3474.4410002318173,直连,,True
T015,巡航,S007>O01,3474.4410002318173,3476.927035317131,直连,,True
T015,巡航,S007>O01,3476.927035317131,3479.4130704024446,直连,,True
T015,巡航,S007>O01,3479.4130704024446,3481.8991054877583,直连,,True
T015,巡航,S007>O01,3481.8991054877583,3484.385140573072,直连,,True
T015,巡航,S007>O01,3484.385140573072,3486.8711756583857,直连,,True
T015,巡航,S007>O01,3486.8711756583857,3489.3572107436994,直连,,True
T015,巡航,S007>O01,3489.3572107436994,3491.843245829013,直连,,True
T015,巡航,S007>O01,3491.843245829013,3494.329280914327,直连,,True
T015,巡航,S007>O01,3494.329280914327,3496.8153159996405,直连,,True
T015,巡航,S007>O01,3496.8153159996405,3499.301351084954,直连,,True
T015,巡航,S007>O01,3499.301351084954,3501.787386170268,直连,,True
T015,巡航,S007>O01,3501.787386170268,3504.2734212555815,直连,,True
T015,巡航,S007>O01,3504.2734212555815,3506.759456340895,直连,,True
T015,巡航,S007>O01,3506.759456340895,3509.245491426209,直连,,True
T015,巡航,S007>O01,3509.245491426209,3511.7315265115226,直连,,True
T015,巡航,S007>O01,3511.7315265115226,3514.2175615968363,直连,,True
T015,巡航,S007>O01,3514.2175615968363,3516.70359668215,直连,,True
T015,巡航,S007>O01,3516.70359668215,3519.1896317674637,直连,,True
T015,巡航,S007>O01,3519.1896317674637,3521.6756668527773,直连,,True
T015,巡航,S007>O01,3521.6756668527773,3524.161701938091,直连,,True
T015,巡航,S007>O01,3524.161701938091,3526.6477370234047,直连,,True
T015,巡航,S007>O01,3526.6477370234047,3529.1337721087184,直连,,True
T015,巡航,S007>O01,3529.1337721087184,3531.619807194032,直连,,True
T015,巡航,S007>O01,3531.619807194032,3534.105842279346,直连,,True
T015,巡航,S007>O01,3534.105842279346,3536.5918773646595,直连,,True
T015,巡航,S007>O01,3536.5918773646595,3539.077912449973,直连,,True
T015,巡航,S007>O01,3539.077912449973,3541.563947535287,直连,,True
T015,巡航,S007>O01,3541.563947535287,3544.0499826206005,直连,,True
T015,巡航,S007>O01,3544.0499826206005,3546.536017705914,直连,,True
T015,巡航,S007>O01,3546.536017705914,3549.022052791228,直连,,True
T015,巡航,S007>O01,3549.022052791228,3551.508087876541,直连,,True
T015,巡航,S007>O01,3551.508087876541,3553.9941229618553,直连,,True
T015,巡航,S007>O01,3553.9941229618553,3556.4801580471685,直连,,True
T015,巡航,S007>O01,3556.4801580471685,3558.966193132482,直连,,True
T015,巡航,S007>O01,3558.966193132482,3561.452228217796,直连,,True
T015,巡航,S007>O01,3561.452228217796,3563.9382633031096,直连,,True
T015,巡航,S007>O01,3563.9382633031096,3566.4242983884233,直连,,True
T015,巡航,S007>O01,3566.4242983884233,3568.910333473737,直连,,True
T015,巡航,S007>O01,3568.910333473737,3571.3963685590506,直连,,True
T015,巡航,S007>O01,3571.3963685590506,3573.8824036443643,直连,,True
T015,巡航,S007>O01,3573.8824036443643,3576.368438729678,直连,,True
T015,巡航,S007>O01,3576.368438729678,3578.8544738149917,直连,,True
T015,巡航,S007>O01,3578.8544738149917,3581.3405089003054,直连,,True
T015,巡航,S007>O01,3581.3405089003054,3583.826543985619,直连,,True
T015,巡航,S007>O01,3583.826543985619,3586.3125790709328,直连,,True
T015,巡航,S007>O01,3586.3125790709328,3588.7986141562465,直连,,True
T015,巡航,S007>O01,3588.7986141562465,3591.28464924156,直连,,True
T015,巡航,S007>O01,3591.28464924156,3593.770684326874,直连,,True
T015,巡航,S007>O01,3593.770684326874,3596.2567194121875,直连,,True
T015,巡航,S007>O01,3596.2567194121875,3598.742754497501,直连,,True
T015,巡航,S007>O01,3598.742754497501,3601.228789582815,直连,,True
T015,巡航,S007>O01,3601.228789582815,3603.7148246681286,直连,,True
T015,巡航,S007>O01,3603.7148246681286,3606.2008597534423,直连,,True
T015,巡航,S007>O01,3606.2008597534423,3608.686894838756,直连,,True
T015,巡航,S007>O01,3608.686894838756,3611.1729299240696,直连,,True
T015,巡航,S007>O01,3611.1729299240696,3613.6589650093833,直连,,True
T015,巡航,S007>O01,3613.6589650093833,3616.145000094697,直连,,True
T015,巡航,S007>O01,3616.145000094697,3618.6310351800107,直连,,True
T015,巡航,S007>O01,3618.6310351800107,3621.1170702653244,直连,,True
T015,巡航,S007>O01,3621.1170702653244,3623.603105350638,直连,,True
T015,巡航,S007>O01,3623.603105350638,3626.089140435952,直连,,True
T015,巡航,S007>O01,3626.089140435952,3628.5751755212655,直连,,True
T015,巡航,S007>O01,3628.5751755212655,3631.061210606579,直连,,True
T015,巡航,S007>O01,3631.061210606579,3633.547245691893,直连,,True
T015,巡航,S007>O01,3633.547245691893,3636.0332807772065,直连,,True
T015,巡航,S007>O01,3636.0332807772065,3638.5193158625198,直连,,True
T015,巡航,S007>O01,3638.5193158625198,3641.005350947834,直连,,True
T015,巡航,S007>O01,3641.005350947834,3643.491386033147,直连,,True
T015,巡航,S007>O01,3643.491386033147,3645.9774211184613,直连,,True
T015,巡航,S007>O01,3645.9774211184613,3648.4634562037745,直连,,True
T015,巡航,S007>O01,3648.4634562037745,3650.949491289088,直连,,True
T015,巡航,S007>O01,3650.949491289088,3653.435526374402,直连,,True
T015,巡航,S007>O01,3653.435526374402,3655.9215614597156,直连,,True
T015,巡航,S007>O01,3655.9215614597156,3658.4075965450293,直连,,True
T015,巡航,S007>O01,3658.4075965450293,3660.893631630343,直连,,True
T015,巡航,S007>O01,3660.893631630343,3663.3796667156566,直连,,True
T015,巡航,S007>O01,3663.3796667156566,3665.8657018009703,直连,,True
T015,巡航,S007>O01,3665.8657018009703,3668.351736886284,直连,,True
T015,巡航,S007>O01,3668.351736886284,3670.8377719715977,直连,,True
T015,巡航,S007>O01,3670.8377719715977,3673.3238070569114,直连,,True
T015,巡航,S007>O01,3673.3238070569114,3675.809842142225,直连,,True
T015,巡航,S007>O01,3675.809842142225,3678.2958772275388,直连,,True
T015,巡航,S007>O01,3678.2958772275388,3680.7819123128525,直连,,True
T015,巡航,S007>O01,3680.7819123128525,3683.267947398166,直连,,True
T015,巡航,S007>O01,3683.267947398166,3685.75398248348,直连,,True
T015,巡航,S007>O01,3685.75398248348,3688.2400175687935,直连,,True
T015,巡航,S007>O01,3688.2400175687935,3690.726052654107,直连,,True
T015,下降,S007>O01,3690.726052654107,3702.5498426556096,直连,,True
T015,下降,S007>O01,3702.5498426556096,3714.373632657112,直连,,True
T015,下降,S007>O01,3714.373632657112,3726.1974226586144,直连,,True
T015,下降,S007>O01,3726.1974226586144,3738.021212660117,直连,,True
T015,下降,S007>O01,3738.021212660117,3749.845002661619,直连,,True
T015,下降,S007>O01,3749.845002661619,3761.6687926631216,直连,,True
T015,下降,S007>O01,3761.6687926631216,3773.492582664624,直连,,True
T015,下降,S007>O01,3773.492582664624,3785.3163726661264,直连,,True
T015,下降,S007>O01,3785.3163726661264,3797.140162667629,直连,,True
T015,下降,S007>O01,3797.140162667629,3808.9639526691312,直连,,True
T015,下降,S007>O01,3808.9639526691312,3820.7877426706336,直连,,True
T015,下降,S007>O01,3820.7877426706336,3832.611532672136,直连,,True
T015,下降,S007>O01,3832.611532672136,3844.4353226736384,直连,,True
T016,爬升,O01>S007,1671.0,1680.8531583345853,直连,,True
T016,爬升,O01>S007,1680.8531583345853,1690.7063166691707,直连,,True
T016,爬升,O01>S007,1690.7063166691707,1700.559475003756,直连,,True
T016,爬升,O01>S007,1700.559475003756,1710.4126333383413,直连,,True
T016,爬升,O01>S007,1710.4126333383413,1720.2657916729268,直连,,True
T016,爬升,O01>S007,1720.2657916729268,1730.118950007512,直连,,True
T016,爬升,O01>S007,1730.118950007512,1739.9721083420973,直连,,True
T016,爬升,O01>S007,1739.9721083420973,1749.8252666766825,直连,,True
T016,爬升,O01>S007,1749.8252666766825,1759.678425011268,直连,,True
T016,爬升,O01>S007,1759.678425011268,1769.5315833458533,直连,,True
T016,爬升,O01>S007,1769.5315833458533,1779.3847416804385,直连,,True
T016,爬升,O01>S007,1779.3847416804385,1789.237900015024,直连,,True
T016,爬升,O01>S007,1789.237900015024,1799.0910583496093,直连,,True
T016,巡航,O01>S007,1799.0910583496093,1801.577093434923,直连,,True
T016,巡航,O01>S007,1801.577093434923,1804.0631285202367,直连,,True
T016,巡航,O01>S007,1804.0631285202367,1806.5491636055503,直连,,True
T016,巡航,O01>S007,1806.5491636055503,1809.035198690864,直连,,True
T016,巡航,O01>S007,1809.035198690864,1811.5212337761777,直连,,True
T016,巡航,O01>S007,1811.5212337761777,1814.0072688614914,直连,,True
T016,巡航,O01>S007,1814.0072688614914,1816.493303946805,直连,,True
T016,巡航,O01>S007,1816.493303946805,1818.9793390321188,直连,,True
T016,巡航,O01>S007,1818.9793390321188,1821.4653741174325,直连,,True
T016,巡航,O01>S007,1821.4653741174325,1823.951409202746,直连,,True
T016,巡航,O01>S007,1823.951409202746,1826.4374442880596,直连,,True
T016,巡航,O01>S007,1826.4374442880596,1828.9234793733733,直连,,True
T016,巡航,O01>S007,1828.9234793733733,1831.409514458687,直连,,True
T016,巡航,O01>S007,1831.409514458687,1833.8955495440007,直连,,True
T016,巡航,O01>S007,1833.8955495440007,1836.3815846293144,直连,,True
T016,巡航,O01>S007,1836.3815846293144,1838.867619714628,直连,,True
T016,巡航,O01>S007,1838.867619714628,1841.3536547999418,直连,,True
T016,巡航,O01>S007,1841.3536547999418,1843.8396898852554,直连,,True
T016,巡航,O01>S007,1843.8396898852554,1846.3257249705691,直连,,True
T016,巡航,O01>S007,1846.3257249705691,1848.8117600558828,直连,,True
T016,巡航,O01>S007,1848.8117600558828,1851.2977951411965,直连,,True
T016,巡航,O01>S007,1851.2977951411965,1853.7838302265102,直连,,True
T016,巡航,O01>S007,1853.7838302265102,1856.2698653118239,直连,,True
T016,巡航,O01>S007,1856.2698653118239,1858.7559003971376,直连,,True
T016,巡航,O01>S007,1858.7559003971376,1861.2419354824513,直连,,True
T016,巡航,O01>S007,1861.2419354824513,1863.727970567765,直连,,True
T016,巡航,O01>S007,1863.727970567765,1866.2140056530786,直连,,True
T016,巡航,O01>S007,1866.2140056530786,1868.700040738392,直连,,True
T016,巡航,O01>S007,1868.700040738392,1871.1860758237058,直连,,True
T016,巡航,O01>S007,1871.1860758237058,1873.6721109090195,直连,,True
T016,巡航,O01>S007,1873.6721109090195,1876.1581459943332,直连,,True
T016,巡航,O01>S007,1876.1581459943332,1878.6441810796468,直连,,True
T016,巡航,O01>S007,1878.6441810796468,1881.1302161649605,直连,,True
T016,巡航,O01>S007,1881.1302161649605,1883.6162512502742,直连,,True
T016,巡航,O01>S007,1883.6162512502742,1886.102286335588,直连,,True
T016,巡航,O01>S007,1886.102286335588,1888.5883214209016,直连,,True
T016,巡航,O01>S007,1888.5883214209016,1891.0743565062153,直连,,True
T016,巡航,O01>S007,1891.0743565062153,1893.560391591529,直连,,True
T016,巡航,O01>S007,1893.560391591529,1896.0464266768427,直连,,True
T016,巡航,O01>S007,1896.0464266768427,1898.5324617621563,直连,,True
T016,巡航,O01>S007,1898.5324617621563,1901.01849684747,直连,,True
T016,巡航,O01>S007,1901.01849684747,1903.5045319327837,直连,,True
T016,巡航,O01>S007,1903.5045319327837,1905.9905670180974,直连,,True
T016,巡航,O01>S007,1905.9905670180974,1908.476602103411,直连,,True
T016,巡航,O01>S007,1908.476602103411,1910.9626371887248,直连,,True
T016,巡航,O01>S007,1910.9626371887248,1913.4486722740385,直连,,True
T016,巡航,O01>S007,1913.4486722740385,1915.9347073593522,直连,,True
T016,巡航,O01>S007,1915.9347073593522,1918.4207424446656,直连,,True
T016,巡航,O01>S007,1918.4207424446656,1920.9067775299793,直连,,True
T016,巡航,O01>S007,1920.9067775299793,1923.392812615293,直连,,True
T016,巡航,O01>S007,1923.392812615293,1925.8788477006067,直连,,True
T016,巡航,O01>S007,1925.8788477006067,1928.3648827859204,直连,,True
T016,巡航,O01>S007,1928.3648827859204,1930.850917871234,直连,,True
T016,巡航,O01>S007,1930.850917871234,1933.3369529565477,直连,,True
T016,巡航,O01>S007,1933.3369529565477,1935.8229880418614,直连,,True
T016,巡航,O01>S007,1935.8229880418614,1938.3090231271751,直连,,True
T016,巡航,O01>S007,1938.3090231271751,1940.7950582124888,直连,,True
T016,巡航,O01>S007,1940.7950582124888,1943.2810932978025,直连,,True
T016,巡航,O01>S007,1943.2810932978025,1945.7671283831162,直连,,True
T016,巡航,O01>S007,1945.7671283831162,1948.2531634684299,直连,,True
T016,巡航,O01>S007,1948.2531634684299,1950.7391985537436,直连,,True
T016,巡航,O01>S007,1950.7391985537436,1953.2252336390573,直连,,True
T016,巡航,O01>S007,1953.2252336390573,1955.711268724371,直连,,True
T016,巡航,O01>S007,1955.711268724371,1958.1973038096846,直连,,True
T016,巡航,O01>S007,1958.1973038096846,1960.6833388949983,直连,,True
T016,巡航,O01>S007,1960.6833388949983,1963.1693739803118,直连,,True
T016,巡航,O01>S007,1963.1693739803118,1965.6554090656255,直连,,True
T016,巡航,O01>S007,1965.6554090656255,1968.1414441509392,直连,,True
T016,巡航,O01>S007,1968.1414441509392,1970.6274792362528,直连,,True
T016,巡航,O01>S007,1970.6274792362528,1973.1135143215665,直连,,True
T016,巡航,O01>S007,1973.1135143215665,1975.5995494068802,直连,,True
T016,巡航,O01>S007,1975.5995494068802,1978.085584492194,直连,,True
T016,巡航,O01>S007,1978.085584492194,1980.5716195775076,直连,,True
T016,巡航,O01>S007,1980.5716195775076,1983.0576546628213,直连,,True
T016,巡航,O01>S007,1983.0576546628213,1985.543689748135,直连,,True
T016,巡航,O01>S007,1985.543689748135,1988.0297248334487,直连,,True
T016,巡航,O01>S007,1988.0297248334487,1990.5157599187623,直连,,True
T016,巡航,O01>S007,1990.5157599187623,1993.001795004076,直连,,True
T016,巡航,O01>S007,1993.001795004076,1995.4878300893897,直连,,True
T016,巡航,O01>S007,1995.4878300893897,1997.9738651747034,直连,,True
T016,巡航,O01>S007,1997.9738651747034,2000.459900260017,直连,,True
T016,巡航,O01>S007,2000.459900260017,2002.9459353453308,直连,,True
T016,巡航,O01>S007,2002.9459353453308,2005.4319704306445,直连,,True
T016,巡航,O01>S007,2005.4319704306445,2007.9180055159582,直连,,True
T016,巡航,O01>S007,2007.9180055159582,2010.4040406012718,直连,,True
T016,巡航,O01>S007,2010.4040406012718,2012.8900756865855,直连,,True
T016,巡航,O01>S007,2012.8900756865855,2015.376110771899,直连,,True
T016,巡航,O01>S007,2015.376110771899,2017.8621458572127,直连,,True
T016,巡航,O01>S007,2017.8621458572127,2020.3481809425264,直连,,True
T016,巡航,O01>S007,2020.3481809425264,2022.83421602784,直连,,True
T016,巡航,O01>S007,2022.83421602784,2025.3202511131537,直连,,True
T016,巡航,O01>S007,2025.3202511131537,2027.8062861984674,直连,,True
T016,巡航,O01>S007,2027.8062861984674,2030.2923212837811,直连,,True
T016,巡航,O01>S007,2030.2923212837811,2032.7783563690948,直连,,True
T016,巡航,O01>S007,2032.7783563690948,2035.2643914544085,直连,,True
T016,巡航,O01>S007,2035.2643914544085,2037.7504265397222,直连,,True
T016,巡航,O01>S007,2037.7504265397222,2040.2364616250359,直连,,True
T016,巡航,O01>S007,2040.2364616250359,2042.7224967103496,直连,,True
T016,巡航,O01>S007,2042.7224967103496,2045.2085317956632,直连,,True
T016,巡航,O01>S007,2045.2085317956632,2047.694566880977,直连,,True
T016,巡航,O01>S007,2047.694566880977,2050.1806019662904,直连,,True
T016,巡航,O01>S007,2050.1806019662904,2052.666637051604,直连,,True
T016,巡航,O01>S007,2052.666637051604,2055.1526721369178,直连,,True
T016,巡航,O01>S007,2055.1526721369178,2057.6387072222315,直连,,True
T016,巡航,O01>S007,2057.6387072222315,2060.124742307545,直连,,True
T016,巡航,O01>S007,2060.124742307545,2062.610777392859,直连,,True
T016,巡航,O01>S007,2062.610777392859,2065.0968124781725,直连,,True
T016,巡航,O01>S007,2065.0968124781725,2067.582847563486,直连,,True
T016,巡航,O01>S007,2067.582847563486,2070.0688826488,直连,,True
T016,巡航,O01>S007,2070.0688826488,2072.5549177341136,直连,,True
T016,巡航,O01>S007,2072.5549177341136,2075.0409528194273,直连,,True
T016,巡航,O01>S007,2075.0409528194273,2077.526987904741,直连,,True
T016,巡航,O01>S007,2077.526987904741,2080.0130229900547,直连,,True
T016,巡航,O01>S007,2080.0130229900547,2082.4990580753683,直连,,True
T016,巡航,O01>S007,2082.4990580753683,2084.985093160682,直连,,True
T016,巡航,O01>S007,2084.985093160682,2087.4711282459957,直连,,True
T016,巡航,O01>S007,2087.4711282459957,2089.9571633313094,直连,,True
T016,巡航,O01>S007,2089.9571633313094,2092.443198416623,直连,,True
T016,巡航,O01>S007,2092.443198416623,2094.929233501937,直连,,True
T016,巡航,O01>S007,2094.929233501937,2097.4152685872505,直连,,True
T016,巡航,O01>S007,2097.4152685872505,2099.901303672564,直连,,True
T016,巡航,O01>S007,2099.901303672564,2102.387338757878,直连,,True
T016,巡航,O01>S007,2102.387338757878,2104.8733738431915,直连,,True
T016,巡航,O01>S007,2104.8733738431915,2107.359408928505,直连,,True
T016,巡航,O01>S007,2107.359408928505,2109.845444013819,直连,,True
T016,巡航,O01>S007,2109.845444013819,2112.3314790991326,直连,,True
T016,巡航,O01>S007,2112.3314790991326,2114.8175141844463,直连,,True
T016,巡航,O01>S007,2114.8175141844463,2117.30354926976,直连,,True
T016,巡航,O01>S007,2117.30354926976,2119.7895843550737,直连,,True
T016,巡航,O01>S007,2119.7895843550737,2122.2756194403873,直连,,True
T016,巡航,O01>S007,2122.2756194403873,2124.7616545257006,直连,,True
T016,巡航,O01>S007,2124.7616545257006,2127.2476896110147,直连,,True
T016,巡航,O01>S007,2127.2476896110147,2129.733724696328,中继兜底,R-S01,True
T016,巡航,O01>S007,2129.733724696328,2132.219759781642,中继兜底,R-S01,True
T016,巡航,O01>S007,2132.219759781642,2134.7057948669553,中继兜底,R-S01,True
T016,巡航,O01>S007,2134.7057948669553,2137.191829952269,中继兜底,R-S01,True
T016,巡航,O01>S007,2137.191829952269,2139.6778650375827,中继兜底,R-S01,True
T016,巡航,O01>S007,2139.6778650375827,2142.1639001228964,中继兜底,R-S01,True
T016,巡航,O01>S007,2142.1639001228964,2144.64993520821,中继兜底,R-S01,True
T016,巡航,O01>S007,2144.64993520821,2147.1359702935238,中继兜底,R-S01,True
T016,巡航,O01>S007,2147.1359702935238,2149.6220053788375,中继兜底,R-S01,True
T016,巡航,O01>S007,2149.6220053788375,2152.108040464151,中继兜底,R-S01,True
T016,巡航,O01>S007,2152.108040464151,2154.594075549465,中继兜底,R-S01,True
T016,巡航,O01>S007,2154.594075549465,2157.0801106347785,中继兜底,R-S01,True
T016,巡航,O01>S007,2157.0801106347785,2159.566145720092,中继兜底,R-S01,True
T016,巡航,O01>S007,2159.566145720092,2162.052180805406,中继兜底,R-S01,True
T016,巡航,O01>S007,2162.052180805406,2164.5382158907196,中继兜底,R-S01,True
T016,巡航,O01>S007,2164.5382158907196,2167.0242509760333,中继兜底,R-S01,True
T016,巡航,O01>S007,2167.0242509760333,2169.510286061347,中继兜底,R-S01,True
T016,巡航,O01>S007,2169.510286061347,2171.9963211466606,中继兜底,R-S01,True
T016,巡航,O01>S007,2171.9963211466606,2174.4823562319743,中继兜底,R-S01,True
T016,巡航,O01>S007,2174.4823562319743,2176.968391317288,中继兜底,R-S01,True
T016,下降,O01>S007,2176.968391317288,2187.8666029872097,中继兜底,R-S01,True
T016,下降,O01>S007,2187.8666029872097,2198.764814657132,中继兜底,R-S01,True
T016,下降,O01>S007,2198.764814657132,2209.6630263270536,中继兜底,R-S01,True
T016,下降,O01>S007,2209.6630263270536,2220.5612379969753,中继兜底,R-S01,True
T016,下降,O01>S007,2220.5612379969753,2231.4594496668974,中继兜底,R-S01,True
T016,下降,O01>S007,2231.4594496668974,2242.357661336819,中继兜底,R-S01,True
T016,投送,S007,2242.357661336819,2452.357661336819,中继兜底,R-S01,True
T016,爬升,S007>O01,2452.357661336819,2461.439504395087,中继兜底,R-S01,True
T016,爬升,S007>O01,2461.439504395087,2470.5213474533557,中继兜底,R-S01,True
T016,爬升,S007>O01,2470.5213474533557,2479.603190511624,中继兜底,R-S01,True
T016,爬升,S007>O01,2479.603190511624,2488.685033569892,中继兜底,R-S01,True
T016,爬升,S007>O01,2488.685033569892,2497.7668766281604,中继兜底,R-S01,True
T016,爬升,S007>O01,2497.7668766281604,2506.8487196864285,中继兜底,R-S01,True
T016,巡航,S007>O01,2506.8487196864285,2509.334754771742,中继兜底,R-S01,True
T016,巡航,S007>O01,2509.334754771742,2511.820789857056,中继兜底,R-S01,True
T016,巡航,S007>O01,2511.820789857056,2514.3068249423695,中继兜底,R-S01,True
T016,巡航,S007>O01,2514.3068249423695,2516.792860027683,中继兜底,R-S01,True
T016,巡航,S007>O01,2516.792860027683,2519.278895112997,中继兜底,R-S01,True
T016,巡航,S007>O01,2519.278895112997,2521.7649301983106,中继兜底,R-S01,True
T016,巡航,S007>O01,2521.7649301983106,2524.2509652836243,中继兜底,R-S01,True
T016,巡航,S007>O01,2524.2509652836243,2526.737000368938,中继兜底,R-S01,True
T016,巡航,S007>O01,2526.737000368938,2529.2230354542517,中继兜底,R-S01,True
T016,巡航,S007>O01,2529.2230354542517,2531.7090705395653,中继兜底,R-S01,True
T016,巡航,S007>O01,2531.7090705395653,2534.195105624879,中继兜底,R-S01,True
T016,巡航,S007>O01,2534.195105624879,2536.6811407101927,中继兜底,R-S01,True
T016,巡航,S007>O01,2536.6811407101927,2539.1671757955064,中继兜底,R-S01,True
T016,巡航,S007>O01,2539.1671757955064,2541.65321088082,中继兜底,R-S01,True
T016,巡航,S007>O01,2541.65321088082,2544.139245966134,中继兜底,R-S01,True
T016,巡航,S007>O01,2544.139245966134,2546.6252810514475,中继兜底,R-S01,True
T016,巡航,S007>O01,2546.6252810514475,2549.111316136761,中继兜底,R-S01,True
T016,巡航,S007>O01,2549.111316136761,2551.597351222075,中继兜底,R-S01,True
T016,巡航,S007>O01,2551.597351222075,2554.0833863073885,中继兜底,R-S01,True
T016,巡航,S007>O01,2554.0833863073885,2556.5694213927018,中继兜底,R-S01,True
T016,巡航,S007>O01,2556.5694213927018,2559.0554564780155,直连,,True
T016,巡航,S007>O01,2559.0554564780155,2561.541491563329,直连,,True
T016,巡航,S007>O01,2561.541491563329,2564.027526648643,直连,,True
T016,巡航,S007>O01,2564.027526648643,2566.5135617339565,直连,,True
T016,巡航,S007>O01,2566.5135617339565,2568.99959681927,直连,,True
T016,巡航,S007>O01,2568.99959681927,2571.485631904584,直连,,True
T016,巡航,S007>O01,2571.485631904584,2573.9716669898976,直连,,True
T016,巡航,S007>O01,2573.9716669898976,2576.4577020752113,直连,,True
T016,巡航,S007>O01,2576.4577020752113,2578.943737160525,直连,,True
T016,巡航,S007>O01,2578.943737160525,2581.4297722458386,直连,,True
T016,巡航,S007>O01,2581.4297722458386,2583.9158073311523,直连,,True
T016,巡航,S007>O01,2583.9158073311523,2586.401842416466,直连,,True
T016,巡航,S007>O01,2586.401842416466,2588.8878775017797,直连,,True
T016,巡航,S007>O01,2588.8878775017797,2591.3739125870934,直连,,True
T016,巡航,S007>O01,2591.3739125870934,2593.859947672407,直连,,True
T016,巡航,S007>O01,2593.859947672407,2596.345982757721,直连,,True
T016,巡航,S007>O01,2596.345982757721,2598.8320178430345,直连,,True
T016,巡航,S007>O01,2598.8320178430345,2601.318052928348,直连,,True
T016,巡航,S007>O01,2601.318052928348,2603.804088013662,直连,,True
T016,巡航,S007>O01,2603.804088013662,2606.2901230989755,直连,,True
T016,巡航,S007>O01,2606.2901230989755,2608.776158184289,直连,,True
T016,巡航,S007>O01,2608.776158184289,2611.262193269603,直连,,True
T016,巡航,S007>O01,2611.262193269603,2613.7482283549166,直连,,True
T016,巡航,S007>O01,2613.7482283549166,2616.2342634402303,直连,,True
T016,巡航,S007>O01,2616.2342634402303,2618.720298525544,直连,,True
T016,巡航,S007>O01,2618.720298525544,2621.2063336108577,直连,,True
T016,巡航,S007>O01,2621.2063336108577,2623.6923686961713,直连,,True
T016,巡航,S007>O01,2623.6923686961713,2626.178403781485,直连,,True
T016,巡航,S007>O01,2626.178403781485,2628.6644388667987,直连,,True
T016,巡航,S007>O01,2628.6644388667987,2631.1504739521124,直连,,True
T016,巡航,S007>O01,2631.1504739521124,2633.636509037426,直连,,True
T016,巡航,S007>O01,2633.636509037426,2636.12254412274,直连,,True
T016,巡航,S007>O01,2636.12254412274,2638.6085792080535,直连,,True
T016,巡航,S007>O01,2638.6085792080535,2641.094614293367,直连,,True
T016,巡航,S007>O01,2641.094614293367,2643.580649378681,直连,,True
T016,巡航,S007>O01,2643.580649378681,2646.0666844639945,直连,,True
T016,巡航,S007>O01,2646.0666844639945,2648.5527195493078,直连,,True
T016,巡航,S007>O01,2648.5527195493078,2651.038754634622,直连,,True
T016,巡航,S007>O01,2651.038754634622,2653.524789719935,直连,,True
T016,巡航,S007>O01,2653.524789719935,2656.010824805249,直连,,True
T016,巡航,S007>O01,2656.010824805249,2658.4968598905625,直连,,True
T016,巡航,S007>O01,2658.4968598905625,2660.982894975876,直连,,True
T016,巡航,S007>O01,2660.982894975876,2663.46893006119,直连,,True
T016,巡航,S007>O01,2663.46893006119,2665.9549651465036,直连,,True
T016,巡航,S007>O01,2665.9549651465036,2668.4410002318173,直连,,True
T016,巡航,S007>O01,2668.4410002318173,2670.927035317131,直连,,True
T016,巡航,S007>O01,2670.927035317131,2673.4130704024446,直连,,True
T016,巡航,S007>O01,2673.4130704024446,2675.8991054877583,直连,,True
T016,巡航,S007>O01,2675.8991054877583,2678.385140573072,直连,,True
T016,巡航,S007>O01,2678.385140573072,2680.8711756583857,直连,,True
T016,巡航,S007>O01,2680.8711756583857,2683.3572107436994,直连,,True
T016,巡航,S007>O01,2683.3572107436994,2685.843245829013,直连,,True
T016,巡航,S007>O01,2685.843245829013,2688.329280914327,直连,,True
T016,巡航,S007>O01,2688.329280914327,2690.8153159996405,直连,,True
T016,巡航,S007>O01,2690.8153159996405,2693.301351084954,直连,,True
T016,巡航,S007>O01,2693.301351084954,2695.787386170268,直连,,True
T016,巡航,S007>O01,2695.787386170268,2698.2734212555815,直连,,True
T016,巡航,S007>O01,2698.2734212555815,2700.759456340895,直连,,True
T016,巡航,S007>O01,2700.759456340895,2703.245491426209,直连,,True
T016,巡航,S007>O01,2703.245491426209,2705.7315265115226,直连,,True
T016,巡航,S007>O01,2705.7315265115226,2708.2175615968363,直连,,True
T016,巡航,S007>O01,2708.2175615968363,2710.70359668215,直连,,True
T016,巡航,S007>O01,2710.70359668215,2713.1896317674637,直连,,True
T016,巡航,S007>O01,2713.1896317674637,2715.6756668527773,直连,,True
T016,巡航,S007>O01,2715.6756668527773,2718.161701938091,直连,,True
T016,巡航,S007>O01,2718.161701938091,2720.6477370234047,直连,,True
T016,巡航,S007>O01,2720.6477370234047,2723.1337721087184,直连,,True
T016,巡航,S007>O01,2723.1337721087184,2725.619807194032,直连,,True
T016,巡航,S007>O01,2725.619807194032,2728.105842279346,直连,,True
T016,巡航,S007>O01,2728.105842279346,2730.5918773646595,直连,,True
T016,巡航,S007>O01,2730.5918773646595,2733.077912449973,直连,,True
T016,巡航,S007>O01,2733.077912449973,2735.563947535287,直连,,True
T016,巡航,S007>O01,2735.563947535287,2738.0499826206005,直连,,True
T016,巡航,S007>O01,2738.0499826206005,2740.536017705914,直连,,True
T016,巡航,S007>O01,2740.536017705914,2743.022052791228,直连,,True
T016,巡航,S007>O01,2743.022052791228,2745.508087876541,直连,,True
T016,巡航,S007>O01,2745.508087876541,2747.9941229618553,直连,,True
T016,巡航,S007>O01,2747.9941229618553,2750.4801580471685,直连,,True
T016,巡航,S007>O01,2750.4801580471685,2752.966193132482,直连,,True
T016,巡航,S007>O01,2752.966193132482,2755.452228217796,直连,,True
T016,巡航,S007>O01,2755.452228217796,2757.9382633031096,直连,,True
T016,巡航,S007>O01,2757.9382633031096,2760.4242983884233,直连,,True
T016,巡航,S007>O01,2760.4242983884233,2762.910333473737,直连,,True
T016,巡航,S007>O01,2762.910333473737,2765.3963685590506,直连,,True
T016,巡航,S007>O01,2765.3963685590506,2767.8824036443643,直连,,True
T016,巡航,S007>O01,2767.8824036443643,2770.368438729678,直连,,True
T016,巡航,S007>O01,2770.368438729678,2772.8544738149917,直连,,True
T016,巡航,S007>O01,2772.8544738149917,2775.3405089003054,直连,,True
T016,巡航,S007>O01,2775.3405089003054,2777.826543985619,直连,,True
T016,巡航,S007>O01,2777.826543985619,2780.3125790709328,直连,,True
T016,巡航,S007>O01,2780.3125790709328,2782.7986141562465,直连,,True
T016,巡航,S007>O01,2782.7986141562465,2785.28464924156,直连,,True
T016,巡航,S007>O01,2785.28464924156,2787.770684326874,直连,,True
T016,巡航,S007>O01,2787.770684326874,2790.2567194121875,直连,,True
T016,巡航,S007>O01,2790.2567194121875,2792.742754497501,直连,,True
T016,巡航,S007>O01,2792.742754497501,2795.228789582815,直连,,True
T016,巡航,S007>O01,2795.228789582815,2797.7148246681286,直连,,True
T016,巡航,S007>O01,2797.7148246681286,2800.2008597534423,直连,,True
T016,巡航,S007>O01,2800.2008597534423,2802.686894838756,直连,,True
T016,巡航,S007>O01,2802.686894838756,2805.1729299240696,直连,,True
T016,巡航,S007>O01,2805.1729299240696,2807.6589650093833,直连,,True
T016,巡航,S007>O01,2807.6589650093833,2810.145000094697,直连,,True
T016,巡航,S007>O01,2810.145000094697,2812.6310351800107,直连,,True
T016,巡航,S007>O01,2812.6310351800107,2815.1170702653244,直连,,True
T016,巡航,S007>O01,2815.1170702653244,2817.603105350638,直连,,True
T016,巡航,S007>O01,2817.603105350638,2820.089140435952,直连,,True
T016,巡航,S007>O01,2820.089140435952,2822.5751755212655,直连,,True
T016,巡航,S007>O01,2822.5751755212655,2825.061210606579,直连,,True
T016,巡航,S007>O01,2825.061210606579,2827.547245691893,直连,,True
T016,巡航,S007>O01,2827.547245691893,2830.0332807772065,直连,,True
T016,巡航,S007>O01,2830.0332807772065,2832.5193158625198,直连,,True
T016,巡航,S007>O01,2832.5193158625198,2835.005350947834,直连,,True
T016,巡航,S007>O01,2835.005350947834,2837.491386033147,直连,,True
T016,巡航,S007>O01,2837.491386033147,2839.9774211184613,直连,,True
T016,巡航,S007>O01,2839.9774211184613,2842.4634562037745,直连,,True
T016,巡航,S007>O01,2842.4634562037745,2844.949491289088,直连,,True
T016,巡航,S007>O01,2844.949491289088,2847.435526374402,直连,,True
T016,巡航,S007>O01,2847.435526374402,2849.9215614597156,直连,,True
T016,巡航,S007>O01,2849.9215614597156,2852.4075965450293,直连,,True
T016,巡航,S007>O01,2852.4075965450293,2854.893631630343,直连,,True
T016,巡航,S007>O01,2854.893631630343,2857.3796667156566,直连,,True
T016,巡航,S007>O01,2857.3796667156566,2859.8657018009703,直连,,True
T016,巡航,S007>O01,2859.8657018009703,2862.351736886284,直连,,True
T016,巡航,S007>O01,2862.351736886284,2864.8377719715977,直连,,True
T016,巡航,S007>O01,2864.8377719715977,2867.3238070569114,直连,,True
T016,巡航,S007>O01,2867.3238070569114,2869.809842142225,直连,,True
T016,巡航,S007>O01,2869.809842142225,2872.2958772275388,直连,,True
T016,巡航,S007>O01,2872.2958772275388,2874.7819123128525,直连,,True
T016,巡航,S007>O01,2874.7819123128525,2877.267947398166,直连,,True
T016,巡航,S007>O01,2877.267947398166,2879.75398248348,直连,,True
T016,巡航,S007>O01,2879.75398248348,2882.2400175687935,直连,,True
T016,巡航,S007>O01,2882.2400175687935,2884.726052654107,直连,,True
T016,下降,S007>O01,2884.726052654107,2896.5498426556096,直连,,True
T016,下降,S007>O01,2896.5498426556096,2908.373632657112,直连,,True
T016,下降,S007>O01,2908.373632657112,2920.1974226586144,直连,,True
T016,下降,S007>O01,2920.1974226586144,2932.021212660117,直连,,True
T016,下降,S007>O01,2932.021212660117,2943.845002661619,直连,,True
T016,下降,S007>O01,2943.845002661619,2955.6687926631216,直连,,True
T016,下降,S007>O01,2955.6687926631216,2967.492582664624,直连,,True
T016,下降,S007>O01,2967.492582664624,2979.3163726661264,直连,,True
T016,下降,S007>O01,2979.3163726661264,2991.140162667629,直连,,True
T016,下降,S007>O01,2991.140162667629,3002.9639526691312,直连,,True
T016,下降,S007>O01,3002.9639526691312,3014.7877426706336,直连,,True
T016,下降,S007>O01,3014.7877426706336,3026.611532672136,直连,,True
T016,下降,S007>O01,3026.611532672136,3038.4353226736384,直连,,True
T017,爬升,O01>S008,5216.0,5226.898192545573,直连,,True
T017,爬升,O01>S008,5226.898192545573,5237.796385091146,直连,,True
T017,爬升,O01>S008,5237.796385091146,5248.694577636718,直连,,True
T017,爬升,O01>S008,5248.694577636718,5259.592770182291,直连,,True
T017,爬升,O01>S008,5259.592770182291,5270.490962727865,直连,,True
T017,爬升,O01>S008,5270.490962727865,5281.389155273438,直连,,True
T017,爬升,O01>S008,5281.389155273438,5292.28734781901,直连,,True
T017,爬升,O01>S008,5292.28734781901,5303.185540364583,直连,,True
T017,爬升,O01>S008,5303.185540364583,5314.083732910156,直连,,True
T017,巡航,O01>S008,5314.083732910156,5316.078576033297,直连,,True
T017,巡航,O01>S008,5316.078576033297,5318.073419156439,直连,,True
T017,巡航,O01>S008,5318.073419156439,5320.068262279581,直连,,True
T017,巡航,O01>S008,5320.068262279581,5322.063105402723,直连,,True
T017,巡航,O01>S008,5322.063105402723,5324.057948525864,直连,,True
T017,巡航,O01>S008,5324.057948525864,5326.0527916490055,直连,,True
T017,巡航,O01>S008,5326.0527916490055,5328.047634772147,直连,,True
T017,巡航,O01>S008,5328.047634772147,5330.042477895289,直连,,True
T017,巡航,O01>S008,5330.042477895289,5332.037321018431,直连,,True
T017,巡航,O01>S008,5332.037321018431,5334.032164141572,直连,,True
T017,巡航,O01>S008,5334.032164141572,5336.027007264714,直连,,True
T017,巡航,O01>S008,5336.027007264714,5338.021850387855,直连,,True
T017,巡航,O01>S008,5338.021850387855,5340.016693510997,直连,,True
T017,巡航,O01>S008,5340.016693510997,5342.011536634139,直连,,True
T017,巡航,O01>S008,5342.011536634139,5344.00637975728,直连,,True
T017,巡航,O01>S008,5344.00637975728,5346.001222880422,直连,,True
T017,巡航,O01>S008,5346.001222880422,5347.996066003563,直连,,True
T017,巡航,O01>S008,5347.996066003563,5349.990909126705,直连,,True
T017,巡航,O01>S008,5349.990909126705,5351.985752249847,直连,,True
T017,巡航,O01>S008,5351.985752249847,5353.980595372988,直连,,True
T017,巡航,O01>S008,5353.980595372988,5355.97543849613,直连,,True
T017,巡航,O01>S008,5355.97543849613,5357.970281619271,直连,,True
T017,巡航,O01>S008,5357.970281619271,5359.9651247424135,直连,,True
T017,巡航,O01>S008,5359.9651247424135,5361.959967865555,直连,,True
T017,巡航,O01>S008,5361.959967865555,5363.954810988696,直连,,True
T017,巡航,O01>S008,5363.954810988696,5365.949654111838,直连,,True
T017,巡航,O01>S008,5365.949654111838,5367.944497234979,直连,,True
T017,巡航,O01>S008,5367.944497234979,5369.939340358121,直连,,True
T017,巡航,O01>S008,5369.939340358121,5371.934183481263,直连,,True
T017,巡航,O01>S008,5371.934183481263,5373.9290266044045,直连,,True
T017,巡航,O01>S008,5373.9290266044045,5375.923869727546,直连,,True
T017,巡航,O01>S008,5375.923869727546,5377.918712850687,直连,,True
T017,巡航,O01>S008,5377.918712850687,5379.913555973829,直连,,True
T017,巡航,O01>S008,5379.913555973829,5381.908399096971,直连,,True
T017,巡航,O01>S008,5381.908399096971,5383.903242220113,直连,,True
T017,巡航,O01>S008,5383.903242220113,5385.898085343254,直连,,True
T017,巡航,O01>S008,5385.898085343254,5387.8929284663955,直连,,True
T017,巡航,O01>S008,5387.8929284663955,5389.887771589537,直连,,True
T017,巡航,O01>S008,5389.887771589537,5391.882614712679,直连,,True
T017,巡航,O01>S008,5391.882614712679,5393.877457835821,直连,,True
T017,巡航,O01>S008,5393.877457835821,5395.872300958962,直连,,True
T017,巡航,O01>S008,5395.872300958962,5397.867144082104,直连,,True
T017,巡航,O01>S008,5397.867144082104,5399.861987205245,直连,,True
T017,巡航,O01>S008,5399.861987205245,5401.856830328387,直连,,True
T017,巡航,O01>S008,5401.856830328387,5403.851673451529,直连,,True
T017,巡航,O01>S008,5403.851673451529,5405.84651657467,直连,,True
T017,巡航,O01>S008,5405.84651657467,5407.841359697812,直连,,True
T017,巡航,O01>S008,5407.841359697812,5409.836202820953,直连,,True
T017,巡航,O01>S008,5409.836202820953,5411.831045944095,直连,,True
T017,巡航,O01>S008,5411.831045944095,5413.825889067237,直连,,True
T017,巡航,O01>S008,5413.825889067237,5415.820732190378,直连,,True
T017,巡航,O01>S008,5415.820732190378,5417.81557531352,直连,,True
T017,巡航,O01>S008,5417.81557531352,5419.810418436661,直连,,True
T017,巡航,O01>S008,5419.810418436661,5421.8052615598035,直连,,True
T017,巡航,O01>S008,5421.8052615598035,5423.800104682945,直连,,True
T017,巡航,O01>S008,5423.800104682945,5425.794947806086,直连,,True
T017,巡航,O01>S008,5425.794947806086,5427.789790929228,直连,,True
T017,巡航,O01>S008,5427.789790929228,5429.784634052369,直连,,True
T017,巡航,O01>S008,5429.784634052369,5431.779477175512,直连,,True
T017,巡航,O01>S008,5431.779477175512,5433.774320298653,直连,,True
T017,巡航,O01>S008,5433.774320298653,5435.7691634217945,直连,,True
T017,巡航,O01>S008,5435.7691634217945,5437.764006544936,直连,,True
T017,巡航,O01>S008,5437.764006544936,5439.758849668077,直连,,True
T017,巡航,O01>S008,5439.758849668077,5441.75369279122,直连,,True
T017,巡航,O01>S008,5441.75369279122,5443.748535914361,直连,,True
T017,巡航,O01>S008,5443.748535914361,5445.743379037503,直连,,True
T017,巡航,O01>S008,5445.743379037503,5447.738222160644,直连,,True
T017,巡航,O01>S008,5447.738222160644,5449.733065283785,直连,,True
T017,巡航,O01>S008,5449.733065283785,5451.727908406928,直连,,True
T017,巡航,O01>S008,5451.727908406928,5453.722751530069,直连,,True
T017,巡航,O01>S008,5453.722751530069,5455.717594653211,直连,,True
T017,巡航,O01>S008,5455.717594653211,5457.712437776352,直连,,True
T017,巡航,O01>S008,5457.712437776352,5459.7072808994935,直连,,True
T017,巡航,O01>S008,5459.7072808994935,5461.702124022636,直连,,True
T017,巡航,O01>S008,5461.702124022636,5463.696967145777,直连,,True
T017,巡航,O01>S008,5463.696967145777,5465.691810268919,直连,,True
T017,巡航,O01>S008,5465.691810268919,5467.68665339206,直连,,True
T017,巡航,O01>S008,5467.68665339206,5469.681496515202,直连,,True
T017,巡航,O01>S008,5469.681496515202,5471.676339638343,直连,,True
T017,巡航,O01>S008,5471.676339638343,5473.671182761485,直连,,True
T017,巡航,O01>S008,5473.671182761485,5475.666025884627,直连,,True
T017,巡航,O01>S008,5475.666025884627,5477.660869007768,直连,,True
T017,巡航,O01>S008,5477.660869007768,5479.65571213091,直连,,True
T017,巡航,O01>S008,5479.65571213091,5481.650555254051,直连,,True
T017,巡航,O01>S008,5481.650555254051,5483.6453983771935,直连,,True
T017,巡航,O01>S008,5483.6453983771935,5485.640241500335,直连,,True
T017,巡航,O01>S008,5485.640241500335,5487.635084623476,直连,,True
T017,巡航,O01>S008,5487.635084623476,5489.629927746618,直连,,True
T017,巡航,O01>S008,5489.629927746618,5491.624770869759,直连,,True
T017,巡航,O01>S008,5491.624770869759,5493.619613992902,直连,,True
T017,巡航,O01>S008,5493.619613992902,5495.614457116043,直连,,True
T017,巡航,O01>S008,5495.614457116043,5497.609300239184,直连,,True
T017,巡航,O01>S008,5497.609300239184,5499.604143362326,直连,,True
T017,巡航,O01>S008,5499.604143362326,5501.598986485467,直连,,True
T017,巡航,O01>S008,5501.598986485467,5503.59382960861,直连,,True
T017,巡航,O01>S008,5503.59382960861,5505.588672731751,直连,,True
T017,巡航,O01>S008,5505.588672731751,5507.5835158548925,直连,,True
T017,巡航,O01>S008,5507.5835158548925,5509.578358978034,直连,,True
T017,巡航,O01>S008,5509.578358978034,5511.573202101175,直连,,True
T017,巡航,O01>S008,5511.573202101175,5513.568045224318,直连,,True
T017,巡航,O01>S008,5513.568045224318,5515.562888347459,直连,,True
T017,巡航,O01>S008,5515.562888347459,5517.557731470601,直连,,True
T017,巡航,O01>S008,5517.557731470601,5519.552574593742,直连,,True
T017,巡航,O01>S008,5519.552574593742,5521.5474177168835,直连,,True
T017,巡航,O01>S008,5521.5474177168835,5523.542260840026,直连,,True
T017,巡航,O01>S008,5523.542260840026,5525.537103963167,直连,,True
T017,巡航,O01>S008,5525.537103963167,5527.531947086309,直连,,True
T017,巡航,O01>S008,5527.531947086309,5529.52679020945,直连,,True
T017,巡航,O01>S008,5529.52679020945,5531.521633332592,直连,,True
T017,巡航,O01>S008,5531.521633332592,5533.516476455734,直连,,True
T017,巡航,O01>S008,5533.516476455734,5535.511319578875,直连,,True
T017,巡航,O01>S008,5535.511319578875,5537.506162702017,直连,,True
T017,巡航,O01>S008,5537.506162702017,5539.501005825158,直连,,True
T017,巡航,O01>S008,5539.501005825158,5541.4958489483,直连,,True
T017,巡航,O01>S008,5541.4958489483,5543.490692071442,直连,,True
T017,巡航,O01>S008,5543.490692071442,5545.4855351945835,直连,,True
T017,巡航,O01>S008,5545.4855351945835,5547.480378317725,直连,,True
T017,巡航,O01>S008,5547.480378317725,5549.475221440866,直连,,True
T017,巡航,O01>S008,5549.475221440866,5551.470064564008,直连,,True
T017,巡航,O01>S008,5551.470064564008,5553.46490768715,直连,,True
T017,巡航,O01>S008,5553.46490768715,5555.459750810292,直连,,True
T017,巡航,O01>S008,5555.459750810292,5557.454593933433,直连,,True
T017,巡航,O01>S008,5557.454593933433,5559.449437056574,直连,,True
T017,巡航,O01>S008,5559.449437056574,5561.444280179716,直连,,True
T017,巡航,O01>S008,5561.444280179716,5563.439123302858,直连,,True
T017,巡航,O01>S008,5563.439123302858,5565.433966426,直连,,True
T017,巡航,O01>S008,5565.433966426,5567.428809549141,直连,,True
T017,巡航,O01>S008,5567.428809549141,5569.4236526722825,直连,,True
T017,巡航,O01>S008,5569.4236526722825,5571.418495795424,直连,,True
T017,巡航,O01>S008,5571.418495795424,5573.413338918566,直连,,True
T017,巡航,O01>S008,5573.413338918566,5575.408182041708,直连,,True
T017,巡航,O01>S008,5575.408182041708,5577.403025164849,直连,,True
T017,巡航,O01>S008,5577.403025164849,5579.397868287991,直连,,True
T017,巡航,O01>S008,5579.397868287991,5581.392711411132,直连,,True
T017,巡航,O01>S008,5581.392711411132,5583.387554534274,直连,,True
T017,巡航,O01>S008,5583.387554534274,5585.382397657416,直连,,True
T017,巡航,O01>S008,5585.382397657416,5587.377240780557,直连,,True
T017,巡航,O01>S008,5587.377240780557,5589.372083903699,直连,,True
T017,巡航,O01>S008,5589.372083903699,5591.36692702684,直连,,True
T017,巡航,O01>S008,5591.36692702684,5593.361770149982,直连,,True
T017,巡航,O01>S008,5593.361770149982,5595.356613273124,直连,,True
T017,巡航,O01>S008,5595.356613273124,5597.351456396265,直连,,True
T017,巡航,O01>S008,5597.351456396265,5599.346299519407,直连,,True
T017,巡航,O01>S008,5599.346299519407,5601.341142642548,直连,,True
T017,巡航,O01>S008,5601.341142642548,5603.335985765691,中继兜底,R-S04,True
T017,巡航,O01>S008,5603.335985765691,5605.330828888832,中继兜底,R-S04,True
T017,巡航,O01>S008,5605.330828888832,5607.325672011973,中继兜底,R-S04,True
T017,巡航,O01>S008,5607.325672011973,5609.320515135115,中继兜底,R-S04,True
T017,巡航,O01>S008,5609.320515135115,5611.315358258256,中继兜底,R-S04,True
T017,巡航,O01>S008,5611.315358258256,5613.310201381398,中继兜底,R-S04,True
T017,巡航,O01>S008,5613.310201381398,5615.30504450454,中继兜底,R-S04,True
T017,巡航,O01>S008,5615.30504450454,5617.2998876276815,中继兜底,R-S04,True
T017,巡航,O01>S008,5617.2998876276815,5619.294730750823,中继兜底,R-S04,True
T017,巡航,O01>S008,5619.294730750823,5621.289573873964,中继兜底,R-S04,True
T017,巡航,O01>S008,5621.289573873964,5623.284416997106,中继兜底,R-S04,True
T017,巡航,O01>S008,5623.284416997106,5625.279260120248,中继兜底,R-S04,True
T017,巡航,O01>S008,5625.279260120248,5627.27410324339,中继兜底,R-S04,True
T017,巡航,O01>S008,5627.27410324339,5629.268946366531,中继兜底,R-S04,True
T017,巡航,O01>S008,5629.268946366531,5631.2637894896725,中继兜底,R-S04,True
T017,巡航,O01>S008,5631.2637894896725,5633.258632612814,中继兜底,R-S04,True
T017,巡航,O01>S008,5633.258632612814,5635.253475735956,中继兜底,R-S04,True
T017,巡航,O01>S008,5635.253475735956,5637.248318859098,中继兜底,R-S04,True
T017,巡航,O01>S008,5637.248318859098,5639.243161982239,中继兜底,R-S04,True
T017,巡航,O01>S008,5639.243161982239,5641.238005105381,中继兜底,R-S04,True
T017,巡航,O01>S008,5641.238005105381,5643.232848228522,中继兜底,R-S04,True
T017,巡航,O01>S008,5643.232848228522,5645.227691351664,中继兜底,R-S04,True
T017,巡航,O01>S008,5645.227691351664,5647.222534474806,中继兜底,R-S04,True
T017,巡航,O01>S008,5647.222534474806,5649.217377597947,中继兜底,R-S04,True
T017,巡航,O01>S008,5649.217377597947,5651.212220721089,中继兜底,R-S04,True
T017,巡航,O01>S008,5651.212220721089,5653.20706384423,中继兜底,R-S04,True
T017,巡航,O01>S008,5653.20706384423,5655.201906967372,中继兜底,R-S04,True
T017,巡航,O01>S008,5655.201906967372,5657.196750090514,中继兜底,R-S04,True
T017,巡航,O01>S008,5657.196750090514,5659.191593213655,中继兜底,R-S04,True
T017,巡航,O01>S008,5659.191593213655,5661.186436336797,中继兜底,R-S04,True
T017,巡航,O01>S008,5661.186436336797,5663.181279459938,中继兜底,R-S04,True
T017,巡航,O01>S008,5663.181279459938,5665.1761225830805,中继兜底,R-S04,True
T017,巡航,O01>S008,5665.1761225830805,5667.170965706222,中继兜底,R-S04,True
T017,巡航,O01>S008,5667.170965706222,5669.165808829363,中继兜底,R-S04,True
T017,巡航,O01>S008,5669.165808829363,5671.160651952505,中继兜底,R-S04,True
T017,巡航,O01>S008,5671.160651952505,5673.155495075646,中继兜底,R-S04,True
T017,巡航,O01>S008,5673.155495075646,5675.150338198789,中继兜底,R-S04,True
T017,巡航,O01>S008,5675.150338198789,5677.14518132193,中继兜底,R-S04,True
T017,巡航,O01>S008,5677.14518132193,5679.1400244450715,中继兜底,R-S04,True
T017,巡航,O01>S008,5679.1400244450715,5681.134867568213,中继兜底,R-S04,True
T017,巡航,O01>S008,5681.134867568213,5683.129710691354,中继兜底,R-S04,True
T017,巡航,O01>S008,5683.129710691354,5685.124553814496,中继兜底,R-S04,True
T017,巡航,O01>S008,5685.124553814496,5687.119396937638,中继兜底,R-S04,True
T017,巡航,O01>S008,5687.119396937638,5689.11424006078,中继兜底,R-S04,True
T017,巡航,O01>S008,5689.11424006078,5691.109083183921,中继兜底,R-S04,True
T017,巡航,O01>S008,5691.109083183921,5693.1039263070625,中继兜底,R-S04,True
T017,巡航,O01>S008,5693.1039263070625,5695.098769430204,中继兜底,R-S04,True
T017,巡航,O01>S008,5695.098769430204,5697.093612553346,中继兜底,R-S04,True
T017,巡航,O01>S008,5697.093612553346,5699.088455676488,中继兜底,R-S04,True
T017,巡航,O01>S008,5699.088455676488,5701.083298799629,中继兜底,R-S04,True
T017,巡航,O01>S008,5701.083298799629,5703.078141922771,中继兜底,R-S04,True
T017,巡航,O01>S008,5703.078141922771,5705.072985045912,中继兜底,R-S04,True
T017,巡航,O01>S008,5705.072985045912,5707.067828169054,中继兜底,R-S04,True
T017,巡航,O01>S008,5707.067828169054,5709.062671292196,中继兜底,R-S04,True
T017,巡航,O01>S008,5709.062671292196,5711.057514415337,中继兜底,R-S04,True
T017,巡航,O01>S008,5711.057514415337,5713.052357538479,中继兜底,R-S04,True
T017,巡航,O01>S008,5713.052357538479,5715.04720066162,中继兜底,R-S04,True
T017,巡航,O01>S008,5715.04720066162,5717.042043784762,中继兜底,R-S04,True
T017,巡航,O01>S008,5717.042043784762,5719.036886907904,中继兜底,R-S04,True
T017,巡航,O01>S008,5719.036886907904,5721.031730031045,中继兜底,R-S04,True
T017,巡航,O01>S008,5721.031730031045,5723.026573154187,中继兜底,R-S04,True
T017,巡航,O01>S008,5723.026573154187,5725.021416277328,中继兜底,R-S04,True
T017,巡航,O01>S008,5725.021416277328,5727.0162594004705,中继兜底,R-S04,True
T017,巡航,O01>S008,5727.0162594004705,5729.011102523612,中继兜底,R-S04,True
T017,巡航,O01>S008,5729.011102523612,5731.005945646753,中继兜底,R-S04,True
T017,巡航,O01>S008,5731.005945646753,5733.000788769895,中继兜底,R-S04,True
T017,巡航,O01>S008,5733.000788769895,5734.995631893036,中继兜底,R-S04,True
T017,巡航,O01>S008,5734.995631893036,5736.990475016179,中继兜底,R-S04,True
T017,巡航,O01>S008,5736.990475016179,5738.98531813932,中继兜底,R-S04,True
T017,巡航,O01>S008,5738.98531813932,5740.9801612624615,中继兜底,R-S04,True
T017,巡航,O01>S008,5740.9801612624615,5742.975004385603,中继兜底,R-S04,True
T017,巡航,O01>S008,5742.975004385603,5744.969847508744,中继兜底,R-S04,True
T017,巡航,O01>S008,5744.969847508744,5746.964690631887,中继兜底,R-S04,True
T017,巡航,O01>S008,5746.964690631887,5748.959533755028,中继兜底,R-S04,True
T017,巡航,O01>S008,5748.959533755028,5750.95437687817,中继兜底,R-S04,True
T017,巡航,O01>S008,5750.95437687817,5752.949220001311,中继兜底,R-S04,True
T017,巡航,O01>S008,5752.949220001311,5754.944063124452,中继兜底,R-S04,True
T017,巡航,O01>S008,5754.944063124452,5756.938906247595,中继兜底,R-S04,True
T017,巡航,O01>S008,5756.938906247595,5758.933749370736,中继兜底,R-S04,True
T017,巡航,O01>S008,5758.933749370736,5760.928592493878,中继兜底,R-S04,True
T017,巡航,O01>S008,5760.928592493878,5762.923435617019,中继兜底,R-S04,True
T017,巡航,O01>S008,5762.923435617019,5764.9182787401605,中继兜底,R-S04,True
T017,巡航,O01>S008,5764.9182787401605,5766.913121863303,中继兜底,R-S04,True
T017,巡航,O01>S008,5766.913121863303,5768.907964986444,中继兜底,R-S04,True
T017,巡航,O01>S008,5768.907964986444,5770.902808109586,中继兜底,R-S04,True
T017,巡航,O01>S008,5770.902808109586,5772.897651232727,中继兜底,R-S04,True
T017,巡航,O01>S008,5772.897651232727,5774.892494355869,中继兜底,R-S04,True
T017,巡航,O01>S008,5774.892494355869,5776.887337479011,中继兜底,R-S04,True
T017,巡航,O01>S008,5776.887337479011,5778.882180602152,中继兜底,R-S04,True
T017,巡航,O01>S008,5778.882180602152,5780.877023725294,中继兜底,R-S04,True
T017,巡航,O01>S008,5780.877023725294,5782.871866848435,中继兜底,R-S04,True
T017,巡航,O01>S008,5782.871866848435,5784.866709971577,中继兜底,R-S04,True
T017,巡航,O01>S008,5784.866709971577,5786.861553094719,中继兜底,R-S04,True
T017,巡航,O01>S008,5786.861553094719,5788.8563962178605,中继兜底,R-S04,True
T017,巡航,O01>S008,5788.8563962178605,5790.851239341002,中继兜底,R-S04,True
T017,巡航,O01>S008,5790.851239341002,5792.846082464143,中继兜底,R-S04,True
T017,巡航,O01>S008,5792.846082464143,5794.840925587285,中继兜底,R-S04,True
T017,巡航,O01>S008,5794.840925587285,5796.835768710427,中继兜底,R-S04,True
T017,巡航,O01>S008,5796.835768710427,5798.830611833569,中继兜底,R-S04,True
T017,巡航,O01>S008,5798.830611833569,5800.82545495671,中继兜底,R-S04,True
T017,巡航,O01>S008,5800.82545495671,5802.820298079851,中继兜底,R-S04,True
T017,巡航,O01>S008,5802.820298079851,5804.815141202993,中继兜底,R-S04,True
T017,巡航,O01>S008,5804.815141202993,5806.809984326135,中继兜底,R-S04,True
T017,巡航,O01>S008,5806.809984326135,5808.804827449277,中继兜底,R-S04,True
T017,巡航,O01>S008,5808.804827449277,5810.799670572418,中继兜底,R-S04,True
T017,巡航,O01>S008,5810.799670572418,5812.7945136955595,中继兜底,R-S04,True
T017,巡航,O01>S008,5812.7945136955595,5814.789356818701,中继兜底,R-S04,True
T017,巡航,O01>S008,5814.789356818701,5816.784199941843,中继兜底,R-S04,True
T017,巡航,O01>S008,5816.784199941843,5818.779043064985,中继兜底,R-S04,True
T017,巡航,O01>S008,5818.779043064985,5820.773886188126,中继兜底,R-S04,True
T017,巡航,O01>S008,5820.773886188126,5822.768729311268,中继兜底,R-S04,True
T017,巡航,O01>S008,5822.768729311268,5824.763572434409,中继兜底,R-S04,True
T017,巡航,O01>S008,5824.763572434409,5826.758415557551,中继兜底,R-S04,True
T017,巡航,O01>S008,5826.758415557551,5828.753258680693,中继兜底,R-S04,True
T017,巡航,O01>S008,5828.753258680693,5830.748101803834,中继兜底,R-S04,True
T017,巡航,O01>S008,5830.748101803834,5832.742944926976,中继兜底,R-S04,True
T017,巡航,O01>S008,5832.742944926976,5834.737788050117,中继兜底,R-S04,True
T017,巡航,O01>S008,5834.737788050117,5836.732631173259,中继兜底,R-S04,True
T017,巡航,O01>S008,5836.732631173259,5838.727474296401,中继兜底,R-S04,True
T017,巡航,O01>S008,5838.727474296401,5840.722317419542,中继兜底,R-S04,True
T017,巡航,O01>S008,5840.722317419542,5842.717160542684,中继兜底,R-S04,True
T017,巡航,O01>S008,5842.717160542684,5844.712003665825,中继兜底,R-S04,True
T017,巡航,O01>S008,5844.712003665825,5846.706846788967,中继兜底,R-S04,True
T017,巡航,O01>S008,5846.706846788967,5848.701689912109,中继兜底,R-S04,True
T017,巡航,O01>S008,5848.701689912109,5850.6965330352505,中继兜底,R-S04,True
T017,巡航,O01>S008,5850.6965330352505,5852.691376158392,中继兜底,R-S04,True
T017,下降,O01>S008,5852.691376158392,5865.442542692816,中继兜底,R-S04,True
T017,下降,O01>S008,5865.442542692816,5878.19370922724,中继兜底,R-S04,True
T017,下降,O01>S008,5878.19370922724,5890.944875761664,中继兜底,R-S04,True
T017,下降,O01>S008,5890.944875761664,5903.696042296087,中继兜底,R-S04,True
T017,投送,S008,5903.696042296087,6263.696042296087,中继兜底,R-S04,True
T017,爬升,S008>O01,6263.696042296087,6273.896975523627,中继兜底,R-S04,True
T017,爬升,S008>O01,6273.896975523627,6284.097908751166,中继兜底,R-S04,True
T017,爬升,S008>O01,6284.097908751166,6294.298841978704,中继兜底,R-S04,True
T017,爬升,S008>O01,6294.298841978704,6304.499775206244,中继兜底,R-S04,True
T017,巡航,S008>O01,6304.499775206244,6306.494618329385,中继兜底,R-S04,True
T017,巡航,S008>O01,6306.494618329385,6308.4894614525265,中继兜底,R-S04,True
T017,巡航,S008>O01,6308.4894614525265,6310.484304575669,中继兜底,R-S04,True
T017,巡航,S008>O01,6310.484304575669,6312.47914769881,中继兜底,R-S04,True
T017,巡航,S008>O01,6312.47914769881,6314.473990821952,中继兜底,R-S04,True
T017,巡航,S008>O01,6314.473990821952,6316.468833945093,中继兜底,R-S04,True
T017,巡航,S008>O01,6316.468833945093,6318.463677068235,中继兜底,R-S04,True
T017,巡航,S008>O01,6318.463677068235,6320.458520191377,中继兜底,R-S04,True
T017,巡航,S008>O01,6320.458520191377,6322.453363314518,中继兜底,R-S04,True
T017,巡航,S008>O01,6322.453363314518,6324.44820643766,中继兜底,R-S04,True
T017,巡航,S008>O01,6324.44820643766,6326.443049560801,中继兜底,R-S04,True
T017,巡航,S008>O01,6326.443049560801,6328.437892683943,中继兜底,R-S04,True
T017,巡航,S008>O01,6328.437892683943,6330.432735807085,中继兜底,R-S04,True
T017,巡航,S008>O01,6330.432735807085,6332.427578930226,中继兜底,R-S04,True
T017,巡航,S008>O01,6332.427578930226,6334.422422053368,中继兜底,R-S04,True
T017,巡航,S008>O01,6334.422422053368,6336.417265176509,中继兜底,R-S04,True
T017,巡航,S008>O01,6336.417265176509,6338.412108299651,中继兜底,R-S04,True
T017,巡航,S008>O01,6338.412108299651,6340.406951422793,中继兜底,R-S04,True
T017,巡航,S008>O01,6340.406951422793,6342.4017945459345,中继兜底,R-S04,True
T017,巡航,S008>O01,6342.4017945459345,6344.396637669076,中继兜底,R-S04,True
T017,巡航,S008>O01,6344.396637669076,6346.391480792217,中继兜底,R-S04,True
T017,巡航,S008>O01,6346.391480792217,6348.386323915359,中继兜底,R-S04,True
T017,巡航,S008>O01,6348.386323915359,6350.381167038501,中继兜底,R-S04,True
T017,巡航,S008>O01,6350.381167038501,6352.376010161643,中继兜底,R-S04,True
T017,巡航,S008>O01,6352.376010161643,6354.370853284784,中继兜底,R-S04,True
T017,巡航,S008>O01,6354.370853284784,6356.3656964079255,中继兜底,R-S04,True
T017,巡航,S008>O01,6356.3656964079255,6358.360539531067,中继兜底,R-S04,True
T017,巡航,S008>O01,6358.360539531067,6360.355382654208,中继兜底,R-S04,True
T017,巡航,S008>O01,6360.355382654208,6362.350225777351,中继兜底,R-S04,True
T017,巡航,S008>O01,6362.350225777351,6364.345068900492,中继兜底,R-S04,True
T017,巡航,S008>O01,6364.345068900492,6366.339912023634,中继兜底,R-S04,True
T017,巡航,S008>O01,6366.339912023634,6368.334755146775,中继兜底,R-S04,True
T017,巡航,S008>O01,6368.334755146775,6370.3295982699165,中继兜底,R-S04,True
T017,巡航,S008>O01,6370.3295982699165,6372.324441393059,中继兜底,R-S04,True
T017,巡航,S008>O01,6372.324441393059,6374.3192845162,中继兜底,R-S04,True
T017,巡航,S008>O01,6374.3192845162,6376.314127639342,中继兜底,R-S04,True
T017,巡航,S008>O01,6376.314127639342,6378.308970762483,中继兜底,R-S04,True
T017,巡航,S008>O01,6378.308970762483,6380.303813885625,中继兜底,R-S04,True
T017,巡航,S008>O01,6380.303813885625,6382.298657008767,中继兜底,R-S04,True
T017,巡航,S008>O01,6382.298657008767,6384.293500131908,中继兜底,R-S04,True
T017,巡航,S008>O01,6384.293500131908,6386.28834325505,中继兜底,R-S04,True
T017,巡航,S008>O01,6386.28834325505,6388.283186378191,中继兜底,R-S04,True
T017,巡航,S008>O01,6388.283186378191,6390.278029501333,中继兜底,R-S04,True
T017,巡航,S008>O01,6390.278029501333,6392.272872624475,中继兜底,R-S04,True
T017,巡航,S008>O01,6392.272872624475,6394.267715747616,中继兜底,R-S04,True
T017,巡航,S008>O01,6394.267715747616,6396.262558870758,中继兜底,R-S04,True
T017,巡航,S008>O01,6396.262558870758,6398.257401993899,中继兜底,R-S04,True
T017,巡航,S008>O01,6398.257401993899,6400.252245117041,中继兜底,R-S04,True
T017,巡航,S008>O01,6400.252245117041,6402.247088240183,中继兜底,R-S04,True
T017,巡航,S008>O01,6402.247088240183,6404.2419313633245,中继兜底,R-S04,True
T017,巡航,S008>O01,6404.2419313633245,6406.236774486466,中继兜底,R-S04,True
T017,巡航,S008>O01,6406.236774486466,6408.231617609607,中继兜底,R-S04,True
T017,巡航,S008>O01,6408.231617609607,6410.226460732749,中继兜底,R-S04,True
T017,巡航,S008>O01,6410.226460732749,6412.221303855891,中继兜底,R-S04,True
T017,巡航,S008>O01,6412.221303855891,6414.216146979033,中继兜底,R-S04,True
T017,巡航,S008>O01,6414.216146979033,6416.210990102174,中继兜底,R-S04,True
T017,巡航,S008>O01,6416.210990102174,6418.2058332253155,中继兜底,R-S04,True
T017,巡航,S008>O01,6418.2058332253155,6420.200676348457,中继兜底,R-S04,True
T017,巡航,S008>O01,6420.200676348457,6422.195519471599,中继兜底,R-S04,True
T017,巡航,S008>O01,6422.195519471599,6424.190362594741,中继兜底,R-S04,True
T017,巡航,S008>O01,6424.190362594741,6426.185205717882,中继兜底,R-S04,True
T017,巡航,S008>O01,6426.185205717882,6428.180048841024,中继兜底,R-S04,True
T017,巡航,S008>O01,6428.180048841024,6430.174891964165,中继兜底,R-S04,True
T017,巡航,S008>O01,6430.174891964165,6432.169735087307,中继兜底,R-S04,True
T017,巡航,S008>O01,6432.169735087307,6434.164578210449,中继兜底,R-S04,True
T017,巡航,S008>O01,6434.164578210449,6436.15942133359,中继兜底,R-S04,True
T017,巡航,S008>O01,6436.15942133359,6438.154264456732,中继兜底,R-S04,True
T017,巡航,S008>O01,6438.154264456732,6440.149107579873,中继兜底,R-S04,True
T017,巡航,S008>O01,6440.149107579873,6442.143950703015,中继兜底,R-S04,True
T017,巡航,S008>O01,6442.143950703015,6444.138793826157,中继兜底,R-S04,True
T017,巡航,S008>O01,6444.138793826157,6446.133636949298,中继兜底,R-S04,True
T017,巡航,S008>O01,6446.133636949298,6448.12848007244,中继兜底,R-S04,True
T017,巡航,S008>O01,6448.12848007244,6450.123323195581,中继兜底,R-S04,True
T017,巡航,S008>O01,6450.123323195581,6452.1181663187235,中继兜底,R-S04,True
T017,巡航,S008>O01,6452.1181663187235,6454.113009441865,中继兜底,R-S04,True
T017,巡航,S008>O01,6454.113009441865,6456.107852565006,中继兜底,R-S04,True
T017,巡航,S008>O01,6456.107852565006,6458.102695688148,中继兜底,R-S04,True
T017,巡航,S008>O01,6458.102695688148,6460.097538811289,中继兜底,R-S04,True
T017,巡航,S008>O01,6460.097538811289,6462.092381934432,中继兜底,R-S04,True
T017,巡航,S008>O01,6462.092381934432,6464.087225057573,中继兜底,R-S04,True
T017,巡航,S008>O01,6464.087225057573,6466.0820681807145,中继兜底,R-S04,True
T017,巡航,S008>O01,6466.0820681807145,6468.076911303856,中继兜底,R-S04,True
T017,巡航,S008>O01,6468.076911303856,6470.071754426997,中继兜底,R-S04,True
T017,巡航,S008>O01,6470.071754426997,6472.06659755014,中继兜底,R-S04,True
T017,巡航,S008>O01,6472.06659755014,6474.061440673281,中继兜底,R-S04,True
T017,巡航,S008>O01,6474.061440673281,6476.056283796423,中继兜底,R-S04,True
T017,巡航,S008>O01,6476.056283796423,6478.051126919564,中继兜底,R-S04,True
T017,巡航,S008>O01,6478.051126919564,6480.045970042705,中继兜底,R-S04,True
T017,巡航,S008>O01,6480.045970042705,6482.040813165847,中继兜底,R-S04,True
T017,巡航,S008>O01,6482.040813165847,6484.035656288989,中继兜底,R-S04,True
T017,巡航,S008>O01,6484.035656288989,6486.030499412131,中继兜底,R-S04,True
T017,巡航,S008>O01,6486.030499412131,6488.025342535272,中继兜底,R-S04,True
T017,巡航,S008>O01,6488.025342535272,6490.0201856584135,中继兜底,R-S04,True
T017,巡航,S008>O01,6490.0201856584135,6492.015028781555,中继兜底,R-S04,True
T017,巡航,S008>O01,6492.015028781555,6494.009871904697,中继兜底,R-S04,True
T017,巡航,S008>O01,6494.009871904697,6496.004715027839,中继兜底,R-S04,True
T017,巡航,S008>O01,6496.004715027839,6497.99955815098,中继兜底,R-S04,True
T017,巡航,S008>O01,6497.99955815098,6499.994401274122,中继兜底,R-S04,True
T017,巡航,S008>O01,6499.994401274122,6501.989244397263,中继兜底,R-S04,True
T017,巡航,S008>O01,6501.989244397263,6503.984087520405,中继兜底,R-S04,True
T017,巡航,S008>O01,6503.984087520405,6505.978930643547,中继兜底,R-S04,True
T017,巡航,S008>O01,6505.978930643547,6507.973773766688,中继兜底,R-S04,True
T017,巡航,S008>O01,6507.973773766688,6509.96861688983,中继兜底,R-S04,True
T017,巡航,S008>O01,6509.96861688983,6511.963460012971,中继兜底,R-S04,True
T017,巡航,S008>O01,6511.963460012971,6513.9583031361135,中继兜底,R-S04,True
T017,巡航,S008>O01,6513.9583031361135,6515.953146259255,中继兜底,R-S04,True
T017,巡航,S008>O01,6515.953146259255,6517.947989382396,中继兜底,R-S04,True
T017,巡航,S008>O01,6517.947989382396,6519.942832505538,中继兜底,R-S04,True
T017,巡航,S008>O01,6519.942832505538,6521.937675628679,中继兜底,R-S04,True
T017,巡航,S008>O01,6521.937675628679,6523.932518751822,中继兜底,R-S04,True
T017,巡航,S008>O01,6523.932518751822,6525.927361874963,中继兜底,R-S04,True
T017,巡航,S008>O01,6525.927361874963,6527.9222049981045,中继兜底,R-S04,True
T017,巡航,S008>O01,6527.9222049981045,6529.917048121246,中继兜底,R-S04,True
T017,巡航,S008>O01,6529.917048121246,6531.911891244387,中继兜底,R-S04,True
T017,巡航,S008>O01,6531.911891244387,6533.90673436753,中继兜底,R-S04,True
T017,巡航,S008>O01,6533.90673436753,6535.901577490671,中继兜底,R-S04,True
T017,巡航,S008>O01,6535.901577490671,6537.896420613813,中继兜底,R-S04,True
T017,巡航,S008>O01,6537.896420613813,6539.891263736954,中继兜底,R-S04,True
T017,巡航,S008>O01,6539.891263736954,6541.886106860095,中继兜底,R-S04,True
T017,巡航,S008>O01,6541.886106860095,6543.880949983238,中继兜底,R-S04,True
T017,巡航,S008>O01,6543.880949983238,6545.875793106379,中继兜底,R-S04,True
T017,巡航,S008>O01,6545.875793106379,6547.870636229521,中继兜底,R-S04,True
T017,巡航,S008>O01,6547.870636229521,6549.865479352662,中继兜底,R-S04,True
T017,巡航,S008>O01,6549.865479352662,6551.8603224758035,中继兜底,R-S04,True
T017,巡航,S008>O01,6551.8603224758035,6553.855165598946,中继兜底,R-S04,True
T017,巡航,S008>O01,6553.855165598946,6555.850008722087,中继兜底,R-S04,True
T017,巡航,S008>O01,6555.850008722087,6557.844851845229,直连,,True
T017,巡航,S008>O01,6557.844851845229,6559.83969496837,直连,,True
T017,巡航,S008>O01,6559.83969496837,6561.834538091512,直连,,True
T017,巡航,S008>O01,6561.834538091512,6563.829381214653,直连,,True
T017,巡航,S008>O01,6563.829381214653,6565.824224337795,直连,,True
T017,巡航,S008>O01,6565.824224337795,6567.819067460937,直连,,True
T017,巡航,S008>O01,6567.819067460937,6569.813910584078,直连,,True
T017,巡航,S008>O01,6569.813910584078,6571.80875370722,直连,,True
T017,巡航,S008>O01,6571.80875370722,6573.803596830361,直连,,True
T017,巡航,S008>O01,6573.803596830361,6575.7984399535035,直连,,True
T017,巡航,S008>O01,6575.7984399535035,6577.793283076645,直连,,True
T017,巡航,S008>O01,6577.793283076645,6579.788126199786,直连,,True
T017,巡航,S008>O01,6579.788126199786,6581.782969322928,直连,,True
T017,巡航,S008>O01,6581.782969322928,6583.777812446069,直连,,True
T017,巡航,S008>O01,6583.777812446069,6585.772655569212,直连,,True
T017,巡航,S008>O01,6585.772655569212,6587.767498692353,直连,,True
T017,巡航,S008>O01,6587.767498692353,6589.762341815494,直连,,True
T017,巡航,S008>O01,6589.762341815494,6591.757184938636,直连,,True
T017,巡航,S008>O01,6591.757184938636,6593.752028061777,直连,,True
T017,巡航,S008>O01,6593.752028061777,6595.74687118492,直连,,True
T017,巡航,S008>O01,6595.74687118492,6597.741714308061,直连,,True
T017,巡航,S008>O01,6597.741714308061,6599.7365574312025,直连,,True
T017,巡航,S008>O01,6599.7365574312025,6601.731400554344,直连,,True
T017,巡航,S008>O01,6601.731400554344,6603.726243677485,直连,,True
T017,巡航,S008>O01,6603.726243677485,6605.721086800628,直连,,True
T017,巡航,S008>O01,6605.721086800628,6607.715929923769,直连,,True
T017,巡航,S008>O01,6607.715929923769,6609.710773046911,直连,,True
T017,巡航,S008>O01,6609.710773046911,6611.705616170052,直连,,True
T017,巡航,S008>O01,6611.705616170052,6613.7004592931935,直连,,True
T017,巡航,S008>O01,6613.7004592931935,6615.695302416336,直连,,True
T017,巡航,S008>O01,6615.695302416336,6617.690145539477,直连,,True
T017,巡航,S008>O01,6617.690145539477,6619.684988662619,直连,,True
T017,巡航,S008>O01,6619.684988662619,6621.67983178576,直连,,True
T017,巡航,S008>O01,6621.67983178576,6623.674674908902,直连,,True
T017,巡航,S008>O01,6623.674674908902,6625.669518032044,直连,,True
T017,巡航,S008>O01,6625.669518032044,6627.664361155185,直连,,True
T017,巡航,S008>O01,6627.664361155185,6629.659204278327,直连,,True
T017,巡航,S008>O01,6629.659204278327,6631.654047401468,直连,,True
T017,巡航,S008>O01,6631.654047401468,6633.64889052461,直连,,True
T017,巡航,S008>O01,6633.64889052461,6635.643733647752,直连,,True
T017,巡航,S008>O01,6635.643733647752,6637.638576770893,直连,,True
T017,巡航,S008>O01,6637.638576770893,6639.633419894035,直连,,True
T017,巡航,S008>O01,6639.633419894035,6641.628263017176,直连,,True
T017,巡航,S008>O01,6641.628263017176,6643.623106140318,直连,,True
T017,巡航,S008>O01,6643.623106140318,6645.61794926346,直连,,True
T017,巡航,S008>O01,6645.61794926346,6647.6127923866015,直连,,True
T017,巡航,S008>O01,6647.6127923866015,6649.607635509743,直连,,True
T017,巡航,S008>O01,6649.607635509743,6651.602478632884,直连,,True
T017,巡航,S008>O01,6651.602478632884,6653.597321756026,直连,,True
T017,巡航,S008>O01,6653.597321756026,6655.592164879168,直连,,True
T017,巡航,S008>O01,6655.592164879168,6657.58700800231,直连,,True
T017,巡航,S008>O01,6657.58700800231,6659.581851125451,直连,,True
T017,巡航,S008>O01,6659.581851125451,6661.5766942485925,直连,,True
T017,巡航,S008>O01,6661.5766942485925,6663.571537371734,直连,,True
T017,巡航,S008>O01,6663.571537371734,6665.566380494876,直连,,True
T017,巡航,S008>O01,6665.566380494876,6667.561223618018,直连,,True
T017,巡航,S008>O01,6667.561223618018,6669.556066741159,直连,,True
T017,巡航,S008>O01,6669.556066741159,6671.550909864301,直连,,True
T017,巡航,S008>O01,6671.550909864301,6673.545752987442,直连,,True
T017,巡航,S008>O01,6673.545752987442,6675.540596110584,直连,,True
T017,巡航,S008>O01,6675.540596110584,6677.535439233726,直连,,True
T017,巡航,S008>O01,6677.535439233726,6679.530282356867,直连,,True
T017,巡航,S008>O01,6679.530282356867,6681.525125480009,直连,,True
T017,巡航,S008>O01,6681.525125480009,6683.51996860315,直连,,True
T017,巡航,S008>O01,6683.51996860315,6685.5148117262925,直连,,True
T017,巡航,S008>O01,6685.5148117262925,6687.509654849434,直连,,True
T017,巡航,S008>O01,6687.509654849434,6689.504497972575,直连,,True
T017,巡航,S008>O01,6689.504497972575,6691.499341095717,直连,,True
T017,巡航,S008>O01,6691.499341095717,6693.494184218858,直连,,True
T017,巡航,S008>O01,6693.494184218858,6695.489027342001,直连,,True
T017,巡航,S008>O01,6695.489027342001,6697.483870465142,直连,,True
T017,巡航,S008>O01,6697.483870465142,6699.478713588283,直连,,True
T017,巡航,S008>O01,6699.478713588283,6701.473556711425,直连,,True
T017,巡航,S008>O01,6701.473556711425,6703.468399834566,直连,,True
T017,巡航,S008>O01,6703.468399834566,6705.463242957708,直连,,True
T017,巡航,S008>O01,6705.463242957708,6707.45808608085,直连,,True
T017,巡航,S008>O01,6707.45808608085,6709.4529292039915,直连,,True
T017,巡航,S008>O01,6709.4529292039915,6711.447772327133,直连,,True
T017,巡航,S008>O01,6711.447772327133,6713.442615450274,直连,,True
T017,巡航,S008>O01,6713.442615450274,6715.437458573416,直连,,True
T017,巡航,S008>O01,6715.437458573416,6717.432301696558,直连,,True
T017,巡航,S008>O01,6717.432301696558,6719.4271448197,直连,,True
T017,巡航,S008>O01,6719.4271448197,6721.421987942841,直连,,True
T017,巡航,S008>O01,6721.421987942841,6723.4168310659825,直连,,True
T017,巡航,S008>O01,6723.4168310659825,6725.411674189124,直连,,True
T017,巡航,S008>O01,6725.411674189124,6727.406517312266,直连,,True
T017,巡航,S008>O01,6727.406517312266,6729.401360435408,直连,,True
T017,巡航,S008>O01,6729.401360435408,6731.396203558549,直连,,True
T017,巡航,S008>O01,6731.396203558549,6733.391046681691,直连,,True
T017,巡航,S008>O01,6733.391046681691,6735.385889804832,直连,,True
T017,巡航,S008>O01,6735.385889804832,6737.380732927974,直连,,True
T017,巡航,S008>O01,6737.380732927974,6739.375576051116,直连,,True
T017,巡航,S008>O01,6739.375576051116,6741.370419174257,直连,,True
T017,巡航,S008>O01,6741.370419174257,6743.365262297399,直连,,True
T017,巡航,S008>O01,6743.365262297399,6745.36010542054,直连,,True
T017,巡航,S008>O01,6745.36010542054,6747.354948543682,直连,,True
T017,巡航,S008>O01,6747.354948543682,6749.349791666824,直连,,True
T017,巡航,S008>O01,6749.349791666824,6751.344634789965,直连,,True
T017,巡航,S008>O01,6751.344634789965,6753.339477913107,直连,,True
T017,巡航,S008>O01,6753.339477913107,6755.334321036248,直连,,True
T017,巡航,S008>O01,6755.334321036248,6757.3291641593905,直连,,True
T017,巡航,S008>O01,6757.3291641593905,6759.324007282532,直连,,True
T017,巡航,S008>O01,6759.324007282532,6761.318850405673,直连,,True
T017,巡航,S008>O01,6761.318850405673,6763.313693528815,直连,,True
T017,巡航,S008>O01,6763.313693528815,6765.308536651956,直连,,True
T017,巡航,S008>O01,6765.308536651956,6767.303379775099,直连,,True
T017,巡航,S008>O01,6767.303379775099,6769.29822289824,直连,,True
T017,巡航,S008>O01,6769.29822289824,6771.2930660213815,直连,,True
T017,巡航,S008>O01,6771.2930660213815,6773.287909144523,直连,,True
T017,巡航,S008>O01,6773.287909144523,6775.282752267664,直连,,True
T017,巡航,S008>O01,6775.282752267664,6777.277595390806,直连,,True
T017,巡航,S008>O01,6777.277595390806,6779.272438513948,直连,,True
T017,巡航,S008>O01,6779.272438513948,6781.26728163709,直连,,True
T017,巡航,S008>O01,6781.26728163709,6783.262124760231,直连,,True
T017,巡航,S008>O01,6783.262124760231,6785.256967883372,直连,,True
T017,巡航,S008>O01,6785.256967883372,6787.251811006514,直连,,True
T017,巡航,S008>O01,6787.251811006514,6789.246654129656,直连,,True
T017,巡航,S008>O01,6789.246654129656,6791.241497252798,直连,,True
T017,巡航,S008>O01,6791.241497252798,6793.236340375939,直连,,True
T017,巡航,S008>O01,6793.236340375939,6795.2311834990805,直连,,True
T017,巡航,S008>O01,6795.2311834990805,6797.226026622222,直连,,True
T017,巡航,S008>O01,6797.226026622222,6799.220869745364,直连,,True
T017,巡航,S008>O01,6799.220869745364,6801.215712868506,直连,,True
T017,巡航,S008>O01,6801.215712868506,6803.210555991647,直连,,True
T017,巡航,S008>O01,6803.210555991647,6805.205399114789,直连,,True
T017,巡航,S008>O01,6805.205399114789,6807.20024223793,直连,,True
T017,巡航,S008>O01,6807.20024223793,6809.195085361072,直连,,True
T017,巡航,S008>O01,6809.195085361072,6811.189928484214,直连,,True
T017,巡航,S008>O01,6811.189928484214,6813.184771607355,直连,,True
T017,巡航,S008>O01,6813.184771607355,6815.179614730497,直连,,True
T017,巡航,S008>O01,6815.179614730497,6817.174457853638,直连,,True
T017,巡航,S008>O01,6817.174457853638,6819.1693009767805,直连,,True
T017,巡航,S008>O01,6819.1693009767805,6821.164144099922,直连,,True
T017,巡航,S008>O01,6821.164144099922,6823.158987223063,直连,,True
T017,巡航,S008>O01,6823.158987223063,6825.153830346205,直连,,True
T017,巡航,S008>O01,6825.153830346205,6827.148673469346,直连,,True
T017,巡航,S008>O01,6827.148673469346,6829.143516592489,直连,,True
T017,巡航,S008>O01,6829.143516592489,6831.13835971563,直连,,True
T017,巡航,S008>O01,6831.13835971563,6833.1332028387715,直连,,True
T017,巡航,S008>O01,6833.1332028387715,6835.128045961913,直连,,True
T017,巡航,S008>O01,6835.128045961913,6837.122889085054,直连,,True
T017,巡航,S008>O01,6837.122889085054,6839.117732208197,直连,,True
T017,巡航,S008>O01,6839.117732208197,6841.112575331338,直连,,True
T017,巡航,S008>O01,6841.112575331338,6843.10741845448,直连,,True
T017,下降,S008>O01,6843.10741845448,6856.730159136446,直连,,True
T017,下降,S008>O01,6856.730159136446,6870.352899818412,直连,,True
T017,下降,S008>O01,6870.352899818412,6883.975640500378,直连,,True
T017,下降,S008>O01,6883.975640500378,6897.598381182344,直连,,True
T017,下降,S008>O01,6897.598381182344,6911.22112186431,直连,,True
T017,下降,S008>O01,6911.22112186431,6924.843862546276,直连,,True
T017,下降,S008>O01,6924.843862546276,6938.466603228242,直连,,True
T017,下降,S008>O01,6938.466603228242,6952.089343910208,直连,,True
T017,下降,S008>O01,6952.089343910208,6965.7120845921745,直连,,True
T018,爬升,O01>S009,5684.0,5693.196050686306,直连,,True
T018,爬升,O01>S009,5693.196050686306,5702.392101372613,直连,,True
T018,爬升,O01>S009,5702.392101372613,5711.588152058919,直连,,True
T018,爬升,O01>S009,5711.588152058919,5720.784202745225,直连,,True
T018,爬升,O01>S009,5720.784202745225,5729.980253431532,直连,,True
T018,爬升,O01>S009,5729.980253431532,5739.176304117838,直连,,True
T018,巡航,O01>S009,5739.176304117838,5741.167630058351,直连,,True
T018,巡航,O01>S009,5741.167630058351,5743.158955998864,直连,,True
T018,巡航,O01>S009,5743.158955998864,5745.150281939377,直连,,True
T018,巡航,O01>S009,5745.150281939377,5747.14160787989,直连,,True
T018,巡航,O01>S009,5747.14160787989,5749.132933820402,直连,,True
T018,巡航,O01>S009,5749.132933820402,5751.124259760915,直连,,True
T018,巡航,O01>S009,5751.124259760915,5753.115585701428,直连,,True
T018,巡航,O01>S009,5753.115585701428,5755.106911641941,直连,,True
T018,巡航,O01>S009,5755.106911641941,5757.098237582454,直连,,True
T018,巡航,O01>S009,5757.098237582454,5759.089563522967,直连,,True
T018,巡航,O01>S009,5759.089563522967,5761.08088946348,直连,,True
T018,巡航,O01>S009,5761.08088946348,5763.072215403993,直连,,True
T018,巡航,O01>S009,5763.072215403993,5765.063541344505,直连,,True
T018,巡航,O01>S009,5765.063541344505,5767.054867285018,直连,,True
T018,巡航,O01>S009,5767.054867285018,5769.046193225531,直连,,True
T018,巡航,O01>S009,5769.046193225531,5771.037519166044,直连,,True
T018,巡航,O01>S009,5771.037519166044,5773.028845106557,直连,,True
T018,巡航,O01>S009,5773.028845106557,5775.02017104707,直连,,True
T018,巡航,O01>S009,5775.02017104707,5777.011496987583,直连,,True
T018,巡航,O01>S009,5777.011496987583,5779.002822928096,直连,,True
T018,巡航,O01>S009,5779.002822928096,5780.994148868608,直连,,True
T018,巡航,O01>S009,5780.994148868608,5782.985474809121,直连,,True
T018,巡航,O01>S009,5782.985474809121,5784.976800749634,直连,,True
T018,巡航,O01>S009,5784.976800749634,5786.968126690147,直连,,True
T018,巡航,O01>S009,5786.968126690147,5788.95945263066,直连,,True
T018,巡航,O01>S009,5788.95945263066,5790.950778571173,直连,,True
T018,巡航,O01>S009,5790.950778571173,5792.942104511686,直连,,True
T018,巡航,O01>S009,5792.942104511686,5794.933430452199,直连,,True
T018,巡航,O01>S009,5794.933430452199,5796.924756392712,直连,,True
T018,巡航,O01>S009,5796.924756392712,5798.916082333224,直连,,True
T018,巡航,O01>S009,5798.916082333224,5800.907408273737,直连,,True
T018,巡航,O01>S009,5800.907408273737,5802.89873421425,直连,,True
T018,巡航,O01>S009,5802.89873421425,5804.890060154763,直连,,True
T018,巡航,O01>S009,5804.890060154763,5806.881386095276,直连,,True
T018,巡航,O01>S009,5806.881386095276,5808.872712035789,直连,,True
T018,巡航,O01>S009,5808.872712035789,5810.864037976302,直连,,True
T018,巡航,O01>S009,5810.864037976302,5812.855363916815,直连,,True
T018,巡航,O01>S009,5812.855363916815,5814.846689857327,直连,,True
T018,巡航,O01>S009,5814.846689857327,5816.83801579784,直连,,True
T018,巡航,O01>S009,5816.83801579784,5818.829341738353,直连,,True
T018,巡航,O01>S009,5818.829341738353,5820.820667678866,直连,,True
T018,巡航,O01>S009,5820.820667678866,5822.811993619379,直连,,True
T018,巡航,O01>S009,5822.811993619379,5824.803319559892,直连,,True
T018,巡航,O01>S009,5824.803319559892,5826.794645500405,直连,,True
T018,巡航,O01>S009,5826.794645500405,5828.785971440918,直连,,True
T018,巡航,O01>S009,5828.785971440918,5830.77729738143,直连,,True
T018,巡航,O01>S009,5830.77729738143,5832.768623321943,直连,,True
T018,巡航,O01>S009,5832.768623321943,5834.759949262456,直连,,True
T018,巡航,O01>S009,5834.759949262456,5836.751275202969,直连,,True
T018,巡航,O01>S009,5836.751275202969,5838.742601143482,直连,,True
T018,巡航,O01>S009,5838.742601143482,5840.733927083995,直连,,True
T018,巡航,O01>S009,5840.733927083995,5842.725253024508,直连,,True
T018,巡航,O01>S009,5842.725253024508,5844.716578965021,直连,,True
T018,巡航,O01>S009,5844.716578965021,5846.707904905534,直连,,True
T018,巡航,O01>S009,5846.707904905534,5848.699230846046,直连,,True
T018,巡航,O01>S009,5848.699230846046,5850.690556786559,直连,,True
T018,巡航,O01>S009,5850.690556786559,5852.681882727072,直连,,True
T018,巡航,O01>S009,5852.681882727072,5854.673208667585,直连,,True
T018,巡航,O01>S009,5854.673208667585,5856.664534608098,直连,,True
T018,巡航,O01>S009,5856.664534608098,5858.655860548611,直连,,True
T018,巡航,O01>S009,5858.655860548611,5860.647186489124,直连,,True
T018,巡航,O01>S009,5860.647186489124,5862.638512429637,直连,,True
T018,巡航,O01>S009,5862.638512429637,5864.629838370149,直连,,True
T018,巡航,O01>S009,5864.629838370149,5866.621164310662,直连,,True
T018,巡航,O01>S009,5866.621164310662,5868.612490251175,直连,,True
T018,巡航,O01>S009,5868.612490251175,5870.603816191688,直连,,True
T018,巡航,O01>S009,5870.603816191688,5872.595142132201,直连,,True
T018,巡航,O01>S009,5872.595142132201,5874.586468072714,直连,,True
T018,巡航,O01>S009,5874.586468072714,5876.577794013227,直连,,True
T018,巡航,O01>S009,5876.577794013227,5878.56911995374,直连,,True
T018,巡航,O01>S009,5878.56911995374,5880.560445894252,直连,,True
T018,巡航,O01>S009,5880.560445894252,5882.551771834765,直连,,True
T018,巡航,O01>S009,5882.551771834765,5884.543097775278,直连,,True
T018,巡航,O01>S009,5884.543097775278,5886.534423715791,直连,,True
T018,巡航,O01>S009,5886.534423715791,5888.525749656304,直连,,True
T018,巡航,O01>S009,5888.525749656304,5890.5170755968165,直连,,True
T018,巡航,O01>S009,5890.5170755968165,5892.5084015373295,直连,,True
T018,巡航,O01>S009,5892.5084015373295,5894.4997274778425,直连,,True
T018,巡航,O01>S009,5894.4997274778425,5896.491053418355,直连,,True
T018,巡航,O01>S009,5896.491053418355,5898.482379358868,直连,,True
T018,巡航,O01>S009,5898.482379358868,5900.4737052993805,直连,,True
T018,巡航,O01>S009,5900.4737052993805,5902.4650312398935,直连,,True
T018,巡航,O01>S009,5902.4650312398935,5904.4563571804065,直连,,True
T018,巡航,O01>S009,5904.4563571804065,5906.4476831209195,直连,,True
T018,巡航,O01>S009,5906.4476831209195,5908.439009061432,直连,,True
T018,巡航,O01>S009,5908.439009061432,5910.430335001945,直连,,True
T018,巡航,O01>S009,5910.430335001945,5912.421660942458,直连,,True
T018,巡航,O01>S009,5912.421660942458,5914.4129868829705,直连,,True
T018,巡航,O01>S009,5914.4129868829705,5916.404312823483,直连,,True
T018,巡航,O01>S009,5916.404312823483,5918.395638763996,直连,,True
T018,巡航,O01>S009,5918.395638763996,5920.386964704509,直连,,True
T018,巡航,O01>S009,5920.386964704509,5922.378290645022,直连,,True
T018,巡航,O01>S009,5922.378290645022,5924.369616585535,直连,,True
T018,巡航,O01>S009,5924.369616585535,5926.360942526048,直连,,True
T018,巡航,O01>S009,5926.360942526048,5928.352268466561,直连,,True
T018,巡航,O01>S009,5928.352268466561,5930.343594407073,直连,,True
T018,巡航,O01>S009,5930.343594407073,5932.334920347586,直连,,True
T018,巡航,O01>S009,5932.334920347586,5934.326246288099,直连,,True
T018,巡航,O01>S009,5934.326246288099,5936.317572228612,直连,,True
T018,巡航,O01>S009,5936.317572228612,5938.308898169125,直连,,True
T018,巡航,O01>S009,5938.308898169125,5940.300224109638,直连,,True
T018,巡航,O01>S009,5940.300224109638,5942.291550050151,直连,,True
T018,巡航,O01>S009,5942.291550050151,5944.282875990664,直连,,True
T018,巡航,O01>S009,5944.282875990664,5946.274201931177,直连,,True
T018,巡航,O01>S009,5946.274201931177,5948.265527871689,直连,,True
T018,巡航,O01>S009,5948.265527871689,5950.256853812202,直连,,True
T018,巡航,O01>S009,5950.256853812202,5952.248179752715,直连,,True
T018,巡航,O01>S009,5952.248179752715,5954.239505693228,直连,,True
T018,巡航,O01>S009,5954.239505693228,5956.230831633741,直连,,True
T018,巡航,O01>S009,5956.230831633741,5958.222157574254,直连,,True
T018,巡航,O01>S009,5958.222157574254,5960.213483514767,直连,,True
T018,巡航,O01>S009,5960.213483514767,5962.204809455279,直连,,True
T018,巡航,O01>S009,5962.204809455279,5964.196135395792,直连,,True
T018,巡航,O01>S009,5964.196135395792,5966.187461336305,直连,,True
T018,巡航,O01>S009,5966.187461336305,5968.178787276818,直连,,True
T018,巡航,O01>S009,5968.178787276818,5970.170113217331,直连,,True
T018,巡航,O01>S009,5970.170113217331,5972.161439157844,直连,,True
T018,巡航,O01>S009,5972.161439157844,5974.152765098357,直连,,True
T018,巡航,O01>S009,5974.152765098357,5976.14409103887,直连,,True
T018,巡航,O01>S009,5976.14409103887,5978.135416979383,直连,,True
T018,巡航,O01>S009,5978.135416979383,5980.126742919895,直连,,True
T018,巡航,O01>S009,5980.126742919895,5982.118068860408,直连,,True
T018,巡航,O01>S009,5982.118068860408,5984.109394800921,直连,,True
T018,巡航,O01>S009,5984.109394800921,5986.100720741434,直连,,True
T018,巡航,O01>S009,5986.100720741434,5988.092046681947,直连,,True
T018,巡航,O01>S009,5988.092046681947,5990.08337262246,直连,,True
T018,巡航,O01>S009,5990.08337262246,5992.074698562973,直连,,True
T018,巡航,O01>S009,5992.074698562973,5994.066024503486,直连,,True
T018,巡航,O01>S009,5994.066024503486,5996.057350443998,直连,,True
T018,巡航,O01>S009,5996.057350443998,5998.048676384511,直连,,True
T018,巡航,O01>S009,5998.048676384511,6000.040002325024,直连,,True
T018,巡航,O01>S009,6000.040002325024,6002.031328265537,直连,,True
T018,巡航,O01>S009,6002.031328265537,6004.02265420605,中继兜底,R-S04,True
T018,巡航,O01>S009,6004.02265420605,6006.013980146563,中继兜底,R-S04,True
T018,巡航,O01>S009,6006.013980146563,6008.005306087076,中继兜底,R-S04,True
T018,巡航,O01>S009,6008.005306087076,6009.996632027589,中继兜底,R-S04,True
T018,巡航,O01>S009,6009.996632027589,6011.987957968102,中继兜底,R-S04,True
T018,巡航,O01>S009,6011.987957968102,6013.979283908614,中继兜底,R-S04,True
T018,巡航,O01>S009,6013.979283908614,6015.970609849127,中继兜底,R-S04,True
T018,巡航,O01>S009,6015.970609849127,6017.96193578964,中继兜底,R-S04,True
T018,巡航,O01>S009,6017.96193578964,6019.953261730153,中继兜底,R-S04,True
T018,巡航,O01>S009,6019.953261730153,6021.944587670666,中继兜底,R-S04,True
T018,巡航,O01>S009,6021.944587670666,6023.935913611179,中继兜底,R-S04,True
T018,巡航,O01>S009,6023.935913611179,6025.927239551692,中继兜底,R-S04,True
T018,巡航,O01>S009,6025.927239551692,6027.918565492204,中继兜底,R-S04,True
T018,巡航,O01>S009,6027.918565492204,6029.909891432717,中继兜底,R-S04,True
T018,巡航,O01>S009,6029.909891432717,6031.90121737323,中继兜底,R-S04,True
T018,巡航,O01>S009,6031.90121737323,6033.892543313743,中继兜底,R-S04,True
T018,巡航,O01>S009,6033.892543313743,6035.883869254256,中继兜底,R-S04,True
T018,巡航,O01>S009,6035.883869254256,6037.875195194769,中继兜底,R-S04,True
T018,巡航,O01>S009,6037.875195194769,6039.866521135282,中继兜底,R-S04,True
T018,巡航,O01>S009,6039.866521135282,6041.857847075795,中继兜底,R-S04,True
T018,巡航,O01>S009,6041.857847075795,6043.849173016308,中继兜底,R-S04,True
T018,巡航,O01>S009,6043.849173016308,6045.84049895682,中继兜底,R-S04,True
T018,巡航,O01>S009,6045.84049895682,6047.831824897333,中继兜底,R-S04,True
T018,巡航,O01>S009,6047.831824897333,6049.823150837846,中继兜底,R-S04,True
T018,巡航,O01>S009,6049.823150837846,6051.814476778359,中继兜底,R-S04,True
T018,巡航,O01>S009,6051.814476778359,6053.805802718872,中继兜底,R-S04,True
T018,巡航,O01>S009,6053.805802718872,6055.797128659385,中继兜底,R-S04,True
T018,巡航,O01>S009,6055.797128659385,6057.788454599898,中继兜底,R-S04,True
T018,巡航,O01>S009,6057.788454599898,6059.779780540411,中继兜底,R-S04,True
T018,巡航,O01>S009,6059.779780540411,6061.771106480923,中继兜底,R-S04,True
T018,巡航,O01>S009,6061.771106480923,6063.762432421436,中继兜底,R-S04,True
T018,巡航,O01>S009,6063.762432421436,6065.753758361949,中继兜底,R-S04,True
T018,巡航,O01>S009,6065.753758361949,6067.745084302462,中继兜底,R-S04,True
T018,巡航,O01>S009,6067.745084302462,6069.736410242975,中继兜底,R-S04,True
T018,巡航,O01>S009,6069.736410242975,6071.727736183488,中继兜底,R-S04,True
T018,巡航,O01>S009,6071.727736183488,6073.719062124001,中继兜底,R-S04,True
T018,巡航,O01>S009,6073.719062124001,6075.710388064514,中继兜底,R-S04,True
T018,巡航,O01>S009,6075.710388064514,6077.701714005027,中继兜底,R-S04,True
T018,巡航,O01>S009,6077.701714005027,6079.693039945539,中继兜底,R-S04,True
T018,巡航,O01>S009,6079.693039945539,6081.684365886052,中继兜底,R-S04,True
T018,巡航,O01>S009,6081.684365886052,6083.675691826565,中继兜底,R-S04,True
T018,巡航,O01>S009,6083.675691826565,6085.667017767078,中继兜底,R-S04,True
T018,巡航,O01>S009,6085.667017767078,6087.658343707591,中继兜底,R-S04,True
T018,巡航,O01>S009,6087.658343707591,6089.649669648104,中继兜底,R-S04,True
T018,巡航,O01>S009,6089.649669648104,6091.6409955886165,中继兜底,R-S04,True
T018,巡航,O01>S009,6091.6409955886165,6093.6323215291295,中继兜底,R-S04,True
T018,巡航,O01>S009,6093.6323215291295,6095.623647469642,中继兜底,R-S04,True
T018,巡航,O01>S009,6095.623647469642,6097.614973410155,中继兜底,R-S04,True
T018,巡航,O01>S009,6097.614973410155,6099.6062993506675,中继兜底,R-S04,True
T018,巡航,O01>S009,6099.6062993506675,6101.5976252911805,中继兜底,R-S04,True
T018,巡航,O01>S009,6101.5976252911805,6103.5889512316935,中继兜底,R-S04,True
T018,巡航,O01>S009,6103.5889512316935,6105.5802771722065,中继兜底,R-S04,True
T018,巡航,O01>S009,6105.5802771722065,6107.5716031127195,中继兜底,R-S04,True
T018,巡航,O01>S009,6107.5716031127195,6109.562929053232,中继兜底,R-S04,True
T018,巡航,O01>S009,6109.562929053232,6111.554254993745,中继兜底,R-S04,True
T018,巡航,O01>S009,6111.554254993745,6113.5455809342575,中继兜底,R-S04,True
T018,巡航,O01>S009,6113.5455809342575,6115.5369068747705,中继兜底,R-S04,True
T018,巡航,O01>S009,6115.5369068747705,6117.528232815283,中继兜底,R-S04,True
T018,巡航,O01>S009,6117.528232815283,6119.519558755796,中继兜底,R-S04,True
T018,下降,O01>S009,6119.519558755796,6127.950080402932,中继兜底,R-S04,True
T018,下降,O01>S009,6127.950080402932,6136.380602050067,中继兜底,R-S04,True
T018,下降,O01>S009,6136.380602050067,6144.811123697203,中继兜底,R-S04,True
T018,投送,S009,6144.811123697203,6384.811123697203,中继兜底,R-S04,True
T018,爬升,S009>O01,6384.811123697203,6391.836558403149,中继兜底,R-S04,True
T018,爬升,S009>O01,6391.836558403149,6398.861993109095,中继兜底,R-S04,True
T018,爬升,S009>O01,6398.861993109095,6405.8874278150415,中继兜底,R-S04,True
T018,巡航,S009>O01,6405.8874278150415,6407.8787537555545,中继兜底,R-S04,True
T018,巡航,S009>O01,6407.8787537555545,6409.8700796960675,中继兜底,R-S04,True
T018,巡航,S009>O01,6409.8700796960675,6411.8614056365805,中继兜底,R-S04,True
T018,巡航,S009>O01,6411.8614056365805,6413.852731577093,中继兜底,R-S04,True
T018,巡航,S009>O01,6413.852731577093,6415.8440575176055,中继兜底,R-S04,True
T018,巡航,S009>O01,6415.8440575176055,6417.8353834581185,中继兜底,R-S04,True
T018,巡航,S009>O01,6417.8353834581185,6419.8267093986315,中继兜底,R-S04,True
T018,巡航,S009>O01,6419.8267093986315,6421.818035339144,中继兜底,R-S04,True
T018,巡航,S009>O01,6421.818035339144,6423.809361279657,中继兜底,R-S04,True
T018,巡航,S009>O01,6423.809361279657,6425.80068722017,中继兜底,R-S04,True
T018,巡航,S009>O01,6425.80068722017,6427.792013160683,中继兜底,R-S04,True
T018,巡航,S009>O01,6427.792013160683,6429.783339101196,中继兜底,R-S04,True
T018,巡航,S009>O01,6429.783339101196,6431.774665041708,中继兜底,R-S04,True
T018,巡航,S009>O01,6431.774665041708,6433.765990982221,中继兜底,R-S04,True
T018,巡航,S009>O01,6433.765990982221,6435.757316922734,中继兜底,R-S04,True
T018,巡航,S009>O01,6435.757316922734,6437.748642863247,中继兜底,R-S04,True
T018,巡航,S009>O01,6437.748642863247,6439.73996880376,中继兜底,R-S04,True
T018,巡航,S009>O01,6439.73996880376,6441.731294744273,中继兜底,R-S04,True
T018,巡航,S009>O01,6441.731294744273,6443.722620684786,中继兜底,R-S04,True
T018,巡航,S009>O01,6443.722620684786,6445.713946625299,中继兜底,R-S04,True
T018,巡航,S009>O01,6445.713946625299,6447.705272565811,中继兜底,R-S04,True
T018,巡航,S009>O01,6447.705272565811,6449.696598506324,中继兜底,R-S04,True
T018,巡航,S009>O01,6449.696598506324,6451.687924446837,中继兜底,R-S04,True
T018,巡航,S009>O01,6451.687924446837,6453.67925038735,中继兜底,R-S04,True
T018,巡航,S009>O01,6453.67925038735,6455.670576327863,中继兜底,R-S04,True
T018,巡航,S009>O01,6455.670576327863,6457.661902268376,中继兜底,R-S04,True
T018,巡航,S009>O01,6457.661902268376,6459.653228208889,中继兜底,R-S04,True
T018,巡航,S009>O01,6459.653228208889,6461.644554149402,中继兜底,R-S04,True
T018,巡航,S009>O01,6461.644554149402,6463.635880089915,中继兜底,R-S04,True
T018,巡航,S009>O01,6463.635880089915,6465.627206030427,中继兜底,R-S04,True
T018,巡航,S009>O01,6465.627206030427,6467.61853197094,中继兜底,R-S04,True
T018,巡航,S009>O01,6467.61853197094,6469.609857911453,中继兜底,R-S04,True
T018,巡航,S009>O01,6469.609857911453,6471.601183851966,中继兜底,R-S04,True
T018,巡航,S009>O01,6471.601183851966,6473.592509792479,中继兜底,R-S04,True
T018,巡航,S009>O01,6473.592509792479,6475.583835732992,中继兜底,R-S04,True
T018,巡航,S009>O01,6475.583835732992,6477.575161673505,中继兜底,R-S04,True
T018,巡航,S009>O01,6477.575161673505,6479.566487614018,中继兜底,R-S04,True
T018,巡航,S009>O01,6479.566487614018,6481.55781355453,中继兜底,R-S04,True
T018,巡航,S009>O01,6481.55781355453,6483.549139495043,中继兜底,R-S04,True
T018,巡航,S009>O01,6483.549139495043,6485.540465435556,中继兜底,R-S04,True
T018,巡航,S009>O01,6485.540465435556,6487.531791376069,中继兜底,R-S04,True
T018,巡航,S009>O01,6487.531791376069,6489.523117316582,中继兜底,R-S04,True
T018,巡航,S009>O01,6489.523117316582,6491.514443257095,中继兜底,R-S04,True
T018,巡航,S009>O01,6491.514443257095,6493.505769197608,中继兜底,R-S04,True
T018,巡航,S009>O01,6493.505769197608,6495.497095138121,中继兜底,R-S04,True
T018,巡航,S009>O01,6495.497095138121,6497.488421078633,中继兜底,R-S04,True
T018,巡航,S009>O01,6497.488421078633,6499.479747019146,中继兜底,R-S04,True
T018,巡航,S009>O01,6499.479747019146,6501.471072959659,中继兜底,R-S04,True
T018,巡航,S009>O01,6501.471072959659,6503.462398900172,中继兜底,R-S04,True
T018,巡航,S009>O01,6503.462398900172,6505.453724840685,中继兜底,R-S04,True
T018,巡航,S009>O01,6505.453724840685,6507.445050781198,中继兜底,R-S04,True
T018,巡航,S009>O01,6507.445050781198,6509.436376721711,中继兜底,R-S04,True
T018,巡航,S009>O01,6509.436376721711,6511.427702662224,中继兜底,R-S04,True
T018,巡航,S009>O01,6511.427702662224,6513.419028602737,中继兜底,R-S04,True
T018,巡航,S009>O01,6513.419028602737,6515.410354543249,中继兜底,R-S04,True
T018,巡航,S009>O01,6515.410354543249,6517.401680483762,中继兜底,R-S04,True
T018,巡航,S009>O01,6517.401680483762,6519.393006424275,中继兜底,R-S04,True
T018,巡航,S009>O01,6519.393006424275,6521.384332364788,中继兜底,R-S04,True
T018,巡航,S009>O01,6521.384332364788,6523.375658305301,中继兜底,R-S04,True
T018,巡航,S009>O01,6523.375658305301,6525.366984245814,直连,,True
T018,巡航,S009>O01,6525.366984245814,6527.358310186327,直连,,True
T018,巡航,S009>O01,6527.358310186327,6529.34963612684,直连,,True
T018,巡航,S009>O01,6529.34963612684,6531.340962067352,直连,,True
T018,巡航,S009>O01,6531.340962067352,6533.332288007865,直连,,True
T018,巡航,S009>O01,6533.332288007865,6535.323613948378,直连,,True
T018,巡航,S009>O01,6535.323613948378,6537.314939888891,直连,,True
T018,巡航,S009>O01,6537.314939888891,6539.306265829404,直连,,True
T018,巡航,S009>O01,6539.306265829404,6541.297591769917,直连,,True
T018,巡航,S009>O01,6541.297591769917,6543.28891771043,直连,,True
T018,巡航,S009>O01,6543.28891771043,6545.280243650943,直连,,True
T018,巡航,S009>O01,6545.280243650943,6547.271569591455,直连,,True
T018,巡航,S009>O01,6547.271569591455,6549.262895531968,直连,,True
T018,巡航,S009>O01,6549.262895531968,6551.254221472481,直连,,True
T018,巡航,S009>O01,6551.254221472481,6553.245547412994,直连,,True
T018,巡航,S009>O01,6553.245547412994,6555.236873353507,直连,,True
T018,巡航,S009>O01,6555.236873353507,6557.22819929402,直连,,True
T018,巡航,S009>O01,6557.22819929402,6559.219525234533,直连,,True
T018,巡航,S009>O01,6559.219525234533,6561.210851175046,直连,,True
T018,巡航,S009>O01,6561.210851175046,6563.202177115558,直连,,True
T018,巡航,S009>O01,6563.202177115558,6565.193503056071,直连,,True
T018,巡航,S009>O01,6565.193503056071,6567.184828996584,直连,,True
T018,巡航,S009>O01,6567.184828996584,6569.176154937097,直连,,True
T018,巡航,S009>O01,6569.176154937097,6571.16748087761,直连,,True
T018,巡航,S009>O01,6571.16748087761,6573.158806818123,直连,,True
T018,巡航,S009>O01,6573.158806818123,6575.150132758636,直连,,True
T018,巡航,S009>O01,6575.150132758636,6577.141458699149,直连,,True
T018,巡航,S009>O01,6577.141458699149,6579.132784639662,直连,,True
T018,巡航,S009>O01,6579.132784639662,6581.124110580174,直连,,True
T018,巡航,S009>O01,6581.124110580174,6583.115436520687,直连,,True
T018,巡航,S009>O01,6583.115436520687,6585.1067624612,直连,,True
T018,巡航,S009>O01,6585.1067624612,6587.098088401713,直连,,True
T018,巡航,S009>O01,6587.098088401713,6589.089414342226,直连,,True
T018,巡航,S009>O01,6589.089414342226,6591.080740282739,直连,,True
T018,巡航,S009>O01,6591.080740282739,6593.072066223252,直连,,True
T018,巡航,S009>O01,6593.072066223252,6595.063392163765,直连,,True
T018,巡航,S009>O01,6595.063392163765,6597.054718104277,直连,,True
T018,巡航,S009>O01,6597.054718104277,6599.04604404479,直连,,True
T018,巡航,S009>O01,6599.04604404479,6601.037369985303,直连,,True
T018,巡航,S009>O01,6601.037369985303,6603.028695925816,直连,,True
T018,巡航,S009>O01,6603.028695925816,6605.0200218663285,直连,,True
T018,巡航,S009>O01,6605.0200218663285,6607.0113478068415,直连,,True
T018,巡航,S009>O01,6607.0113478068415,6609.0026737473545,直连,,True
T018,巡航,S009>O01,6609.0026737473545,6610.9939996878675,直连,,True
T018,巡航,S009>O01,6610.9939996878675,6612.98532562838,直连,,True
T018,巡航,S009>O01,6612.98532562838,6614.9766515688925,直连,,True
T018,巡航,S009>O01,6614.9766515688925,6616.9679775094055,直连,,True
T018,巡航,S009>O01,6616.9679775094055,6618.9593034499185,直连,,True
T018,巡航,S009>O01,6618.9593034499185,6620.9506293904315,直连,,True
T018,巡航,S009>O01,6620.9506293904315,6622.941955330944,直连,,True
T018,巡航,S009>O01,6622.941955330944,6624.933281271457,直连,,True
T018,巡航,S009>O01,6624.933281271457,6626.92460721197,直连,,True
T018,巡航,S009>O01,6626.92460721197,6628.9159331524825,直连,,True
T018,巡航,S009>O01,6628.9159331524825,6630.907259092995,直连,,True
T018,巡航,S009>O01,6630.907259092995,6632.898585033508,直连,,True
T018,巡航,S009>O01,6632.898585033508,6634.889910974021,直连,,True
T018,巡航,S009>O01,6634.889910974021,6636.881236914534,直连,,True
T018,巡航,S009>O01,6636.881236914534,6638.872562855047,直连,,True
T018,巡航,S009>O01,6638.872562855047,6640.86388879556,直连,,True
T018,巡航,S009>O01,6640.86388879556,6642.855214736073,直连,,True
T018,巡航,S009>O01,6642.855214736073,6644.846540676586,直连,,True
T018,巡航,S009>O01,6644.846540676586,6646.837866617098,直连,,True
T018,巡航,S009>O01,6646.837866617098,6648.829192557611,直连,,True
T018,巡航,S009>O01,6648.829192557611,6650.820518498124,直连,,True
T018,巡航,S009>O01,6650.820518498124,6652.811844438637,直连,,True
T018,巡航,S009>O01,6652.811844438637,6654.80317037915,直连,,True
T018,巡航,S009>O01,6654.80317037915,6656.794496319663,直连,,True
T018,巡航,S009>O01,6656.794496319663,6658.785822260176,直连,,True
T018,巡航,S009>O01,6658.785822260176,6660.777148200689,直连,,True
T018,巡航,S009>O01,6660.777148200689,6662.768474141201,直连,,True
T018,巡航,S009>O01,6662.768474141201,6664.759800081714,直连,,True
T018,巡航,S009>O01,6664.759800081714,6666.751126022227,直连,,True
T018,巡航,S009>O01,6666.751126022227,6668.74245196274,直连,,True
T018,巡航,S009>O01,6668.74245196274,6670.733777903253,直连,,True
T018,巡航,S009>O01,6670.733777903253,6672.725103843766,直连,,True
T018,巡航,S009>O01,6672.725103843766,6674.716429784279,直连,,True
T018,巡航,S009>O01,6674.716429784279,6676.707755724792,直连,,True
T018,巡航,S009>O01,6676.707755724792,6678.699081665305,直连,,True
T018,巡航,S009>O01,6678.699081665305,6680.690407605817,直连,,True
T018,巡航,S009>O01,6680.690407605817,6682.68173354633,直连,,True
T018,巡航,S009>O01,6682.68173354633,6684.673059486843,直连,,True
T018,巡航,S009>O01,6684.673059486843,6686.664385427356,直连,,True
T018,巡航,S009>O01,6686.664385427356,6688.655711367869,直连,,True
T018,巡航,S009>O01,6688.655711367869,6690.647037308382,直连,,True
T018,巡航,S009>O01,6690.647037308382,6692.638363248895,直连,,True
T018,巡航,S009>O01,6692.638363248895,6694.629689189407,直连,,True
T018,巡航,S009>O01,6694.629689189407,6696.62101512992,直连,,True
T018,巡航,S009>O01,6696.62101512992,6698.612341070433,直连,,True
T018,巡航,S009>O01,6698.612341070433,6700.603667010946,直连,,True
T018,巡航,S009>O01,6700.603667010946,6702.594992951459,直连,,True
T018,巡航,S009>O01,6702.594992951459,6704.586318891972,直连,,True
T018,巡航,S009>O01,6704.586318891972,6706.577644832485,直连,,True
T018,巡航,S009>O01,6706.577644832485,6708.568970772998,直连,,True
T018,巡航,S009>O01,6708.568970772998,6710.560296713511,直连,,True
T018,巡航,S009>O01,6710.560296713511,6712.551622654023,直连,,True
T018,巡航,S009>O01,6712.551622654023,6714.542948594536,直连,,True
T018,巡航,S009>O01,6714.542948594536,6716.534274535049,直连,,True
T018,巡航,S009>O01,6716.534274535049,6718.525600475562,直连,,True
T018,巡航,S009>O01,6718.525600475562,6720.516926416075,直连,,True
T018,巡航,S009>O01,6720.516926416075,6722.508252356588,直连,,True
T018,巡航,S009>O01,6722.508252356588,6724.499578297101,直连,,True
T018,巡航,S009>O01,6724.499578297101,6726.490904237614,直连,,True
T018,巡航,S009>O01,6726.490904237614,6728.482230178126,直连,,True
T018,巡航,S009>O01,6728.482230178126,6730.473556118639,直连,,True
T018,巡航,S009>O01,6730.473556118639,6732.464882059152,直连,,True
T018,巡航,S009>O01,6732.464882059152,6734.456207999665,直连,,True
T018,巡航,S009>O01,6734.456207999665,6736.447533940178,直连,,True
T018,巡航,S009>O01,6736.447533940178,6738.438859880691,直连,,True
T018,巡航,S009>O01,6738.438859880691,6740.430185821204,直连,,True
T018,巡航,S009>O01,6740.430185821204,6742.421511761717,直连,,True
T018,巡航,S009>O01,6742.421511761717,6744.41283770223,直连,,True
T018,巡航,S009>O01,6744.41283770223,6746.404163642742,直连,,True
T018,巡航,S009>O01,6746.404163642742,6748.395489583255,直连,,True
T018,巡航,S009>O01,6748.395489583255,6750.386815523768,直连,,True
T018,巡航,S009>O01,6750.386815523768,6752.378141464281,直连,,True
T018,巡航,S009>O01,6752.378141464281,6754.369467404794,直连,,True
T018,巡航,S009>O01,6754.369467404794,6756.360793345307,直连,,True
T018,巡航,S009>O01,6756.360793345307,6758.35211928582,直连,,True
T018,巡航,S009>O01,6758.35211928582,6760.343445226333,直连,,True
T018,巡航,S009>O01,6760.343445226333,6762.334771166845,直连,,True
T018,巡航,S009>O01,6762.334771166845,6764.326097107358,直连,,True
T018,巡航,S009>O01,6764.326097107358,6766.317423047871,直连,,True
T018,巡航,S009>O01,6766.317423047871,6768.308748988384,直连,,True
T018,巡航,S009>O01,6768.308748988384,6770.300074928897,直连,,True
T018,巡航,S009>O01,6770.300074928897,6772.29140086941,直连,,True
T018,巡航,S009>O01,6772.29140086941,6774.282726809923,直连,,True
T018,巡航,S009>O01,6774.282726809923,6776.274052750436,直连,,True
T018,巡航,S009>O01,6776.274052750436,6778.265378690949,直连,,True
T018,巡航,S009>O01,6778.265378690949,6780.256704631461,直连,,True
T018,巡航,S009>O01,6780.256704631461,6782.248030571974,直连,,True
T018,巡航,S009>O01,6782.248030571974,6784.239356512487,直连,,True
T018,巡航,S009>O01,6784.239356512487,6786.230682453,直连,,True
T018,下降,S009>O01,6786.230682453,6797.265943276568,直连,,True
T018,下降,S009>O01,6797.265943276568,6808.301204100135,直连,,True
T018,下降,S009>O01,6808.301204100135,6819.336464923703,直连,,True
T018,下降,S009>O01,6819.336464923703,6830.371725747271,直连,,True
T018,下降,S009>O01,6830.371725747271,6841.406986570838,直连,,True
T018,下降,S009>O01,6841.406986570838,6852.442247394406,直连,,True
T019,爬升,O01>S010,330.0,339.3314101710464,直连,,True
T019,爬升,O01>S010,339.3314101710464,348.6628203420928,直连,,True
T019,爬升,O01>S010,348.6628203420928,357.9942305131392,直连,,True
T019,爬升,O01>S010,357.9942305131392,367.3256406841856,直连,,True
T019,爬升,O01>S010,367.3256406841856,376.657050855232,直连,,True
T019,爬升,O01>S010,376.657050855232,385.9884610262784,直连,,True
T019,爬升,O01>S010,385.9884610262784,395.3198711973248,直连,,True
T019,爬升,O01>S010,395.3198711973248,404.6512813683712,直连,,True
T019,爬升,O01>S010,404.6512813683712,413.9826915394176,直连,,True
T019,爬升,O01>S010,413.9826915394176,423.314101710464,直连,,True
T019,爬升,O01>S010,423.314101710464,432.6455118815104,直连,,True
T019,巡航,O01>S010,432.6455118815104,435.1374258795613,直连,,True
T019,巡航,O01>S010,435.1374258795613,437.62933987761215,直连,,True
T019,巡航,O01>S010,437.62933987761215,440.12125387566306,直连,,True
T019,巡航,O01>S010,440.12125387566306,442.61316787371396,直连,,True
T019,巡航,O01>S010,442.61316787371396,445.1050818717648,直连,,True
T019,巡航,O01>S010,445.1050818717648,447.5969958698157,直连,,True
T019,巡航,O01>S010,447.5969958698157,450.0889098678666,直连,,True
T019,巡航,O01>S010,450.0889098678666,452.58082386591747,直连,,True
T019,巡航,O01>S010,452.58082386591747,455.07273786396837,直连,,True
T019,巡航,O01>S010,455.07273786396837,457.5646518620192,直连,,True
T019,巡航,O01>S010,457.5646518620192,460.0565658600701,直连,,True
T019,巡航,O01>S010,460.0565658600701,462.548479858121,直连,,True
T019,巡航,O01>S010,462.548479858121,465.04039385617193,直连,,True
T019,巡航,O01>S010,465.04039385617193,467.5323078542228,直连,,True
T019,巡航,O01>S010,467.5323078542228,470.0242218522737,直连,,True
T019,巡航,O01>S010,470.0242218522737,472.51613585032453,直连,,True
T019,巡航,O01>S010,472.51613585032453,475.00804984837544,直连,,True
T019,巡航,O01>S010,475.00804984837544,477.49996384642634,直连,,True
T019,巡航,O01>S010,477.49996384642634,479.9918778444772,直连,,True
T019,巡航,O01>S010,479.9918778444772,482.4837918425281,直连,,True
T019,巡航,O01>S010,482.4837918425281,484.975705840579,直连,,True
T019,巡航,O01>S010,484.975705840579,487.46761983862984,直连,,True
T019,巡航,O01>S010,487.46761983862984,489.95953383668075,直连,,True
T019,巡航,O01>S010,489.95953383668075,492.45144783473165,直连,,True
T019,巡航,O01>S010,492.45144783473165,494.9433618327825,直连,,True
T019,巡航,O01>S010,494.9433618327825,497.4352758308334,直连,,True
T019,巡航,O01>S010,497.4352758308334,499.9271898288843,直连,,True
T019,巡航,O01>S010,499.9271898288843,502.41910382693516,直连,,True
T019,巡航,O01>S010,502.41910382693516,504.91101782498606,直连,,True
T019,巡航,O01>S010,504.91101782498606,507.40293182303697,直连,,True
T019,巡航,O01>S010,507.40293182303697,509.8948458210878,直连,,True
T019,巡航,O01>S010,509.8948458210878,512.3867598191387,直连,,True
T019,巡航,O01>S010,512.3867598191387,514.8786738171896,直连,,True
T019,巡航,O01>S010,514.8786738171896,517.3705878152405,直连,,True
T019,巡航,O01>S010,517.3705878152405,519.8625018132914,直连,,True
T019,巡航,O01>S010,519.8625018132914,522.3544158113423,直连,,True
T019,巡航,O01>S010,522.3544158113423,524.8463298093932,直连,,True
T019,巡航,O01>S010,524.8463298093932,527.338243807444,直连,,True
T019,巡航,O01>S010,527.338243807444,529.8301578054949,直连,,True
T019,巡航,O01>S010,529.8301578054949,532.3220718035458,直连,,True
T019,巡航,O01>S010,532.3220718035458,534.8139858015967,直连,,True
T019,巡航,O01>S010,534.8139858015967,537.3058997996476,直连,,True
T019,巡航,O01>S010,537.3058997996476,539.7978137976984,直连,,True
T019,巡航,O01>S010,539.7978137976984,542.2897277957493,直连,,True
T019,巡航,O01>S010,542.2897277957493,544.7816417938002,直连,,True
T019,巡航,O01>S010,544.7816417938002,547.2735557918511,直连,,True
T019,巡航,O01>S010,547.2735557918511,549.765469789902,直连,,True
T019,巡航,O01>S010,549.765469789902,552.2573837879529,直连,,True
T019,巡航,O01>S010,552.2573837879529,554.7492977860038,直连,,True
T019,巡航,O01>S010,554.7492977860038,557.2412117840546,直连,,True
T019,巡航,O01>S010,557.2412117840546,559.7331257821055,直连,,True
T019,巡航,O01>S010,559.7331257821055,562.2250397801564,直连,,True
T019,巡航,O01>S010,562.2250397801564,564.7169537782073,直连,,True
T019,巡航,O01>S010,564.7169537782073,567.2088677762582,直连,,True
T019,巡航,O01>S010,567.2088677762582,569.700781774309,直连,,True
T019,巡航,O01>S010,569.700781774309,572.1926957723599,直连,,True
T019,巡航,O01>S010,572.1926957723599,574.6846097704108,直连,,True
T019,巡航,O01>S010,574.6846097704108,577.1765237684617,直连,,True
T019,巡航,O01>S010,577.1765237684617,579.6684377665126,直连,,True
T019,巡航,O01>S010,579.6684377665126,582.1603517645635,直连,,True
T019,巡航,O01>S010,582.1603517645635,584.6522657626143,直连,,True
T019,巡航,O01>S010,584.6522657626143,587.1441797606652,直连,,True
T019,巡航,O01>S010,587.1441797606652,589.6360937587161,直连,,True
T019,巡航,O01>S010,589.6360937587161,592.128007756767,直连,,True
T019,巡航,O01>S010,592.128007756767,594.6199217548178,直连,,True
T019,巡航,O01>S010,594.6199217548178,597.1118357528687,直连,,True
T019,巡航,O01>S010,597.1118357528687,599.6037497509196,直连,,True
T019,巡航,O01>S010,599.6037497509196,602.0956637489705,直连,,True
T019,巡航,O01>S010,602.0956637489705,604.5875777470214,直连,,True
T019,巡航,O01>S010,604.5875777470214,607.0794917450723,直连,,True
T019,巡航,O01>S010,607.0794917450723,609.5714057431233,直连,,True
T019,巡航,O01>S010,609.5714057431233,612.0633197411742,直连,,True
T019,巡航,O01>S010,612.0633197411742,614.555233739225,直连,,True
T019,巡航,O01>S010,614.555233739225,617.0471477372758,直连,,True
T019,巡航,O01>S010,617.0471477372758,619.5390617353268,直连,,True
T019,巡航,O01>S010,619.5390617353268,622.0309757333775,直连,,True
T019,巡航,O01>S010,622.0309757333775,624.5228897314284,直连,,True
T019,巡航,O01>S010,624.5228897314284,627.0148037294794,直连,,True
T019,巡航,O01>S010,627.0148037294794,629.5067177275303,直连,,True
T019,巡航,O01>S010,629.5067177275303,631.9986317255812,直连,,True
T019,巡航,O01>S010,631.9986317255812,634.4905457236321,直连,,True
T019,巡航,O01>S010,634.4905457236321,636.982459721683,直连,,True
T019,巡航,O01>S010,636.982459721683,639.4743737197339,直连,,True
T019,巡航,O01>S010,639.4743737197339,641.9662877177848,直连,,True
T019,巡航,O01>S010,641.9662877177848,644.4582017158356,直连,,True
T019,巡航,O01>S010,644.4582017158356,646.9501157138865,直连,,True
T019,巡航,O01>S010,646.9501157138865,649.4420297119373,直连,,True
T019,巡航,O01>S010,649.4420297119373,651.9339437099883,直连,,True
T019,巡航,O01>S010,651.9339437099883,654.4258577080391,直连,,True
T019,巡航,O01>S010,654.4258577080391,656.91777170609,直连,,True
T019,巡航,O01>S010,656.91777170609,659.4096857041409,直连,,True
T019,巡航,O01>S010,659.4096857041409,661.9015997021918,直连,,True
T019,巡航,O01>S010,661.9015997021918,664.3935137002427,直连,,True
T019,巡航,O01>S010,664.3935137002427,666.8854276982936,直连,,True
T019,巡航,O01>S010,666.8854276982936,669.3773416963445,直连,,True
T019,巡航,O01>S010,669.3773416963445,671.8692556943953,直连,,True
T019,巡航,O01>S010,671.8692556943953,674.3611696924462,直连,,True
T019,巡航,O01>S010,674.3611696924462,676.8530836904971,直连,,True
T019,巡航,O01>S010,676.8530836904971,679.344997688548,直连,,True
T019,巡航,O01>S010,679.344997688548,681.8369116865988,直连,,True
T019,巡航,O01>S010,681.8369116865988,684.3288256846497,直连,,True
T019,巡航,O01>S010,684.3288256846497,686.8207396827006,直连,,True
T019,巡航,O01>S010,686.8207396827006,689.3126536807515,直连,,True
T019,巡航,O01>S010,689.3126536807515,691.8045676788024,直连,,True
T019,巡航,O01>S010,691.8045676788024,694.2964816768533,直连,,True
T019,巡航,O01>S010,694.2964816768533,696.7883956749042,直连,,True
T019,巡航,O01>S010,696.7883956749042,699.280309672955,直连,,True
T019,巡航,O01>S010,699.280309672955,701.772223671006,直连,,True
T019,巡航,O01>S010,701.772223671006,704.2641376690568,直连,,True
T019,巡航,O01>S010,704.2641376690568,706.7560516671077,直连,,True
T019,巡航,O01>S010,706.7560516671077,709.2479656651585,直连,,True
T019,巡航,O01>S010,709.2479656651585,711.7398796632094,直连,,True
T019,巡航,O01>S010,711.7398796632094,714.2317936612603,直连,,True
T019,巡航,O01>S010,714.2317936612603,716.7237076593112,直连,,True
T019,巡航,O01>S010,716.7237076593112,719.2156216573621,直连,,True
T019,巡航,O01>S010,719.2156216573621,721.707535655413,直连,,True
T019,巡航,O01>S010,721.707535655413,724.199449653464,直连,,True
T019,巡航,O01>S010,724.199449653464,726.6913636515148,直连,,True
T019,巡航,O01>S010,726.6913636515148,729.1832776495658,直连,,True
T019,巡航,O01>S010,729.1832776495658,731.6751916476165,直连,,True
T019,巡航,O01>S010,731.6751916476165,734.1671056456673,直连,,True
T019,巡航,O01>S010,734.1671056456673,736.6590196437182,直连,,True
T019,巡航,O01>S010,736.6590196437182,739.1509336417691,直连,,True
T019,巡航,O01>S010,739.1509336417691,741.64284763982,直连,,True
T019,巡航,O01>S010,741.64284763982,744.134761637871,直连,,True
T019,巡航,O01>S010,744.134761637871,746.6266756359219,直连,,True
T019,巡航,O01>S010,746.6266756359219,749.1185896339728,直连,,True
T019,巡航,O01>S010,749.1185896339728,751.6105036320237,直连,,True
T019,巡航,O01>S010,751.6105036320237,754.1024176300746,直连,,True
T019,巡航,O01>S010,754.1024176300746,756.5943316281254,直连,,True
T019,巡航,O01>S010,756.5943316281254,759.0862456261763,直连,,True
T019,巡航,O01>S010,759.0862456261763,761.578159624227,中继兜底,R-S03,True
T019,巡航,O01>S010,761.578159624227,764.0700736222781,中继兜底,R-S03,True
T019,巡航,O01>S010,764.0700736222781,766.5619876203289,中继兜底,R-S03,True
T019,巡航,O01>S010,766.5619876203289,769.0539016183798,中继兜底,R-S03,True
T019,巡航,O01>S010,769.0539016183798,771.5458156164307,中继兜底,R-S03,True
T019,巡航,O01>S010,771.5458156164307,774.0377296144816,中继兜底,R-S03,True
T019,巡航,O01>S010,774.0377296144816,776.5296436125325,中继兜底,R-S03,True
T019,巡航,O01>S010,776.5296436125325,779.0215576105834,中继兜底,R-S03,True
T019,巡航,O01>S010,779.0215576105834,781.5134716086343,中继兜底,R-S03,True
T019,巡航,O01>S010,781.5134716086343,784.0053856066851,中继兜底,R-S03,True
T019,巡航,O01>S010,784.0053856066851,786.497299604736,中继兜底,R-S03,True
T019,巡航,O01>S010,786.497299604736,788.9892136027869,中继兜底,R-S03,True
T019,巡航,O01>S010,788.9892136027869,791.4811276008378,中继兜底,R-S03,True
T019,巡航,O01>S010,791.4811276008378,793.9730415988886,中继兜底,R-S03,True
T019,巡航,O01>S010,793.9730415988886,796.4649555969395,中继兜底,R-S03,True
T019,巡航,O01>S010,796.4649555969395,798.9568695949904,中继兜底,R-S03,True
T019,巡航,O01>S010,798.9568695949904,801.4487835930413,中继兜底,R-S03,True
T019,巡航,O01>S010,801.4487835930413,803.9406975910922,中继兜底,R-S03,True
T019,巡航,O01>S010,803.9406975910922,806.4326115891431,中继兜底,R-S03,True
T019,巡航,O01>S010,806.4326115891431,808.924525587194,中继兜底,R-S03,True
T019,巡航,O01>S010,808.924525587194,811.4164395852448,中继兜底,R-S03,True
T019,巡航,O01>S010,811.4164395852448,813.9083535832958,中继兜底,R-S03,True
T019,巡航,O01>S010,813.9083535832958,816.4002675813466,中继兜底,R-S03,True
T019,巡航,O01>S010,816.4002675813466,818.8921815793975,中继兜底,R-S03,True
T019,巡航,O01>S010,818.8921815793975,821.3840955774483,中继兜底,R-S03,True
T019,巡航,O01>S010,821.3840955774483,823.8760095754992,中继兜底,R-S03,True
T019,巡航,O01>S010,823.8760095754992,826.3679235735501,中继兜底,R-S03,True
T019,巡航,O01>S010,826.3679235735501,828.859837571601,中继兜底,R-S03,True
T019,巡航,O01>S010,828.859837571601,831.3517515696519,中继兜底,R-S03,True
T019,下降,O01>S010,831.3517515696519,842.5566229889228,中继兜底,R-S03,True
T019,下降,O01>S010,842.5566229889228,853.7614944081936,中继兜底,R-S03,True
T019,下降,O01>S010,853.7614944081936,864.9663658274644,中继兜底,R-S03,True
T019,投送,S010,864.9663658274644,1044.9663658274644,中继兜底,R-S03,True
T019,爬升,S010>O01,1044.9663658274644,1054.3037586768567,中继兜底,R-S03,True
T019,爬升,S010>O01,1054.3037586768567,1063.6411515262491,中继兜底,R-S03,True
T019,爬升,S010>O01,1063.6411515262491,1072.9785443756414,中继兜底,R-S03,True
T019,巡航,S010>O01,1072.9785443756414,1075.4704583736923,中继兜底,R-S03,True
T019,巡航,S010>O01,1075.4704583736923,1077.9623723717432,中继兜底,R-S03,True
T019,巡航,S010>O01,1077.9623723717432,1080.454286369794,中继兜底,R-S03,True
T019,巡航,S010>O01,1080.454286369794,1082.946200367845,中继兜底,R-S03,True
T019,巡航,S010>O01,1082.946200367845,1085.438114365896,中继兜底,R-S03,True
T019,巡航,S010>O01,1085.438114365896,1087.9300283639466,中继兜底,R-S03,True
T019,巡航,S010>O01,1087.9300283639466,1090.4219423619975,中继兜底,R-S03,True
T019,巡航,S010>O01,1090.4219423619975,1092.9138563600484,中继兜底,R-S03,True
T019,巡航,S010>O01,1092.9138563600484,1095.4057703580993,中继兜底,R-S03,True
T019,巡航,S010>O01,1095.4057703580993,1097.8976843561502,中继兜底,R-S03,True
T019,巡航,S010>O01,1097.8976843561502,1100.389598354201,中继兜底,R-S03,True
T019,巡航,S010>O01,1100.389598354201,1102.881512352252,中继兜底,R-S03,True
T019,巡航,S010>O01,1102.881512352252,1105.373426350303,中继兜底,R-S03,True
T019,巡航,S010>O01,1105.373426350303,1107.8653403483538,中继兜底,R-S03,True
T019,巡航,S010>O01,1107.8653403483538,1110.3572543464047,中继兜底,R-S03,True
T019,巡航,S010>O01,1110.3572543464047,1112.8491683444556,中继兜底,R-S03,True
T019,巡航,S010>O01,1112.8491683444556,1115.3410823425065,中继兜底,R-S03,True
T019,巡航,S010>O01,1115.3410823425065,1117.8329963405572,中继兜底,R-S03,True
T019,巡航,S010>O01,1117.8329963405572,1120.324910338608,中继兜底,R-S03,True
T019,巡航,S010>O01,1120.324910338608,1122.816824336659,中继兜底,R-S03,True
T019,巡航,S010>O01,1122.816824336659,1125.30873833471,中继兜底,R-S03,True
T019,巡航,S010>O01,1125.30873833471,1127.8006523327608,中继兜底,R-S03,True
T019,巡航,S010>O01,1127.8006523327608,1130.2925663308117,中继兜底,R-S03,True
T019,巡航,S010>O01,1130.2925663308117,1132.7844803288626,中继兜底,R-S03,True
T019,巡航,S010>O01,1132.7844803288626,1135.2763943269135,中继兜底,R-S03,True
T019,巡航,S010>O01,1135.2763943269135,1137.7683083249644,中继兜底,R-S03,True
T019,巡航,S010>O01,1137.7683083249644,1140.2602223230153,中继兜底,R-S03,True
T019,巡航,S010>O01,1140.2602223230153,1142.7521363210662,中继兜底,R-S03,True
T019,巡航,S010>O01,1142.7521363210662,1145.244050319117,中继兜底,R-S03,True
T019,巡航,S010>O01,1145.244050319117,1147.7359643171678,直连,,True
T019,巡航,S010>O01,1147.7359643171678,1150.2278783152187,直连,,True
T019,巡航,S010>O01,1150.2278783152187,1152.7197923132696,直连,,True
T019,巡航,S010>O01,1152.7197923132696,1155.2117063113205,直连,,True
T019,巡航,S010>O01,1155.2117063113205,1157.7036203093714,直连,,True
T019,巡航,S010>O01,1157.7036203093714,1160.1955343074223,直连,,True
T019,巡航,S010>O01,1160.1955343074223,1162.6874483054733,直连,,True
T019,巡航,S010>O01,1162.6874483054733,1165.1793623035242,直连,,True
T019,巡航,S010>O01,1165.1793623035242,1167.671276301575,直连,,True
T019,巡航,S010>O01,1167.671276301575,1170.163190299626,直连,,True
T019,巡航,S010>O01,1170.163190299626,1172.6551042976766,直连,,True
T019,巡航,S010>O01,1172.6551042976766,1175.1470182957275,直连,,True
T019,巡航,S010>O01,1175.1470182957275,1177.6389322937785,直连,,True
T019,巡航,S010>O01,1177.6389322937785,1180.1308462918294,直连,,True
T019,巡航,S010>O01,1180.1308462918294,1182.6227602898803,直连,,True
T019,巡航,S010>O01,1182.6227602898803,1185.1146742879312,直连,,True
T019,巡航,S010>O01,1185.1146742879312,1187.606588285982,直连,,True
T019,巡航,S010>O01,1187.606588285982,1190.098502284033,直连,,True
T019,巡航,S010>O01,1190.098502284033,1192.5904162820839,直连,,True
T019,巡航,S010>O01,1192.5904162820839,1195.0823302801348,直连,,True
T019,巡航,S010>O01,1195.0823302801348,1197.5742442781857,直连,,True
T019,巡航,S010>O01,1197.5742442781857,1200.0661582762364,直连,,True
T019,巡航,S010>O01,1200.0661582762364,1202.5580722742875,直连,,True
T019,巡航,S010>O01,1202.5580722742875,1205.0499862723382,直连,,True
T019,巡航,S010>O01,1205.0499862723382,1207.541900270389,直连,,True
T019,巡航,S010>O01,1207.541900270389,1210.03381426844,直连,,True
T019,巡航,S010>O01,1210.03381426844,1212.525728266491,直连,,True
T019,巡航,S010>O01,1212.525728266491,1215.0176422645418,直连,,True
T019,巡航,S010>O01,1215.0176422645418,1217.5095562625927,直连,,True
T019,巡航,S010>O01,1217.5095562625927,1220.0014702606436,直连,,True
T019,巡航,S010>O01,1220.0014702606436,1222.4933842586945,直连,,True
T019,巡航,S010>O01,1222.4933842586945,1224.9852982567454,直连,,True
T019,巡航,S010>O01,1224.9852982567454,1227.4772122547963,直连,,True
T019,巡航,S010>O01,1227.4772122547963,1229.9691262528472,直连,,True
T019,巡航,S010>O01,1229.9691262528472,1232.461040250898,直连,,True
T019,巡航,S010>O01,1232.461040250898,1234.9529542489488,直连,,True
T019,巡航,S010>O01,1234.9529542489488,1237.4448682469997,直连,,True
T019,巡航,S010>O01,1237.4448682469997,1239.9367822450506,直连,,True
T019,巡航,S010>O01,1239.9367822450506,1242.4286962431015,直连,,True
T019,巡航,S010>O01,1242.4286962431015,1244.9206102411524,直连,,True
T019,巡航,S010>O01,1244.9206102411524,1247.4125242392033,直连,,True
T019,巡航,S010>O01,1247.4125242392033,1249.9044382372542,直连,,True
T019,巡航,S010>O01,1249.9044382372542,1252.3963522353051,直连,,True
T019,巡航,S010>O01,1252.3963522353051,1254.888266233356,直连,,True
T019,巡航,S010>O01,1254.888266233356,1257.380180231407,直连,,True
T019,巡航,S010>O01,1257.380180231407,1259.8720942294576,直连,,True
T019,巡航,S010>O01,1259.8720942294576,1262.3640082275085,直连,,True
T019,巡航,S010>O01,1262.3640082275085,1264.8559222255594,直连,,True
T019,巡航,S010>O01,1264.8559222255594,1267.3478362236103,直连,,True
T019,巡航,S010>O01,1267.3478362236103,1269.8397502216612,直连,,True
T019,巡航,S010>O01,1269.8397502216612,1272.3316642197121,直连,,True
T019,巡航,S010>O01,1272.3316642197121,1274.823578217763,直连,,True
T019,巡航,S010>O01,1274.823578217763,1277.315492215814,直连,,True
T019,巡航,S010>O01,1277.315492215814,1279.8074062138649,直连,,True
T019,巡航,S010>O01,1279.8074062138649,1282.2993202119158,直连,,True
T019,巡航,S010>O01,1282.2993202119158,1284.7912342099667,直连,,True
T019,巡航,S010>O01,1284.7912342099667,1287.2831482080173,直连,,True
T019,巡航,S010>O01,1287.2831482080173,1289.7750622060682,直连,,True
T019,巡航,S010>O01,1289.7750622060682,1292.2669762041191,直连,,True
T019,巡航,S010>O01,1292.2669762041191,1294.75889020217,直连,,True
T019,巡航,S010>O01,1294.75889020217,1297.250804200221,直连,,True
T019,巡航,S010>O01,1297.250804200221,1299.7427181982719,直连,,True
T019,巡航,S010>O01,1299.7427181982719,1302.2346321963228,直连,,True
T019,巡航,S010>O01,1302.2346321963228,1304.7265461943737,直连,,True
T019,巡航,S010>O01,1304.7265461943737,1307.2184601924246,直连,,True
T019,巡航,S010>O01,1307.2184601924246,1309.7103741904755,直连,,True
T019,巡航,S010>O01,1309.7103741904755,1312.2022881885264,直连,,True
T019,巡航,S010>O01,1312.2022881885264,1314.694202186577,直连,,True
T019,巡航,S010>O01,1314.694202186577,1317.1861161846282,直连,,True
T019,巡航,S010>O01,1317.1861161846282,1319.6780301826789,直连,,True
T019,巡航,S010>O01,1319.6780301826789,1322.1699441807298,直连,,True
T019,巡航,S010>O01,1322.1699441807298,1324.6618581787807,直连,,True
T019,巡航,S010>O01,1324.6618581787807,1327.1537721768316,直连,,True
T019,巡航,S010>O01,1327.1537721768316,1329.6456861748825,直连,,True
T019,巡航,S010>O01,1329.6456861748825,1332.1376001729334,直连,,True
T019,巡航,S010>O01,1332.1376001729334,1334.6295141709843,直连,,True
T019,巡航,S010>O01,1334.6295141709843,1337.1214281690352,直连,,True
T019,巡航,S010>O01,1337.1214281690352,1339.613342167086,直连,,True
T019,巡航,S010>O01,1339.613342167086,1342.105256165137,直连,,True
T019,巡航,S010>O01,1342.105256165137,1344.597170163188,直连,,True
T019,巡航,S010>O01,1344.597170163188,1347.0890841612386,直连,,True
T019,巡航,S010>O01,1347.0890841612386,1349.5809981592895,直连,,True
T019,巡航,S010>O01,1349.5809981592895,1352.0729121573404,直连,,True
T019,巡航,S010>O01,1352.0729121573404,1354.5648261553913,直连,,True
T019,巡航,S010>O01,1354.5648261553913,1357.0567401534422,直连,,True
T019,巡航,S010>O01,1357.0567401534422,1359.548654151493,直连,,True
T019,巡航,S010>O01,1359.548654151493,1362.040568149544,直连,,True
T019,巡航,S010>O01,1362.040568149544,1364.532482147595,直连,,True
T019,巡航,S010>O01,1364.532482147595,1367.0243961456458,直连,,True
T019,巡航,S010>O01,1367.0243961456458,1369.5163101436967,直连,,True
T019,巡航,S010>O01,1369.5163101436967,1372.0082241417476,直连,,True
T019,巡航,S010>O01,1372.0082241417476,1374.5001381397983,直连,,True
T019,巡航,S010>O01,1374.5001381397983,1376.9920521378492,直连,,True
T019,巡航,S010>O01,1376.9920521378492,1379.4839661359001,直连,,True
T019,巡航,S010>O01,1379.4839661359001,1381.975880133951,直连,,True
T019,巡航,S010>O01,1381.975880133951,1384.467794132002,直连,,True
T019,巡航,S010>O01,1384.467794132002,1386.9597081300528,直连,,True
T019,巡航,S010>O01,1386.9597081300528,1389.4516221281037,直连,,True
T019,巡航,S010>O01,1389.4516221281037,1391.9435361261546,直连,,True
T019,巡航,S010>O01,1391.9435361261546,1394.4354501242055,直连,,True
T019,巡航,S010>O01,1394.4354501242055,1396.9273641222562,直连,,True
T019,巡航,S010>O01,1396.9273641222562,1399.4192781203074,直连,,True
T019,巡航,S010>O01,1399.4192781203074,1401.911192118358,直连,,True
T019,巡航,S010>O01,1401.911192118358,1404.4031061164092,直连,,True
T019,巡航,S010>O01,1404.4031061164092,1406.8950201144598,直连,,True
T019,巡航,S010>O01,1406.8950201144598,1409.3869341125107,直连,,True
T019,巡航,S010>O01,1409.3869341125107,1411.8788481105616,直连,,True
T019,巡航,S010>O01,1411.8788481105616,1414.3707621086126,直连,,True
T019,巡航,S010>O01,1414.3707621086126,1416.8626761066635,直连,,True
T019,巡航,S010>O01,1416.8626761066635,1419.3545901047144,直连,,True
T019,巡航,S010>O01,1419.3545901047144,1421.8465041027653,直连,,True
T019,巡航,S010>O01,1421.8465041027653,1424.338418100816,直连,,True
T019,巡航,S010>O01,1424.338418100816,1426.830332098867,直连,,True
T019,巡航,S010>O01,1426.830332098867,1429.3222460969178,直连,,True
T019,巡航,S010>O01,1429.3222460969178,1431.8141600949689,直连,,True
T019,巡航,S010>O01,1431.8141600949689,1434.3060740930196,直连,,True
T019,巡航,S010>O01,1434.3060740930196,1436.7979880910705,直连,,True
T019,巡航,S010>O01,1436.7979880910705,1439.2899020891214,直连,,True
T019,巡航,S010>O01,1439.2899020891214,1441.7818160871723,直连,,True
T019,巡航,S010>O01,1441.7818160871723,1444.2737300852232,直连,,True
T019,巡航,S010>O01,1444.2737300852232,1446.765644083274,直连,,True
T019,巡航,S010>O01,1446.765644083274,1449.257558081325,直连,,True
T019,巡航,S010>O01,1449.257558081325,1451.7494720793757,直连,,True
T019,巡航,S010>O01,1451.7494720793757,1454.2413860774268,直连,,True
T019,巡航,S010>O01,1454.2413860774268,1456.7333000754775,直连,,True
T019,巡航,S010>O01,1456.7333000754775,1459.2252140735286,直连,,True
T019,巡航,S010>O01,1459.2252140735286,1461.7171280715793,直连,,True
T019,巡航,S010>O01,1461.7171280715793,1464.2090420696302,直连,,True
T019,巡航,S010>O01,1464.2090420696302,1466.700956067681,直连,,True
T019,巡航,S010>O01,1466.700956067681,1469.192870065732,直连,,True
T019,巡航,S010>O01,1469.192870065732,1471.684784063783,直连,,True
T019,下降,S010>O01,1471.684784063783,1482.8824762690385,直连,,True
T019,下降,S010>O01,1482.8824762690385,1494.0801684742942,直连,,True
T019,下降,S010>O01,1494.0801684742942,1505.27786067955,直连,,True
T019,下降,S010>O01,1505.27786067955,1516.4755528848057,直连,,True
T019,下降,S010>O01,1516.4755528848057,1527.6732450900613,直连,,True
T019,下降,S010>O01,1527.6732450900613,1538.870937295317,直连,,True
T019,下降,S010>O01,1538.870937295317,1550.0686295005726,直连,,True
T019,下降,S010>O01,1550.0686295005726,1561.2663217058282,直连,,True
T019,下降,S010>O01,1561.2663217058282,1572.464013911084,直连,,True
T019,下降,S010>O01,1572.464013911084,1583.6617061163397,直连,,True
T019,下降,S010>O01,1583.6617061163397,1594.8593983215953,直连,,True
T020,爬升,O01>S010,360.0,369.3314101710464,直连,,True
T020,爬升,O01>S010,369.3314101710464,378.6628203420928,直连,,True
T020,爬升,O01>S010,378.6628203420928,387.9942305131392,直连,,True
T020,爬升,O01>S010,387.9942305131392,397.3256406841856,直连,,True
T020,爬升,O01>S010,397.3256406841856,406.657050855232,直连,,True
T020,爬升,O01>S010,406.657050855232,415.9884610262784,直连,,True
T020,爬升,O01>S010,415.9884610262784,425.3198711973248,直连,,True
T020,爬升,O01>S010,425.3198711973248,434.6512813683712,直连,,True
T020,爬升,O01>S010,434.6512813683712,443.9826915394176,直连,,True
T020,爬升,O01>S010,443.9826915394176,453.314101710464,直连,,True
T020,爬升,O01>S010,453.314101710464,462.6455118815104,直连,,True
T020,巡航,O01>S010,462.6455118815104,465.1374258795613,直连,,True
T020,巡航,O01>S010,465.1374258795613,467.62933987761215,直连,,True
T020,巡航,O01>S010,467.62933987761215,470.12125387566306,直连,,True
T020,巡航,O01>S010,470.12125387566306,472.61316787371396,直连,,True
T020,巡航,O01>S010,472.61316787371396,475.1050818717648,直连,,True
T020,巡航,O01>S010,475.1050818717648,477.5969958698157,直连,,True
T020,巡航,O01>S010,477.5969958698157,480.0889098678666,直连,,True
T020,巡航,O01>S010,480.0889098678666,482.58082386591747,直连,,True
T020,巡航,O01>S010,482.58082386591747,485.07273786396837,直连,,True
T020,巡航,O01>S010,485.07273786396837,487.5646518620192,直连,,True
T020,巡航,O01>S010,487.5646518620192,490.0565658600701,直连,,True
T020,巡航,O01>S010,490.0565658600701,492.548479858121,直连,,True
T020,巡航,O01>S010,492.548479858121,495.04039385617193,直连,,True
T020,巡航,O01>S010,495.04039385617193,497.5323078542228,直连,,True
T020,巡航,O01>S010,497.5323078542228,500.0242218522737,直连,,True
T020,巡航,O01>S010,500.0242218522737,502.51613585032453,直连,,True
T020,巡航,O01>S010,502.51613585032453,505.00804984837544,直连,,True
T020,巡航,O01>S010,505.00804984837544,507.49996384642634,直连,,True
T020,巡航,O01>S010,507.49996384642634,509.9918778444772,直连,,True
T020,巡航,O01>S010,509.9918778444772,512.483791842528,直连,,True
T020,巡航,O01>S010,512.483791842528,514.9757058405789,直连,,True
T020,巡航,O01>S010,514.9757058405789,517.4676198386298,直连,,True
T020,巡航,O01>S010,517.4676198386298,519.9595338366807,直连,,True
T020,巡航,O01>S010,519.9595338366807,522.4514478347317,直连,,True
T020,巡航,O01>S010,522.4514478347317,524.9433618327826,直连,,True
T020,巡航,O01>S010,524.9433618327826,527.4352758308335,直连,,True
T020,巡航,O01>S010,527.4352758308335,529.9271898288843,直连,,True
T020,巡航,O01>S010,529.9271898288843,532.4191038269352,直连,,True
T020,巡航,O01>S010,532.4191038269352,534.9110178249861,直连,,True
T020,巡航,O01>S010,534.9110178249861,537.402931823037,直连,,True
T020,巡航,O01>S010,537.402931823037,539.8948458210879,直连,,True
T020,巡航,O01>S010,539.8948458210879,542.3867598191387,直连,,True
T020,巡航,O01>S010,542.3867598191387,544.8786738171896,直连,,True
T020,巡航,O01>S010,544.8786738171896,547.3705878152405,直连,,True
T020,巡航,O01>S010,547.3705878152405,549.8625018132914,直连,,True
T020,巡航,O01>S010,549.8625018132914,552.3544158113423,直连,,True
T020,巡航,O01>S010,552.3544158113423,554.8463298093932,直连,,True
T020,巡航,O01>S010,554.8463298093932,557.338243807444,直连,,True
T020,巡航,O01>S010,557.338243807444,559.8301578054949,直连,,True
T020,巡航,O01>S010,559.8301578054949,562.3220718035458,直连,,True
T020,巡航,O01>S010,562.3220718035458,564.8139858015967,直连,,True
T020,巡航,O01>S010,564.8139858015967,567.3058997996476,直连,,True
T020,巡航,O01>S010,567.3058997996476,569.7978137976984,直连,,True
T020,巡航,O01>S010,569.7978137976984,572.2897277957493,直连,,True
T020,巡航,O01>S010,572.2897277957493,574.7816417938002,直连,,True
T020,巡航,O01>S010,574.7816417938002,577.2735557918511,直连,,True
T020,巡航,O01>S010,577.2735557918511,579.765469789902,直连,,True
T020,巡航,O01>S010,579.765469789902,582.2573837879529,直连,,True
T020,巡航,O01>S010,582.2573837879529,584.7492977860038,直连,,True
T020,巡航,O01>S010,584.7492977860038,587.2412117840546,直连,,True
T020,巡航,O01>S010,587.2412117840546,589.7331257821055,直连,,True
T020,巡航,O01>S010,589.7331257821055,592.2250397801564,直连,,True
T020,巡航,O01>S010,592.2250397801564,594.7169537782073,直连,,True
T020,巡航,O01>S010,594.7169537782073,597.2088677762582,直连,,True
T020,巡航,O01>S010,597.2088677762582,599.700781774309,直连,,True
T020,巡航,O01>S010,599.700781774309,602.1926957723599,直连,,True
T020,巡航,O01>S010,602.1926957723599,604.6846097704108,直连,,True
T020,巡航,O01>S010,604.6846097704108,607.1765237684617,直连,,True
T020,巡航,O01>S010,607.1765237684617,609.6684377665126,直连,,True
T020,巡航,O01>S010,609.6684377665126,612.1603517645635,直连,,True
T020,巡航,O01>S010,612.1603517645635,614.6522657626143,直连,,True
T020,巡航,O01>S010,614.6522657626143,617.1441797606652,直连,,True
T020,巡航,O01>S010,617.1441797606652,619.6360937587161,直连,,True
T020,巡航,O01>S010,619.6360937587161,622.128007756767,直连,,True
T020,巡航,O01>S010,622.128007756767,624.6199217548178,直连,,True
T020,巡航,O01>S010,624.6199217548178,627.1118357528687,直连,,True
T020,巡航,O01>S010,627.1118357528687,629.6037497509196,直连,,True
T020,巡航,O01>S010,629.6037497509196,632.0956637489705,直连,,True
T020,巡航,O01>S010,632.0956637489705,634.5875777470214,直连,,True
T020,巡航,O01>S010,634.5875777470214,637.0794917450723,直连,,True
T020,巡航,O01>S010,637.0794917450723,639.5714057431233,直连,,True
T020,巡航,O01>S010,639.5714057431233,642.0633197411742,直连,,True
T020,巡航,O01>S010,642.0633197411742,644.555233739225,直连,,True
T020,巡航,O01>S010,644.555233739225,647.0471477372758,直连,,True
T020,巡航,O01>S010,647.0471477372758,649.5390617353268,直连,,True
T020,巡航,O01>S010,649.5390617353268,652.0309757333775,直连,,True
T020,巡航,O01>S010,652.0309757333775,654.5228897314284,直连,,True
T020,巡航,O01>S010,654.5228897314284,657.0148037294794,直连,,True
T020,巡航,O01>S010,657.0148037294794,659.5067177275303,直连,,True
T020,巡航,O01>S010,659.5067177275303,661.9986317255812,直连,,True
T020,巡航,O01>S010,661.9986317255812,664.4905457236321,直连,,True
T020,巡航,O01>S010,664.4905457236321,666.982459721683,直连,,True
T020,巡航,O01>S010,666.982459721683,669.4743737197339,直连,,True
T020,巡航,O01>S010,669.4743737197339,671.9662877177848,直连,,True
T020,巡航,O01>S010,671.9662877177848,674.4582017158356,直连,,True
T020,巡航,O01>S010,674.4582017158356,676.9501157138865,直连,,True
T020,巡航,O01>S010,676.9501157138865,679.4420297119373,直连,,True
T020,巡航,O01>S010,679.4420297119373,681.9339437099883,直连,,True
T020,巡航,O01>S010,681.9339437099883,684.4258577080391,直连,,True
T020,巡航,O01>S010,684.4258577080391,686.91777170609,直连,,True
T020,巡航,O01>S010,686.91777170609,689.4096857041409,直连,,True
T020,巡航,O01>S010,689.4096857041409,691.9015997021918,直连,,True
T020,巡航,O01>S010,691.9015997021918,694.3935137002427,直连,,True
T020,巡航,O01>S010,694.3935137002427,696.8854276982936,直连,,True
T020,巡航,O01>S010,696.8854276982936,699.3773416963445,直连,,True
T020,巡航,O01>S010,699.3773416963445,701.8692556943953,直连,,True
T020,巡航,O01>S010,701.8692556943953,704.3611696924462,直连,,True
T020,巡航,O01>S010,704.3611696924462,706.8530836904971,直连,,True
T020,巡航,O01>S010,706.8530836904971,709.344997688548,直连,,True
T020,巡航,O01>S010,709.344997688548,711.8369116865988,直连,,True
T020,巡航,O01>S010,711.8369116865988,714.3288256846497,直连,,True
T020,巡航,O01>S010,714.3288256846497,716.8207396827006,直连,,True
T020,巡航,O01>S010,716.8207396827006,719.3126536807515,直连,,True
T020,巡航,O01>S010,719.3126536807515,721.8045676788024,直连,,True
T020,巡航,O01>S010,721.8045676788024,724.2964816768533,直连,,True
T020,巡航,O01>S010,724.2964816768533,726.7883956749042,直连,,True
T020,巡航,O01>S010,726.7883956749042,729.280309672955,直连,,True
T020,巡航,O01>S010,729.280309672955,731.772223671006,直连,,True
T020,巡航,O01>S010,731.772223671006,734.2641376690568,直连,,True
T020,巡航,O01>S010,734.2641376690568,736.7560516671077,直连,,True
T020,巡航,O01>S010,736.7560516671077,739.2479656651585,直连,,True
T020,巡航,O01>S010,739.2479656651585,741.7398796632094,直连,,True
T020,巡航,O01>S010,741.7398796632094,744.2317936612603,直连,,True
T020,巡航,O01>S010,744.2317936612603,746.7237076593112,直连,,True
T020,巡航,O01>S010,746.7237076593112,749.2156216573621,直连,,True
T020,巡航,O01>S010,749.2156216573621,751.707535655413,直连,,True
T020,巡航,O01>S010,751.707535655413,754.199449653464,直连,,True
T020,巡航,O01>S010,754.199449653464,756.6913636515148,直连,,True
T020,巡航,O01>S010,756.6913636515148,759.1832776495658,直连,,True
T020,巡航,O01>S010,759.1832776495658,761.6751916476165,直连,,True
T020,巡航,O01>S010,761.6751916476165,764.1671056456673,直连,,True
T020,巡航,O01>S010,764.1671056456673,766.6590196437182,直连,,True
T020,巡航,O01>S010,766.6590196437182,769.1509336417691,直连,,True
T020,巡航,O01>S010,769.1509336417691,771.64284763982,直连,,True
T020,巡航,O01>S010,771.64284763982,774.134761637871,直连,,True
T020,巡航,O01>S010,774.134761637871,776.6266756359219,直连,,True
T020,巡航,O01>S010,776.6266756359219,779.1185896339728,直连,,True
T020,巡航,O01>S010,779.1185896339728,781.6105036320237,直连,,True
T020,巡航,O01>S010,781.6105036320237,784.1024176300746,直连,,True
T020,巡航,O01>S010,784.1024176300746,786.5943316281254,直连,,True
T020,巡航,O01>S010,786.5943316281254,789.0862456261763,直连,,True
T020,巡航,O01>S010,789.0862456261763,791.578159624227,中继兜底,R-S03,True
T020,巡航,O01>S010,791.578159624227,794.0700736222781,中继兜底,R-S03,True
T020,巡航,O01>S010,794.0700736222781,796.5619876203289,中继兜底,R-S03,True
T020,巡航,O01>S010,796.5619876203289,799.0539016183798,中继兜底,R-S03,True
T020,巡航,O01>S010,799.0539016183798,801.5458156164307,中继兜底,R-S03,True
T020,巡航,O01>S010,801.5458156164307,804.0377296144816,中继兜底,R-S03,True
T020,巡航,O01>S010,804.0377296144816,806.5296436125325,中继兜底,R-S03,True
T020,巡航,O01>S010,806.5296436125325,809.0215576105834,中继兜底,R-S03,True
T020,巡航,O01>S010,809.0215576105834,811.5134716086343,中继兜底,R-S03,True
T020,巡航,O01>S010,811.5134716086343,814.0053856066851,中继兜底,R-S03,True
T020,巡航,O01>S010,814.0053856066851,816.497299604736,中继兜底,R-S03,True
T020,巡航,O01>S010,816.497299604736,818.9892136027869,中继兜底,R-S03,True
T020,巡航,O01>S010,818.9892136027869,821.4811276008378,中继兜底,R-S03,True
T020,巡航,O01>S010,821.4811276008378,823.9730415988886,中继兜底,R-S03,True
T020,巡航,O01>S010,823.9730415988886,826.4649555969395,中继兜底,R-S03,True
T020,巡航,O01>S010,826.4649555969395,828.9568695949904,中继兜底,R-S03,True
T020,巡航,O01>S010,828.9568695949904,831.4487835930413,中继兜底,R-S03,True
T020,巡航,O01>S010,831.4487835930413,833.9406975910922,中继兜底,R-S03,True
T020,巡航,O01>S010,833.9406975910922,836.4326115891431,中继兜底,R-S03,True
T020,巡航,O01>S010,836.4326115891431,838.924525587194,中继兜底,R-S03,True
T020,巡航,O01>S010,838.924525587194,841.4164395852448,中继兜底,R-S03,True
T020,巡航,O01>S010,841.4164395852448,843.9083535832958,中继兜底,R-S03,True
T020,巡航,O01>S010,843.9083535832958,846.4002675813466,中继兜底,R-S03,True
T020,巡航,O01>S010,846.4002675813466,848.8921815793975,中继兜底,R-S03,True
T020,巡航,O01>S010,848.8921815793975,851.3840955774483,中继兜底,R-S03,True
T020,巡航,O01>S010,851.3840955774483,853.8760095754992,中继兜底,R-S03,True
T020,巡航,O01>S010,853.8760095754992,856.3679235735501,中继兜底,R-S03,True
T020,巡航,O01>S010,856.3679235735501,858.859837571601,中继兜底,R-S03,True
T020,巡航,O01>S010,858.859837571601,861.3517515696519,中继兜底,R-S03,True
T020,下降,O01>S010,861.3517515696519,872.5566229889228,中继兜底,R-S03,True
T020,下降,O01>S010,872.5566229889228,883.7614944081936,中继兜底,R-S03,True
T020,下降,O01>S010,883.7614944081936,894.9663658274644,中继兜底,R-S03,True
T020,投送,S010,894.9663658274644,1104.9663658274644,中继兜底,R-S03,True
T020,爬升,S010>O01,1104.9663658274644,1114.3037586768567,中继兜底,R-S03,True
T020,爬升,S010>O01,1114.3037586768567,1123.6411515262491,中继兜底,R-S03,True
T020,爬升,S010>O01,1123.6411515262491,1132.9785443756414,中继兜底,R-S03,True
T020,巡航,S010>O01,1132.9785443756414,1135.4704583736923,中继兜底,R-S03,True
T020,巡航,S010>O01,1135.4704583736923,1137.9623723717432,中继兜底,R-S03,True
T020,巡航,S010>O01,1137.9623723717432,1140.454286369794,中继兜底,R-S03,True
T020,巡航,S010>O01,1140.454286369794,1142.946200367845,中继兜底,R-S03,True
T020,巡航,S010>O01,1142.946200367845,1145.438114365896,中继兜底,R-S03,True
T020,巡航,S010>O01,1145.438114365896,1147.9300283639466,中继兜底,R-S03,True
T020,巡航,S010>O01,1147.9300283639466,1150.4219423619975,中继兜底,R-S03,True
T020,巡航,S010>O01,1150.4219423619975,1152.9138563600484,中继兜底,R-S03,True
T020,巡航,S010>O01,1152.9138563600484,1155.4057703580993,中继兜底,R-S03,True
T020,巡航,S010>O01,1155.4057703580993,1157.8976843561502,中继兜底,R-S03,True
T020,巡航,S010>O01,1157.8976843561502,1160.389598354201,中继兜底,R-S03,True
T020,巡航,S010>O01,1160.389598354201,1162.881512352252,中继兜底,R-S03,True
T020,巡航,S010>O01,1162.881512352252,1165.373426350303,中继兜底,R-S03,True
T020,巡航,S010>O01,1165.373426350303,1167.8653403483538,中继兜底,R-S03,True
T020,巡航,S010>O01,1167.8653403483538,1170.3572543464047,中继兜底,R-S03,True
T020,巡航,S010>O01,1170.3572543464047,1172.8491683444556,中继兜底,R-S03,True
T020,巡航,S010>O01,1172.8491683444556,1175.3410823425065,中继兜底,R-S03,True
T020,巡航,S010>O01,1175.3410823425065,1177.8329963405572,中继兜底,R-S03,True
T020,巡航,S010>O01,1177.8329963405572,1180.324910338608,中继兜底,R-S03,True
T020,巡航,S010>O01,1180.324910338608,1182.816824336659,中继兜底,R-S03,True
T020,巡航,S010>O01,1182.816824336659,1185.30873833471,中继兜底,R-S03,True
T020,巡航,S010>O01,1185.30873833471,1187.8006523327608,中继兜底,R-S03,True
T020,巡航,S010>O01,1187.8006523327608,1190.2925663308117,中继兜底,R-S03,True
T020,巡航,S010>O01,1190.2925663308117,1192.7844803288626,中继兜底,R-S03,True
T020,巡航,S010>O01,1192.7844803288626,1195.2763943269135,中继兜底,R-S03,True
T020,巡航,S010>O01,1195.2763943269135,1197.7683083249644,中继兜底,R-S03,True
T020,巡航,S010>O01,1197.7683083249644,1200.2602223230153,中继兜底,R-S03,True
T020,巡航,S010>O01,1200.2602223230153,1202.7521363210662,中继兜底,R-S03,True
T020,巡航,S010>O01,1202.7521363210662,1205.244050319117,中继兜底,R-S03,True
T020,巡航,S010>O01,1205.244050319117,1207.7359643171678,直连,,True
T020,巡航,S010>O01,1207.7359643171678,1210.2278783152187,直连,,True
T020,巡航,S010>O01,1210.2278783152187,1212.7197923132696,直连,,True
T020,巡航,S010>O01,1212.7197923132696,1215.2117063113205,直连,,True
T020,巡航,S010>O01,1215.2117063113205,1217.7036203093714,直连,,True
T020,巡航,S010>O01,1217.7036203093714,1220.1955343074223,直连,,True
T020,巡航,S010>O01,1220.1955343074223,1222.6874483054733,直连,,True
T020,巡航,S010>O01,1222.6874483054733,1225.1793623035242,直连,,True
T020,巡航,S010>O01,1225.1793623035242,1227.671276301575,直连,,True
T020,巡航,S010>O01,1227.671276301575,1230.163190299626,直连,,True
T020,巡航,S010>O01,1230.163190299626,1232.6551042976766,直连,,True
T020,巡航,S010>O01,1232.6551042976766,1235.1470182957275,直连,,True
T020,巡航,S010>O01,1235.1470182957275,1237.6389322937785,直连,,True
T020,巡航,S010>O01,1237.6389322937785,1240.1308462918294,直连,,True
T020,巡航,S010>O01,1240.1308462918294,1242.6227602898803,直连,,True
T020,巡航,S010>O01,1242.6227602898803,1245.1146742879312,直连,,True
T020,巡航,S010>O01,1245.1146742879312,1247.606588285982,直连,,True
T020,巡航,S010>O01,1247.606588285982,1250.098502284033,直连,,True
T020,巡航,S010>O01,1250.098502284033,1252.5904162820839,直连,,True
T020,巡航,S010>O01,1252.5904162820839,1255.0823302801348,直连,,True
T020,巡航,S010>O01,1255.0823302801348,1257.5742442781857,直连,,True
T020,巡航,S010>O01,1257.5742442781857,1260.0661582762364,直连,,True
T020,巡航,S010>O01,1260.0661582762364,1262.5580722742875,直连,,True
T020,巡航,S010>O01,1262.5580722742875,1265.0499862723382,直连,,True
T020,巡航,S010>O01,1265.0499862723382,1267.541900270389,直连,,True
T020,巡航,S010>O01,1267.541900270389,1270.03381426844,直连,,True
T020,巡航,S010>O01,1270.03381426844,1272.525728266491,直连,,True
T020,巡航,S010>O01,1272.525728266491,1275.0176422645418,直连,,True
T020,巡航,S010>O01,1275.0176422645418,1277.5095562625927,直连,,True
T020,巡航,S010>O01,1277.5095562625927,1280.0014702606436,直连,,True
T020,巡航,S010>O01,1280.0014702606436,1282.4933842586945,直连,,True
T020,巡航,S010>O01,1282.4933842586945,1284.9852982567454,直连,,True
T020,巡航,S010>O01,1284.9852982567454,1287.4772122547963,直连,,True
T020,巡航,S010>O01,1287.4772122547963,1289.9691262528472,直连,,True
T020,巡航,S010>O01,1289.9691262528472,1292.461040250898,直连,,True
T020,巡航,S010>O01,1292.461040250898,1294.9529542489488,直连,,True
T020,巡航,S010>O01,1294.9529542489488,1297.4448682469997,直连,,True
T020,巡航,S010>O01,1297.4448682469997,1299.9367822450506,直连,,True
T020,巡航,S010>O01,1299.9367822450506,1302.4286962431015,直连,,True
T020,巡航,S010>O01,1302.4286962431015,1304.9206102411524,直连,,True
T020,巡航,S010>O01,1304.9206102411524,1307.4125242392033,直连,,True
T020,巡航,S010>O01,1307.4125242392033,1309.9044382372542,直连,,True
T020,巡航,S010>O01,1309.9044382372542,1312.3963522353051,直连,,True
T020,巡航,S010>O01,1312.3963522353051,1314.888266233356,直连,,True
T020,巡航,S010>O01,1314.888266233356,1317.380180231407,直连,,True
T020,巡航,S010>O01,1317.380180231407,1319.8720942294576,直连,,True
T020,巡航,S010>O01,1319.8720942294576,1322.3640082275085,直连,,True
T020,巡航,S010>O01,1322.3640082275085,1324.8559222255594,直连,,True
T020,巡航,S010>O01,1324.8559222255594,1327.3478362236103,直连,,True
T020,巡航,S010>O01,1327.3478362236103,1329.8397502216612,直连,,True
T020,巡航,S010>O01,1329.8397502216612,1332.3316642197121,直连,,True
T020,巡航,S010>O01,1332.3316642197121,1334.823578217763,直连,,True
T020,巡航,S010>O01,1334.823578217763,1337.315492215814,直连,,True
T020,巡航,S010>O01,1337.315492215814,1339.8074062138649,直连,,True
T020,巡航,S010>O01,1339.8074062138649,1342.2993202119158,直连,,True
T020,巡航,S010>O01,1342.2993202119158,1344.7912342099667,直连,,True
T020,巡航,S010>O01,1344.7912342099667,1347.2831482080173,直连,,True
T020,巡航,S010>O01,1347.2831482080173,1349.7750622060682,直连,,True
T020,巡航,S010>O01,1349.7750622060682,1352.2669762041191,直连,,True
T020,巡航,S010>O01,1352.2669762041191,1354.75889020217,直连,,True
T020,巡航,S010>O01,1354.75889020217,1357.250804200221,直连,,True
T020,巡航,S010>O01,1357.250804200221,1359.7427181982719,直连,,True
T020,巡航,S010>O01,1359.7427181982719,1362.2346321963228,直连,,True
T020,巡航,S010>O01,1362.2346321963228,1364.7265461943737,直连,,True
T020,巡航,S010>O01,1364.7265461943737,1367.2184601924246,直连,,True
T020,巡航,S010>O01,1367.2184601924246,1369.7103741904755,直连,,True
T020,巡航,S010>O01,1369.7103741904755,1372.2022881885264,直连,,True
T020,巡航,S010>O01,1372.2022881885264,1374.694202186577,直连,,True
T020,巡航,S010>O01,1374.694202186577,1377.1861161846282,直连,,True
T020,巡航,S010>O01,1377.1861161846282,1379.6780301826789,直连,,True
T020,巡航,S010>O01,1379.6780301826789,1382.1699441807298,直连,,True
T020,巡航,S010>O01,1382.1699441807298,1384.6618581787807,直连,,True
T020,巡航,S010>O01,1384.6618581787807,1387.1537721768316,直连,,True
T020,巡航,S010>O01,1387.1537721768316,1389.6456861748825,直连,,True
T020,巡航,S010>O01,1389.6456861748825,1392.1376001729334,直连,,True
T020,巡航,S010>O01,1392.1376001729334,1394.6295141709843,直连,,True
T020,巡航,S010>O01,1394.6295141709843,1397.1214281690352,直连,,True
T020,巡航,S010>O01,1397.1214281690352,1399.613342167086,直连,,True
T020,巡航,S010>O01,1399.613342167086,1402.105256165137,直连,,True
T020,巡航,S010>O01,1402.105256165137,1404.597170163188,直连,,True
T020,巡航,S010>O01,1404.597170163188,1407.0890841612386,直连,,True
T020,巡航,S010>O01,1407.0890841612386,1409.5809981592895,直连,,True
T020,巡航,S010>O01,1409.5809981592895,1412.0729121573404,直连,,True
T020,巡航,S010>O01,1412.0729121573404,1414.5648261553913,直连,,True
T020,巡航,S010>O01,1414.5648261553913,1417.0567401534422,直连,,True
T020,巡航,S010>O01,1417.0567401534422,1419.548654151493,直连,,True
T020,巡航,S010>O01,1419.548654151493,1422.040568149544,直连,,True
T020,巡航,S010>O01,1422.040568149544,1424.532482147595,直连,,True
T020,巡航,S010>O01,1424.532482147595,1427.0243961456458,直连,,True
T020,巡航,S010>O01,1427.0243961456458,1429.5163101436967,直连,,True
T020,巡航,S010>O01,1429.5163101436967,1432.0082241417476,直连,,True
T020,巡航,S010>O01,1432.0082241417476,1434.5001381397983,直连,,True
T020,巡航,S010>O01,1434.5001381397983,1436.9920521378492,直连,,True
T020,巡航,S010>O01,1436.9920521378492,1439.4839661359001,直连,,True
T020,巡航,S010>O01,1439.4839661359001,1441.975880133951,直连,,True
T020,巡航,S010>O01,1441.975880133951,1444.467794132002,直连,,True
T020,巡航,S010>O01,1444.467794132002,1446.9597081300528,直连,,True
T020,巡航,S010>O01,1446.9597081300528,1449.4516221281037,直连,,True
T020,巡航,S010>O01,1449.4516221281037,1451.9435361261546,直连,,True
T020,巡航,S010>O01,1451.9435361261546,1454.4354501242055,直连,,True
T020,巡航,S010>O01,1454.4354501242055,1456.9273641222562,直连,,True
T020,巡航,S010>O01,1456.9273641222562,1459.4192781203074,直连,,True
T020,巡航,S010>O01,1459.4192781203074,1461.911192118358,直连,,True
T020,巡航,S010>O01,1461.911192118358,1464.4031061164092,直连,,True
T020,巡航,S010>O01,1464.4031061164092,1466.8950201144598,直连,,True
T020,巡航,S010>O01,1466.8950201144598,1469.3869341125107,直连,,True
T020,巡航,S010>O01,1469.3869341125107,1471.8788481105616,直连,,True
T020,巡航,S010>O01,1471.8788481105616,1474.3707621086126,直连,,True
T020,巡航,S010>O01,1474.3707621086126,1476.8626761066635,直连,,True
T020,巡航,S010>O01,1476.8626761066635,1479.3545901047144,直连,,True
T020,巡航,S010>O01,1479.3545901047144,1481.8465041027653,直连,,True
T020,巡航,S010>O01,1481.8465041027653,1484.338418100816,直连,,True
T020,巡航,S010>O01,1484.338418100816,1486.830332098867,直连,,True
T020,巡航,S010>O01,1486.830332098867,1489.3222460969178,直连,,True
T020,巡航,S010>O01,1489.3222460969178,1491.8141600949689,直连,,True
T020,巡航,S010>O01,1491.8141600949689,1494.3060740930196,直连,,True
T020,巡航,S010>O01,1494.3060740930196,1496.7979880910705,直连,,True
T020,巡航,S010>O01,1496.7979880910705,1499.2899020891214,直连,,True
T020,巡航,S010>O01,1499.2899020891214,1501.7818160871723,直连,,True
T020,巡航,S010>O01,1501.7818160871723,1504.2737300852232,直连,,True
T020,巡航,S010>O01,1504.2737300852232,1506.765644083274,直连,,True
T020,巡航,S010>O01,1506.765644083274,1509.257558081325,直连,,True
T020,巡航,S010>O01,1509.257558081325,1511.7494720793757,直连,,True
T020,巡航,S010>O01,1511.7494720793757,1514.2413860774268,直连,,True
T020,巡航,S010>O01,1514.2413860774268,1516.7333000754775,直连,,True
T020,巡航,S010>O01,1516.7333000754775,1519.2252140735286,直连,,True
T020,巡航,S010>O01,1519.2252140735286,1521.7171280715793,直连,,True
T020,巡航,S010>O01,1521.7171280715793,1524.2090420696302,直连,,True
T020,巡航,S010>O01,1524.2090420696302,1526.700956067681,直连,,True
T020,巡航,S010>O01,1526.700956067681,1529.192870065732,直连,,True
T020,巡航,S010>O01,1529.192870065732,1531.684784063783,直连,,True
T020,下降,S010>O01,1531.684784063783,1542.8824762690385,直连,,True
T020,下降,S010>O01,1542.8824762690385,1554.0801684742942,直连,,True
T020,下降,S010>O01,1554.0801684742942,1565.27786067955,直连,,True
T020,下降,S010>O01,1565.27786067955,1576.4755528848057,直连,,True
T020,下降,S010>O01,1576.4755528848057,1587.6732450900613,直连,,True
T020,下降,S010>O01,1587.6732450900613,1598.870937295317,直连,,True
T020,下降,S010>O01,1598.870937295317,1610.0686295005726,直连,,True
T020,下降,S010>O01,1610.0686295005726,1621.2663217058282,直连,,True
T020,下降,S010>O01,1621.2663217058282,1632.464013911084,直连,,True
T020,下降,S010>O01,1632.464013911084,1643.6617061163397,直连,,True
T020,下降,S010>O01,1643.6617061163397,1654.8593983215953,直连,,True
T021,爬升,O01>S011,6254.0,6263.314541965061,直连,,True
T021,爬升,O01>S011,6263.314541965061,6272.629083930122,直连,,True
T021,爬升,O01>S011,6272.629083930122,6281.943625895183,直连,,True
T021,爬升,O01>S011,6281.943625895183,6291.258167860243,直连,,True
T021,爬升,O01>S011,6291.258167860243,6300.572709825304,直连,,True
T021,爬升,O01>S011,6300.572709825304,6309.887251790365,直连,,True
T021,巡航,O01>S011,6309.887251790365,6311.878810702957,直连,,True
T021,巡航,O01>S011,6311.878810702957,6313.87036961555,直连,,True
T021,巡航,O01>S011,6313.87036961555,6315.861928528142,直连,,True
T021,巡航,O01>S011,6315.861928528142,6317.853487440734,直连,,True
T021,巡航,O01>S011,6317.853487440734,6319.845046353327,直连,,True
T021,巡航,O01>S011,6319.845046353327,6321.836605265919,直连,,True
T021,巡航,O01>S011,6321.836605265919,6323.828164178512,直连,,True
T021,巡航,O01>S011,6323.828164178512,6325.819723091105,直连,,True
T021,巡航,O01>S011,6325.819723091105,6327.811282003697,直连,,True
T021,巡航,O01>S011,6327.811282003697,6329.80284091629,直连,,True
T021,巡航,O01>S011,6329.80284091629,6331.794399828882,直连,,True
T021,巡航,O01>S011,6331.794399828882,6333.785958741474,直连,,True
T021,巡航,O01>S011,6333.785958741474,6335.777517654067,直连,,True
T021,巡航,O01>S011,6335.777517654067,6337.769076566659,直连,,True
T021,巡航,O01>S011,6337.769076566659,6339.7606354792515,直连,,True
T021,巡航,O01>S011,6339.7606354792515,6341.752194391845,直连,,True
T021,巡航,O01>S011,6341.752194391845,6343.743753304437,直连,,True
T021,巡航,O01>S011,6343.743753304437,6345.73531221703,直连,,True
T021,巡航,O01>S011,6345.73531221703,6347.726871129622,直连,,True
T021,巡航,O01>S011,6347.726871129622,6349.718430042214,直连,,True
T021,巡航,O01>S011,6349.718430042214,6351.709988954807,直连,,True
T021,巡航,O01>S011,6351.709988954807,6353.701547867399,直连,,True
T021,巡航,O01>S011,6353.701547867399,6355.6931067799915,直连,,True
T021,巡航,O01>S011,6355.6931067799915,6357.6846656925845,直连,,True
T021,巡航,O01>S011,6357.6846656925845,6359.676224605177,直连,,True
T021,巡航,O01>S011,6359.676224605177,6361.667783517769,直连,,True
T021,巡航,O01>S011,6361.667783517769,6363.659342430362,直连,,True
T021,巡航,O01>S011,6363.659342430362,6365.650901342954,直连,,True
T021,巡航,O01>S011,6365.650901342954,6367.642460255546,直连,,True
T021,巡航,O01>S011,6367.642460255546,6369.634019168139,直连,,True
T021,巡航,O01>S011,6369.634019168139,6371.625578080731,直连,,True
T021,巡航,O01>S011,6371.625578080731,6373.6171369933245,直连,,True
T021,巡航,O01>S011,6373.6171369933245,6375.608695905917,直连,,True
T021,巡航,O01>S011,6375.608695905917,6377.600254818509,直连,,True
T021,巡航,O01>S011,6377.600254818509,6379.591813731102,直连,,True
T021,巡航,O01>S011,6379.591813731102,6381.583372643694,直连,,True
T021,巡航,O01>S011,6381.583372643694,6383.574931556286,直连,,True
T021,巡航,O01>S011,6383.574931556286,6385.566490468879,直连,,True
T021,巡航,O01>S011,6385.566490468879,6387.558049381471,直连,,True
T021,巡航,O01>S011,6387.558049381471,6389.549608294064,直连,,True
T021,巡航,O01>S011,6389.549608294064,6391.541167206657,直连,,True
T021,巡航,O01>S011,6391.541167206657,6393.532726119249,直连,,True
T021,巡航,O01>S011,6393.532726119249,6395.524285031842,直连,,True
T021,巡航,O01>S011,6395.524285031842,6397.515843944434,直连,,True
T021,巡航,O01>S011,6397.515843944434,6399.507402857026,直连,,True
T021,巡航,O01>S011,6399.507402857026,6401.498961769619,直连,,True
T021,巡航,O01>S011,6401.498961769619,6403.490520682211,直连,,True
T021,巡航,O01>S011,6403.490520682211,6405.4820795948035,直连,,True
T021,巡航,O01>S011,6405.4820795948035,6407.473638507397,直连,,True
T021,巡航,O01>S011,6407.473638507397,6409.465197419989,直连,,True
T021,巡航,O01>S011,6409.465197419989,6411.456756332581,直连,,True
T021,巡航,O01>S011,6411.456756332581,6413.448315245174,直连,,True
T021,巡航,O01>S011,6413.448315245174,6415.439874157766,直连,,True
T021,巡航,O01>S011,6415.439874157766,6417.431433070359,直连,,True
T021,巡航,O01>S011,6417.431433070359,6419.422991982951,直连,,True
T021,巡航,O01>S011,6419.422991982951,6421.4145508955435,直连,,True
T021,巡航,O01>S011,6421.4145508955435,6423.4061098081365,直连,,True
T021,巡航,O01>S011,6423.4061098081365,6425.397668720729,直连,,True
T021,巡航,O01>S011,6425.397668720729,6427.389227633321,直连,,True
T021,巡航,O01>S011,6427.389227633321,6429.380786545914,直连,,True
T021,巡航,O01>S011,6429.380786545914,6431.372345458506,直连,,True
T021,巡航,O01>S011,6431.372345458506,6433.363904371098,直连,,True
T021,巡航,O01>S011,6433.363904371098,6435.355463283691,直连,,True
T021,巡航,O01>S011,6435.355463283691,6437.347022196283,直连,,True
T021,巡航,O01>S011,6437.347022196283,6439.3385811088765,直连,,True
T021,巡航,O01>S011,6439.3385811088765,6441.330140021469,直连,,True
T021,巡航,O01>S011,6441.330140021469,6443.321698934061,直连,,True
T021,巡航,O01>S011,6443.321698934061,6445.313257846654,直连,,True
T021,巡航,O01>S011,6445.313257846654,6447.304816759246,直连,,True
T021,巡航,O01>S011,6447.304816759246,6449.296375671838,直连,,True
T021,巡航,O01>S011,6449.296375671838,6451.287934584431,直连,,True
T021,巡航,O01>S011,6451.287934584431,6453.279493497023,直连,,True
T021,巡航,O01>S011,6453.279493497023,6455.271052409616,直连,,True
T021,巡航,O01>S011,6455.271052409616,6457.262611322209,直连,,True
T021,巡航,O01>S011,6457.262611322209,6459.254170234801,直连,,True
T021,巡航,O01>S011,6459.254170234801,6461.245729147393,直连,,True
T021,巡航,O01>S011,6461.245729147393,6463.237288059986,直连,,True
T021,巡航,O01>S011,6463.237288059986,6465.228846972578,直连,,True
T021,巡航,O01>S011,6465.228846972578,6467.220405885171,直连,,True
T021,巡航,O01>S011,6467.220405885171,6469.211964797763,直连,,True
T021,巡航,O01>S011,6469.211964797763,6471.2035237103555,直连,,True
T021,巡航,O01>S011,6471.2035237103555,6473.195082622949,直连,,True
T021,巡航,O01>S011,6473.195082622949,6475.186641535541,直连,,True
T021,巡航,O01>S011,6475.186641535541,6477.178200448133,直连,,True
T021,巡航,O01>S011,6477.178200448133,6479.169759360726,直连,,True
T021,巡航,O01>S011,6479.169759360726,6481.161318273318,直连,,True
T021,巡航,O01>S011,6481.161318273318,6483.15287718591,直连,,True
T021,巡航,O01>S011,6483.15287718591,6485.144436098503,直连,,True
T021,巡航,O01>S011,6485.144436098503,6487.1359950110955,直连,,True
T021,巡航,O01>S011,6487.1359950110955,6489.1275539236885,直连,,True
T021,巡航,O01>S011,6489.1275539236885,6491.119112836281,直连,,True
T021,巡航,O01>S011,6491.119112836281,6493.110671748873,直连,,True
T021,巡航,O01>S011,6493.110671748873,6495.102230661466,直连,,True
T021,巡航,O01>S011,6495.102230661466,6497.093789574058,直连,,True
T021,下降,O01>S011,6497.093789574058,6508.1953569568705,直连,,True
T021,下降,O01>S011,6508.1953569568705,6519.296924339683,直连,,True
T021,下降,O01>S011,6519.296924339683,6530.398491722495,直连,,True
T021,投送,S011,6530.398491722495,6770.398491722495,直连,,True
T021,爬升,S011>O01,6770.398491722495,6779.649797874839,直连,,True
T021,爬升,S011>O01,6779.649797874839,6788.901104027183,直连,,True
T021,爬升,S011>O01,6788.901104027183,6798.152410179527,直连,,True
T021,巡航,S011>O01,6798.152410179527,6800.143969092119,直连,,True
T021,巡航,S011>O01,6800.143969092119,6802.135528004712,直连,,True
T021,巡航,S011>O01,6802.135528004712,6804.127086917304,直连,,True
T021,巡航,S011>O01,6804.127086917304,6806.118645829896,直连,,True
T021,巡航,S011>O01,6806.118645829896,6808.110204742489,直连,,True
T021,巡航,S011>O01,6808.110204742489,6810.101763655081,直连,,True
T021,巡航,S011>O01,6810.101763655081,6812.0933225676745,直连,,True
T021,巡航,S011>O01,6812.0933225676745,6814.084881480267,直连,,True
T021,巡航,S011>O01,6814.084881480267,6816.076440392859,直连,,True
T021,巡航,S011>O01,6816.076440392859,6818.067999305452,直连,,True
T021,巡航,S011>O01,6818.067999305452,6820.059558218044,直连,,True
T021,巡航,S011>O01,6820.059558218044,6822.051117130636,直连,,True
T021,巡航,S011>O01,6822.051117130636,6824.042676043229,直连,,True
T021,巡航,S011>O01,6824.042676043229,6826.034234955821,直连,,True
T021,巡航,S011>O01,6826.034234955821,6828.0257938684135,直连,,True
T021,巡航,S011>O01,6828.0257938684135,6830.017352781007,直连,,True
T021,巡航,S011>O01,6830.017352781007,6832.008911693599,直连,,True
T021,巡航,S011>O01,6832.008911693599,6834.000470606192,直连,,True
T021,巡航,S011>O01,6834.000470606192,6835.992029518784,直连,,True
T021,巡航,S011>O01,6835.992029518784,6837.983588431376,直连,,True
T021,巡航,S011>O01,6837.983588431376,6839.975147343969,直连,,True
T021,巡航,S011>O01,6839.975147343969,6841.966706256561,直连,,True
T021,巡航,S011>O01,6841.966706256561,6843.9582651691535,直连,,True
T021,巡航,S011>O01,6843.9582651691535,6845.949824081747,直连,,True
T021,巡航,S011>O01,6845.949824081747,6847.941382994339,直连,,True
T021,巡航,S011>O01,6847.941382994339,6849.932941906931,直连,,True
T021,巡航,S011>O01,6849.932941906931,6851.924500819524,直连,,True
T021,巡航,S011>O01,6851.924500819524,6853.916059732116,直连,,True
T021,巡航,S011>O01,6853.916059732116,6855.907618644708,直连,,True
T021,巡航,S011>O01,6855.907618644708,6857.899177557301,直连,,True
T021,巡航,S011>O01,6857.899177557301,6859.890736469893,直连,,True
T021,巡航,S011>O01,6859.890736469893,6861.8822953824865,直连,,True
T021,巡航,S011>O01,6861.8822953824865,6863.873854295079,直连,,True
T021,巡航,S011>O01,6863.873854295079,6865.865413207671,直连,,True
T021,巡航,S011>O01,6865.865413207671,6867.856972120264,直连,,True
T021,巡航,S011>O01,6867.856972120264,6869.848531032856,直连,,True
T021,巡航,S011>O01,6869.848531032856,6871.840089945448,直连,,True
T021,巡航,S011>O01,6871.840089945448,6873.831648858041,直连,,True
T021,巡航,S011>O01,6873.831648858041,6875.823207770633,直连,,True
T021,巡航,S011>O01,6875.823207770633,6877.814766683226,直连,,True
T021,巡航,S011>O01,6877.814766683226,6879.806325595819,直连,,True
T021,巡航,S011>O01,6879.806325595819,6881.797884508411,直连,,True
T021,巡航,S011>O01,6881.797884508411,6883.789443421004,直连,,True
T021,巡航,S011>O01,6883.789443421004,6885.781002333596,直连,,True
T021,巡航,S011>O01,6885.781002333596,6887.772561246188,直连,,True
T021,巡航,S011>O01,6887.772561246188,6889.764120158781,直连,,True
T021,巡航,S011>O01,6889.764120158781,6891.755679071373,直连,,True
T021,巡航,S011>O01,6891.755679071373,6893.7472379839655,直连,,True
T021,巡航,S011>O01,6893.7472379839655,6895.738796896559,直连,,True
T021,巡航,S011>O01,6895.738796896559,6897.730355809151,直连,,True
T021,巡航,S011>O01,6897.730355809151,6899.721914721743,直连,,True
T021,巡航,S011>O01,6899.721914721743,6901.713473634336,直连,,True
T021,巡航,S011>O01,6901.713473634336,6903.705032546928,直连,,True
T021,巡航,S011>O01,6903.705032546928,6905.696591459521,直连,,True
T021,巡航,S011>O01,6905.696591459521,6907.688150372113,直连,,True
T021,巡航,S011>O01,6907.688150372113,6909.6797092847055,直连,,True
T021,巡航,S011>O01,6909.6797092847055,6911.671268197299,直连,,True
T021,巡航,S011>O01,6911.671268197299,6913.662827109891,直连,,True
T021,巡航,S011>O01,6913.662827109891,6915.654386022483,直连,,True
T021,巡航,S011>O01,6915.654386022483,6917.645944935076,直连,,True
T021,巡航,S011>O01,6917.645944935076,6919.637503847668,直连,,True
T021,巡航,S011>O01,6919.637503847668,6921.62906276026,直连,,True
T021,巡航,S011>O01,6921.62906276026,6923.620621672853,直连,,True
T021,巡航,S011>O01,6923.620621672853,6925.6121805854455,直连,,True
T021,巡航,S011>O01,6925.6121805854455,6927.6037394980385,直连,,True
T021,巡航,S011>O01,6927.6037394980385,6929.595298410631,直连,,True
T021,巡航,S011>O01,6929.595298410631,6931.586857323223,直连,,True
T021,巡航,S011>O01,6931.586857323223,6933.578416235816,直连,,True
T021,巡航,S011>O01,6933.578416235816,6935.569975148408,直连,,True
T021,巡航,S011>O01,6935.569975148408,6937.561534061,直连,,True
T021,巡航,S011>O01,6937.561534061,6939.553092973593,直连,,True
T021,巡航,S011>O01,6939.553092973593,6941.544651886185,直连,,True
T021,巡航,S011>O01,6941.544651886185,6943.536210798778,直连,,True
T021,巡航,S011>O01,6943.536210798778,6945.527769711371,直连,,True
T021,巡航,S011>O01,6945.527769711371,6947.519328623963,直连,,True
T021,巡航,S011>O01,6947.519328623963,6949.510887536555,直连,,True
T021,巡航,S011>O01,6949.510887536555,6951.502446449148,直连,,True
T021,巡航,S011>O01,6951.502446449148,6953.49400536174,直连,,True
T021,巡航,S011>O01,6953.49400536174,6955.485564274333,直连,,True
T021,巡航,S011>O01,6955.485564274333,6957.477123186925,直连,,True
T021,巡航,S011>O01,6957.477123186925,6959.4686820995175,直连,,True
T021,巡航,S011>O01,6959.4686820995175,6961.460241012111,直连,,True
T021,巡航,S011>O01,6961.460241012111,6963.451799924703,直连,,True
T021,巡航,S011>O01,6963.451799924703,6965.443358837295,直连,,True
T021,巡航,S011>O01,6965.443358837295,6967.434917749888,直连,,True
T021,巡航,S011>O01,6967.434917749888,6969.42647666248,直连,,True
T021,巡航,S011>O01,6969.42647666248,6971.418035575072,直连,,True
T021,巡航,S011>O01,6971.418035575072,6973.409594487665,直连,,True
T021,巡航,S011>O01,6973.409594487665,6975.4011534002575,直连,,True
T021,巡航,S011>O01,6975.4011534002575,6977.392712312851,直连,,True
T021,巡航,S011>O01,6977.392712312851,6979.384271225443,直连,,True
T021,巡航,S011>O01,6979.384271225443,6981.375830138035,直连,,True
T021,巡航,S011>O01,6981.375830138035,6983.367389050628,直连,,True
T021,巡航,S011>O01,6983.367389050628,6985.35894796322,直连,,True
T021,下降,S011>O01,6985.35894796322,6996.536398321293,直连,,True
T021,下降,S011>O01,6996.536398321293,7007.713848679366,直连,,True
T021,下降,S011>O01,7007.713848679366,7018.891299037439,直连,,True
T021,下降,S011>O01,7018.891299037439,7030.068749395512,直连,,True
T021,下降,S011>O01,7030.068749395512,7041.246199753585,直连,,True
T021,下降,S011>O01,7041.246199753585,7052.4236501116575,直连,,True
T022,爬升,O01>S012,390.0,399.5200331624349,直连,,True
T022,爬升,O01>S012,399.5200331624349,409.04006632486977,直连,,True
T022,爬升,O01>S012,409.04006632486977,418.5600994873047,直连,,True
T022,爬升,O01>S012,418.5600994873047,428.0801326497396,直连,,True
T022,爬升,O01>S012,428.0801326497396,437.6001658121745,直连,,True
T022,爬升,O01>S012,437.6001658121745,447.12019897460937,直连,,True
T022,爬升,O01>S012,447.12019897460937,456.6402321370443,直连,,True
T022,爬升,O01>S012,456.6402321370443,466.1602652994792,直连,,True
T022,爬升,O01>S012,466.1602652994792,475.68029846191405,直连,,True
T022,爬升,O01>S012,475.68029846191405,485.20033162434896,直连,,True
T022,巡航,O01>S012,485.20033162434896,487.19505449241154,直连,,True
T022,巡航,O01>S012,487.19505449241154,489.18977736047407,直连,,True
T022,巡航,O01>S012,489.18977736047407,491.18450022853665,直连,,True
T022,巡航,O01>S012,491.18450022853665,493.17922309659923,直连,,True
T022,巡航,O01>S012,493.17922309659923,495.17394596466175,直连,,True
T022,巡航,O01>S012,495.17394596466175,497.16866883272434,直连,,True
T022,巡航,O01>S012,497.16866883272434,499.1633917007869,直连,,True
T022,巡航,O01>S012,499.1633917007869,501.15811456884944,直连,,True
T022,巡航,O01>S012,501.15811456884944,503.152837436912,直连,,True
T022,巡航,O01>S012,503.152837436912,505.1475603049746,直连,,True
T022,巡航,O01>S012,505.1475603049746,507.14228317303713,直连,,True
T022,巡航,O01>S012,507.14228317303713,509.1370060410997,直连,,True
T022,巡航,O01>S012,509.1370060410997,511.13172890916223,直连,,True
T022,巡航,O01>S012,511.13172890916223,513.1264517772248,直连,,True
T022,巡航,O01>S012,513.1264517772248,515.1211746452874,直连,,True
T022,巡航,O01>S012,515.1211746452874,517.11589751335,直连,,True
T022,巡航,O01>S012,517.11589751335,519.1106203814124,直连,,True
T022,巡航,O01>S012,519.1106203814124,521.105343249475,直连,,True
T022,巡航,O01>S012,521.105343249475,523.1000661175376,直连,,True
T022,巡航,O01>S012,523.1000661175376,525.0947889856002,直连,,True
T022,巡航,O01>S012,525.0947889856002,527.0895118536628,直连,,True
T022,巡航,O01>S012,527.0895118536628,529.0842347217254,直连,,True
T022,巡航,O01>S012,529.0842347217254,531.0789575897878,直连,,True
T022,巡航,O01>S012,531.0789575897878,533.0736804578504,直连,,True
T022,巡航,O01>S012,533.0736804578504,535.068403325913,直连,,True
T022,巡航,O01>S012,535.068403325913,537.0631261939756,直连,,True
T022,巡航,O01>S012,537.0631261939756,539.0578490620381,直连,,True
T022,巡航,O01>S012,539.0578490620381,541.0525719301007,直连,,True
T022,巡航,O01>S012,541.0525719301007,543.0472947981632,直连,,True
T022,巡航,O01>S012,543.0472947981632,545.0420176662258,直连,,True
T022,巡航,O01>S012,545.0420176662258,547.0367405342884,直连,,True
T022,巡航,O01>S012,547.0367405342884,549.0314634023509,直连,,True
T022,巡航,O01>S012,549.0314634023509,551.0261862704135,直连,,True
T022,巡航,O01>S012,551.0261862704135,553.0209091384761,直连,,True
T022,巡航,O01>S012,553.0209091384761,555.0156320065386,直连,,True
T022,巡航,O01>S012,555.0156320065386,557.0103548746011,直连,,True
T022,巡航,O01>S012,557.0103548746011,559.0050777426637,直连,,True
T022,巡航,O01>S012,559.0050777426637,560.9998006107263,直连,,True
T022,巡航,O01>S012,560.9998006107263,562.9945234787889,直连,,True
T022,巡航,O01>S012,562.9945234787889,564.9892463468514,直连,,True
T022,巡航,O01>S012,564.9892463468514,566.9839692149139,直连,,True
T022,巡航,O01>S012,566.9839692149139,568.9786920829765,直连,,True
T022,巡航,O01>S012,568.9786920829765,570.9734149510391,直连,,True
T022,巡航,O01>S012,570.9734149510391,572.9681378191017,直连,,True
T022,巡航,O01>S012,572.9681378191017,574.9628606871643,直连,,True
T022,巡航,O01>S012,574.9628606871643,576.9575835552267,直连,,True
T022,巡航,O01>S012,576.9575835552267,578.9523064232893,直连,,True
T022,巡航,O01>S012,578.9523064232893,580.9470292913519,直连,,True
T022,巡航,O01>S012,580.9470292913519,582.9417521594145,直连,,True
T022,巡航,O01>S012,582.9417521594145,584.9364750274771,直连,,True
T022,巡航,O01>S012,584.9364750274771,586.9311978955395,直连,,True
T022,巡航,O01>S012,586.9311978955395,588.9259207636021,直连,,True
T022,巡航,O01>S012,588.9259207636021,590.9206436316647,直连,,True
T022,巡航,O01>S012,590.9206436316647,592.9153664997273,直连,,True
T022,巡航,O01>S012,592.9153664997273,594.9100893677899,直连,,True
T022,巡航,O01>S012,594.9100893677899,596.9048122358524,直连,,True
T022,巡航,O01>S012,596.9048122358524,598.899535103915,直连,,True
T022,巡航,O01>S012,598.899535103915,600.8942579719775,直连,,True
T022,巡航,O01>S012,600.8942579719775,602.8889808400401,直连,,True
T022,巡航,O01>S012,602.8889808400401,604.8837037081026,直连,,True
T022,巡航,O01>S012,604.8837037081026,606.8784265761652,直连,,True
T022,巡航,O01>S012,606.8784265761652,608.8731494442277,直连,,True
T022,巡航,O01>S012,608.8731494442277,610.8678723122903,直连,,True
T022,巡航,O01>S012,610.8678723122903,612.8625951803529,直连,,True
T022,巡航,O01>S012,612.8625951803529,614.8573180484154,直连,,True
T022,巡航,O01>S012,614.8573180484154,616.852040916478,直连,,True
T022,巡航,O01>S012,616.852040916478,618.8467637845406,直连,,True
T022,巡航,O01>S012,618.8467637845406,620.8414866526032,直连,,True
T022,巡航,O01>S012,620.8414866526032,622.8362095206658,直连,,True
T022,巡航,O01>S012,622.8362095206658,624.8309323887282,直连,,True
T022,巡航,O01>S012,624.8309323887282,626.8256552567908,直连,,True
T022,巡航,O01>S012,626.8256552567908,628.8203781248534,直连,,True
T022,巡航,O01>S012,628.8203781248534,630.815100992916,直连,,True
T022,巡航,O01>S012,630.815100992916,632.8098238609784,直连,,True
T022,巡航,O01>S012,632.8098238609784,634.804546729041,直连,,True
T022,巡航,O01>S012,634.804546729041,636.7992695971036,直连,,True
T022,巡航,O01>S012,636.7992695971036,638.7939924651662,直连,,True
T022,巡航,O01>S012,638.7939924651662,640.7887153332288,直连,,True
T022,巡航,O01>S012,640.7887153332288,642.7834382012913,直连,,True
T022,巡航,O01>S012,642.7834382012913,644.7781610693539,直连,,True
T022,巡航,O01>S012,644.7781610693539,646.7728839374164,直连,,True
T022,巡航,O01>S012,646.7728839374164,648.767606805479,直连,,True
T022,巡航,O01>S012,648.767606805479,650.7623296735416,直连,,True
T022,巡航,O01>S012,650.7623296735416,652.7570525416041,直连,,True
T022,巡航,O01>S012,652.7570525416041,654.7517754096666,直连,,True
T022,巡航,O01>S012,654.7517754096666,656.7464982777292,直连,,True
T022,巡航,O01>S012,656.7464982777292,658.7412211457918,直连,,True
T022,巡航,O01>S012,658.7412211457918,660.7359440138544,直连,,True
T022,巡航,O01>S012,660.7359440138544,662.7306668819169,直连,,True
T022,巡航,O01>S012,662.7306668819169,664.7253897499795,直连,,True
T022,巡航,O01>S012,664.7253897499795,666.7201126180421,直连,,True
T022,巡航,O01>S012,666.7201126180421,668.7148354861046,直连,,True
T022,巡航,O01>S012,668.7148354861046,670.7095583541671,直连,,True
T022,巡航,O01>S012,670.7095583541671,672.7042812222297,直连,,True
T022,巡航,O01>S012,672.7042812222297,674.6990040902923,直连,,True
T022,巡航,O01>S012,674.6990040902923,676.6937269583548,直连,,True
T022,巡航,O01>S012,676.6937269583548,678.6884498264174,直连,,True
T022,巡航,O01>S012,678.6884498264174,680.6831726944799,直连,,True
T022,巡航,O01>S012,680.6831726944799,682.6778955625425,直连,,True
T022,巡航,O01>S012,682.6778955625425,684.6726184306051,直连,,True
T022,巡航,O01>S012,684.6726184306051,686.6673412986677,直连,,True
T022,巡航,O01>S012,686.6673412986677,688.6620641667303,直连,,True
T022,巡航,O01>S012,688.6620641667303,690.6567870347927,直连,,True
T022,巡航,O01>S012,690.6567870347927,692.6515099028553,直连,,True
T022,巡航,O01>S012,692.6515099028553,694.6462327709179,直连,,True
T022,巡航,O01>S012,694.6462327709179,696.6409556389805,直连,,True
T022,巡航,O01>S012,696.6409556389805,698.6356785070429,直连,,True
T022,巡航,O01>S012,698.6356785070429,700.6304013751055,直连,,True
T022,巡航,O01>S012,700.6304013751055,702.6251242431681,直连,,True
T022,巡航,O01>S012,702.6251242431681,704.6198471112307,直连,,True
T022,巡航,O01>S012,704.6198471112307,706.6145699792933,直连,,True
T022,巡航,O01>S012,706.6145699792933,708.6092928473558,直连,,True
T022,巡航,O01>S012,708.6092928473558,710.6040157154184,直连,,True
T022,巡航,O01>S012,710.6040157154184,712.598738583481,直连,,True
T022,巡航,O01>S012,712.598738583481,714.5934614515435,直连,,True
T022,巡航,O01>S012,714.5934614515435,716.5881843196061,直连,,True
T022,巡航,O01>S012,716.5881843196061,718.5829071876686,直连,,True
T022,巡航,O01>S012,718.5829071876686,720.5776300557312,直连,,True
T022,巡航,O01>S012,720.5776300557312,722.5723529237937,直连,,True
T022,巡航,O01>S012,722.5723529237937,724.5670757918563,直连,,True
T022,巡航,O01>S012,724.5670757918563,726.5617986599188,直连,,True
T022,巡航,O01>S012,726.5617986599188,728.5565215279814,直连,,True
T022,巡航,O01>S012,728.5565215279814,730.551244396044,直连,,True
T022,巡航,O01>S012,730.551244396044,732.5459672641066,直连,,True
T022,巡航,O01>S012,732.5459672641066,734.5406901321692,直连,,True
T022,巡航,O01>S012,734.5406901321692,736.5354130002318,直连,,True
T022,巡航,O01>S012,736.5354130002318,738.5301358682942,直连,,True
T022,巡航,O01>S012,738.5301358682942,740.5248587363568,直连,,True
T022,巡航,O01>S012,740.5248587363568,742.5195816044194,直连,,True
T022,巡航,O01>S012,742.5195816044194,744.5143044724819,直连,,True
T022,巡航,O01>S012,744.5143044724819,746.5090273405444,直连,,True
T022,巡航,O01>S012,746.5090273405444,747.5063887745757,直连,,True
T022,巡航,O01>S012,747.5063887745757,748.503750208607,中继兜底,R-S03,True
T022,巡航,O01>S012,748.503750208607,750.4984730766696,中继兜底,R-S03,True
T022,巡航,O01>S012,750.4984730766696,752.4931959447322,中继兜底,R-S03,True
T022,巡航,O01>S012,752.4931959447322,754.4879188127948,中继兜底,R-S03,True
T022,巡航,O01>S012,754.4879188127948,756.4826416808573,中继兜底,R-S03,True
T022,巡航,O01>S012,756.4826416808573,758.4773645489199,中继兜底,R-S03,True
T022,巡航,O01>S012,758.4773645489199,760.4720874169825,中继兜底,R-S03,True
T022,巡航,O01>S012,760.4720874169825,762.466810285045,中继兜底,R-S03,True
T022,巡航,O01>S012,762.466810285045,764.4615331531076,中继兜底,R-S03,True
T022,巡航,O01>S012,764.4615331531076,766.45625602117,中继兜底,R-S03,True
T022,巡航,O01>S012,766.45625602117,768.4509788892326,中继兜底,R-S03,True
T022,巡航,O01>S012,768.4509788892326,770.4457017572952,中继兜底,R-S03,True
T022,巡航,O01>S012,770.4457017572952,772.4404246253578,中继兜底,R-S03,True
T022,巡航,O01>S012,772.4404246253578,774.4351474934203,中继兜底,R-S03,True
T022,巡航,O01>S012,774.4351474934203,776.4298703614829,中继兜底,R-S03,True
T022,巡航,O01>S012,776.4298703614829,778.4245932295455,中继兜底,R-S03,True
T022,巡航,O01>S012,778.4245932295455,780.4193160976081,中继兜底,R-S03,True
T022,巡航,O01>S012,780.4193160976081,782.4140389656707,中继兜底,R-S03,True
T022,巡航,O01>S012,782.4140389656707,784.4087618337331,中继兜底,R-S03,True
T022,巡航,O01>S012,784.4087618337331,786.4034847017957,中继兜底,R-S03,True
T022,巡航,O01>S012,786.4034847017957,788.3982075698583,中继兜底,R-S03,True
T022,巡航,O01>S012,788.3982075698583,790.3929304379208,中继兜底,R-S03,True
T022,巡航,O01>S012,790.3929304379208,792.3876533059833,中继兜底,R-S03,True
T022,巡航,O01>S012,792.3876533059833,794.3823761740459,中继兜底,R-S03,True
T022,巡航,O01>S012,794.3823761740459,796.3770990421085,中继兜底,R-S03,True
T022,巡航,O01>S012,796.3770990421085,798.3718219101711,中继兜底,R-S03,True
T022,巡航,O01>S012,798.3718219101711,800.3665447782337,中继兜底,R-S03,True
T022,巡航,O01>S012,800.3665447782337,802.3612676462963,中继兜底,R-S03,True
T022,巡航,O01>S012,802.3612676462963,804.3559905143588,中继兜底,R-S03,True
T022,巡航,O01>S012,804.3559905143588,806.3507133824214,中继兜底,R-S03,True
T022,巡航,O01>S012,806.3507133824214,808.3454362504839,中继兜底,R-S03,True
T022,巡航,O01>S012,808.3454362504839,810.3401591185465,中继兜底,R-S03,True
T022,巡航,O01>S012,810.3401591185465,812.334881986609,中继兜底,R-S03,True
T022,巡航,O01>S012,812.334881986609,814.3296048546715,中继兜底,R-S03,True
T022,巡航,O01>S012,814.3296048546715,816.3243277227341,中继兜底,R-S03,True
T022,巡航,O01>S012,816.3243277227341,818.3190505907967,中继兜底,R-S03,True
T022,巡航,O01>S012,818.3190505907967,820.3137734588593,中继兜底,R-S03,True
T022,巡航,O01>S012,820.3137734588593,822.3084963269218,中继兜底,R-S03,True
T022,巡航,O01>S012,822.3084963269218,824.3032191949844,中继兜底,R-S03,True
T022,巡航,O01>S012,824.3032191949844,826.297942063047,中继兜底,R-S03,True
T022,巡航,O01>S012,826.297942063047,828.2926649311096,中继兜底,R-S03,True
T022,巡航,O01>S012,828.2926649311096,830.287387799172,中继兜底,R-S03,True
T022,巡航,O01>S012,830.287387799172,832.2821106672346,中继兜底,R-S03,True
T022,巡航,O01>S012,832.2821106672346,834.2768335352972,中继兜底,R-S03,True
T022,巡航,O01>S012,834.2768335352972,836.2715564033597,中继兜底,R-S03,True
T022,巡航,O01>S012,836.2715564033597,838.2662792714223,中继兜底,R-S03,True
T022,巡航,O01>S012,838.2662792714223,840.2610021394848,中继兜底,R-S03,True
T022,巡航,O01>S012,840.2610021394848,842.2557250075474,中继兜底,R-S03,True
T022,巡航,O01>S012,842.2557250075474,844.25044787561,中继兜底,R-S03,True
T022,巡航,O01>S012,844.25044787561,846.2451707436726,中继兜底,R-S03,True
T022,巡航,O01>S012,846.2451707436726,848.2398936117352,中继兜底,R-S03,True
T022,巡航,O01>S012,848.2398936117352,850.2346164797978,中继兜底,R-S03,True
T022,巡航,O01>S012,850.2346164797978,852.2293393478602,中继兜底,R-S03,True
T022,巡航,O01>S012,852.2293393478602,854.2240622159228,中继兜底,R-S03,True
T022,巡航,O01>S012,854.2240622159228,856.2187850839853,中继兜底,R-S03,True
T022,巡航,O01>S012,856.2187850839853,858.2135079520478,中继兜底,R-S03,True
T022,巡航,O01>S012,858.2135079520478,860.2082308201104,中继兜底,R-S03,True
T022,巡航,O01>S012,860.2082308201104,862.202953688173,中继兜底,R-S03,True
T022,巡航,O01>S012,862.202953688173,864.1976765562356,中继兜底,R-S03,True
T022,巡航,O01>S012,864.1976765562356,866.1923994242982,中继兜底,R-S03,True
T022,巡航,O01>S012,866.1923994242982,868.1871222923608,中继兜底,R-S03,True
T022,巡航,O01>S012,868.1871222923608,870.1818451604233,中继兜底,R-S03,True
T022,巡航,O01>S012,870.1818451604233,872.1765680284858,中继兜底,R-S03,True
T022,巡航,O01>S012,872.1765680284858,874.1712908965484,中继兜底,R-S03,True
T022,巡航,O01>S012,874.1712908965484,876.166013764611,中继兜底,R-S03,True
T022,巡航,O01>S012,876.166013764611,878.1607366326734,中继兜底,R-S03,True
T022,巡航,O01>S012,878.1607366326734,880.155459500736,中继兜底,R-S03,True
T022,巡航,O01>S012,880.155459500736,882.1501823687986,中继兜底,R-S03,True
T022,巡航,O01>S012,882.1501823687986,884.1449052368612,中继兜底,R-S03,True
T022,巡航,O01>S012,884.1449052368612,886.1396281049238,中继兜底,R-S03,True
T022,巡航,O01>S012,886.1396281049238,888.1343509729863,中继兜底,R-S03,True
T022,巡航,O01>S012,888.1343509729863,890.1290738410489,中继兜底,R-S03,True
T022,巡航,O01>S012,890.1290738410489,892.1237967091115,中继兜底,R-S03,True
T022,巡航,O01>S012,892.1237967091115,894.118519577174,中继兜底,R-S03,True
T022,巡航,O01>S012,894.118519577174,896.1132424452366,中继兜底,R-S03,True
T022,巡航,O01>S012,896.1132424452366,898.1079653132991,中继兜底,R-S03,True
T022,巡航,O01>S012,898.1079653132991,900.1026881813616,中继兜底,R-S03,True
T022,巡航,O01>S012,900.1026881813616,902.0974110494242,中继兜底,R-S03,True
T022,巡航,O01>S012,902.0974110494242,904.0921339174868,中继兜底,R-S03,True
T022,巡航,O01>S012,904.0921339174868,906.0868567855493,中继兜底,R-S03,True
T022,巡航,O01>S012,906.0868567855493,908.0815796536119,中继兜底,R-S03,True
T022,巡航,O01>S012,908.0815796536119,910.0763025216745,中继兜底,R-S03,True
T022,巡航,O01>S012,910.0763025216745,912.0710253897371,中继兜底,R-S03,True
T022,巡航,O01>S012,912.0710253897371,914.0657482577997,中继兜底,R-S03,True
T022,巡航,O01>S012,914.0657482577997,916.0604711258623,中继兜底,R-S03,True
T022,巡航,O01>S012,916.0604711258623,918.0551939939247,中继兜底,R-S03,True
T022,巡航,O01>S012,918.0551939939247,920.0499168619873,中继兜底,R-S03,True
T022,巡航,O01>S012,920.0499168619873,922.0446397300499,中继兜底,R-S03,True
T022,巡航,O01>S012,922.0446397300499,924.0393625981123,中继兜底,R-S03,True
T022,巡航,O01>S012,924.0393625981123,926.0340854661749,中继兜底,R-S03,True
T022,巡航,O01>S012,926.0340854661749,928.0288083342375,中继兜底,R-S03,True
T022,巡航,O01>S012,928.0288083342375,930.0235312023001,中继兜底,R-S03,True
T022,巡航,O01>S012,930.0235312023001,932.0182540703627,中继兜底,R-S03,True
T022,巡航,O01>S012,932.0182540703627,934.0129769384253,中继兜底,R-S03,True
T022,巡航,O01>S012,934.0129769384253,936.0076998064878,中继兜底,R-S03,True
T022,巡航,O01>S012,936.0076998064878,938.0024226745504,中继兜底,R-S03,True
T022,巡航,O01>S012,938.0024226745504,939.997145542613,中继兜底,R-S03,True
T022,巡航,O01>S012,939.997145542613,941.9918684106755,中继兜底,R-S03,True
T022,巡航,O01>S012,941.9918684106755,943.986591278738,中继兜底,R-S03,True
T022,巡航,O01>S012,943.986591278738,945.9813141468006,中继兜底,R-S03,True
T022,巡航,O01>S012,945.9813141468006,947.9760370148631,中继兜底,R-S03,True
T022,巡航,O01>S012,947.9760370148631,949.9707598829257,中继兜底,R-S03,True
T022,巡航,O01>S012,949.9707598829257,951.9654827509883,中继兜底,R-S03,True
T022,巡航,O01>S012,951.9654827509883,953.9602056190508,中继兜底,R-S03,True
T022,巡航,O01>S012,953.9602056190508,955.9549284871134,中继兜底,R-S03,True
T022,巡航,O01>S012,955.9549284871134,957.949651355176,中继兜底,R-S03,True
T022,巡航,O01>S012,957.949651355176,959.9443742232386,中继兜底,R-S03,True
T022,巡航,O01>S012,959.9443742232386,961.9390970913012,中继兜底,R-S03,True
T022,巡航,O01>S012,961.9390970913012,963.9338199593636,中继兜底,R-S03,True
T022,巡航,O01>S012,963.9338199593636,965.9285428274262,中继兜底,R-S03,True
T022,巡航,O01>S012,965.9285428274262,967.9232656954888,中继兜底,R-S03,True
T022,巡航,O01>S012,967.9232656954888,969.9179885635513,中继兜底,R-S03,True
T022,巡航,O01>S012,969.9179885635513,971.9127114316138,中继兜底,R-S03,True
T022,巡航,O01>S012,971.9127114316138,973.9074342996764,中继兜底,R-S03,True
T022,巡航,O01>S012,973.9074342996764,975.902157167739,中继兜底,R-S03,True
T022,巡航,O01>S012,975.902157167739,977.8968800358016,中继兜底,R-S03,True
T022,下降,O01>S012,977.8968800358016,988.5769596256454,中继兜底,R-S03,True
T022,下降,O01>S012,988.5769596256454,999.2570392154892,中继兜底,R-S03,True
T022,下降,O01>S012,999.2570392154892,1009.9371188053328,中继兜底,R-S03,True
T022,下降,O01>S012,1009.9371188053328,1020.6171983951766,中继兜底,R-S03,True
T022,下降,O01>S012,1020.6171983951766,1031.2972779850204,中继兜底,R-S03,True
T022,投送,S012,1031.2972779850204,1271.2972779850204,中继兜底,R-S03,True
T022,爬升,S012>O01,1271.2972779850204,1280.1973443098902,中继兜底,R-S03,True
T022,爬升,S012>O01,1280.1973443098902,1289.09741063476,中继兜底,R-S03,True
T022,爬升,S012>O01,1289.09741063476,1297.9974769596297,中继兜底,R-S03,True
T022,爬升,S012>O01,1297.9974769596297,1306.8975432844995,中继兜底,R-S03,True
T022,爬升,S012>O01,1306.8975432844995,1315.7976096093694,中继兜底,R-S03,True
T022,巡航,S012>O01,1315.7976096093694,1317.792332477432,中继兜底,R-S03,True
T022,巡航,S012>O01,1317.792332477432,1319.7870553454945,中继兜底,R-S03,True
T022,巡航,S012>O01,1319.7870553454945,1321.7817782135571,中继兜底,R-S03,True
T022,巡航,S012>O01,1321.7817782135571,1323.7765010816197,中继兜底,R-S03,True
T022,巡航,S012>O01,1323.7765010816197,1325.7712239496823,中继兜底,R-S03,True
T022,巡航,S012>O01,1325.7712239496823,1327.7659468177446,中继兜底,R-S03,True
T022,巡航,S012>O01,1327.7659468177446,1329.7606696858072,中继兜底,R-S03,True
T022,巡航,S012>O01,1329.7606696858072,1331.7553925538698,中继兜底,R-S03,True
T022,巡航,S012>O01,1331.7553925538698,1333.7501154219324,中继兜底,R-S03,True
T022,巡航,S012>O01,1333.7501154219324,1335.744838289995,中继兜底,R-S03,True
T022,巡航,S012>O01,1335.744838289995,1337.7395611580575,中继兜底,R-S03,True
T022,巡航,S012>O01,1337.7395611580575,1339.7342840261201,中继兜底,R-S03,True
T022,巡航,S012>O01,1339.7342840261201,1341.7290068941827,中继兜底,R-S03,True
T022,巡航,S012>O01,1341.7290068941827,1343.7237297622453,中继兜底,R-S03,True
T022,巡航,S012>O01,1343.7237297622453,1345.7184526303079,中继兜底,R-S03,True
T022,巡航,S012>O01,1345.7184526303079,1347.7131754983704,中继兜底,R-S03,True
T022,巡航,S012>O01,1347.7131754983704,1349.7078983664328,中继兜底,R-S03,True
T022,巡航,S012>O01,1349.7078983664328,1351.7026212344954,中继兜底,R-S03,True
T022,巡航,S012>O01,1351.7026212344954,1353.697344102558,中继兜底,R-S03,True
T022,巡航,S012>O01,1353.697344102558,1355.6920669706205,中继兜底,R-S03,True
T022,巡航,S012>O01,1355.6920669706205,1357.6867898386831,中继兜底,R-S03,True
T022,巡航,S012>O01,1357.6867898386831,1359.6815127067457,中继兜底,R-S03,True
T022,巡航,S012>O01,1359.6815127067457,1361.6762355748083,中继兜底,R-S03,True
T022,巡航,S012>O01,1361.6762355748083,1363.6709584428709,中继兜底,R-S03,True
T022,巡航,S012>O01,1363.6709584428709,1365.6656813109335,中继兜底,R-S03,True
T022,巡航,S012>O01,1365.6656813109335,1367.660404178996,中继兜底,R-S03,True
T022,巡航,S012>O01,1367.660404178996,1369.6551270470586,中继兜底,R-S03,True
T022,巡航,S012>O01,1369.6551270470586,1371.6498499151212,中继兜底,R-S03,True
T022,巡航,S012>O01,1371.6498499151212,1373.6445727831835,中继兜底,R-S03,True
T022,巡航,S012>O01,1373.6445727831835,1375.6392956512461,中继兜底,R-S03,True
T022,巡航,S012>O01,1375.6392956512461,1377.6340185193087,中继兜底,R-S03,True
T022,巡航,S012>O01,1377.6340185193087,1379.6287413873713,中继兜底,R-S03,True
T022,巡航,S012>O01,1379.6287413873713,1381.6234642554339,中继兜底,R-S03,True
T022,巡航,S012>O01,1381.6234642554339,1383.6181871234965,中继兜底,R-S03,True
T022,巡航,S012>O01,1383.6181871234965,1385.612909991559,中继兜底,R-S03,True
T022,巡航,S012>O01,1385.612909991559,1387.6076328596216,中继兜底,R-S03,True
T022,巡航,S012>O01,1387.6076328596216,1389.6023557276842,中继兜底,R-S03,True
T022,巡航,S012>O01,1389.6023557276842,1391.5970785957468,中继兜底,R-S03,True
T022,巡航,S012>O01,1391.5970785957468,1393.5918014638091,中继兜底,R-S03,True
T022,巡航,S012>O01,1393.5918014638091,1395.5865243318717,中继兜底,R-S03,True
T022,巡航,S012>O01,1395.5865243318717,1397.5812471999343,中继兜底,R-S03,True
T022,巡航,S012>O01,1397.5812471999343,1399.5759700679969,中继兜底,R-S03,True
T022,巡航,S012>O01,1399.5759700679969,1401.5706929360595,中继兜底,R-S03,True
T022,巡航,S012>O01,1401.5706929360595,1403.565415804122,中继兜底,R-S03,True
T022,巡航,S012>O01,1403.565415804122,1405.5601386721846,中继兜底,R-S03,True
T022,巡航,S012>O01,1405.5601386721846,1407.5548615402472,中继兜底,R-S03,True
T022,巡航,S012>O01,1407.5548615402472,1409.5495844083098,中继兜底,R-S03,True
T022,巡航,S012>O01,1409.5495844083098,1411.5443072763724,中继兜底,R-S03,True
T022,巡航,S012>O01,1411.5443072763724,1413.539030144435,中继兜底,R-S03,True
T022,巡航,S012>O01,1413.539030144435,1415.5337530124975,中继兜底,R-S03,True
T022,巡航,S012>O01,1415.5337530124975,1417.52847588056,中继兜底,R-S03,True
T022,巡航,S012>O01,1417.52847588056,1419.5231987486225,中继兜底,R-S03,True
T022,巡航,S012>O01,1419.5231987486225,1421.517921616685,中继兜底,R-S03,True
T022,巡航,S012>O01,1421.517921616685,1423.5126444847476,中继兜底,R-S03,True
T022,巡航,S012>O01,1423.5126444847476,1425.5073673528102,中继兜底,R-S03,True
T022,巡航,S012>O01,1425.5073673528102,1427.5020902208728,中继兜底,R-S03,True
T022,巡航,S012>O01,1427.5020902208728,1429.4968130889354,中继兜底,R-S03,True
T022,巡航,S012>O01,1429.4968130889354,1431.491535956998,中继兜底,R-S03,True
T022,巡航,S012>O01,1431.491535956998,1433.4862588250605,中继兜底,R-S03,True
T022,巡航,S012>O01,1433.4862588250605,1435.480981693123,中继兜底,R-S03,True
T022,巡航,S012>O01,1435.480981693123,1437.4757045611857,中继兜底,R-S03,True
T022,巡航,S012>O01,1437.4757045611857,1439.470427429248,中继兜底,R-S03,True
T022,巡航,S012>O01,1439.470427429248,1441.4651502973106,中继兜底,R-S03,True
T022,巡航,S012>O01,1441.4651502973106,1443.4598731653732,中继兜底,R-S03,True
T022,巡航,S012>O01,1443.4598731653732,1445.4545960334358,中继兜底,R-S03,True
T022,巡航,S012>O01,1445.4545960334358,1447.4493189014984,中继兜底,R-S03,True
T022,巡航,S012>O01,1447.4493189014984,1449.444041769561,中继兜底,R-S03,True
T022,巡航,S012>O01,1449.444041769561,1451.4387646376235,中继兜底,R-S03,True
T022,巡航,S012>O01,1451.4387646376235,1453.4334875056861,中继兜底,R-S03,True
T022,巡航,S012>O01,1453.4334875056861,1455.4282103737487,中继兜底,R-S03,True
T022,巡航,S012>O01,1455.4282103737487,1457.4229332418113,中继兜底,R-S03,True
T022,巡航,S012>O01,1457.4229332418113,1459.4176561098739,中继兜底,R-S03,True
T022,巡航,S012>O01,1459.4176561098739,1461.4123789779364,中继兜底,R-S03,True
T022,巡航,S012>O01,1461.4123789779364,1463.4071018459988,中继兜底,R-S03,True
T022,巡航,S012>O01,1463.4071018459988,1465.4018247140614,中继兜底,R-S03,True
T022,巡航,S012>O01,1465.4018247140614,1467.396547582124,中继兜底,R-S03,True
T022,巡航,S012>O01,1467.396547582124,1469.3912704501865,中继兜底,R-S03,True
T022,巡航,S012>O01,1469.3912704501865,1471.3859933182491,中继兜底,R-S03,True
T022,巡航,S012>O01,1471.3859933182491,1473.3807161863117,中继兜底,R-S03,True
T022,巡航,S012>O01,1473.3807161863117,1475.3754390543743,中继兜底,R-S03,True
T022,巡航,S012>O01,1475.3754390543743,1477.3701619224369,中继兜底,R-S03,True
T022,巡航,S012>O01,1477.3701619224369,1479.3648847904994,中继兜底,R-S03,True
T022,巡航,S012>O01,1479.3648847904994,1481.359607658562,中继兜底,R-S03,True
T022,巡航,S012>O01,1481.359607658562,1483.3543305266244,中继兜底,R-S03,True
T022,巡航,S012>O01,1483.3543305266244,1485.349053394687,中继兜底,R-S03,True
T022,巡航,S012>O01,1485.349053394687,1487.3437762627495,中继兜底,R-S03,True
T022,巡航,S012>O01,1487.3437762627495,1489.3384991308121,中继兜底,R-S03,True
T022,巡航,S012>O01,1489.3384991308121,1491.3332219988747,中继兜底,R-S03,True
T022,巡航,S012>O01,1491.3332219988747,1493.3279448669373,中继兜底,R-S03,True
T022,巡航,S012>O01,1493.3279448669373,1495.3226677349999,中继兜底,R-S03,True
T022,巡航,S012>O01,1495.3226677349999,1497.3173906030624,中继兜底,R-S03,True
T022,巡航,S012>O01,1497.3173906030624,1499.312113471125,中继兜底,R-S03,True
T022,巡航,S012>O01,1499.312113471125,1501.3068363391876,中继兜底,R-S03,True
T022,巡航,S012>O01,1501.3068363391876,1503.3015592072502,中继兜底,R-S03,True
T022,巡航,S012>O01,1503.3015592072502,1505.2962820753128,中继兜底,R-S03,True
T022,巡航,S012>O01,1505.2962820753128,1507.2910049433754,中继兜底,R-S03,True
T022,巡航,S012>O01,1507.2910049433754,1509.2857278114377,中继兜底,R-S03,True
T022,巡航,S012>O01,1509.2857278114377,1511.2804506795003,中继兜底,R-S03,True
T022,巡航,S012>O01,1511.2804506795003,1513.2751735475629,中继兜底,R-S03,True
T022,巡航,S012>O01,1513.2751735475629,1515.2698964156255,中继兜底,R-S03,True
T022,巡航,S012>O01,1515.2698964156255,1517.264619283688,中继兜底,R-S03,True
T022,巡航,S012>O01,1517.264619283688,1519.2593421517506,中继兜底,R-S03,True
T022,巡航,S012>O01,1519.2593421517506,1521.2540650198132,中继兜底,R-S03,True
T022,巡航,S012>O01,1521.2540650198132,1523.2487878878758,中继兜底,R-S03,True
T022,巡航,S012>O01,1523.2487878878758,1525.2435107559384,中继兜底,R-S03,True
T022,巡航,S012>O01,1525.2435107559384,1527.2382336240007,中继兜底,R-S03,True
T022,巡航,S012>O01,1527.2382336240007,1529.2329564920633,中继兜底,R-S03,True
T022,巡航,S012>O01,1529.2329564920633,1531.2276793601259,中继兜底,R-S03,True
T022,巡航,S012>O01,1531.2276793601259,1533.2224022281885,中继兜底,R-S03,True
T022,巡航,S012>O01,1533.2224022281885,1535.217125096251,中继兜底,R-S03,True
T022,巡航,S012>O01,1535.217125096251,1537.2118479643136,中继兜底,R-S03,True
T022,巡航,S012>O01,1537.2118479643136,1539.2065708323762,中继兜底,R-S03,True
T022,巡航,S012>O01,1539.2065708323762,1541.2012937004388,中继兜底,R-S03,True
T022,巡航,S012>O01,1541.2012937004388,1543.1960165685014,中继兜底,R-S03,True
T022,巡航,S012>O01,1543.1960165685014,1545.190739436564,中继兜底,R-S03,True
T022,巡航,S012>O01,1545.190739436564,1546.1881008705952,中继兜底,R-S03,True
T022,巡航,S012>O01,1546.1881008705952,1547.1854623046265,直连,,True
T022,巡航,S012>O01,1547.1854623046265,1549.180185172689,直连,,True
T022,巡航,S012>O01,1549.180185172689,1551.1749080407517,直连,,True
T022,巡航,S012>O01,1551.1749080407517,1553.169630908814,直连,,True
T022,巡航,S012>O01,1553.169630908814,1555.1643537768766,直连,,True
T022,巡航,S012>O01,1555.1643537768766,1557.1590766449392,直连,,True
T022,巡航,S012>O01,1557.1590766449392,1559.1537995130018,直连,,True
T022,巡航,S012>O01,1559.1537995130018,1561.1485223810644,直连,,True
T022,巡航,S012>O01,1561.1485223810644,1563.143245249127,直连,,True
T022,巡航,S012>O01,1563.143245249127,1565.1379681171895,直连,,True
T022,巡航,S012>O01,1565.1379681171895,1567.132690985252,直连,,True
T022,巡航,S012>O01,1567.132690985252,1569.1274138533147,直连,,True
T022,巡航,S012>O01,1569.1274138533147,1571.1221367213773,直连,,True
T022,巡航,S012>O01,1571.1221367213773,1573.1168595894396,直连,,True
T022,巡航,S012>O01,1573.1168595894396,1575.1115824575022,直连,,True
T022,巡航,S012>O01,1575.1115824575022,1577.1063053255648,直连,,True
T022,巡航,S012>O01,1577.1063053255648,1579.1010281936274,直连,,True
T022,巡航,S012>O01,1579.1010281936274,1581.09575106169,直连,,True
T022,巡航,S012>O01,1581.09575106169,1583.0904739297525,直连,,True
T022,巡航,S012>O01,1583.0904739297525,1585.0851967978151,直连,,True
T022,巡航,S012>O01,1585.0851967978151,1587.0799196658777,直连,,True
T022,巡航,S012>O01,1587.0799196658777,1589.0746425339403,直连,,True
T022,巡航,S012>O01,1589.0746425339403,1591.0693654020029,直连,,True
T022,巡航,S012>O01,1591.0693654020029,1593.0640882700654,直连,,True
T022,巡航,S012>O01,1593.0640882700654,1595.058811138128,直连,,True
T022,巡航,S012>O01,1595.058811138128,1597.0535340061904,直连,,True
T022,巡航,S012>O01,1597.0535340061904,1599.048256874253,直连,,True
T022,巡航,S012>O01,1599.048256874253,1601.0429797423155,直连,,True
T022,巡航,S012>O01,1601.0429797423155,1603.0377026103781,直连,,True
T022,巡航,S012>O01,1603.0377026103781,1605.0324254784407,直连,,True
T022,巡航,S012>O01,1605.0324254784407,1607.0271483465033,直连,,True
T022,巡航,S012>O01,1607.0271483465033,1609.0218712145659,直连,,True
T022,巡航,S012>O01,1609.0218712145659,1611.0165940826284,直连,,True
T022,巡航,S012>O01,1611.0165940826284,1613.011316950691,直连,,True
T022,巡航,S012>O01,1613.011316950691,1615.0060398187534,直连,,True
T022,巡航,S012>O01,1615.0060398187534,1617.000762686816,直连,,True
T022,巡航,S012>O01,1617.000762686816,1618.9954855548785,直连,,True
T022,巡航,S012>O01,1618.9954855548785,1620.9902084229411,直连,,True
T022,巡航,S012>O01,1620.9902084229411,1622.9849312910037,直连,,True
T022,巡航,S012>O01,1622.9849312910037,1624.9796541590663,直连,,True
T022,巡航,S012>O01,1624.9796541590663,1626.9743770271289,直连,,True
T022,巡航,S012>O01,1626.9743770271289,1628.9690998951914,直连,,True
T022,巡航,S012>O01,1628.9690998951914,1630.963822763254,直连,,True
T022,巡航,S012>O01,1630.963822763254,1632.9585456313166,直连,,True
T022,巡航,S012>O01,1632.9585456313166,1634.9532684993792,直连,,True
T022,巡航,S012>O01,1634.9532684993792,1636.9479913674418,直连,,True
T022,巡航,S012>O01,1636.9479913674418,1638.9427142355044,直连,,True
T022,巡航,S012>O01,1638.9427142355044,1640.937437103567,直连,,True
T022,巡航,S012>O01,1640.937437103567,1642.9321599716295,直连,,True
T022,巡航,S012>O01,1642.9321599716295,1644.9268828396919,直连,,True
T022,巡航,S012>O01,1644.9268828396919,1646.9216057077545,直连,,True
T022,巡航,S012>O01,1646.9216057077545,1648.916328575817,直连,,True
T022,巡航,S012>O01,1648.916328575817,1650.9110514438796,直连,,True
T022,巡航,S012>O01,1650.9110514438796,1652.9057743119422,直连,,True
T022,巡航,S012>O01,1652.9057743119422,1654.9004971800048,直连,,True
T022,巡航,S012>O01,1654.9004971800048,1656.8952200480674,直连,,True
T022,巡航,S012>O01,1656.8952200480674,1658.88994291613,直连,,True
T022,巡航,S012>O01,1658.88994291613,1660.8846657841923,直连,,True
T022,巡航,S012>O01,1660.8846657841923,1662.8793886522549,直连,,True
T022,巡航,S012>O01,1662.8793886522549,1664.8741115203175,直连,,True
T022,巡航,S012>O01,1664.8741115203175,1666.86883438838,直连,,True
T022,巡航,S012>O01,1666.86883438838,1668.8635572564426,直连,,True
T022,巡航,S012>O01,1668.8635572564426,1670.8582801245052,直连,,True
T022,巡航,S012>O01,1670.8582801245052,1672.8530029925678,直连,,True
T022,巡航,S012>O01,1672.8530029925678,1674.8477258606304,直连,,True
T022,巡航,S012>O01,1674.8477258606304,1676.842448728693,直连,,True
T022,巡航,S012>O01,1676.842448728693,1678.8371715967555,直连,,True
T022,巡航,S012>O01,1678.8371715967555,1680.831894464818,直连,,True
T022,巡航,S012>O01,1680.831894464818,1682.8266173328807,直连,,True
T022,巡航,S012>O01,1682.8266173328807,1684.8213402009433,直连,,True
T022,巡航,S012>O01,1684.8213402009433,1686.8160630690058,直连,,True
T022,巡航,S012>O01,1686.8160630690058,1688.8107859370684,直连,,True
T022,巡航,S012>O01,1688.8107859370684,1690.8055088051308,直连,,True
T022,巡航,S012>O01,1690.8055088051308,1692.8002316731934,直连,,True
T022,巡航,S012>O01,1692.8002316731934,1694.794954541256,直连,,True
T022,巡航,S012>O01,1694.794954541256,1696.7896774093185,直连,,True
T022,巡航,S012>O01,1696.7896774093185,1698.784400277381,直连,,True
T022,巡航,S012>O01,1698.784400277381,1700.7791231454437,直连,,True
T022,巡航,S012>O01,1700.7791231454437,1702.7738460135063,直连,,True
T022,巡航,S012>O01,1702.7738460135063,1704.7685688815689,直连,,True
T022,巡航,S012>O01,1704.7685688815689,1706.7632917496314,直连,,True
T022,巡航,S012>O01,1706.7632917496314,1708.7580146176938,直连,,True
T022,巡航,S012>O01,1708.7580146176938,1710.7527374857564,直连,,True
T022,巡航,S012>O01,1710.7527374857564,1712.747460353819,直连,,True
T022,巡航,S012>O01,1712.747460353819,1714.7421832218815,直连,,True
T022,巡航,S012>O01,1714.7421832218815,1716.7369060899441,直连,,True
T022,巡航,S012>O01,1716.7369060899441,1718.7316289580067,直连,,True
T022,巡航,S012>O01,1718.7316289580067,1720.7263518260693,直连,,True
T022,巡航,S012>O01,1720.7263518260693,1722.7210746941319,直连,,True
T022,巡航,S012>O01,1722.7210746941319,1724.7157975621944,直连,,True
T022,巡航,S012>O01,1724.7157975621944,1726.710520430257,直连,,True
T022,巡航,S012>O01,1726.710520430257,1728.7052432983196,直连,,True
T022,巡航,S012>O01,1728.7052432983196,1730.699966166382,直连,,True
T022,巡航,S012>O01,1730.699966166382,1732.6946890344445,直连,,True
T022,巡航,S012>O01,1732.6946890344445,1734.6894119025071,直连,,True
T022,巡航,S012>O01,1734.6894119025071,1736.6841347705697,直连,,True
T022,巡航,S012>O01,1736.6841347705697,1738.6788576386323,直连,,True
T022,巡航,S012>O01,1738.6788576386323,1740.6735805066949,直连,,True
T022,巡航,S012>O01,1740.6735805066949,1742.6683033747574,直连,,True
T022,巡航,S012>O01,1742.6683033747574,1744.66302624282,直连,,True
T022,巡航,S012>O01,1744.66302624282,1746.6577491108826,直连,,True
T022,巡航,S012>O01,1746.6577491108826,1748.652471978945,直连,,True
T022,巡航,S012>O01,1748.652471978945,1750.6471948470075,直连,,True
T022,巡航,S012>O01,1750.6471948470075,1752.6419177150701,直连,,True
T022,巡航,S012>O01,1752.6419177150701,1754.6366405831327,直连,,True
T022,巡航,S012>O01,1754.6366405831327,1756.6313634511953,直连,,True
T022,巡航,S012>O01,1756.6313634511953,1758.6260863192579,直连,,True
T022,巡航,S012>O01,1758.6260863192579,1760.6208091873204,直连,,True
T022,巡航,S012>O01,1760.6208091873204,1762.615532055383,直连,,True
T022,巡航,S012>O01,1762.615532055383,1764.6102549234456,直连,,True
T022,巡航,S012>O01,1764.6102549234456,1766.6049777915082,直连,,True
T022,巡航,S012>O01,1766.6049777915082,1768.5997006595708,直连,,True
T022,巡航,S012>O01,1768.5997006595708,1770.5944235276334,直连,,True
T022,巡航,S012>O01,1770.5944235276334,1772.589146395696,直连,,True
T022,巡航,S012>O01,1772.589146395696,1774.5838692637585,直连,,True
T022,巡航,S012>O01,1774.5838692637585,1776.578592131821,直连,,True
T022,巡航,S012>O01,1776.578592131821,1778.5733149998835,直连,,True
T022,巡航,S012>O01,1778.5733149998835,1780.568037867946,直连,,True
T022,巡航,S012>O01,1780.568037867946,1782.5627607360086,直连,,True
T022,巡航,S012>O01,1782.5627607360086,1784.5574836040712,直连,,True
T022,巡航,S012>O01,1784.5574836040712,1786.5522064721338,直连,,True
T022,巡航,S012>O01,1786.5522064721338,1788.5469293401964,直连,,True
T022,巡航,S012>O01,1788.5469293401964,1790.541652208259,直连,,True
T022,巡航,S012>O01,1790.541652208259,1792.5363750763215,直连,,True
T022,巡航,S012>O01,1792.5363750763215,1794.5310979443839,直连,,True
T022,巡航,S012>O01,1794.5310979443839,1796.5258208124465,直连,,True
T022,巡航,S012>O01,1796.5258208124465,1798.520543680509,直连,,True
T022,巡航,S012>O01,1798.520543680509,1800.5152665485716,直连,,True
T022,巡航,S012>O01,1800.5152665485716,1802.5099894166342,直连,,True
T022,巡航,S012>O01,1802.5099894166342,1804.5047122846968,直连,,True
T022,巡航,S012>O01,1804.5047122846968,1806.4994351527594,直连,,True
T022,巡航,S012>O01,1806.4994351527594,1808.494158020822,直连,,True
T022,下降,S012>O01,1808.494158020822,1819.9181978157437,直连,,True
T022,下降,S012>O01,1819.9181978157437,1831.3422376106657,直连,,True
T022,下降,S012>O01,1831.3422376106657,1842.7662774055875,直连,,True
T022,下降,S012>O01,1842.7662774055875,1854.1903172005095,直连,,True
T022,下降,S012>O01,1854.1903172005095,1865.6143569954313,直连,,True
T022,下降,S012>O01,1865.6143569954313,1877.038396790353,直连,,True
T022,下降,S012>O01,1877.038396790353,1888.462436585275,直连,,True
T022,下降,S012>O01,1888.462436585275,1899.8864763801969,直连,,True
T022,下降,S012>O01,1899.8864763801969,1911.310516175119,直连,,True
T022,下降,S012>O01,1911.310516175119,1922.7345559700407,直连,,True
T023,爬升,O01>S013,2313.0,2322.049394124349,直连,,True
T023,爬升,O01>S013,2322.049394124349,2331.098788248698,直连,,True
T023,爬升,O01>S013,2331.098788248698,2340.148182373047,直连,,True
T023,爬升,O01>S013,2340.148182373047,2349.197576497396,直连,,True
T023,爬升,O01>S013,2349.197576497396,2358.246970621745,直连,,True
T023,爬升,O01>S013,2358.246970621745,2367.296364746094,直连,,True
T023,爬升,O01>S013,2367.296364746094,2376.3457588704428,直连,,True
T023,爬升,O01>S013,2376.3457588704428,2385.3951529947917,直连,,True
T023,爬升,O01>S013,2385.3951529947917,2394.4445471191407,直连,,True
T023,爬升,O01>S013,2394.4445471191407,2403.4939412434896,直连,,True
T023,巡航,O01>S013,2403.4939412434896,2405.4895079270955,直连,,True
T023,巡航,O01>S013,2405.4895079270955,2407.4850746107013,直连,,True
T023,巡航,O01>S013,2407.4850746107013,2409.4806412943067,直连,,True
T023,巡航,O01>S013,2409.4806412943067,2411.4762079779125,直连,,True
T023,巡航,O01>S013,2411.4762079779125,2413.4717746615183,直连,,True
T023,巡航,O01>S013,2413.4717746615183,2415.467341345124,直连,,True
T023,巡航,O01>S013,2415.467341345124,2417.4629080287295,直连,,True
T023,巡航,O01>S013,2417.4629080287295,2419.4584747123354,直连,,True
T023,巡航,O01>S013,2419.4584747123354,2421.454041395941,直连,,True
T023,巡航,O01>S013,2421.454041395941,2423.449608079547,直连,,True
T023,巡航,O01>S013,2423.449608079547,2425.445174763153,直连,,True
T023,巡航,O01>S013,2425.445174763153,2427.4407414467582,直连,,True
T023,巡航,O01>S013,2427.4407414467582,2429.436308130364,直连,,True
T023,巡航,O01>S013,2429.436308130364,2431.43187481397,直连,,True
T023,巡航,O01>S013,2431.43187481397,2433.4274414975757,直连,,True
T023,巡航,O01>S013,2433.4274414975757,2435.4230081811816,直连,,True
T023,巡航,O01>S013,2435.4230081811816,2437.418574864787,直连,,True
T023,巡航,O01>S013,2437.418574864787,2439.4141415483928,直连,,True
T023,巡航,O01>S013,2439.4141415483928,2441.4097082319986,直连,,True
T023,巡航,O01>S013,2441.4097082319986,2443.4052749156044,直连,,True
T023,巡航,O01>S013,2443.4052749156044,2445.40084159921,直连,,True
T023,巡航,O01>S013,2445.40084159921,2447.3964082828156,直连,,True
T023,巡航,O01>S013,2447.3964082828156,2449.3919749664215,直连,,True
T023,巡航,O01>S013,2449.3919749664215,2451.3875416500273,直连,,True
T023,巡航,O01>S013,2451.3875416500273,2453.383108333633,直连,,True
T023,巡航,O01>S013,2453.383108333633,2455.3786750172385,直连,,True
T023,巡航,O01>S013,2455.3786750172385,2457.3742417008443,直连,,True
T023,巡航,O01>S013,2457.3742417008443,2459.36980838445,直连,,True
T023,巡航,O01>S013,2459.36980838445,2461.365375068056,直连,,True
T023,巡航,O01>S013,2461.365375068056,2463.360941751662,直连,,True
T023,巡航,O01>S013,2463.360941751662,2465.356508435267,直连,,True
T023,巡航,O01>S013,2465.356508435267,2467.352075118873,直连,,True
T023,巡航,O01>S013,2467.352075118873,2469.347641802479,直连,,True
T023,巡航,O01>S013,2469.347641802479,2471.3432084860847,直连,,True
T023,巡航,O01>S013,2471.3432084860847,2473.33877516969,直连,,True
T023,巡航,O01>S013,2473.33877516969,2475.334341853296,直连,,True
T023,巡航,O01>S013,2475.334341853296,2477.3299085369017,直连,,True
T023,巡航,O01>S013,2477.3299085369017,2479.3254752205075,直连,,True
T023,巡航,O01>S013,2479.3254752205075,2481.3210419041134,直连,,True
T023,巡航,O01>S013,2481.3210419041134,2483.3166085877187,直连,,True
T023,巡航,O01>S013,2483.3166085877187,2485.3121752713246,直连,,True
T023,巡航,O01>S013,2485.3121752713246,2487.3077419549304,直连,,True
T023,巡航,O01>S013,2487.3077419549304,2489.3033086385362,直连,,True
T023,巡航,O01>S013,2489.3033086385362,2491.2988753221416,直连,,True
T023,巡航,O01>S013,2491.2988753221416,2493.2944420057474,直连,,True
T023,巡航,O01>S013,2493.2944420057474,2495.2900086893533,直连,,True
T023,巡航,O01>S013,2495.2900086893533,2497.285575372959,直连,,True
T023,巡航,O01>S013,2497.285575372959,2499.281142056565,直连,,True
T023,巡航,O01>S013,2499.281142056565,2501.2767087401703,直连,,True
T023,巡航,O01>S013,2501.2767087401703,2503.272275423776,直连,,True
T023,巡航,O01>S013,2503.272275423776,2505.267842107382,直连,,True
T023,巡航,O01>S013,2505.267842107382,2507.263408790988,直连,,True
T023,巡航,O01>S013,2507.263408790988,2509.2589754745936,直连,,True
T023,巡航,O01>S013,2509.2589754745936,2511.254542158199,直连,,True
T023,巡航,O01>S013,2511.254542158199,2513.250108841805,直连,,True
T023,巡航,O01>S013,2513.250108841805,2515.2456755254107,直连,,True
T023,巡航,O01>S013,2515.2456755254107,2517.2412422090165,直连,,True
T023,巡航,O01>S013,2517.2412422090165,2519.236808892622,直连,,True
T023,巡航,O01>S013,2519.236808892622,2521.2323755762277,直连,,True
T023,巡航,O01>S013,2521.2323755762277,2523.2279422598335,直连,,True
T023,巡航,O01>S013,2523.2279422598335,2525.2235089434394,直连,,True
T023,巡航,O01>S013,2525.2235089434394,2527.219075627045,直连,,True
T023,巡航,O01>S013,2527.219075627045,2529.2146423106506,直连,,True
T023,巡航,O01>S013,2529.2146423106506,2531.2102089942564,直连,,True
T023,巡航,O01>S013,2531.2102089942564,2533.205775677862,直连,,True
T023,巡航,O01>S013,2533.205775677862,2535.201342361468,直连,,True
T023,巡航,O01>S013,2535.201342361468,2537.196909045074,直连,,True
T023,巡航,O01>S013,2537.196909045074,2539.1924757286793,直连,,True
T023,巡航,O01>S013,2539.1924757286793,2541.188042412285,直连,,True
T023,巡航,O01>S013,2541.188042412285,2543.183609095891,直连,,True
T023,巡航,O01>S013,2543.183609095891,2545.1791757794967,直连,,True
T023,巡航,O01>S013,2545.1791757794967,2547.174742463102,直连,,True
T023,巡航,O01>S013,2547.174742463102,2549.170309146708,直连,,True
T023,巡航,O01>S013,2549.170309146708,2551.165875830314,直连,,True
T023,巡航,O01>S013,2551.165875830314,2553.1614425139196,直连,,True
T023,巡航,O01>S013,2553.1614425139196,2555.1570091975254,直连,,True
T023,巡航,O01>S013,2555.1570091975254,2557.152575881131,直连,,True
T023,巡航,O01>S013,2557.152575881131,2559.1481425647366,直连,,True
T023,巡航,O01>S013,2559.1481425647366,2561.1437092483425,直连,,True
T023,巡航,O01>S013,2561.1437092483425,2563.1392759319483,直连,,True
T023,巡航,O01>S013,2563.1392759319483,2565.1348426155537,直连,,True
T023,巡航,O01>S013,2565.1348426155537,2567.1304092991595,直连,,True
T023,巡航,O01>S013,2567.1304092991595,2569.1259759827653,直连,,True
T023,巡航,O01>S013,2569.1259759827653,2571.121542666371,直连,,True
T023,巡航,O01>S013,2571.121542666371,2573.117109349977,直连,,True
T023,巡航,O01>S013,2573.117109349977,2575.1126760335824,直连,,True
T023,巡航,O01>S013,2575.1126760335824,2577.108242717188,直连,,True
T023,巡航,O01>S013,2577.108242717188,2579.103809400794,直连,,True
T023,巡航,O01>S013,2579.103809400794,2581.0993760844,直连,,True
T023,巡航,O01>S013,2581.0993760844,2583.0949427680057,直连,,True
T023,巡航,O01>S013,2583.0949427680057,2585.090509451611,直连,,True
T023,巡航,O01>S013,2585.090509451611,2587.086076135217,直连,,True
T023,巡航,O01>S013,2587.086076135217,2589.0816428188227,直连,,True
T023,巡航,O01>S013,2589.0816428188227,2591.0772095024286,直连,,True
T023,巡航,O01>S013,2591.0772095024286,2593.0727761860344,直连,,True
T023,巡航,O01>S013,2593.0727761860344,2595.0683428696398,直连,,True
T023,巡航,O01>S013,2595.0683428696398,2597.0639095532456,直连,,True
T023,巡航,O01>S013,2597.0639095532456,2599.0594762368514,直连,,True
T023,巡航,O01>S013,2599.0594762368514,2601.0550429204573,直连,,True
T023,巡航,O01>S013,2601.0550429204573,2603.0506096040626,直连,,True
T023,巡航,O01>S013,2603.0506096040626,2605.0461762876685,直连,,True
T023,巡航,O01>S013,2605.0461762876685,2607.0417429712743,直连,,True
T023,巡航,O01>S013,2607.0417429712743,2609.03730965488,直连,,True
T023,巡航,O01>S013,2609.03730965488,2611.032876338486,直连,,True
T023,巡航,O01>S013,2611.032876338486,2613.0284430220913,直连,,True
T023,巡航,O01>S013,2613.0284430220913,2615.024009705697,直连,,True
T023,巡航,O01>S013,2615.024009705697,2617.019576389303,直连,,True
T023,巡航,O01>S013,2617.019576389303,2619.015143072909,直连,,True
T023,巡航,O01>S013,2619.015143072909,2621.010709756514,直连,,True
T023,巡航,O01>S013,2621.010709756514,2623.00627644012,直连,,True
T023,巡航,O01>S013,2623.00627644012,2625.001843123726,直连,,True
T023,巡航,O01>S013,2625.001843123726,2626.9974098073317,直连,,True
T023,巡航,O01>S013,2626.9974098073317,2628.9929764909375,直连,,True
T023,巡航,O01>S013,2628.9929764909375,2630.988543174543,直连,,True
T023,巡航,O01>S013,2630.988543174543,2632.9841098581487,直连,,True
T023,巡航,O01>S013,2632.9841098581487,2634.9796765417545,直连,,True
T023,巡航,O01>S013,2634.9796765417545,2636.9752432253604,直连,,True
T023,巡航,O01>S013,2636.9752432253604,2638.9708099089657,直连,,True
T023,巡航,O01>S013,2638.9708099089657,2640.9663765925716,直连,,True
T023,巡航,O01>S013,2640.9663765925716,2642.9619432761774,直连,,True
T023,巡航,O01>S013,2642.9619432761774,2644.9575099597832,直连,,True
T023,巡航,O01>S013,2644.9575099597832,2646.953076643389,直连,,True
T023,巡航,O01>S013,2646.953076643389,2648.9486433269944,直连,,True
T023,巡航,O01>S013,2648.9486433269944,2650.9442100106003,直连,,True
T023,巡航,O01>S013,2650.9442100106003,2652.939776694206,直连,,True
T023,巡航,O01>S013,2652.939776694206,2654.935343377812,直连,,True
T023,巡航,O01>S013,2654.935343377812,2656.9309100614178,直连,,True
T023,巡航,O01>S013,2656.9309100614178,2658.926476745023,直连,,True
T023,巡航,O01>S013,2658.926476745023,2660.922043428629,直连,,True
T023,巡航,O01>S013,2660.922043428629,2662.917610112235,直连,,True
T023,巡航,O01>S013,2662.917610112235,2664.9131767958406,直连,,True
T023,巡航,O01>S013,2664.9131767958406,2666.9087434794465,中继兜底,R-S01,True
T023,巡航,O01>S013,2666.9087434794465,2668.904310163052,中继兜底,R-S01,True
T023,巡航,O01>S013,2668.904310163052,2670.8998768466577,中继兜底,R-S01,True
T023,巡航,O01>S013,2670.8998768466577,2672.8954435302635,中继兜底,R-S01,True
T023,巡航,O01>S013,2672.8954435302635,2674.8910102138693,中继兜底,R-S01,True
T023,巡航,O01>S013,2674.8910102138693,2676.8865768974747,中继兜底,R-S01,True
T023,巡航,O01>S013,2676.8865768974747,2678.8821435810805,中继兜底,R-S01,True
T023,巡航,O01>S013,2678.8821435810805,2680.8777102646864,中继兜底,R-S01,True
T023,巡航,O01>S013,2680.8777102646864,2682.873276948292,中继兜底,R-S01,True
T023,巡航,O01>S013,2682.873276948292,2684.868843631898,中继兜底,R-S01,True
T023,巡航,O01>S013,2684.868843631898,2686.8644103155034,中继兜底,R-S01,True
T023,巡航,O01>S013,2686.8644103155034,2688.859976999109,中继兜底,R-S01,True
T023,巡航,O01>S013,2688.859976999109,2690.855543682715,中继兜底,R-S01,True
T023,巡航,O01>S013,2690.855543682715,2692.851110366321,中继兜底,R-S01,True
T023,巡航,O01>S013,2692.851110366321,2694.8466770499263,中继兜底,R-S01,True
T023,巡航,O01>S013,2694.8466770499263,2696.842243733532,中继兜底,R-S01,True
T023,巡航,O01>S013,2696.842243733532,2698.837810417138,中继兜底,R-S01,True
T023,巡航,O01>S013,2698.837810417138,2700.8333771007437,中继兜底,R-S01,True
T023,巡航,O01>S013,2700.8333771007437,2702.8289437843496,中继兜底,R-S01,True
T023,巡航,O01>S013,2702.8289437843496,2704.824510467955,中继兜底,R-S01,True
T023,巡航,O01>S013,2704.824510467955,2706.820077151561,中继兜底,R-S01,True
T023,巡航,O01>S013,2706.820077151561,2708.8156438351666,中继兜底,R-S01,True
T023,巡航,O01>S013,2708.8156438351666,2710.8112105187724,中继兜底,R-S01,True
T023,巡航,O01>S013,2710.8112105187724,2712.806777202378,中继兜底,R-S01,True
T023,巡航,O01>S013,2712.806777202378,2714.8023438859836,中继兜底,R-S01,True
T023,巡航,O01>S013,2714.8023438859836,2716.7979105695895,中继兜底,R-S01,True
T023,巡航,O01>S013,2716.7979105695895,2718.7934772531953,中继兜底,R-S01,True
T023,巡航,O01>S013,2718.7934772531953,2720.789043936801,中继兜底,R-S01,True
T023,巡航,O01>S013,2720.789043936801,2722.7846106204065,中继兜底,R-S01,True
T023,巡航,O01>S013,2722.7846106204065,2724.7801773040123,中继兜底,R-S01,True
T023,巡航,O01>S013,2724.7801773040123,2726.775743987618,中继兜底,R-S01,True
T023,下降,O01>S013,2726.775743987618,2736.2721087337122,中继兜底,R-S01,True
T023,下降,O01>S013,2736.2721087337122,2745.768473479806,中继兜底,R-S01,True
T023,投送,S013,2745.768473479806,2985.768473479806,中继兜底,R-S01,True
T023,爬升,S013>O01,2985.768473479806,2993.682110768217,中继兜底,R-S01,True
T023,爬升,S013>O01,2993.682110768217,3001.595748056629,中继兜底,R-S01,True
T023,巡航,S013>O01,3001.595748056629,3003.591314740235,中继兜底,R-S01,True
T023,巡航,S013>O01,3003.591314740235,3005.5868814238406,中继兜底,R-S01,True
T023,巡航,S013>O01,3005.5868814238406,3007.582448107446,中继兜底,R-S01,True
T023,巡航,S013>O01,3007.582448107446,3009.578014791052,中继兜底,R-S01,True
T023,巡航,S013>O01,3009.578014791052,3011.5735814746577,中继兜底,R-S01,True
T023,巡航,S013>O01,3011.5735814746577,3013.5691481582635,中继兜底,R-S01,True
T023,巡航,S013>O01,3013.5691481582635,3015.564714841869,中继兜底,R-S01,True
T023,巡航,S013>O01,3015.564714841869,3017.5602815254747,中继兜底,R-S01,True
T023,巡航,S013>O01,3017.5602815254747,3019.5558482090805,中继兜底,R-S01,True
T023,巡航,S013>O01,3019.5558482090805,3021.5514148926864,中继兜底,R-S01,True
T023,巡航,S013>O01,3021.5514148926864,3023.546981576292,中继兜底,R-S01,True
T023,巡航,S013>O01,3023.546981576292,3025.5425482598976,中继兜底,R-S01,True
T023,巡航,S013>O01,3025.5425482598976,3027.5381149435034,中继兜底,R-S01,True
T023,巡航,S013>O01,3027.5381149435034,3029.533681627109,中继兜底,R-S01,True
T023,巡航,S013>O01,3029.533681627109,3031.529248310715,中继兜底,R-S01,True
T023,巡航,S013>O01,3031.529248310715,3033.524814994321,中继兜底,R-S01,True
T023,巡航,S013>O01,3033.524814994321,3035.5203816779263,中继兜底,R-S01,True
T023,巡航,S013>O01,3035.5203816779263,3037.515948361532,中继兜底,R-S01,True
T023,巡航,S013>O01,3037.515948361532,3039.511515045138,中继兜底,R-S01,True
T023,巡航,S013>O01,3039.511515045138,3041.5070817287437,中继兜底,R-S01,True
T023,巡航,S013>O01,3041.5070817287437,3043.502648412349,中继兜底,R-S01,True
T023,巡航,S013>O01,3043.502648412349,3045.498215095955,中继兜底,R-S01,True
T023,巡航,S013>O01,3045.498215095955,3047.493781779561,中继兜底,R-S01,True
T023,巡航,S013>O01,3047.493781779561,3049.4893484631666,中继兜底,R-S01,True
T023,巡航,S013>O01,3049.4893484631666,3051.4849151467724,中继兜底,R-S01,True
T023,巡航,S013>O01,3051.4849151467724,3053.480481830378,中继兜底,R-S01,True
T023,巡航,S013>O01,3053.480481830378,3055.4760485139836,中继兜底,R-S01,True
T023,巡航,S013>O01,3055.4760485139836,3057.4716151975895,中继兜底,R-S01,True
T023,巡航,S013>O01,3057.4716151975895,3059.4671818811953,中继兜底,R-S01,True
T023,巡航,S013>O01,3059.4671818811953,3061.462748564801,中继兜底,R-S01,True
T023,巡航,S013>O01,3061.462748564801,3063.4583152484065,中继兜底,R-S01,True
T023,巡航,S013>O01,3063.4583152484065,3065.4538819320123,直连,,True
T023,巡航,S013>O01,3065.4538819320123,3067.449448615618,直连,,True
T023,巡航,S013>O01,3067.449448615618,3069.445015299224,直连,,True
T023,巡航,S013>O01,3069.445015299224,3071.4405819828294,直连,,True
T023,巡航,S013>O01,3071.4405819828294,3073.436148666435,直连,,True
T023,巡航,S013>O01,3073.436148666435,3075.431715350041,直连,,True
T023,巡航,S013>O01,3075.431715350041,3077.427282033647,直连,,True
T023,巡航,S013>O01,3077.427282033647,3079.4228487172527,直连,,True
T023,巡航,S013>O01,3079.4228487172527,3081.418415400858,直连,,True
T023,巡航,S013>O01,3081.418415400858,3083.413982084464,直连,,True
T023,巡航,S013>O01,3083.413982084464,3085.4095487680697,直连,,True
T023,巡航,S013>O01,3085.4095487680697,3087.4051154516756,直连,,True
T023,巡航,S013>O01,3087.4051154516756,3089.400682135281,直连,,True
T023,巡航,S013>O01,3089.400682135281,3091.3962488188868,直连,,True
T023,巡航,S013>O01,3091.3962488188868,3093.3918155024926,直连,,True
T023,巡航,S013>O01,3093.3918155024926,3095.3873821860984,直连,,True
T023,巡航,S013>O01,3095.3873821860984,3097.3829488697043,直连,,True
T023,巡航,S013>O01,3097.3829488697043,3099.3785155533096,直连,,True
T023,巡航,S013>O01,3099.3785155533096,3101.3740822369155,直连,,True
T023,巡航,S013>O01,3101.3740822369155,3103.3696489205213,直连,,True
T023,巡航,S013>O01,3103.3696489205213,3105.365215604127,直连,,True
T023,巡航,S013>O01,3105.365215604127,3107.360782287733,直连,,True
T023,巡航,S013>O01,3107.360782287733,3109.3563489713383,直连,,True
T023,巡航,S013>O01,3109.3563489713383,3111.351915654944,直连,,True
T023,巡航,S013>O01,3111.351915654944,3113.34748233855,直连,,True
T023,巡航,S013>O01,3113.34748233855,3115.343049022156,直连,,True
T023,巡航,S013>O01,3115.343049022156,3117.338615705761,直连,,True
T023,巡航,S013>O01,3117.338615705761,3119.334182389367,直连,,True
T023,巡航,S013>O01,3119.334182389367,3121.329749072973,直连,,True
T023,巡航,S013>O01,3121.329749072973,3123.3253157565787,直连,,True
T023,巡航,S013>O01,3123.3253157565787,3125.3208824401845,直连,,True
T023,巡航,S013>O01,3125.3208824401845,3127.31644912379,直连,,True
T023,巡航,S013>O01,3127.31644912379,3129.3120158073957,直连,,True
T023,巡航,S013>O01,3129.3120158073957,3131.3075824910015,直连,,True
T023,巡航,S013>O01,3131.3075824910015,3133.3031491746074,直连,,True
T023,巡航,S013>O01,3133.3031491746074,3135.2987158582127,直连,,True
T023,巡航,S013>O01,3135.2987158582127,3137.2942825418186,直连,,True
T023,巡航,S013>O01,3137.2942825418186,3139.2898492254244,直连,,True
T023,巡航,S013>O01,3139.2898492254244,3141.2854159090302,直连,,True
T023,巡航,S013>O01,3141.2854159090302,3143.280982592636,直连,,True
T023,巡航,S013>O01,3143.280982592636,3145.2765492762414,直连,,True
T023,巡航,S013>O01,3145.2765492762414,3147.2721159598473,直连,,True
T023,巡航,S013>O01,3147.2721159598473,3149.267682643453,直连,,True
T023,巡航,S013>O01,3149.267682643453,3151.263249327059,直连,,True
T023,巡航,S013>O01,3151.263249327059,3153.2588160106648,直连,,True
T023,巡航,S013>O01,3153.2588160106648,3155.25438269427,直连,,True
T023,巡航,S013>O01,3155.25438269427,3157.249949377876,直连,,True
T023,巡航,S013>O01,3157.249949377876,3159.245516061482,直连,,True
T023,巡航,S013>O01,3159.245516061482,3161.2410827450876,直连,,True
T023,巡航,S013>O01,3161.2410827450876,3163.2366494286935,直连,,True
T023,巡航,S013>O01,3163.2366494286935,3165.232216112299,直连,,True
T023,巡航,S013>O01,3165.232216112299,3167.2277827959047,直连,,True
T023,巡航,S013>O01,3167.2277827959047,3169.2233494795105,直连,,True
T023,巡航,S013>O01,3169.2233494795105,3171.2189161631163,直连,,True
T023,巡航,S013>O01,3171.2189161631163,3173.2144828467217,直连,,True
T023,巡航,S013>O01,3173.2144828467217,3175.2100495303275,直连,,True
T023,巡航,S013>O01,3175.2100495303275,3177.2056162139334,直连,,True
T023,巡航,S013>O01,3177.2056162139334,3179.201182897539,直连,,True
T023,巡航,S013>O01,3179.201182897539,3181.196749581145,直连,,True
T023,巡航,S013>O01,3181.196749581145,3183.1923162647504,直连,,True
T023,巡航,S013>O01,3183.1923162647504,3185.187882948356,直连,,True
T023,巡航,S013>O01,3185.187882948356,3187.183449631962,直连,,True
T023,巡航,S013>O01,3187.183449631962,3189.179016315568,直连,,True
T023,巡航,S013>O01,3189.179016315568,3191.1745829991733,直连,,True
T023,巡航,S013>O01,3191.1745829991733,3193.170149682779,直连,,True
T023,巡航,S013>O01,3193.170149682779,3195.165716366385,直连,,True
T023,巡航,S013>O01,3195.165716366385,3197.1612830499907,直连,,True
T023,巡航,S013>O01,3197.1612830499907,3199.1568497335966,直连,,True
T023,巡航,S013>O01,3199.1568497335966,3201.152416417202,直连,,True
T023,巡航,S013>O01,3201.152416417202,3203.147983100808,直连,,True
T023,巡航,S013>O01,3203.147983100808,3205.1435497844136,直连,,True
T023,巡航,S013>O01,3205.1435497844136,3207.1391164680194,直连,,True
T023,巡航,S013>O01,3207.1391164680194,3209.134683151625,直连,,True
T023,巡航,S013>O01,3209.134683151625,3211.1302498352306,直连,,True
T023,巡航,S013>O01,3211.1302498352306,3213.1258165188365,直连,,True
T023,巡航,S013>O01,3213.1258165188365,3215.1213832024423,直连,,True
T023,巡航,S013>O01,3215.1213832024423,3217.116949886048,直连,,True
T023,巡航,S013>O01,3217.116949886048,3219.1125165696535,直连,,True
T023,巡航,S013>O01,3219.1125165696535,3221.1080832532593,直连,,True
T023,巡航,S013>O01,3221.1080832532593,3223.103649936865,直连,,True
T023,巡航,S013>O01,3223.103649936865,3225.099216620471,直连,,True
T023,巡航,S013>O01,3225.099216620471,3227.094783304077,直连,,True
T023,巡航,S013>O01,3227.094783304077,3229.090349987682,直连,,True
T023,巡航,S013>O01,3229.090349987682,3231.085916671288,直连,,True
T023,巡航,S013>O01,3231.085916671288,3233.081483354894,直连,,True
T023,巡航,S013>O01,3233.081483354894,3235.0770500384997,直连,,True
T023,巡航,S013>O01,3235.0770500384997,3237.0726167221055,直连,,True
T023,巡航,S013>O01,3237.0726167221055,3239.068183405711,直连,,True
T023,巡航,S013>O01,3239.068183405711,3241.0637500893167,直连,,True
T023,巡航,S013>O01,3241.0637500893167,3243.0593167729226,直连,,True
T023,巡航,S013>O01,3243.0593167729226,3245.0548834565284,直连,,True
T023,巡航,S013>O01,3245.0548834565284,3247.0504501401338,直连,,True
T023,巡航,S013>O01,3247.0504501401338,3249.0460168237396,直连,,True
T023,巡航,S013>O01,3249.0460168237396,3251.0415835073454,直连,,True
T023,巡航,S013>O01,3251.0415835073454,3253.0371501909513,直连,,True
T023,巡航,S013>O01,3253.0371501909513,3255.032716874557,直连,,True
T023,巡航,S013>O01,3255.032716874557,3257.0282835581625,直连,,True
T023,巡航,S013>O01,3257.0282835581625,3259.0238502417683,直连,,True
T023,巡航,S013>O01,3259.0238502417683,3261.019416925374,直连,,True
T023,巡航,S013>O01,3261.019416925374,3263.01498360898,直连,,True
T023,巡航,S013>O01,3263.01498360898,3265.0105502925853,直连,,True
T023,巡航,S013>O01,3265.0105502925853,3267.006116976191,直连,,True
T023,巡航,S013>O01,3267.006116976191,3269.001683659797,直连,,True
T023,巡航,S013>O01,3269.001683659797,3270.997250343403,直连,,True
T023,巡航,S013>O01,3270.997250343403,3272.9928170270086,直连,,True
T023,巡航,S013>O01,3272.9928170270086,3274.988383710614,直连,,True
T023,巡航,S013>O01,3274.988383710614,3276.98395039422,直连,,True
T023,巡航,S013>O01,3276.98395039422,3278.9795170778257,直连,,True
T023,巡航,S013>O01,3278.9795170778257,3280.9750837614315,直连,,True
T023,巡航,S013>O01,3280.9750837614315,3282.970650445037,直连,,True
T023,巡航,S013>O01,3282.970650445037,3284.9662171286427,直连,,True
T023,巡航,S013>O01,3284.9662171286427,3286.9617838122485,直连,,True
T023,巡航,S013>O01,3286.9617838122485,3288.9573504958544,直连,,True
T023,巡航,S013>O01,3288.9573504958544,3290.95291717946,直连,,True
T023,巡航,S013>O01,3290.95291717946,3292.948483863066,直连,,True
T023,巡航,S013>O01,3292.948483863066,3294.9440505466714,直连,,True
T023,巡航,S013>O01,3294.9440505466714,3296.9396172302772,直连,,True
T023,巡航,S013>O01,3296.9396172302772,3298.935183913883,直连,,True
T023,巡航,S013>O01,3298.935183913883,3300.930750597489,直连,,True
T023,巡航,S013>O01,3300.930750597489,3302.9263172810943,直连,,True
T023,巡航,S013>O01,3302.9263172810943,3304.9218839647,直连,,True
T023,巡航,S013>O01,3304.9218839647,3306.917450648306,直连,,True
T023,巡航,S013>O01,3306.917450648306,3308.9130173319118,直连,,True
T023,巡航,S013>O01,3308.9130173319118,3310.9085840155176,直连,,True
T023,巡航,S013>O01,3310.9085840155176,3312.904150699123,直连,,True
T023,巡航,S013>O01,3312.904150699123,3314.899717382729,直连,,True
T023,巡航,S013>O01,3314.899717382729,3316.8952840663346,直连,,True
T023,巡航,S013>O01,3316.8952840663346,3318.8908507499405,直连,,True
T023,巡航,S013>O01,3318.8908507499405,3320.886417433546,直连,,True
T023,巡航,S013>O01,3320.886417433546,3322.8819841171517,直连,,True
T023,巡航,S013>O01,3322.8819841171517,3324.8775508007575,直连,,True
T023,下降,S013>O01,3324.8775508007575,3335.7368237499763,直连,,True
T023,下降,S013>O01,3335.7368237499763,3346.596096699195,直连,,True
T023,下降,S013>O01,3346.596096699195,3357.4553696484136,直连,,True
T023,下降,S013>O01,3357.4553696484136,3368.3146425976324,直连,,True
T023,下降,S013>O01,3368.3146425976324,3379.1739155468513,直连,,True
T023,下降,S013>O01,3379.1739155468513,3390.03318849607,直连,,True
T023,下降,S013>O01,3390.03318849607,3400.892461445289,直连,,True
T023,下降,S013>O01,3400.892461445289,3411.7517343945074,直连,,True
T023,下降,S013>O01,3411.7517343945074,3422.611007343726,直连,,True
T023,下降,S013>O01,3422.611007343726,3433.470280292945,直连,,True
T024,爬升,O01>S014,390.0,399.6718205769857,直连,,True
T024,爬升,O01>S014,399.6718205769857,409.34364115397136,直连,,True
T024,爬升,O01>S014,409.34364115397136,419.01546173095704,直连,,True
T024,爬升,O01>S014,419.01546173095704,428.6872823079427,直连,,True
T024,爬升,O01>S014,428.6872823079427,438.3591028849284,直连,,True
T024,爬升,O01>S014,438.3591028849284,448.0309234619141,直连,,True
T024,爬升,O01>S014,448.0309234619141,457.70274403889977,直连,,True
T024,爬升,O01>S014,457.70274403889977,467.37456461588545,直连,,True
T024,爬升,O01>S014,467.37456461588545,477.0463851928711,直连,,True
T024,爬升,O01>S014,477.0463851928711,486.7182057698568,直连,,True
T024,爬升,O01>S014,486.7182057698568,496.3900263468425,直连,,True
T024,爬升,O01>S014,496.3900263468425,506.06184692382817,直连,,True
T024,爬升,O01>S014,506.06184692382817,515.7336675008139,直连,,True
T024,爬升,O01>S014,515.7336675008139,525.4054880777995,直连,,True
T024,爬升,O01>S014,525.4054880777995,535.0773086547852,直连,,True
T024,爬升,O01>S014,535.0773086547852,544.7491292317709,直连,,True
T024,巡航,O01>S014,544.7491292317709,546.7452876829658,直连,,True
T024,巡航,O01>S014,546.7452876829658,548.7414461341607,直连,,True
T024,巡航,O01>S014,548.7414461341607,550.7376045853556,直连,,True
T024,巡航,O01>S014,550.7376045853556,552.7337630365505,直连,,True
T024,巡航,O01>S014,552.7337630365505,554.7299214877454,直连,,True
T024,巡航,O01>S014,554.7299214877454,556.7260799389404,直连,,True
T024,巡航,O01>S014,556.7260799389404,558.7222383901353,直连,,True
T024,巡航,O01>S014,558.7222383901353,560.7183968413302,直连,,True
T024,巡航,O01>S014,560.7183968413302,562.7145552925251,直连,,True
T024,巡航,O01>S014,562.7145552925251,564.71071374372,直连,,True
T024,巡航,O01>S014,564.71071374372,566.7068721949149,直连,,True
T024,巡航,O01>S014,566.7068721949149,568.7030306461098,直连,,True
T024,巡航,O01>S014,568.7030306461098,570.6991890973047,直连,,True
T024,巡航,O01>S014,570.6991890973047,572.6953475484996,直连,,True
T024,巡航,O01>S014,572.6953475484996,574.6915059996945,直连,,True
T024,巡航,O01>S014,574.6915059996945,576.6876644508894,直连,,True
T024,巡航,O01>S014,576.6876644508894,578.6838229020843,直连,,True
T024,巡航,O01>S014,578.6838229020843,580.6799813532793,直连,,True
T024,巡航,O01>S014,580.6799813532793,582.6761398044742,直连,,True
T024,巡航,O01>S014,582.6761398044742,584.6722982556691,直连,,True
T024,巡航,O01>S014,584.6722982556691,586.668456706864,直连,,True
T024,巡航,O01>S014,586.668456706864,588.664615158059,直连,,True
T024,巡航,O01>S014,588.664615158059,590.6607736092539,直连,,True
T024,巡航,O01>S014,590.6607736092539,592.6569320604488,直连,,True
T024,巡航,O01>S014,592.6569320604488,594.6530905116437,直连,,True
T024,巡航,O01>S014,594.6530905116437,596.6492489628386,直连,,True
T024,巡航,O01>S014,596.6492489628386,598.6454074140335,直连,,True
T024,巡航,O01>S014,598.6454074140335,600.6415658652284,直连,,True
T024,巡航,O01>S014,600.6415658652284,602.6377243164234,直连,,True
T024,巡航,O01>S014,602.6377243164234,604.6338827676183,直连,,True
T024,巡航,O01>S014,604.6338827676183,606.6300412188132,直连,,True
T024,巡航,O01>S014,606.6300412188132,608.6261996700081,直连,,True
T024,巡航,O01>S014,608.6261996700081,610.622358121203,直连,,True
T024,巡航,O01>S014,610.622358121203,612.6185165723979,直连,,True
T024,巡航,O01>S014,612.6185165723979,614.6146750235928,直连,,True
T024,巡航,O01>S014,614.6146750235928,616.6108334747877,直连,,True
T024,巡航,O01>S014,616.6108334747877,618.6069919259826,直连,,True
T024,巡航,O01>S014,618.6069919259826,620.6031503771775,直连,,True
T024,巡航,O01>S014,620.6031503771775,622.5993088283724,直连,,True
T024,巡航,O01>S014,622.5993088283724,624.5954672795674,直连,,True
T024,巡航,O01>S014,624.5954672795674,626.5916257307623,直连,,True
T024,巡航,O01>S014,626.5916257307623,628.5877841819572,直连,,True
T024,巡航,O01>S014,628.5877841819572,630.5839426331521,直连,,True
T024,巡航,O01>S014,630.5839426331521,632.580101084347,直连,,True
T024,巡航,O01>S014,632.580101084347,634.5762595355419,直连,,True
T024,巡航,O01>S014,634.5762595355419,636.5724179867368,直连,,True
T024,巡航,O01>S014,636.5724179867368,638.5685764379317,直连,,True
T024,巡航,O01>S014,638.5685764379317,640.5647348891266,直连,,True
T024,巡航,O01>S014,640.5647348891266,642.5608933403215,直连,,True
T024,巡航,O01>S014,642.5608933403215,644.5570517915164,直连,,True
T024,巡航,O01>S014,644.5570517915164,646.5532102427114,直连,,True
T024,巡航,O01>S014,646.5532102427114,648.5493686939062,直连,,True
T024,巡航,O01>S014,648.5493686939062,650.5455271451012,直连,,True
T024,巡航,O01>S014,650.5455271451012,652.5416855962961,直连,,True
T024,巡航,O01>S014,652.5416855962961,654.537844047491,直连,,True
T024,巡航,O01>S014,654.537844047491,656.5340024986859,直连,,True
T024,巡航,O01>S014,656.5340024986859,658.5301609498808,直连,,True
T024,巡航,O01>S014,658.5301609498808,660.5263194010757,直连,,True
T024,巡航,O01>S014,660.5263194010757,662.5224778522706,直连,,True
T024,巡航,O01>S014,662.5224778522706,664.5186363034655,直连,,True
T024,巡航,O01>S014,664.5186363034655,666.5147947546604,直连,,True
T024,巡航,O01>S014,666.5147947546604,668.5109532058555,直连,,True
T024,巡航,O01>S014,668.5109532058555,670.5071116570504,直连,,True
T024,巡航,O01>S014,670.5071116570504,672.5032701082453,直连,,True
T024,巡航,O01>S014,672.5032701082453,674.4994285594402,直连,,True
T024,巡航,O01>S014,674.4994285594402,676.4955870106351,直连,,True
T024,巡航,O01>S014,676.4955870106351,678.49174546183,直连,,True
T024,巡航,O01>S014,678.49174546183,680.4879039130249,直连,,True
T024,巡航,O01>S014,680.4879039130249,682.4840623642198,直连,,True
T024,巡航,O01>S014,682.4840623642198,684.4802208154147,直连,,True
T024,巡航,O01>S014,684.4802208154147,686.4763792666096,直连,,True
T024,巡航,O01>S014,686.4763792666096,688.4725377178045,直连,,True
T024,巡航,O01>S014,688.4725377178045,690.4686961689995,直连,,True
T024,巡航,O01>S014,690.4686961689995,692.4648546201943,直连,,True
T024,巡航,O01>S014,692.4648546201943,694.4610130713893,直连,,True
T024,巡航,O01>S014,694.4610130713893,696.4571715225842,直连,,True
T024,巡航,O01>S014,696.4571715225842,698.4533299737791,直连,,True
T024,巡航,O01>S014,698.4533299737791,700.449488424974,直连,,True
T024,巡航,O01>S014,700.449488424974,702.4456468761689,直连,,True
T024,巡航,O01>S014,702.4456468761689,704.4418053273638,直连,,True
T024,巡航,O01>S014,704.4418053273638,706.4379637785587,直连,,True
T024,巡航,O01>S014,706.4379637785587,708.4341222297536,直连,,True
T024,巡航,O01>S014,708.4341222297536,710.4302806809485,直连,,True
T024,巡航,O01>S014,710.4302806809485,712.4264391321434,直连,,True
T024,巡航,O01>S014,712.4264391321434,714.4225975833383,直连,,True
T024,巡航,O01>S014,714.4225975833383,716.4187560345333,直连,,True
T024,巡航,O01>S014,716.4187560345333,718.4149144857282,直连,,True
T024,巡航,O01>S014,718.4149144857282,720.4110729369231,直连,,True
T024,巡航,O01>S014,720.4110729369231,722.407231388118,直连,,True
T024,巡航,O01>S014,722.407231388118,724.4033898393129,直连,,True
T024,巡航,O01>S014,724.4033898393129,726.3995482905078,直连,,True
T024,巡航,O01>S014,726.3995482905078,728.3957067417027,直连,,True
T024,巡航,O01>S014,728.3957067417027,730.3918651928976,直连,,True
T024,巡航,O01>S014,730.3918651928976,732.3880236440925,直连,,True
T024,巡航,O01>S014,732.3880236440925,734.3841820952874,直连,,True
T024,巡航,O01>S014,734.3841820952874,736.3803405464823,直连,,True
T024,巡航,O01>S014,736.3803405464823,738.3764989976773,直连,,True
T024,巡航,O01>S014,738.3764989976773,740.3726574488721,直连,,True
T024,巡航,O01>S014,740.3726574488721,742.3688159000671,直连,,True
T024,巡航,O01>S014,742.3688159000671,744.364974351262,直连,,True
T024,巡航,O01>S014,744.364974351262,746.361132802457,直连,,True
T024,巡航,O01>S014,746.361132802457,748.3572912536519,直连,,True
T024,巡航,O01>S014,748.3572912536519,750.3534497048468,直连,,True
T024,巡航,O01>S014,750.3534497048468,752.3496081560417,直连,,True
T024,巡航,O01>S014,752.3496081560417,754.3457666072366,直连,,True
T024,巡航,O01>S014,754.3457666072366,756.3419250584315,直连,,True
T024,巡航,O01>S014,756.3419250584315,758.3380835096264,直连,,True
T024,巡航,O01>S014,758.3380835096264,760.3342419608214,直连,,True
T024,巡航,O01>S014,760.3342419608214,762.3304004120163,直连,,True
T024,巡航,O01>S014,762.3304004120163,764.3265588632112,直连,,True
T024,巡航,O01>S014,764.3265588632112,766.3227173144061,直连,,True
T024,巡航,O01>S014,766.3227173144061,768.318875765601,直连,,True
T024,巡航,O01>S014,768.318875765601,770.3150342167959,直连,,True
T024,巡航,O01>S014,770.3150342167959,772.3111926679908,直连,,True
T024,巡航,O01>S014,772.3111926679908,774.3073511191857,直连,,True
T024,巡航,O01>S014,774.3073511191857,776.3035095703806,直连,,True
T024,巡航,O01>S014,776.3035095703806,778.2996680215756,直连,,True
T024,巡航,O01>S014,778.2996680215756,780.2958264727704,直连,,True
T024,巡航,O01>S014,780.2958264727704,782.2919849239654,直连,,True
T024,巡航,O01>S014,782.2919849239654,784.2881433751602,直连,,True
T024,巡航,O01>S014,784.2881433751602,786.2843018263552,直连,,True
T024,巡航,O01>S014,786.2843018263552,788.2804602775501,直连,,True
T024,巡航,O01>S014,788.2804602775501,790.276618728745,直连,,True
T024,巡航,O01>S014,790.276618728745,792.2727771799399,直连,,True
T024,巡航,O01>S014,792.2727771799399,794.2689356311348,直连,,True
T024,巡航,O01>S014,794.2689356311348,796.2650940823297,直连,,True
T024,巡航,O01>S014,796.2650940823297,798.2612525335246,直连,,True
T024,巡航,O01>S014,798.2612525335246,800.2574109847195,直连,,True
T024,巡航,O01>S014,800.2574109847195,802.2535694359144,直连,,True
T024,巡航,O01>S014,802.2535694359144,804.2497278871094,直连,,True
T024,巡航,O01>S014,804.2497278871094,806.2458863383042,直连,,True
T024,巡航,O01>S014,806.2458863383042,806.7449259511029,直连,,True
T024,巡航,O01>S014,806.7449259511029,806.8073059027028,直连,,True
T024,巡航,O01>S014,806.8073059027028,806.8696858543026,中继兜底,R-S03,True
T024,巡航,O01>S014,806.8696858543026,806.9944457575023,中继兜底,R-S03,True
T024,巡航,O01>S014,806.9944457575023,807.2439655639017,中继兜底,R-S03,True
T024,巡航,O01>S014,807.2439655639017,808.2420447894992,中继兜底,R-S03,True
T024,巡航,O01>S014,808.2420447894992,810.2382032406941,中继兜底,R-S03,True
T024,巡航,O01>S014,810.2382032406941,812.234361691889,中继兜底,R-S03,True
T024,巡航,O01>S014,812.234361691889,814.2305201430839,中继兜底,R-S03,True
T024,巡航,O01>S014,814.2305201430839,816.2266785942788,中继兜底,R-S03,True
T024,巡航,O01>S014,816.2266785942788,818.2228370454737,中继兜底,R-S03,True
T024,巡航,O01>S014,818.2228370454737,820.2189954966686,中继兜底,R-S03,True
T024,巡航,O01>S014,820.2189954966686,822.2151539478637,中继兜底,R-S03,True
T024,巡航,O01>S014,822.2151539478637,824.2113123990584,中继兜底,R-S03,True
T024,巡航,O01>S014,824.2113123990584,826.2074708502535,中继兜底,R-S03,True
T024,巡航,O01>S014,826.2074708502535,828.2036293014482,中继兜底,R-S03,True
T024,巡航,O01>S014,828.2036293014482,830.1997877526433,中继兜底,R-S03,True
T024,巡航,O01>S014,830.1997877526433,832.195946203838,中继兜底,R-S03,True
T024,巡航,O01>S014,832.195946203838,834.1921046550331,中继兜底,R-S03,True
T024,巡航,O01>S014,834.1921046550331,836.188263106228,中继兜底,R-S03,True
T024,巡航,O01>S014,836.188263106228,838.1844215574229,中继兜底,R-S03,True
T024,巡航,O01>S014,838.1844215574229,840.1805800086178,中继兜底,R-S03,True
T024,巡航,O01>S014,840.1805800086178,842.1767384598127,中继兜底,R-S03,True
T024,巡航,O01>S014,842.1767384598127,844.1728969110076,中继兜底,R-S03,True
T024,巡航,O01>S014,844.1728969110076,846.1690553622025,中继兜底,R-S03,True
T024,巡航,O01>S014,846.1690553622025,848.1652138133975,中继兜底,R-S03,True
T024,巡航,O01>S014,848.1652138133975,850.1613722645923,中继兜底,R-S03,True
T024,巡航,O01>S014,850.1613722645923,852.1575307157873,中继兜底,R-S03,True
T024,巡航,O01>S014,852.1575307157873,854.1536891669822,中继兜底,R-S03,True
T024,巡航,O01>S014,854.1536891669822,856.1498476181771,中继兜底,R-S03,True
T024,巡航,O01>S014,856.1498476181771,858.146006069372,中继兜底,R-S03,True
T024,巡航,O01>S014,858.146006069372,860.1421645205669,中继兜底,R-S03,True
T024,巡航,O01>S014,860.1421645205669,862.1383229717618,中继兜底,R-S03,True
T024,巡航,O01>S014,862.1383229717618,864.1344814229567,中继兜底,R-S03,True
T024,巡航,O01>S014,864.1344814229567,866.1306398741516,中继兜底,R-S03,True
T024,巡航,O01>S014,866.1306398741516,868.1267983253465,中继兜底,R-S03,True
T024,巡航,O01>S014,868.1267983253465,870.1229567765415,中继兜底,R-S03,True
T024,巡航,O01>S014,870.1229567765415,872.1191152277363,中继兜底,R-S03,True
T024,巡航,O01>S014,872.1191152277363,874.1152736789313,中继兜底,R-S03,True
T024,巡航,O01>S014,874.1152736789313,876.1114321301261,中继兜底,R-S03,True
T024,巡航,O01>S014,876.1114321301261,878.1075905813211,中继兜底,R-S03,True
T024,巡航,O01>S014,878.1075905813211,880.1037490325159,中继兜底,R-S03,True
T024,巡航,O01>S014,880.1037490325159,882.0999074837109,中继兜底,R-S03,True
T024,巡航,O01>S014,882.0999074837109,884.0960659349058,中继兜底,R-S03,True
T024,巡航,O01>S014,884.0960659349058,886.0922243861007,中继兜底,R-S03,True
T024,巡航,O01>S014,886.0922243861007,888.0883828372957,中继兜底,R-S03,True
T024,巡航,O01>S014,888.0883828372957,890.0845412884905,中继兜底,R-S03,True
T024,巡航,O01>S014,890.0845412884905,892.0806997396855,中继兜底,R-S03,True
T024,巡航,O01>S014,892.0806997396855,894.0768581908803,中继兜底,R-S03,True
T024,巡航,O01>S014,894.0768581908803,896.0730166420753,中继兜底,R-S03,True
T024,巡航,O01>S014,896.0730166420753,898.0691750932701,中继兜底,R-S03,True
T024,巡航,O01>S014,898.0691750932701,900.0653335444651,中继兜底,R-S03,True
T024,巡航,O01>S014,900.0653335444651,902.06149199566,中继兜底,R-S03,True
T024,巡航,O01>S014,902.06149199566,904.057650446855,中继兜底,R-S03,True
T024,巡航,O01>S014,904.057650446855,906.0538088980499,中继兜底,R-S03,True
T024,下降,O01>S014,906.0538088980499,916.7625816845082,中继兜底,R-S03,True
T024,下降,O01>S014,916.7625816845082,927.4713544709665,中继兜底,R-S03,True
T024,下降,O01>S014,927.4713544709665,938.1801272574248,中继兜底,R-S03,True
T024,下降,O01>S014,938.1801272574248,948.8889000438832,中继兜底,R-S03,True
T024,下降,O01>S014,948.8889000438832,959.5976728303416,中继兜底,R-S03,True
T024,下降,O01>S014,959.5976728303416,970.3064456167999,中继兜底,R-S03,True
T024,下降,O01>S014,970.3064456167999,981.0152184032582,中继兜底,R-S03,True
T024,下降,O01>S014,981.0152184032582,991.7239911897166,中继兜底,R-S03,True
T024,下降,O01>S014,991.7239911897166,1002.4327639761749,中继兜底,R-S03,True
T024,投送,S014,1002.4327639761749,1242.432763976175,中继兜底,R-S03,True
T024,爬升,S014>O01,1242.432763976175,1251.3567412982236,中继兜底,R-S03,True
T024,爬升,S014>O01,1251.3567412982236,1260.2807186202722,中继兜底,R-S03,True
T024,爬升,S014>O01,1260.2807186202722,1269.2046959423208,中继兜底,R-S03,True
T024,爬升,S014>O01,1269.2046959423208,1278.1286732643694,中继兜底,R-S03,True
T024,爬升,S014>O01,1278.1286732643694,1287.0526505864182,中继兜底,R-S03,True
T024,爬升,S014>O01,1287.0526505864182,1295.9766279084668,中继兜底,R-S03,True
T024,爬升,S014>O01,1295.9766279084668,1304.9006052305153,中继兜底,R-S03,True
T024,爬升,S014>O01,1304.9006052305153,1313.824582552564,中继兜底,R-S03,True
T024,爬升,S014>O01,1313.824582552564,1322.7485598746125,中继兜底,R-S03,True
T024,巡航,S014>O01,1322.7485598746125,1324.7447183258075,中继兜底,R-S03,True
T024,巡航,S014>O01,1324.7447183258075,1326.7408767770023,中继兜底,R-S03,True
T024,巡航,S014>O01,1326.7408767770023,1328.7370352281973,中继兜底,R-S03,True
T024,巡航,S014>O01,1328.7370352281973,1330.7331936793921,中继兜底,R-S03,True
T024,巡航,S014>O01,1330.7331936793921,1332.7293521305871,中继兜底,R-S03,True
T024,巡航,S014>O01,1332.7293521305871,1334.725510581782,中继兜底,R-S03,True
T024,巡航,S014>O01,1334.725510581782,1336.721669032977,中继兜底,R-S03,True
T024,巡航,S014>O01,1336.721669032977,1338.7178274841717,中继兜底,R-S03,True
T024,巡航,S014>O01,1338.7178274841717,1340.7139859353667,中继兜底,R-S03,True
T024,巡航,S014>O01,1340.7139859353667,1342.7101443865615,中继兜底,R-S03,True
T024,巡航,S014>O01,1342.7101443865615,1344.7063028377565,中继兜底,R-S03,True
T024,巡航,S014>O01,1344.7063028377565,1346.7024612889513,中继兜底,R-S03,True
T024,巡航,S014>O01,1346.7024612889513,1348.6986197401463,中继兜底,R-S03,True
T024,巡航,S014>O01,1348.6986197401463,1350.6947781913414,中继兜底,R-S03,True
T024,巡航,S014>O01,1350.6947781913414,1352.6909366425361,中继兜底,R-S03,True
T024,巡航,S014>O01,1352.6909366425361,1354.6870950937312,中继兜底,R-S03,True
T024,巡航,S014>O01,1354.6870950937312,1356.683253544926,中继兜底,R-S03,True
T024,巡航,S014>O01,1356.683253544926,1358.679411996121,中继兜底,R-S03,True
T024,巡航,S014>O01,1358.679411996121,1360.6755704473157,中继兜底,R-S03,True
T024,巡航,S014>O01,1360.6755704473157,1362.6717288985108,中继兜底,R-S03,True
T024,巡航,S014>O01,1362.6717288985108,1364.6678873497056,中继兜底,R-S03,True
T024,巡航,S014>O01,1364.6678873497056,1366.6640458009006,中继兜底,R-S03,True
T024,巡航,S014>O01,1366.6640458009006,1368.6602042520954,中继兜底,R-S03,True
T024,巡航,S014>O01,1368.6602042520954,1370.6563627032904,中继兜底,R-S03,True
T024,巡航,S014>O01,1370.6563627032904,1372.6525211544854,中继兜底,R-S03,True
T024,巡航,S014>O01,1372.6525211544854,1374.6486796056802,中继兜底,R-S03,True
T024,巡航,S014>O01,1374.6486796056802,1376.6448380568752,中继兜底,R-S03,True
T024,巡航,S014>O01,1376.6448380568752,1378.64099650807,中继兜底,R-S03,True
T024,巡航,S014>O01,1378.64099650807,1380.637154959265,中继兜底,R-S03,True
T024,巡航,S014>O01,1380.637154959265,1382.6333134104598,中继兜底,R-S03,True
T024,巡航,S014>O01,1382.6333134104598,1384.6294718616548,中继兜底,R-S03,True
T024,巡航,S014>O01,1384.6294718616548,1386.6256303128496,中继兜底,R-S03,True
T024,巡航,S014>O01,1386.6256303128496,1388.6217887640446,中继兜底,R-S03,True
T024,巡航,S014>O01,1388.6217887640446,1390.6179472152394,中继兜底,R-S03,True
T024,巡航,S014>O01,1390.6179472152394,1392.6141056664344,中继兜底,R-S03,True
T024,巡航,S014>O01,1392.6141056664344,1394.6102641176294,中继兜底,R-S03,True
T024,巡航,S014>O01,1394.6102641176294,1396.6064225688242,中继兜底,R-S03,True
T024,巡航,S014>O01,1396.6064225688242,1398.6025810200192,中继兜底,R-S03,True
T024,巡航,S014>O01,1398.6025810200192,1400.598739471214,中继兜底,R-S03,True
T024,巡航,S014>O01,1400.598739471214,1402.594897922409,中继兜底,R-S03,True
T024,巡航,S014>O01,1402.594897922409,1404.5910563736038,中继兜底,R-S03,True
T024,巡航,S014>O01,1404.5910563736038,1406.5872148247988,中继兜底,R-S03,True
T024,巡航,S014>O01,1406.5872148247988,1408.5833732759936,中继兜底,R-S03,True
T024,巡航,S014>O01,1408.5833732759936,1410.5795317271886,中继兜底,R-S03,True
T024,巡航,S014>O01,1410.5795317271886,1412.5756901783834,中继兜底,R-S03,True
T024,巡航,S014>O01,1412.5756901783834,1414.5718486295784,中继兜底,R-S03,True
T024,巡航,S014>O01,1414.5718486295784,1416.5680070807732,中继兜底,R-S03,True
T024,巡航,S014>O01,1416.5680070807732,1418.5641655319682,中继兜底,R-S03,True
T024,巡航,S014>O01,1418.5641655319682,1420.560323983163,中继兜底,R-S03,True
T024,巡航,S014>O01,1420.560323983163,1421.5584032087604,中继兜底,R-S03,True
T024,巡航,S014>O01,1421.5584032087604,1421.8079230151598,中继兜底,R-S03,True
T024,巡航,S014>O01,1421.8079230151598,1421.9326829183594,中继兜底,R-S03,True
T024,巡航,S014>O01,1421.9326829183594,1421.9950628699594,中继兜底,R-S03,True
T024,巡航,S014>O01,1421.9950628699594,1422.057442821559,直连,,True
T024,巡航,S014>O01,1422.057442821559,1422.556482434358,直连,,True
T024,巡航,S014>O01,1422.556482434358,1424.552640885553,直连,,True
T024,巡航,S014>O01,1424.552640885553,1426.5487993367478,直连,,True
T024,巡航,S014>O01,1426.5487993367478,1428.5449577879428,直连,,True
T024,巡航,S014>O01,1428.5449577879428,1430.5411162391376,直连,,True
T024,巡航,S014>O01,1430.5411162391376,1432.5372746903327,直连,,True
T024,巡航,S014>O01,1432.5372746903327,1434.5334331415274,直连,,True
T024,巡航,S014>O01,1434.5334331415274,1436.5295915927225,直连,,True
T024,巡航,S014>O01,1436.5295915927225,1438.5257500439172,直连,,True
T024,巡航,S014>O01,1438.5257500439172,1440.5219084951123,直连,,True
T024,巡航,S014>O01,1440.5219084951123,1442.518066946307,直连,,True
T024,巡航,S014>O01,1442.518066946307,1444.514225397502,直连,,True
T024,巡航,S014>O01,1444.514225397502,1446.510383848697,直连,,True
T024,巡航,S014>O01,1446.510383848697,1448.5065422998919,直连,,True
T024,巡航,S014>O01,1448.5065422998919,1450.5027007510869,直连,,True
T024,巡航,S014>O01,1450.5027007510869,1452.4988592022817,直连,,True
T024,巡航,S014>O01,1452.4988592022817,1454.4950176534767,直连,,True
T024,巡航,S014>O01,1454.4950176534767,1456.4911761046715,直连,,True
T024,巡航,S014>O01,1456.4911761046715,1458.4873345558665,直连,,True
T024,巡航,S014>O01,1458.4873345558665,1460.4834930070613,直连,,True
T024,巡航,S014>O01,1460.4834930070613,1462.4796514582563,直连,,True
T024,巡航,S014>O01,1462.4796514582563,1464.475809909451,直连,,True
T024,巡航,S014>O01,1464.475809909451,1466.471968360646,直连,,True
T024,巡航,S014>O01,1466.471968360646,1468.468126811841,直连,,True
T024,巡航,S014>O01,1468.468126811841,1470.464285263036,直连,,True
T024,巡航,S014>O01,1470.464285263036,1472.460443714231,直连,,True
T024,巡航,S014>O01,1472.460443714231,1474.4566021654257,直连,,True
T024,巡航,S014>O01,1474.4566021654257,1476.4527606166207,直连,,True
T024,巡航,S014>O01,1476.4527606166207,1478.4489190678155,直连,,True
T024,巡航,S014>O01,1478.4489190678155,1480.4450775190105,直连,,True
T024,巡航,S014>O01,1480.4450775190105,1482.4412359702053,直连,,True
T024,巡航,S014>O01,1482.4412359702053,1484.4373944214003,直连,,True
T024,巡航,S014>O01,1484.4373944214003,1486.433552872595,直连,,True
T024,巡航,S014>O01,1486.433552872595,1488.4297113237901,直连,,True
T024,巡航,S014>O01,1488.4297113237901,1490.4258697749851,直连,,True
T024,巡航,S014>O01,1490.4258697749851,1492.42202822618,直连,,True
T024,巡航,S014>O01,1492.42202822618,1494.418186677375,直连,,True
T024,巡航,S014>O01,1494.418186677375,1496.4143451285697,直连,,True
T024,巡航,S014>O01,1496.4143451285697,1498.4105035797647,直连,,True
T024,巡航,S014>O01,1498.4105035797647,1500.4066620309595,直连,,True
T024,巡航,S014>O01,1500.4066620309595,1502.4028204821545,直连,,True
T024,巡航,S014>O01,1502.4028204821545,1504.3989789333493,直连,,True
T024,巡航,S014>O01,1504.3989789333493,1506.3951373845443,直连,,True
T024,巡航,S014>O01,1506.3951373845443,1508.3912958357391,直连,,True
T024,巡航,S014>O01,1508.3912958357391,1510.3874542869341,直连,,True
T024,巡航,S014>O01,1510.3874542869341,1512.383612738129,直连,,True
T024,巡航,S014>O01,1512.383612738129,1514.379771189324,直连,,True
T024,巡航,S014>O01,1514.379771189324,1516.3759296405187,直连,,True
T024,巡航,S014>O01,1516.3759296405187,1518.3720880917137,直连,,True
T024,巡航,S014>O01,1518.3720880917137,1520.3682465429088,直连,,True
T024,巡航,S014>O01,1520.3682465429088,1522.3644049941036,直连,,True
T024,巡航,S014>O01,1522.3644049941036,1524.3605634452986,直连,,True
T024,巡航,S014>O01,1524.3605634452986,1526.3567218964934,直连,,True
T024,巡航,S014>O01,1526.3567218964934,1528.3528803476884,直连,,True
T024,巡航,S014>O01,1528.3528803476884,1530.3490387988832,直连,,True
T024,巡航,S014>O01,1530.3490387988832,1532.3451972500782,直连,,True
T024,巡航,S014>O01,1532.3451972500782,1534.341355701273,直连,,True
T024,巡航,S014>O01,1534.341355701273,1536.337514152468,直连,,True
T024,巡航,S014>O01,1536.337514152468,1538.3336726036628,直连,,True
T024,巡航,S014>O01,1538.3336726036628,1540.3298310548578,直连,,True
T024,巡航,S014>O01,1540.3298310548578,1542.3259895060528,直连,,True
T024,巡航,S014>O01,1542.3259895060528,1544.3221479572476,直连,,True
T024,巡航,S014>O01,1544.3221479572476,1546.3183064084426,直连,,True
T024,巡航,S014>O01,1546.3183064084426,1548.3144648596374,直连,,True
T024,巡航,S014>O01,1548.3144648596374,1550.3106233108324,直连,,True
T024,巡航,S014>O01,1550.3106233108324,1552.3067817620272,直连,,True
T024,巡航,S014>O01,1552.3067817620272,1554.3029402132222,直连,,True
T024,巡航,S014>O01,1554.3029402132222,1556.299098664417,直连,,True
T024,巡航,S014>O01,1556.299098664417,1558.295257115612,直连,,True
T024,巡航,S014>O01,1558.295257115612,1560.2914155668068,直连,,True
T024,巡航,S014>O01,1560.2914155668068,1562.2875740180018,直连,,True
T024,巡航,S014>O01,1562.2875740180018,1564.2837324691968,直连,,True
T024,巡航,S014>O01,1564.2837324691968,1566.2798909203916,直连,,True
T024,巡航,S014>O01,1566.2798909203916,1568.2760493715866,直连,,True
T024,巡航,S014>O01,1568.2760493715866,1570.2722078227814,直连,,True
T024,巡航,S014>O01,1570.2722078227814,1572.2683662739764,直连,,True
T024,巡航,S014>O01,1572.2683662739764,1574.2645247251712,直连,,True
T024,巡航,S014>O01,1574.2645247251712,1576.2606831763662,直连,,True
T024,巡航,S014>O01,1576.2606831763662,1578.256841627561,直连,,True
T024,巡航,S014>O01,1578.256841627561,1580.253000078756,直连,,True
T024,巡航,S014>O01,1580.253000078756,1582.2491585299508,直连,,True
T024,巡航,S014>O01,1582.2491585299508,1584.2453169811458,直连,,True
T024,巡航,S014>O01,1584.2453169811458,1586.2414754323408,直连,,True
T024,巡航,S014>O01,1586.2414754323408,1588.2376338835356,直连,,True
T024,巡航,S014>O01,1588.2376338835356,1590.2337923347304,直连,,True
T024,巡航,S014>O01,1590.2337923347304,1592.2299507859254,直连,,True
T024,巡航,S014>O01,1592.2299507859254,1594.2261092371205,直连,,True
T024,巡航,S014>O01,1594.2261092371205,1596.2222676883152,直连,,True
T024,巡航,S014>O01,1596.2222676883152,1598.2184261395103,直连,,True
T024,巡航,S014>O01,1598.2184261395103,1600.214584590705,直连,,True
T024,巡航,S014>O01,1600.214584590705,1602.2107430419,直连,,True
T024,巡航,S014>O01,1602.2107430419,1604.2069014930948,直连,,True
T024,巡航,S014>O01,1604.2069014930948,1606.2030599442899,直连,,True
T024,巡航,S014>O01,1606.2030599442899,1608.1992183954849,直连,,True
T024,巡航,S014>O01,1608.1992183954849,1610.1953768466797,直连,,True
T024,巡航,S014>O01,1610.1953768466797,1612.1915352978745,直连,,True
T024,巡航,S014>O01,1612.1915352978745,1614.1876937490695,直连,,True
T024,巡航,S014>O01,1614.1876937490695,1616.1838522002645,直连,,True
T024,巡航,S014>O01,1616.1838522002645,1618.1800106514593,直连,,True
T024,巡航,S014>O01,1618.1800106514593,1620.1761691026543,直连,,True
T024,巡航,S014>O01,1620.1761691026543,1622.172327553849,直连,,True
T024,巡航,S014>O01,1622.172327553849,1624.168486005044,直连,,True
T024,巡航,S014>O01,1624.168486005044,1626.1646444562389,直连,,True
T024,巡航,S014>O01,1626.1646444562389,1628.160802907434,直连,,True
T024,巡航,S014>O01,1628.160802907434,1630.156961358629,直连,,True
T024,巡航,S014>O01,1630.156961358629,1632.1531198098237,直连,,True
T024,巡航,S014>O01,1632.1531198098237,1634.1492782610185,直连,,True
T024,巡航,S014>O01,1634.1492782610185,1636.1454367122135,直连,,True
T024,巡航,S014>O01,1636.1454367122135,1638.1415951634085,直连,,True
T024,巡航,S014>O01,1638.1415951634085,1640.1377536146033,直连,,True
T024,巡航,S014>O01,1640.1377536146033,1642.133912065798,直连,,True
T024,巡航,S014>O01,1642.133912065798,1644.130070516993,直连,,True
T024,巡航,S014>O01,1644.130070516993,1646.1262289681881,直连,,True
T024,巡航,S014>O01,1646.1262289681881,1648.122387419383,直连,,True
T024,巡航,S014>O01,1648.122387419383,1650.118545870578,直连,,True
T024,巡航,S014>O01,1650.118545870578,1652.1147043217727,直连,,True
T024,巡航,S014>O01,1652.1147043217727,1654.1108627729677,直连,,True
T024,巡航,S014>O01,1654.1108627729677,1656.1070212241625,直连,,True
T024,巡航,S014>O01,1656.1070212241625,1658.1031796753575,直连,,True
T024,巡航,S014>O01,1658.1031796753575,1660.0993381265525,直连,,True
T024,巡航,S014>O01,1660.0993381265525,1662.0954965777473,直连,,True
T024,巡航,S014>O01,1662.0954965777473,1664.0916550289423,直连,,True
T024,巡航,S014>O01,1664.0916550289423,1666.0878134801371,直连,,True
T024,巡航,S014>O01,1666.0878134801371,1668.0839719313321,直连,,True
T024,巡航,S014>O01,1668.0839719313321,1670.080130382527,直连,,True
T024,巡航,S014>O01,1670.080130382527,1672.076288833722,直连,,True
T024,巡航,S014>O01,1672.076288833722,1674.0724472849167,直连,,True
T024,巡航,S014>O01,1674.0724472849167,1676.0686057361117,直连,,True
T024,巡航,S014>O01,1676.0686057361117,1678.0647641873065,直连,,True
T024,巡航,S014>O01,1678.0647641873065,1680.0609226385016,直连,,True
T024,巡航,S014>O01,1680.0609226385016,1682.0570810896966,直连,,True
T024,巡航,S014>O01,1682.0570810896966,1684.0532395408914,直连,,True
T024,下降,S014>O01,1684.0532395408914,1695.6594242332742,直连,,True
T024,下降,S014>O01,1695.6594242332742,1707.265608925657,直连,,True
T024,下降,S014>O01,1707.265608925657,1718.8717936180399,直连,,True
T024,下降,S014>O01,1718.8717936180399,1730.4779783104227,直连,,True
T024,下降,S014>O01,1730.4779783104227,1742.0841630028053,直连,,True
T024,下降,S014>O01,1742.0841630028053,1753.6903476951882,直连,,True
T024,下降,S014>O01,1753.6903476951882,1765.296532387571,直连,,True
T024,下降,S014>O01,1765.296532387571,1776.9027170799538,直连,,True
T024,下降,S014>O01,1776.9027170799538,1788.5089017723367,直连,,True
T024,下降,S014>O01,1788.5089017723367,1800.1150864647195,直连,,True
T024,下降,S014>O01,1800.1150864647195,1811.7212711571024,直连,,True
T024,下降,S014>O01,1811.7212711571024,1823.327455849485,直连,,True
T024,下降,S014>O01,1823.327455849485,1834.9336405418678,直连,,True
T024,下降,S014>O01,1834.9336405418678,1846.5398252342507,直连,,True
T024,下降,S014>O01,1846.5398252342507,1858.1460099266335,直连,,True
T024,下降,S014>O01,1858.1460099266335,1869.7521946190163,直连,,True
T025,爬升,O01>S015,3855.0,3864.86887234158,直连,,True
T025,爬升,O01>S015,3864.86887234158,3874.7377446831597,直连,,True
T025,爬升,O01>S015,3874.7377446831597,3884.6066170247395,直连,,True
T025,爬升,O01>S015,3884.6066170247395,3894.4754893663194,直连,,True
T025,爬升,O01>S015,3894.4754893663194,3904.344361707899,直连,,True
T025,爬升,O01>S015,3904.344361707899,3914.213234049479,直连,,True
T025,爬升,O01>S015,3914.213234049479,3924.082106391059,直连,,True
T025,爬升,O01>S015,3924.082106391059,3933.950978732639,直连,,True
T025,爬升,O01>S015,3933.950978732639,3943.819851074219,直连,,True
T025,爬升,O01>S015,3943.819851074219,3953.688723415799,直连,,True
T025,爬升,O01>S015,3953.688723415799,3963.5575957573787,直连,,True
T025,爬升,O01>S015,3963.5575957573787,3973.4264680989586,直连,,True
T025,爬升,O01>S015,3973.4264680989586,3983.2953404405384,直连,,True
T025,爬升,O01>S015,3983.2953404405384,3993.1642127821183,直连,,True
T025,爬升,O01>S015,3993.1642127821183,4003.033085123698,直连,,True
T025,巡航,O01>S015,4003.033085123698,4005.0262766895594,直连,,True
T025,巡航,O01>S015,4005.0262766895594,4007.0194682554206,直连,,True
T025,巡航,O01>S015,4007.0194682554206,4009.0126598212814,直连,,True
T025,巡航,O01>S015,4009.0126598212814,4011.0058513871427,直连,,True
T025,巡航,O01>S015,4011.0058513871427,4012.999042953004,直连,,True
T025,巡航,O01>S015,4012.999042953004,4014.992234518865,直连,,True
T025,巡航,O01>S015,4014.992234518865,4016.985426084726,直连,,True
T025,巡航,O01>S015,4016.985426084726,4018.9786176505872,直连,,True
T025,巡航,O01>S015,4018.9786176505872,4020.9718092164485,直连,,True
T025,巡航,O01>S015,4020.9718092164485,4022.9650007823097,直连,,True
T025,巡航,O01>S015,4022.9650007823097,4024.9581923481705,直连,,True
T025,巡航,O01>S015,4024.9581923481705,4026.951383914032,直连,,True
T025,巡航,O01>S015,4026.951383914032,4028.944575479893,直连,,True
T025,巡航,O01>S015,4028.944575479893,4030.9377670457543,直连,,True
T025,巡航,O01>S015,4030.9377670457543,4032.930958611615,直连,,True
T025,巡航,O01>S015,4032.930958611615,4034.9241501774763,直连,,True
T025,巡航,O01>S015,4034.9241501774763,4036.9173417433376,直连,,True
T025,巡航,O01>S015,4036.9173417433376,4038.910533309199,直连,,True
T025,巡航,O01>S015,4038.910533309199,4040.9037248750597,直连,,True
T025,巡航,O01>S015,4040.9037248750597,4042.896916440921,直连,,True
T025,巡航,O01>S015,4042.896916440921,4044.890108006782,直连,,True
T025,巡航,O01>S015,4044.890108006782,4046.8832995726434,直连,,True
T025,巡航,O01>S015,4046.8832995726434,4048.8764911385047,直连,,True
T025,巡航,O01>S015,4048.8764911385047,4050.8696827043655,直连,,True
T025,巡航,O01>S015,4050.8696827043655,4052.8628742702267,直连,,True
T025,巡航,O01>S015,4052.8628742702267,4054.856065836088,直连,,True
T025,巡航,O01>S015,4054.856065836088,4056.849257401949,直连,,True
T025,巡航,O01>S015,4056.849257401949,4058.84244896781,直连,,True
T025,巡航,O01>S015,4058.84244896781,4060.8356405336713,直连,,True
T025,巡航,O01>S015,4060.8356405336713,4062.8288320995325,直连,,True
T025,巡航,O01>S015,4062.8288320995325,4064.8220236653938,直连,,True
T025,巡航,O01>S015,4064.8220236653938,4066.8152152312546,直连,,True
T025,巡航,O01>S015,4066.8152152312546,4068.808406797116,直连,,True
T025,巡航,O01>S015,4068.808406797116,4070.801598362977,直连,,True
T025,巡航,O01>S015,4070.801598362977,4072.7947899288383,直连,,True
T025,巡航,O01>S015,4072.7947899288383,4074.787981494699,直连,,True
T025,巡航,O01>S015,4074.787981494699,4076.7811730605604,直连,,True
T025,巡航,O01>S015,4076.7811730605604,4078.7743646264216,直连,,True
T025,巡航,O01>S015,4078.7743646264216,4080.767556192283,直连,,True
T025,巡航,O01>S015,4080.767556192283,4082.7607477581437,直连,,True
T025,巡航,O01>S015,4082.7607477581437,4084.753939324005,直连,,True
T025,巡航,O01>S015,4084.753939324005,4086.747130889866,直连,,True
T025,巡航,O01>S015,4086.747130889866,4088.7403224557274,直连,,True
T025,巡航,O01>S015,4088.7403224557274,4090.7335140215882,直连,,True
T025,巡航,O01>S015,4090.7335140215882,4092.7267055874495,直连,,True
T025,巡航,O01>S015,4092.7267055874495,4094.7198971533107,直连,,True
T025,巡航,O01>S015,4094.7198971533107,4096.7130887191715,直连,,True
T025,巡航,O01>S015,4096.7130887191715,4098.706280285033,直连,,True
T025,巡航,O01>S015,4098.706280285033,4100.699471850894,直连,,True
T025,巡航,O01>S015,4100.699471850894,4102.692663416756,直连,,True
T025,巡航,O01>S015,4102.692663416756,4104.685854982617,直连,,True
T025,巡航,O01>S015,4104.685854982617,4106.679046548477,直连,,True
T025,巡航,O01>S015,4106.679046548477,4108.672238114339,直连,,True
T025,巡航,O01>S015,4108.672238114339,4110.6654296802,直连,,True
T025,巡航,O01>S015,4110.6654296802,4112.658621246061,直连,,True
T025,巡航,O01>S015,4112.658621246061,4114.651812811922,直连,,True
T025,巡航,O01>S015,4114.651812811922,4116.645004377783,直连,,True
T025,巡航,O01>S015,4116.645004377783,4118.638195943645,直连,,True
T025,巡航,O01>S015,4118.638195943645,4120.631387509506,直连,,True
T025,巡航,O01>S015,4120.631387509506,4122.6245790753665,直连,,True
T025,巡航,O01>S015,4122.6245790753665,4124.617770641228,直连,,True
T025,巡航,O01>S015,4124.617770641228,4126.610962207089,直连,,True
T025,巡航,O01>S015,4126.610962207089,4128.60415377295,直连,,True
T025,巡航,O01>S015,4128.60415377295,4130.5973453388115,直连,,True
T025,巡航,O01>S015,4130.5973453388115,4132.590536904672,直连,,True
T025,巡航,O01>S015,4132.590536904672,4134.583728470534,直连,,True
T025,巡航,O01>S015,4134.583728470534,4136.576920036395,直连,,True
T025,巡航,O01>S015,4136.576920036395,4138.570111602256,直连,,True
T025,巡航,O01>S015,4138.570111602256,4140.563303168117,直连,,True
T025,巡航,O01>S015,4140.563303168117,4142.556494733978,直连,,True
T025,巡航,O01>S015,4142.556494733978,4144.54968629984,直连,,True
T025,巡航,O01>S015,4144.54968629984,4146.542877865701,直连,,True
T025,巡航,O01>S015,4146.542877865701,4148.536069431561,直连,,True
T025,巡航,O01>S015,4148.536069431561,4150.529260997423,直连,,True
T025,巡航,O01>S015,4150.529260997423,4152.522452563284,直连,,True
T025,巡航,O01>S015,4152.522452563284,4154.515644129145,直连,,True
T025,巡航,O01>S015,4154.515644129145,4156.508835695006,直连,,True
T025,巡航,O01>S015,4156.508835695006,4158.502027260867,直连,,True
T025,巡航,O01>S015,4158.502027260867,4160.495218826729,直连,,True
T025,巡航,O01>S015,4160.495218826729,4162.48841039259,直连,,True
T025,巡航,O01>S015,4162.48841039259,4164.4816019584505,直连,,True
T025,巡航,O01>S015,4164.4816019584505,4166.474793524312,直连,,True
T025,巡航,O01>S015,4166.474793524312,4168.467985090173,直连,,True
T025,巡航,O01>S015,4168.467985090173,4170.461176656034,直连,,True
T025,巡航,O01>S015,4170.461176656034,4172.4543682218955,直连,,True
T025,巡航,O01>S015,4172.4543682218955,4174.447559787756,直连,,True
T025,巡航,O01>S015,4174.447559787756,4176.440751353618,直连,,True
T025,巡航,O01>S015,4176.440751353618,4178.433942919479,直连,,True
T025,巡航,O01>S015,4178.433942919479,4180.42713448534,直连,,True
T025,巡航,O01>S015,4180.42713448534,4182.420326051201,直连,,True
T025,巡航,O01>S015,4182.420326051201,4184.413517617062,直连,,True
T025,巡航,O01>S015,4184.413517617062,4186.406709182924,直连,,True
T025,巡航,O01>S015,4186.406709182924,4188.399900748785,直连,,True
T025,巡航,O01>S015,4188.399900748785,4190.393092314645,直连,,True
T025,巡航,O01>S015,4190.393092314645,4192.386283880507,直连,,True
T025,巡航,O01>S015,4192.386283880507,4194.379475446368,直连,,True
T025,巡航,O01>S015,4194.379475446368,4196.372667012229,直连,,True
T025,巡航,O01>S015,4196.372667012229,4198.36585857809,直连,,True
T025,巡航,O01>S015,4198.36585857809,4200.359050143951,直连,,True
T025,巡航,O01>S015,4200.359050143951,4202.352241709813,直连,,True
T025,巡航,O01>S015,4202.352241709813,4204.345433275674,直连,,True
T025,巡航,O01>S015,4204.345433275674,4206.3386248415345,直连,,True
T025,巡航,O01>S015,4206.3386248415345,4208.331816407396,直连,,True
T025,巡航,O01>S015,4208.331816407396,4210.325007973257,直连,,True
T025,巡航,O01>S015,4210.325007973257,4212.318199539118,直连,,True
T025,巡航,O01>S015,4212.318199539118,4214.3113911049795,直连,,True
T025,巡航,O01>S015,4214.3113911049795,4216.30458267084,直连,,True
T025,巡航,O01>S015,4216.30458267084,4218.297774236702,直连,,True
T025,巡航,O01>S015,4218.297774236702,4220.290965802563,直连,,True
T025,巡航,O01>S015,4220.290965802563,4222.284157368424,直连,,True
T025,巡航,O01>S015,4222.284157368424,4224.277348934285,直连,,True
T025,巡航,O01>S015,4224.277348934285,4226.270540500146,直连,,True
T025,巡航,O01>S015,4226.270540500146,4228.263732066007,直连,,True
T025,巡航,O01>S015,4228.263732066007,4230.256923631869,直连,,True
T025,巡航,O01>S015,4230.256923631869,4232.250115197729,直连,,True
T025,巡航,O01>S015,4232.250115197729,4234.243306763591,直连,,True
T025,巡航,O01>S015,4234.243306763591,4236.236498329452,直连,,True
T025,巡航,O01>S015,4236.236498329452,4238.229689895313,直连,,True
T025,巡航,O01>S015,4238.229689895313,4240.222881461174,直连,,True
T025,巡航,O01>S015,4240.222881461174,4242.216073027035,直连,,True
T025,巡航,O01>S015,4242.216073027035,4244.209264592897,直连,,True
T025,巡航,O01>S015,4244.209264592897,4246.202456158758,直连,,True
T025,巡航,O01>S015,4246.202456158758,4248.1956477246185,直连,,True
T025,巡航,O01>S015,4248.1956477246185,4250.18883929048,直连,,True
T025,巡航,O01>S015,4250.18883929048,4252.182030856341,直连,,True
T025,巡航,O01>S015,4252.182030856341,4254.175222422202,直连,,True
T025,巡航,O01>S015,4254.175222422202,4256.168413988064,直连,,True
T025,巡航,O01>S015,4256.168413988064,4258.161605553924,直连,,True
T025,巡航,O01>S015,4258.161605553924,4260.154797119786,直连,,True
T025,巡航,O01>S015,4260.154797119786,4262.147988685647,直连,,True
T025,巡航,O01>S015,4262.147988685647,4264.141180251508,直连,,True
T025,巡航,O01>S015,4264.141180251508,4265.1377760344385,直连,,True
T025,巡航,O01>S015,4265.1377760344385,4266.134371817369,中继兜底,R-S02,True
T025,巡航,O01>S015,4266.134371817369,4268.12756338323,中继兜底,R-S02,True
T025,巡航,O01>S015,4268.12756338323,4270.120754949092,中继兜底,R-S02,True
T025,巡航,O01>S015,4270.120754949092,4272.113946514953,中继兜底,R-S02,True
T025,巡航,O01>S015,4272.113946514953,4274.1071380808135,中继兜底,R-S02,True
T025,巡航,O01>S015,4274.1071380808135,4276.100329646675,中继兜底,R-S02,True
T025,巡航,O01>S015,4276.100329646675,4278.093521212536,中继兜底,R-S02,True
T025,巡航,O01>S015,4278.093521212536,4280.086712778397,中继兜底,R-S02,True
T025,巡航,O01>S015,4280.086712778397,4282.0799043442585,中继兜底,R-S02,True
T025,巡航,O01>S015,4282.0799043442585,4284.073095910119,中继兜底,R-S02,True
T025,巡航,O01>S015,4284.073095910119,4286.066287475981,中继兜底,R-S02,True
T025,巡航,O01>S015,4286.066287475981,4288.059479041842,中继兜底,R-S02,True
T025,巡航,O01>S015,4288.059479041842,4290.052670607703,中继兜底,R-S02,True
T025,巡航,O01>S015,4290.052670607703,4292.045862173564,中继兜底,R-S02,True
T025,巡航,O01>S015,4292.045862173564,4294.039053739425,中继兜底,R-S02,True
T025,巡航,O01>S015,4294.039053739425,4296.032245305286,中继兜底,R-S02,True
T025,巡航,O01>S015,4296.032245305286,4298.025436871148,中继兜底,R-S02,True
T025,巡航,O01>S015,4298.025436871148,4300.018628437008,中继兜底,R-S02,True
T025,巡航,O01>S015,4300.018628437008,4302.01182000287,中继兜底,R-S02,True
T025,巡航,O01>S015,4302.01182000287,4304.005011568731,中继兜底,R-S02,True
T025,巡航,O01>S015,4304.005011568731,4305.998203134592,中继兜底,R-S02,True
T025,巡航,O01>S015,4305.998203134592,4307.991394700453,中继兜底,R-S02,True
T025,巡航,O01>S015,4307.991394700453,4309.984586266314,中继兜底,R-S02,True
T025,巡航,O01>S015,4309.984586266314,4311.977777832175,中继兜底,R-S02,True
T025,巡航,O01>S015,4311.977777832175,4313.970969398037,中继兜底,R-S02,True
T025,巡航,O01>S015,4313.970969398037,4315.9641609638975,中继兜底,R-S02,True
T025,巡航,O01>S015,4315.9641609638975,4317.957352529759,中继兜底,R-S02,True
T025,巡航,O01>S015,4317.957352529759,4319.95054409562,中继兜底,R-S02,True
T025,巡航,O01>S015,4319.95054409562,4321.943735661481,中继兜底,R-S02,True
T025,巡航,O01>S015,4321.943735661481,4323.9369272273425,中继兜底,R-S02,True
T025,巡航,O01>S015,4323.9369272273425,4325.930118793203,中继兜底,R-S02,True
T025,巡航,O01>S015,4325.930118793203,4327.923310359065,中继兜底,R-S02,True
T025,巡航,O01>S015,4327.923310359065,4329.916501924926,中继兜底,R-S02,True
T025,巡航,O01>S015,4329.916501924926,4331.909693490787,中继兜底,R-S02,True
T025,巡航,O01>S015,4331.909693490787,4333.902885056648,中继兜底,R-S02,True
T025,巡航,O01>S015,4333.902885056648,4335.896076622509,中继兜底,R-S02,True
T025,巡航,O01>S015,4335.896076622509,4337.88926818837,中继兜底,R-S02,True
T025,巡航,O01>S015,4337.88926818837,4339.882459754232,中继兜底,R-S02,True
T025,巡航,O01>S015,4339.882459754232,4341.875651320092,中继兜底,R-S02,True
T025,巡航,O01>S015,4341.875651320092,4343.868842885954,中继兜底,R-S02,True
T025,巡航,O01>S015,4343.868842885954,4345.862034451815,中继兜底,R-S02,True
T025,巡航,O01>S015,4345.862034451815,4347.855226017676,中继兜底,R-S02,True
T025,巡航,O01>S015,4347.855226017676,4349.848417583537,中继兜底,R-S02,True
T025,巡航,O01>S015,4349.848417583537,4351.841609149398,中继兜底,R-S02,True
T025,巡航,O01>S015,4351.841609149398,4353.83480071526,中继兜底,R-S02,True
T025,巡航,O01>S015,4353.83480071526,4355.827992281121,中继兜底,R-S02,True
T025,巡航,O01>S015,4355.827992281121,4357.8211838469815,中继兜底,R-S02,True
T025,巡航,O01>S015,4357.8211838469815,4359.814375412843,中继兜底,R-S02,True
T025,巡航,O01>S015,4359.814375412843,4361.807566978704,中继兜底,R-S02,True
T025,巡航,O01>S015,4361.807566978704,4363.800758544565,中继兜底,R-S02,True
T025,巡航,O01>S015,4363.800758544565,4365.7939501104265,中继兜底,R-S02,True
T025,巡航,O01>S015,4365.7939501104265,4367.787141676287,中继兜底,R-S02,True
T025,巡航,O01>S015,4367.787141676287,4369.780333242149,中继兜底,R-S02,True
T025,巡航,O01>S015,4369.780333242149,4371.77352480801,中继兜底,R-S02,True
T025,巡航,O01>S015,4371.77352480801,4373.766716373871,中继兜底,R-S02,True
T025,巡航,O01>S015,4373.766716373871,4375.759907939732,中继兜底,R-S02,True
T025,巡航,O01>S015,4375.759907939732,4377.753099505593,中继兜底,R-S02,True
T025,巡航,O01>S015,4377.753099505593,4379.746291071454,中继兜底,R-S02,True
T025,巡航,O01>S015,4379.746291071454,4381.739482637316,中继兜底,R-S02,True
T025,巡航,O01>S015,4381.739482637316,4383.732674203176,中继兜底,R-S02,True
T025,巡航,O01>S015,4383.732674203176,4385.725865769038,中继兜底,R-S02,True
T025,巡航,O01>S015,4385.725865769038,4387.719057334899,中继兜底,R-S02,True
T025,巡航,O01>S015,4387.719057334899,4389.71224890076,中继兜底,R-S02,True
T025,巡航,O01>S015,4389.71224890076,4391.705440466621,中继兜底,R-S02,True
T025,巡航,O01>S015,4391.705440466621,4393.698632032482,中继兜底,R-S02,True
T025,巡航,O01>S015,4393.698632032482,4395.691823598343,中继兜底,R-S02,True
T025,巡航,O01>S015,4395.691823598343,4397.685015164205,中继兜底,R-S02,True
T025,巡航,O01>S015,4397.685015164205,4399.6782067300655,中继兜底,R-S02,True
T025,巡航,O01>S015,4399.6782067300655,4401.671398295927,中继兜底,R-S02,True
T025,巡航,O01>S015,4401.671398295927,4403.664589861788,中继兜底,R-S02,True
T025,下降,O01>S015,4403.664589861788,4413.394515398897,中继兜底,R-S02,True
T025,下降,O01>S015,4413.394515398897,4423.124440936007,中继兜底,R-S02,True
T025,下降,O01>S015,4423.124440936007,4432.854366473117,中继兜底,R-S02,True
T025,下降,O01>S015,4432.854366473117,4442.584292010226,中继兜底,R-S02,True
T025,投送,S015,4442.584292010226,4682.584292010226,中继兜底,R-S02,True
T025,爬升,S015>O01,4682.584292010226,4690.692563291151,中继兜底,R-S02,True
T025,爬升,S015>O01,4690.692563291151,4698.8008345720755,中继兜底,R-S02,True
T025,爬升,S015>O01,4698.8008345720755,4706.909105852999,中继兜底,R-S02,True
T025,爬升,S015>O01,4706.909105852999,4715.017377133924,中继兜底,R-S02,True
T025,巡航,S015>O01,4715.017377133924,4717.010568699785,中继兜底,R-S02,True
T025,巡航,S015>O01,4717.010568699785,4719.003760265647,中继兜底,R-S02,True
T025,巡航,S015>O01,4719.003760265647,4720.996951831507,中继兜底,R-S02,True
T025,巡航,S015>O01,4720.996951831507,4722.990143397369,中继兜底,R-S02,True
T025,巡航,S015>O01,4722.990143397369,4724.98333496323,中继兜底,R-S02,True
T025,巡航,S015>O01,4724.98333496323,4726.976526529091,中继兜底,R-S02,True
T025,巡航,S015>O01,4726.976526529091,4728.969718094952,中继兜底,R-S02,True
T025,巡航,S015>O01,4728.969718094952,4730.962909660813,中继兜底,R-S02,True
T025,巡航,S015>O01,4730.962909660813,4732.956101226674,中继兜底,R-S02,True
T025,巡航,S015>O01,4732.956101226674,4734.949292792536,中继兜底,R-S02,True
T025,巡航,S015>O01,4734.949292792536,4736.9424843583965,中继兜底,R-S02,True
T025,巡航,S015>O01,4736.9424843583965,4738.935675924258,中继兜底,R-S02,True
T025,巡航,S015>O01,4738.935675924258,4740.928867490119,中继兜底,R-S02,True
T025,巡航,S015>O01,4740.928867490119,4742.92205905598,中继兜底,R-S02,True
T025,巡航,S015>O01,4742.92205905598,4744.915250621842,中继兜底,R-S02,True
T025,巡航,S015>O01,4744.915250621842,4746.908442187702,中继兜底,R-S02,True
T025,巡航,S015>O01,4746.908442187702,4748.901633753563,中继兜底,R-S02,True
T025,巡航,S015>O01,4748.901633753563,4750.894825319425,中继兜底,R-S02,True
T025,巡航,S015>O01,4750.894825319425,4752.888016885286,中继兜底,R-S02,True
T025,巡航,S015>O01,4752.888016885286,4754.881208451147,中继兜底,R-S02,True
T025,巡航,S015>O01,4754.881208451147,4756.874400017008,中继兜底,R-S02,True
T025,巡航,S015>O01,4756.874400017008,4758.867591582869,中继兜底,R-S02,True
T025,巡航,S015>O01,4758.867591582869,4760.860783148731,中继兜底,R-S02,True
T025,巡航,S015>O01,4760.860783148731,4762.8539747145915,中继兜底,R-S02,True
T025,巡航,S015>O01,4762.8539747145915,4764.847166280452,中继兜底,R-S02,True
T025,巡航,S015>O01,4764.847166280452,4766.840357846314,中继兜底,R-S02,True
T025,巡航,S015>O01,4766.840357846314,4768.833549412175,中继兜底,R-S02,True
T025,巡航,S015>O01,4768.833549412175,4770.8267409780365,中继兜底,R-S02,True
T025,巡航,S015>O01,4770.8267409780365,4772.819932543897,中继兜底,R-S02,True
T025,巡航,S015>O01,4772.819932543897,4774.813124109758,中继兜底,R-S02,True
T025,巡航,S015>O01,4774.813124109758,4776.80631567562,中继兜底,R-S02,True
T025,巡航,S015>O01,4776.80631567562,4778.799507241481,中继兜底,R-S02,True
T025,巡航,S015>O01,4778.799507241481,4780.792698807341,中继兜底,R-S02,True
T025,巡航,S015>O01,4780.792698807341,4782.785890373203,中继兜底,R-S02,True
T025,巡航,S015>O01,4782.785890373203,4784.779081939064,中继兜底,R-S02,True
T025,巡航,S015>O01,4784.779081939064,4786.772273504926,中继兜底,R-S02,True
T025,巡航,S015>O01,4786.772273504926,4788.765465070786,中继兜底,R-S02,True
T025,巡航,S015>O01,4788.765465070786,4790.758656636647,中继兜底,R-S02,True
T025,巡航,S015>O01,4790.758656636647,4792.751848202509,中继兜底,R-S02,True
T025,巡航,S015>O01,4792.751848202509,4794.74503976837,中继兜底,R-S02,True
T025,巡航,S015>O01,4794.74503976837,4796.738231334231,中继兜底,R-S02,True
T025,巡航,S015>O01,4796.738231334231,4798.731422900092,中继兜底,R-S02,True
T025,巡航,S015>O01,4798.731422900092,4800.724614465953,中继兜底,R-S02,True
T025,巡航,S015>O01,4800.724614465953,4802.717806031815,中继兜底,R-S02,True
T025,巡航,S015>O01,4802.717806031815,4804.7109975976755,中继兜底,R-S02,True
T025,巡航,S015>O01,4804.7109975976755,4806.704189163536,中继兜底,R-S02,True
T025,巡航,S015>O01,4806.704189163536,4808.697380729398,中继兜底,R-S02,True
T025,巡航,S015>O01,4808.697380729398,4810.690572295259,中继兜底,R-S02,True
T025,巡航,S015>O01,4810.690572295259,4812.6837638611205,中继兜底,R-S02,True
T025,巡航,S015>O01,4812.6837638611205,4814.676955426981,中继兜底,R-S02,True
T025,巡航,S015>O01,4814.676955426981,4816.670146992842,中继兜底,R-S02,True
T025,巡航,S015>O01,4816.670146992842,4818.663338558704,中继兜底,R-S02,True
T025,巡航,S015>O01,4818.663338558704,4820.656530124565,中继兜底,R-S02,True
T025,巡航,S015>O01,4820.656530124565,4822.649721690425,中继兜底,R-S02,True
T025,巡航,S015>O01,4822.649721690425,4824.642913256287,中继兜底,R-S02,True
T025,巡航,S015>O01,4824.642913256287,4826.636104822148,中继兜底,R-S02,True
T025,巡航,S015>O01,4826.636104822148,4828.62929638801,中继兜底,R-S02,True
T025,巡航,S015>O01,4828.62929638801,4830.62248795387,中继兜底,R-S02,True
T025,巡航,S015>O01,4830.62248795387,4832.615679519731,中继兜底,R-S02,True
T025,巡航,S015>O01,4832.615679519731,4834.608871085593,中继兜底,R-S02,True
T025,巡航,S015>O01,4834.608871085593,4836.602062651454,中继兜底,R-S02,True
T025,巡航,S015>O01,4836.602062651454,4838.5952542173145,中继兜底,R-S02,True
T025,巡航,S015>O01,4838.5952542173145,4840.588445783176,中继兜底,R-S02,True
T025,巡航,S015>O01,4840.588445783176,4842.581637349037,中继兜底,R-S02,True
T025,巡航,S015>O01,4842.581637349037,4844.574828914899,中继兜底,R-S02,True
T025,巡航,S015>O01,4844.574828914899,4846.5680204807595,中继兜底,R-S02,True
T025,巡航,S015>O01,4846.5680204807595,4848.56121204662,中继兜底,R-S02,True
T025,巡航,S015>O01,4848.56121204662,4850.554403612482,中继兜底,R-S02,True
T025,巡航,S015>O01,4850.554403612482,4852.547595178343,中继兜底,R-S02,True
T025,巡航,S015>O01,4852.547595178343,4853.544190961273,中继兜底,R-S02,True
T025,巡航,S015>O01,4853.544190961273,4854.540786744204,直连,,True
T025,巡航,S015>O01,4854.540786744204,4856.533978310065,直连,,True
T025,巡航,S015>O01,4856.533978310065,4858.527169875926,直连,,True
T025,巡航,S015>O01,4858.527169875926,4860.520361441788,直连,,True
T025,巡航,S015>O01,4860.520361441788,4862.513553007649,直连,,True
T025,巡航,S015>O01,4862.513553007649,4864.506744573509,直连,,True
T025,巡航,S015>O01,4864.506744573509,4866.499936139371,直连,,True
T025,巡航,S015>O01,4866.499936139371,4868.493127705232,直连,,True
T025,巡航,S015>O01,4868.493127705232,4870.486319271093,直连,,True
T025,巡航,S015>O01,4870.486319271093,4872.479510836954,直连,,True
T025,巡航,S015>O01,4872.479510836954,4874.472702402815,直连,,True
T025,巡航,S015>O01,4874.472702402815,4876.465893968677,直连,,True
T025,巡航,S015>O01,4876.465893968677,4878.459085534538,直连,,True
T025,巡航,S015>O01,4878.459085534538,4880.4522771003985,直连,,True
T025,巡航,S015>O01,4880.4522771003985,4882.44546866626,直连,,True
T025,巡航,S015>O01,4882.44546866626,4884.438660232121,直连,,True
T025,巡航,S015>O01,4884.438660232121,4886.431851797983,直连,,True
T025,巡航,S015>O01,4886.431851797983,4888.4250433638435,直连,,True
T025,巡航,S015>O01,4888.4250433638435,4890.418234929704,直连,,True
T025,巡航,S015>O01,4890.418234929704,4892.411426495566,直连,,True
T025,巡航,S015>O01,4892.411426495566,4894.404618061427,直连,,True
T025,巡航,S015>O01,4894.404618061427,4896.397809627288,直连,,True
T025,巡航,S015>O01,4896.397809627288,4898.391001193149,直连,,True
T025,巡航,S015>O01,4898.391001193149,4900.38419275901,直连,,True
T025,巡航,S015>O01,4900.38419275901,4902.377384324872,直连,,True
T025,巡航,S015>O01,4902.377384324872,4904.370575890733,直连,,True
T025,巡航,S015>O01,4904.370575890733,4906.363767456593,直连,,True
T025,巡航,S015>O01,4906.363767456593,4908.356959022455,直连,,True
T025,巡航,S015>O01,4908.356959022455,4910.350150588316,直连,,True
T025,巡航,S015>O01,4910.350150588316,4912.343342154177,直连,,True
T025,巡航,S015>O01,4912.343342154177,4914.3365337200385,直连,,True
T025,巡航,S015>O01,4914.3365337200385,4916.329725285899,直连,,True
T025,巡航,S015>O01,4916.329725285899,4918.322916851761,直连,,True
T025,巡航,S015>O01,4918.322916851761,4920.316108417622,直连,,True
T025,巡航,S015>O01,4920.316108417622,4922.309299983483,直连,,True
T025,巡航,S015>O01,4922.309299983483,4924.302491549344,直连,,True
T025,巡航,S015>O01,4924.302491549344,4926.295683115205,直连,,True
T025,巡航,S015>O01,4926.295683115205,4928.288874681066,直连,,True
T025,巡航,S015>O01,4928.288874681066,4930.282066246928,直连,,True
T025,巡航,S015>O01,4930.282066246928,4932.275257812788,直连,,True
T025,巡航,S015>O01,4932.275257812788,4934.26844937865,直连,,True
T025,巡航,S015>O01,4934.26844937865,4936.261640944511,直连,,True
T025,巡航,S015>O01,4936.261640944511,4938.254832510372,直连,,True
T025,巡航,S015>O01,4938.254832510372,4940.248024076233,直连,,True
T025,巡航,S015>O01,4940.248024076233,4942.241215642094,直连,,True
T025,巡航,S015>O01,4942.241215642094,4944.234407207955,直连,,True
T025,巡航,S015>O01,4944.234407207955,4946.227598773817,直连,,True
T025,巡航,S015>O01,4946.227598773817,4948.2207903396775,直连,,True
T025,巡航,S015>O01,4948.2207903396775,4950.213981905539,直连,,True
T025,巡航,S015>O01,4950.213981905539,4952.2071734714,直连,,True
T025,巡航,S015>O01,4952.2071734714,4954.200365037261,直连,,True
T025,巡航,S015>O01,4954.200365037261,4956.1935566031225,直连,,True
T025,巡航,S015>O01,4956.1935566031225,4958.186748168983,直连,,True
T025,巡航,S015>O01,4958.186748168983,4960.179939734844,直连,,True
T025,巡航,S015>O01,4960.179939734844,4962.173131300706,直连,,True
T025,巡航,S015>O01,4962.173131300706,4964.166322866567,直连,,True
T025,巡航,S015>O01,4964.166322866567,4966.159514432428,直连,,True
T025,巡航,S015>O01,4966.159514432428,4968.152705998289,直连,,True
T025,巡航,S015>O01,4968.152705998289,4970.14589756415,直连,,True
T025,巡航,S015>O01,4970.14589756415,4972.139089130012,直连,,True
T025,巡航,S015>O01,4972.139089130012,4974.132280695872,直连,,True
T025,巡航,S015>O01,4974.132280695872,4976.125472261734,直连,,True
T025,巡航,S015>O01,4976.125472261734,4978.118663827595,直连,,True
T025,巡航,S015>O01,4978.118663827595,4980.111855393456,直连,,True
T025,巡航,S015>O01,4980.111855393456,4982.105046959317,直连,,True
T025,巡航,S015>O01,4982.105046959317,4984.098238525178,直连,,True
T025,巡航,S015>O01,4984.098238525178,4986.091430091039,直连,,True
T025,巡航,S015>O01,4986.091430091039,4988.084621656901,直连,,True
T025,巡航,S015>O01,4988.084621656901,4990.0778132227615,直连,,True
T025,巡航,S015>O01,4990.0778132227615,4992.071004788623,直连,,True
T025,巡航,S015>O01,4992.071004788623,4994.064196354484,直连,,True
T025,巡航,S015>O01,4994.064196354484,4996.057387920345,直连,,True
T025,巡航,S015>O01,4996.057387920345,4998.0505794862065,直连,,True
T025,巡航,S015>O01,4998.0505794862065,5000.043771052067,直连,,True
T025,巡航,S015>O01,5000.043771052067,5002.036962617928,直连,,True
T025,巡航,S015>O01,5002.036962617928,5004.03015418379,直连,,True
T025,巡航,S015>O01,5004.03015418379,5006.023345749651,直连,,True
T025,巡航,S015>O01,5006.023345749651,5008.016537315512,直连,,True
T025,巡航,S015>O01,5008.016537315512,5010.009728881373,直连,,True
T025,巡航,S015>O01,5010.009728881373,5012.002920447234,直连,,True
T025,巡航,S015>O01,5012.002920447234,5013.996112013096,直连,,True
T025,巡航,S015>O01,5013.996112013096,5015.989303578956,直连,,True
T025,巡航,S015>O01,5015.989303578956,5017.982495144817,直连,,True
T025,巡航,S015>O01,5017.982495144817,5019.975686710679,直连,,True
T025,巡航,S015>O01,5019.975686710679,5021.96887827654,直连,,True
T025,巡航,S015>O01,5021.96887827654,5023.962069842401,直连,,True
T025,巡航,S015>O01,5023.962069842401,5025.955261408262,直连,,True
T025,巡航,S015>O01,5025.955261408262,5027.948452974123,直连,,True
T025,巡航,S015>O01,5027.948452974123,5029.941644539985,直连,,True
T025,巡航,S015>O01,5029.941644539985,5031.9348361058455,直连,,True
T025,巡航,S015>O01,5031.9348361058455,5033.928027671707,直连,,True
T025,巡航,S015>O01,5033.928027671707,5035.921219237568,直连,,True
T025,巡航,S015>O01,5035.921219237568,5037.914410803429,直连,,True
T025,巡航,S015>O01,5037.914410803429,5039.9076023692905,直连,,True
T025,巡航,S015>O01,5039.9076023692905,5041.900793935151,直连,,True
T025,巡航,S015>O01,5041.900793935151,5043.893985501012,直连,,True
T025,巡航,S015>O01,5043.893985501012,5045.887177066874,直连,,True
T025,巡航,S015>O01,5045.887177066874,5047.880368632735,直连,,True
T025,巡航,S015>O01,5047.880368632735,5049.873560198595,直连,,True
T025,巡航,S015>O01,5049.873560198595,5051.866751764457,直连,,True
T025,巡航,S015>O01,5051.866751764457,5053.859943330318,直连,,True
T025,巡航,S015>O01,5053.859943330318,5055.85313489618,直连,,True
T025,巡航,S015>O01,5055.85313489618,5057.84632646204,直连,,True
T025,巡航,S015>O01,5057.84632646204,5059.839518027901,直连,,True
T025,巡航,S015>O01,5059.839518027901,5061.832709593763,直连,,True
T025,巡航,S015>O01,5061.832709593763,5063.825901159624,直连,,True
T025,巡航,S015>O01,5063.825901159624,5065.8190927254855,直连,,True
T025,巡航,S015>O01,5065.8190927254855,5067.812284291346,直连,,True
T025,巡航,S015>O01,5067.812284291346,5069.805475857207,直连,,True
T025,巡航,S015>O01,5069.805475857207,5071.798667423069,直连,,True
T025,巡航,S015>O01,5071.798667423069,5073.79185898893,直连,,True
T025,巡航,S015>O01,5073.79185898893,5075.78505055479,直连,,True
T025,巡航,S015>O01,5075.78505055479,5077.778242120652,直连,,True
T025,巡航,S015>O01,5077.778242120652,5079.771433686513,直连,,True
T025,巡航,S015>O01,5079.771433686513,5081.764625252375,直连,,True
T025,巡航,S015>O01,5081.764625252375,5083.757816818235,直连,,True
T025,巡航,S015>O01,5083.757816818235,5085.751008384096,直连,,True
T025,巡航,S015>O01,5085.751008384096,5087.744199949958,直连,,True
T025,巡航,S015>O01,5087.744199949958,5089.737391515819,直连,,True
T025,巡航,S015>O01,5089.737391515819,5091.73058308168,直连,,True
T025,巡航,S015>O01,5091.73058308168,5093.723774647541,直连,,True
T025,巡航,S015>O01,5093.723774647541,5095.716966213402,直连,,True
T025,巡航,S015>O01,5095.716966213402,5097.710157779264,直连,,True
T025,巡航,S015>O01,5097.710157779264,5099.7033493451245,直连,,True
T025,巡航,S015>O01,5099.7033493451245,5101.696540910985,直连,,True
T025,巡航,S015>O01,5101.696540910985,5103.689732476847,直连,,True
T025,巡航,S015>O01,5103.689732476847,5105.682924042708,直连,,True
T025,巡航,S015>O01,5105.682924042708,5107.676115608569,直连,,True
T025,巡航,S015>O01,5107.676115608569,5109.66930717443,直连,,True
T025,巡航,S015>O01,5109.66930717443,5111.662498740291,直连,,True
T025,巡航,S015>O01,5111.662498740291,5113.655690306153,直连,,True
T025,巡航,S015>O01,5113.655690306153,5115.648881872014,直连,,True
T025,下降,S015>O01,5115.648881872014,5127.49152868191,直连,,True
T025,下降,S015>O01,5127.49152868191,5139.334175491806,直连,,True
T025,下降,S015>O01,5139.334175491806,5151.176822301701,直连,,True
T025,下降,S015>O01,5151.176822301701,5163.019469111597,直连,,True
T025,下降,S015>O01,5163.019469111597,5174.862115921493,直连,,True
T025,下降,S015>O01,5174.862115921493,5186.704762731389,直连,,True
T025,下降,S015>O01,5186.704762731389,5198.547409541285,直连,,True
T025,下降,S015>O01,5198.547409541285,5210.39005635118,直连,,True
T025,下降,S015>O01,5210.39005635118,5222.232703161076,直连,,True
T025,下降,S015>O01,5222.232703161076,5234.075349970972,直连,,True
T025,下降,S015>O01,5234.075349970972,5245.917996780868,直连,,True
T025,下降,S015>O01,5245.917996780868,5257.760643590764,直连,,True
T025,下降,S015>O01,5257.760643590764,5269.603290400659,直连,,True
T025,下降,S015>O01,5269.603290400659,5281.445937210555,直连,,True
T025,下降,S015>O01,5281.445937210555,5293.288584020451,直连,,True
