运输架次编号,通信阶段,航段,开始时刻_s,结束时刻_s,计划保障方式,中继架次编号,连续区间认证通过
T001,爬升,O01>S001,11316.0,11325.690440673829,直连,,True
T001,爬升,O01>S001,11325.690440673829,11335.380881347657,直连,,True
T001,爬升,O01>S001,11335.380881347657,11345.071322021484,直连,,True
T001,爬升,O01>S001,11345.071322021484,11354.761762695312,直连,,True
T001,爬升,O01>S001,11354.761762695312,11364.452203369141,直连,,True
T001,巡航,O01>S001,11364.452203369141,11366.44827441662,直连,,True
T001,巡航,O01>S001,11366.44827441662,11368.444345464097,直连,,True
T001,巡航,O01>S001,11368.444345464097,11370.440416511576,直连,,True
T001,巡航,O01>S001,11370.440416511576,11372.436487559055,直连,,True
T001,巡航,O01>S001,11372.436487559055,11374.432558606532,直连,,True
T001,巡航,O01>S001,11374.432558606532,11376.42862965401,直连,,True
T001,巡航,O01>S001,11376.42862965401,11378.424700701487,直连,,True
T001,巡航,O01>S001,11378.424700701487,11380.420771748966,直连,,True
T001,巡航,O01>S001,11380.420771748966,11382.416842796445,直连,,True
T001,巡航,O01>S001,11382.416842796445,11384.412913843922,直连,,True
T001,巡航,O01>S001,11384.412913843922,11386.4089848914,直连,,True
T001,巡航,O01>S001,11386.4089848914,11388.40505593888,直连,,True
T001,巡航,O01>S001,11388.40505593888,11390.401126986357,直连,,True
T001,巡航,O01>S001,11390.401126986357,11392.397198033836,直连,,True
T001,巡航,O01>S001,11392.397198033836,11394.393269081314,直连,,True
T001,巡航,O01>S001,11394.393269081314,11396.389340128791,直连,,True
T001,巡航,O01>S001,11396.389340128791,11398.38541117627,直连,,True
T001,巡航,O01>S001,11398.38541117627,11400.381482223747,直连,,True
T001,巡航,O01>S001,11400.381482223747,11402.377553271226,直连,,True
T001,巡航,O01>S001,11402.377553271226,11404.373624318705,直连,,True
T001,巡航,O01>S001,11404.373624318705,11406.369695366182,直连,,True
T001,巡航,O01>S001,11406.369695366182,11408.36576641366,直连,,True
T001,巡航,O01>S001,11408.36576641366,11410.36183746114,直连,,True
T001,巡航,O01>S001,11410.36183746114,11412.357908508617,直连,,True
T001,巡航,O01>S001,11412.357908508617,11414.353979556096,直连,,True
T001,巡航,O01>S001,11414.353979556096,11416.350050603574,直连,,True
T001,巡航,O01>S001,11416.350050603574,11418.346121651051,直连,,True
T001,巡航,O01>S001,11418.346121651051,11420.34219269853,直连,,True
T001,巡航,O01>S001,11420.34219269853,11422.338263746007,直连,,True
T001,巡航,O01>S001,11422.338263746007,11424.334334793486,直连,,True
T001,巡航,O01>S001,11424.334334793486,11426.330405840965,直连,,True
T001,巡航,O01>S001,11426.330405840965,11428.326476888442,直连,,True
T001,巡航,O01>S001,11428.326476888442,11430.32254793592,直连,,True
T001,巡航,O01>S001,11430.32254793592,11432.3186189834,直连,,True
T001,巡航,O01>S001,11432.3186189834,11434.314690030877,直连,,True
T001,巡航,O01>S001,11434.314690030877,11436.310761078355,直连,,True
T001,巡航,O01>S001,11436.310761078355,11438.306832125834,直连,,True
T001,巡航,O01>S001,11438.306832125834,11440.302903173311,直连,,True
T001,巡航,O01>S001,11440.302903173311,11442.29897422079,直连,,True
T001,巡航,O01>S001,11442.29897422079,11444.295045268267,直连,,True
T001,巡航,O01>S001,11444.295045268267,11446.291116315746,直连,,True
T001,巡航,O01>S001,11446.291116315746,11448.287187363225,直连,,True
T001,巡航,O01>S001,11448.287187363225,11450.283258410702,直连,,True
T001,巡航,O01>S001,11450.283258410702,11452.27932945818,直连,,True
T001,巡航,O01>S001,11452.27932945818,11454.27540050566,直连,,True
T001,巡航,O01>S001,11454.27540050566,11456.271471553137,直连,,True
T001,巡航,O01>S001,11456.271471553137,11458.267542600615,直连,,True
T001,巡航,O01>S001,11458.267542600615,11460.263613648094,直连,,True
T001,巡航,O01>S001,11460.263613648094,11462.259684695571,直连,,True
T001,巡航,O01>S001,11462.259684695571,11464.25575574305,直连,,True
T001,巡航,O01>S001,11464.25575574305,11466.251826790529,直连,,True
T001,巡航,O01>S001,11466.251826790529,11468.247897838006,直连,,True
T001,巡航,O01>S001,11468.247897838006,11470.243968885485,直连,,True
T001,巡航,O01>S001,11470.243968885485,11472.240039932962,直连,,True
T001,巡航,O01>S001,11472.240039932962,11474.23611098044,直连,,True
T001,巡航,O01>S001,11474.23611098044,11476.23218202792,直连,,True
T001,巡航,O01>S001,11476.23218202792,11478.228253075396,直连,,True
T001,巡航,O01>S001,11478.228253075396,11480.224324122875,直连,,True
T001,巡航,O01>S001,11480.224324122875,11482.220395170354,直连,,True
T001,巡航,O01>S001,11482.220395170354,11484.216466217831,直连,,True
T001,巡航,O01>S001,11484.216466217831,11486.21253726531,直连,,True
T001,巡航,O01>S001,11486.21253726531,11488.208608312789,直连,,True
T001,巡航,O01>S001,11488.208608312789,11490.204679360266,直连,,True
T001,巡航,O01>S001,11490.204679360266,11492.200750407745,直连,,True
T001,巡航,O01>S001,11492.200750407745,11494.196821455222,直连,,True
T001,巡航,O01>S001,11494.196821455222,11496.1928925027,直连,,True
T001,巡航,O01>S001,11496.1928925027,11498.18896355018,直连,,True
T001,巡航,O01>S001,11498.18896355018,11500.185034597656,直连,,True
T001,巡航,O01>S001,11500.185034597656,11502.181105645135,直连,,True
T001,巡航,O01>S001,11502.181105645135,11504.177176692614,直连,,True
T001,巡航,O01>S001,11504.177176692614,11506.173247740091,直连,,True
T001,巡航,O01>S001,11506.173247740091,11508.16931878757,直连,,True
T001,巡航,O01>S001,11508.16931878757,11510.165389835049,直连,,True
T001,巡航,O01>S001,11510.165389835049,11512.161460882526,直连,,True
T001,巡航,O01>S001,11512.161460882526,11514.157531930005,直连,,True
T001,巡航,O01>S001,11514.157531930005,11516.153602977482,直连,,True
T001,巡航,O01>S001,11516.153602977482,11518.14967402496,直连,,True
T001,巡航,O01>S001,11518.14967402496,11520.14574507244,直连,,True
T001,巡航,O01>S001,11520.14574507244,11522.141816119916,直连,,True
T001,巡航,O01>S001,11522.141816119916,11524.137887167395,直连,,True
T001,巡航,O01>S001,11524.137887167395,11526.133958214874,直连,,True
T001,巡航,O01>S001,11526.133958214874,11528.130029262351,直连,,True
T001,巡航,O01>S001,11528.130029262351,11530.12610030983,直连,,True
T001,巡航,O01>S001,11530.12610030983,11532.122171357309,直连,,True
T001,巡航,O01>S001,11532.122171357309,11534.118242404786,直连,,True
T001,巡航,O01>S001,11534.118242404786,11536.114313452264,直连,,True
T001,巡航,O01>S001,11536.114313452264,11538.110384499741,直连,,True
T001,巡航,O01>S001,11538.110384499741,11540.10645554722,直连,,True
T001,巡航,O01>S001,11540.10645554722,11542.1025265947,直连,,True
T001,巡航,O01>S001,11542.1025265947,11544.098597642176,直连,,True
T001,巡航,O01>S001,11544.098597642176,11546.094668689655,直连,,True
T001,巡航,O01>S001,11546.094668689655,11548.090739737134,直连,,True
T001,巡航,O01>S001,11548.090739737134,11550.08681078461,直连,,True
T001,巡航,O01>S001,11550.08681078461,11552.08288183209,直连,,True
T001,巡航,O01>S001,11552.08288183209,11554.078952879569,直连,,True
T001,巡航,O01>S001,11554.078952879569,11556.075023927046,直连,,True
T001,巡航,O01>S001,11556.075023927046,11558.071094974524,直连,,True
T001,巡航,O01>S001,11558.071094974524,11560.067166022001,直连,,True
T001,巡航,O01>S001,11560.067166022001,11562.06323706948,直连,,True
T001,巡航,O01>S001,11562.06323706948,11564.059308116959,直连,,True
T001,巡航,O01>S001,11564.059308116959,11566.055379164436,直连,,True
T001,巡航,O01>S001,11566.055379164436,11568.051450211915,直连,,True
T001,下降,O01>S001,11568.051450211915,11579.925664892904,直连,,True
T001,下降,O01>S001,11579.925664892904,11591.799879573895,直连,,True
T001,下降,O01>S001,11591.799879573895,11603.674094254884,直连,,True
T001,投送,S001,11603.674094254884,11813.674094254884,直连,,True
T001,爬升,S001>O01,11813.674094254884,11823.569273155708,直连,,True
T001,爬升,S001>O01,11823.569273155708,11833.464452056534,直连,,True
T001,爬升,S001>O01,11833.464452056534,11843.359630957359,直连,,True
T001,巡航,S001>O01,11843.359630957359,11845.355702004837,直连,,True
T001,巡航,S001>O01,11845.355702004837,11847.351773052314,直连,,True
T001,巡航,S001>O01,11847.351773052314,11849.347844099793,直连,,True
T001,巡航,S001>O01,11849.347844099793,11851.343915147272,直连,,True
T001,巡航,S001>O01,11851.343915147272,11853.33998619475,直连,,True
T001,巡航,S001>O01,11853.33998619475,11855.336057242228,直连,,True
T001,巡航,S001>O01,11855.336057242228,11857.332128289705,直连,,True
T001,巡航,S001>O01,11857.332128289705,11859.328199337184,直连,,True
T001,巡航,S001>O01,11859.328199337184,11861.324270384663,直连,,True
T001,巡航,S001>O01,11861.324270384663,11863.32034143214,直连,,True
T001,巡航,S001>O01,11863.32034143214,11865.316412479619,直连,,True
T001,巡航,S001>O01,11865.316412479619,11867.312483527097,直连,,True
T001,巡航,S001>O01,11867.312483527097,11869.308554574574,直连,,True
T001,巡航,S001>O01,11869.308554574574,11871.304625622053,直连,,True
T001,巡航,S001>O01,11871.304625622053,11873.300696669532,直连,,True
T001,巡航,S001>O01,11873.300696669532,11875.296767717009,直连,,True
T001,巡航,S001>O01,11875.296767717009,11877.292838764488,直连,,True
T001,巡航,S001>O01,11877.292838764488,11879.288909811965,直连,,True
T001,巡航,S001>O01,11879.288909811965,11881.284980859444,直连,,True
T001,巡航,S001>O01,11881.284980859444,11883.281051906923,直连,,True
T001,巡航,S001>O01,11883.281051906923,11885.2771229544,直连,,True
T001,巡航,S001>O01,11885.2771229544,11887.273194001878,直连,,True
T001,巡航,S001>O01,11887.273194001878,11889.269265049357,直连,,True
T001,巡航,S001>O01,11889.269265049357,11891.265336096834,直连,,True
T001,巡航,S001>O01,11891.265336096834,11893.261407144313,直连,,True
T001,巡航,S001>O01,11893.261407144313,11895.257478191792,直连,,True
T001,巡航,S001>O01,11895.257478191792,11897.253549239269,直连,,True
T001,巡航,S001>O01,11897.253549239269,11899.249620286748,直连,,True
T001,巡航,S001>O01,11899.249620286748,11901.245691334225,直连,,True
T001,巡航,S001>O01,11901.245691334225,11903.241762381704,直连,,True
T001,巡航,S001>O01,11903.241762381704,11905.237833429183,直连,,True
T001,巡航,S001>O01,11905.237833429183,11907.23390447666,直连,,True
T001,巡航,S001>O01,11907.23390447666,11909.229975524138,直连,,True
T001,巡航,S001>O01,11909.229975524138,11911.226046571617,直连,,True
T001,巡航,S001>O01,11911.226046571617,11913.222117619094,直连,,True
T001,巡航,S001>O01,11913.222117619094,11915.218188666573,直连,,True
T001,巡航,S001>O01,11915.218188666573,11917.214259714052,直连,,True
T001,巡航,S001>O01,11917.214259714052,11919.210330761529,直连,,True
T001,巡航,S001>O01,11919.210330761529,11921.206401809008,直连,,True
T001,巡航,S001>O01,11921.206401809008,11923.202472856485,直连,,True
T001,巡航,S001>O01,11923.202472856485,11925.198543903964,直连,,True
T001,巡航,S001>O01,11925.198543903964,11927.194614951442,直连,,True
T001,巡航,S001>O01,11927.194614951442,11929.19068599892,直连,,True
T001,巡航,S001>O01,11929.19068599892,11931.186757046398,直连,,True
T001,巡航,S001>O01,11931.186757046398,11933.182828093877,直连,,True
T001,巡航,S001>O01,11933.182828093877,11935.178899141354,直连,,True
T001,巡航,S001>O01,11935.178899141354,11937.174970188833,直连,,True
T001,巡航,S001>O01,11937.174970188833,11939.171041236312,直连,,True
T001,巡航,S001>O01,11939.171041236312,11941.167112283789,直连,,True
T001,巡航,S001>O01,11941.167112283789,11943.163183331268,直连,,True
T001,巡航,S001>O01,11943.163183331268,11945.159254378745,直连,,True
T001,巡航,S001>O01,11945.159254378745,11947.155325426223,直连,,True
T001,巡航,S001>O01,11947.155325426223,11949.151396473702,直连,,True
T001,巡航,S001>O01,11949.151396473702,11951.14746752118,直连,,True
T001,巡航,S001>O01,11951.14746752118,11953.143538568658,直连,,True
T001,巡航,S001>O01,11953.143538568658,11955.139609616137,直连,,True
T001,巡航,S001>O01,11955.139609616137,11957.135680663614,直连,,True
T001,巡航,S001>O01,11957.135680663614,11959.131751711093,直连,,True
T001,巡航,S001>O01,11959.131751711093,11961.127822758572,直连,,True
T001,巡航,S001>O01,11961.127822758572,11963.123893806049,直连,,True
T001,巡航,S001>O01,11963.123893806049,11965.119964853528,直连,,True
T001,巡航,S001>O01,11965.119964853528,11967.116035901006,直连,,True
T001,巡航,S001>O01,11967.116035901006,11969.112106948483,直连,,True
T001,巡航,S001>O01,11969.112106948483,11971.108177995962,直连,,True
T001,巡航,S001>O01,11971.108177995962,11973.10424904344,直连,,True
T001,巡航,S001>O01,11973.10424904344,11975.100320090918,直连,,True
T001,巡航,S001>O01,11975.100320090918,11977.096391138397,直连,,True
T001,巡航,S001>O01,11977.096391138397,11979.092462185874,直连,,True
T001,巡航,S001>O01,11979.092462185874,11981.088533233353,直连,,True
T001,巡航,S001>O01,11981.088533233353,11983.084604280832,直连,,True
T001,巡航,S001>O01,11983.084604280832,11985.080675328309,直连,,True
T001,巡航,S001>O01,11985.080675328309,11987.076746375787,直连,,True
T001,巡航,S001>O01,11987.076746375787,11989.072817423266,直连,,True
T001,巡航,S001>O01,11989.072817423266,11991.068888470743,直连,,True
T001,巡航,S001>O01,11991.068888470743,11993.064959518222,直连,,True
T001,巡航,S001>O01,11993.064959518222,11995.0610305657,直连,,True
T001,巡航,S001>O01,11995.0610305657,11997.057101613178,直连,,True
T001,巡航,S001>O01,11997.057101613178,11999.053172660657,直连,,True
T001,巡航,S001>O01,11999.053172660657,12001.049243708134,直连,,True
T001,巡航,S001>O01,12001.049243708134,12003.045314755613,直连,,True
T001,巡航,S001>O01,12003.045314755613,12005.041385803092,直连,,True
T001,巡航,S001>O01,12005.041385803092,12007.037456850569,直连,,True
T001,巡航,S001>O01,12007.037456850569,12009.033527898047,直连,,True
T001,巡航,S001>O01,12009.033527898047,12011.029598945526,直连,,True
T001,巡航,S001>O01,12011.029598945526,12013.025669993003,直连,,True
T001,巡航,S001>O01,12013.025669993003,12015.021741040482,直连,,True
T001,巡航,S001>O01,12015.021741040482,12017.01781208796,直连,,True
T001,巡航,S001>O01,12017.01781208796,12019.013883135438,直连,,True
T001,巡航,S001>O01,12019.013883135438,12021.009954182917,直连,,True
T001,巡航,S001>O01,12021.009954182917,12023.006025230394,直连,,True
T001,巡航,S001>O01,12023.006025230394,12025.002096277873,直连,,True
T001,巡航,S001>O01,12025.002096277873,12026.998167325351,直连,,True
T001,巡航,S001>O01,12026.998167325351,12028.994238372828,直连,,True
T001,巡航,S001>O01,12028.994238372828,12030.990309420307,直连,,True
T001,巡航,S001>O01,12030.990309420307,12032.986380467786,直连,,True
T001,巡航,S001>O01,12032.986380467786,12034.982451515263,直连,,True
T001,巡航,S001>O01,12034.982451515263,12036.978522562742,直连,,True
T001,巡航,S001>O01,12036.978522562742,12038.974593610219,直连,,True
T001,巡航,S001>O01,12038.974593610219,12040.970664657698,直连,,True
T001,巡航,S001>O01,12040.970664657698,12042.966735705177,直连,,True
T001,巡航,S001>O01,12042.966735705177,12044.962806752654,直连,,True
T001,巡航,S001>O01,12044.962806752654,12046.958877800133,直连,,True
T001,下降,S001>O01,12046.958877800133,12058.587406608727,直连,,True
T001,下降,S001>O01,12058.587406608727,12070.21593541732,直连,,True
T001,下降,S001>O01,12070.21593541732,12081.844464225915,直连,,True
T001,下降,S001>O01,12081.844464225915,12093.472993034507,直连,,True
T001,下降,S001>O01,12093.472993034507,12105.101521843102,直连,,True
T002,爬升,O01>S001,9667.0,9676.690440673829,直连,,True
T002,爬升,O01>S001,9676.690440673829,9686.380881347657,直连,,True
T002,爬升,O01>S001,9686.380881347657,9696.071322021484,直连,,True
T002,爬升,O01>S001,9696.071322021484,9705.761762695312,直连,,True
T002,爬升,O01>S001,9705.761762695312,9715.452203369141,直连,,True
T002,巡航,O01>S001,9715.452203369141,9717.44827441662,直连,,True
T002,巡航,O01>S001,9717.44827441662,9719.444345464097,直连,,True
T002,巡航,O01>S001,9719.444345464097,9721.440416511576,直连,,True
T002,巡航,O01>S001,9721.440416511576,9723.436487559055,直连,,True
T002,巡航,O01>S001,9723.436487559055,9725.432558606532,直连,,True
T002,巡航,O01>S001,9725.432558606532,9727.42862965401,直连,,True
T002,巡航,O01>S001,9727.42862965401,9729.424700701487,直连,,True
T002,巡航,O01>S001,9729.424700701487,9731.420771748966,直连,,True
T002,巡航,O01>S001,9731.420771748966,9733.416842796445,直连,,True
T002,巡航,O01>S001,9733.416842796445,9735.412913843922,直连,,True
T002,巡航,O01>S001,9735.412913843922,9737.4089848914,直连,,True
T002,巡航,O01>S001,9737.4089848914,9739.40505593888,直连,,True
T002,巡航,O01>S001,9739.40505593888,9741.401126986357,直连,,True
T002,巡航,O01>S001,9741.401126986357,9743.397198033836,直连,,True
T002,巡航,O01>S001,9743.397198033836,9745.393269081314,直连,,True
T002,巡航,O01>S001,9745.393269081314,9747.389340128791,直连,,True
T002,巡航,O01>S001,9747.389340128791,9749.38541117627,直连,,True
T002,巡航,O01>S001,9749.38541117627,9751.381482223747,直连,,True
T002,巡航,O01>S001,9751.381482223747,9753.377553271226,直连,,True
T002,巡航,O01>S001,9753.377553271226,9755.373624318705,直连,,True
T002,巡航,O01>S001,9755.373624318705,9757.369695366182,直连,,True
T002,巡航,O01>S001,9757.369695366182,9759.36576641366,直连,,True
T002,巡航,O01>S001,9759.36576641366,9761.36183746114,直连,,True
T002,巡航,O01>S001,9761.36183746114,9763.357908508617,直连,,True
T002,巡航,O01>S001,9763.357908508617,9765.353979556096,直连,,True
T002,巡航,O01>S001,9765.353979556096,9767.350050603574,直连,,True
T002,巡航,O01>S001,9767.350050603574,9769.346121651051,直连,,True
T002,巡航,O01>S001,9769.346121651051,9771.34219269853,直连,,True
T002,巡航,O01>S001,9771.34219269853,9773.338263746007,直连,,True
T002,巡航,O01>S001,9773.338263746007,9775.334334793486,直连,,True
T002,巡航,O01>S001,9775.334334793486,9777.330405840965,直连,,True
T002,巡航,O01>S001,9777.330405840965,9779.326476888442,直连,,True
T002,巡航,O01>S001,9779.326476888442,9781.32254793592,直连,,True
T002,巡航,O01>S001,9781.32254793592,9783.3186189834,直连,,True
T002,巡航,O01>S001,9783.3186189834,9785.314690030877,直连,,True
T002,巡航,O01>S001,9785.314690030877,9787.310761078355,直连,,True
T002,巡航,O01>S001,9787.310761078355,9789.306832125834,直连,,True
T002,巡航,O01>S001,9789.306832125834,9791.302903173311,直连,,True
T002,巡航,O01>S001,9791.302903173311,9793.29897422079,直连,,True
T002,巡航,O01>S001,9793.29897422079,9795.295045268267,直连,,True
T002,巡航,O01>S001,9795.295045268267,9797.291116315746,直连,,True
T002,巡航,O01>S001,9797.291116315746,9799.287187363225,直连,,True
T002,巡航,O01>S001,9799.287187363225,9801.283258410702,直连,,True
T002,巡航,O01>S001,9801.283258410702,9803.27932945818,直连,,True
T002,巡航,O01>S001,9803.27932945818,9805.27540050566,直连,,True
T002,巡航,O01>S001,9805.27540050566,9807.271471553137,直连,,True
T002,巡航,O01>S001,9807.271471553137,9809.267542600615,直连,,True
T002,巡航,O01>S001,9809.267542600615,9811.263613648094,直连,,True
T002,巡航,O01>S001,9811.263613648094,9813.259684695571,直连,,True
T002,巡航,O01>S001,9813.259684695571,9815.25575574305,直连,,True
T002,巡航,O01>S001,9815.25575574305,9817.251826790529,直连,,True
T002,巡航,O01>S001,9817.251826790529,9819.247897838006,直连,,True
T002,巡航,O01>S001,9819.247897838006,9821.243968885485,直连,,True
T002,巡航,O01>S001,9821.243968885485,9823.240039932962,直连,,True
T002,巡航,O01>S001,9823.240039932962,9825.23611098044,直连,,True
T002,巡航,O01>S001,9825.23611098044,9827.23218202792,直连,,True
T002,巡航,O01>S001,9827.23218202792,9829.228253075396,直连,,True
T002,巡航,O01>S001,9829.228253075396,9831.224324122875,直连,,True
T002,巡航,O01>S001,9831.224324122875,9833.220395170354,直连,,True
T002,巡航,O01>S001,9833.220395170354,9835.216466217831,直连,,True
T002,巡航,O01>S001,9835.216466217831,9837.21253726531,直连,,True
T002,巡航,O01>S001,9837.21253726531,9839.208608312789,直连,,True
T002,巡航,O01>S001,9839.208608312789,9841.204679360266,直连,,True
T002,巡航,O01>S001,9841.204679360266,9843.200750407745,直连,,True
T002,巡航,O01>S001,9843.200750407745,9845.196821455222,直连,,True
T002,巡航,O01>S001,9845.196821455222,9847.1928925027,直连,,True
T002,巡航,O01>S001,9847.1928925027,9849.18896355018,直连,,True
T002,巡航,O01>S001,9849.18896355018,9851.185034597656,直连,,True
T002,巡航,O01>S001,9851.185034597656,9853.181105645135,直连,,True
T002,巡航,O01>S001,9853.181105645135,9855.177176692614,直连,,True
T002,巡航,O01>S001,9855.177176692614,9857.173247740091,直连,,True
T002,巡航,O01>S001,9857.173247740091,9859.16931878757,直连,,True
T002,巡航,O01>S001,9859.16931878757,9861.165389835049,直连,,True
T002,巡航,O01>S001,9861.165389835049,9863.161460882526,直连,,True
T002,巡航,O01>S001,9863.161460882526,9865.157531930005,直连,,True
T002,巡航,O01>S001,9865.157531930005,9867.153602977482,直连,,True
T002,巡航,O01>S001,9867.153602977482,9869.14967402496,直连,,True
T002,巡航,O01>S001,9869.14967402496,9871.14574507244,直连,,True
T002,巡航,O01>S001,9871.14574507244,9873.141816119916,直连,,True
T002,巡航,O01>S001,9873.141816119916,9875.137887167395,直连,,True
T002,巡航,O01>S001,9875.137887167395,9877.133958214874,直连,,True
T002,巡航,O01>S001,9877.133958214874,9879.130029262351,直连,,True
T002,巡航,O01>S001,9879.130029262351,9881.12610030983,直连,,True
T002,巡航,O01>S001,9881.12610030983,9883.122171357309,直连,,True
T002,巡航,O01>S001,9883.122171357309,9885.118242404786,直连,,True
T002,巡航,O01>S001,9885.118242404786,9887.114313452264,直连,,True
T002,巡航,O01>S001,9887.114313452264,9889.110384499741,直连,,True
T002,巡航,O01>S001,9889.110384499741,9891.10645554722,直连,,True
T002,巡航,O01>S001,9891.10645554722,9893.1025265947,直连,,True
T002,巡航,O01>S001,9893.1025265947,9895.098597642176,直连,,True
T002,巡航,O01>S001,9895.098597642176,9897.094668689655,直连,,True
T002,巡航,O01>S001,9897.094668689655,9899.090739737134,直连,,True
T002,巡航,O01>S001,9899.090739737134,9901.08681078461,直连,,True
T002,巡航,O01>S001,9901.08681078461,9903.08288183209,直连,,True
T002,巡航,O01>S001,9903.08288183209,9905.078952879569,直连,,True
T002,巡航,O01>S001,9905.078952879569,9907.075023927046,直连,,True
T002,巡航,O01>S001,9907.075023927046,9909.071094974524,直连,,True
T002,巡航,O01>S001,9909.071094974524,9911.067166022001,直连,,True
T002,巡航,O01>S001,9911.067166022001,9913.06323706948,直连,,True
T002,巡航,O01>S001,9913.06323706948,9915.059308116959,直连,,True
T002,巡航,O01>S001,9915.059308116959,9917.055379164436,直连,,True
T002,巡航,O01>S001,9917.055379164436,9919.051450211915,直连,,True
T002,下降,O01>S001,9919.051450211915,9930.925664892904,直连,,True
T002,下降,O01>S001,9930.925664892904,9942.799879573895,直连,,True
T002,下降,O01>S001,9942.799879573895,9954.674094254884,直连,,True
T002,投送,S001,9954.674094254884,10164.674094254884,直连,,True
T002,爬升,S001>O01,10164.674094254884,10174.569273155708,直连,,True
T002,爬升,S001>O01,10174.569273155708,10184.464452056534,直连,,True
T002,爬升,S001>O01,10184.464452056534,10194.359630957359,直连,,True
T002,巡航,S001>O01,10194.359630957359,10196.355702004837,直连,,True
T002,巡航,S001>O01,10196.355702004837,10198.351773052314,直连,,True
T002,巡航,S001>O01,10198.351773052314,10200.347844099793,直连,,True
T002,巡航,S001>O01,10200.347844099793,10202.343915147272,直连,,True
T002,巡航,S001>O01,10202.343915147272,10204.33998619475,直连,,True
T002,巡航,S001>O01,10204.33998619475,10206.336057242228,直连,,True
T002,巡航,S001>O01,10206.336057242228,10208.332128289705,直连,,True
T002,巡航,S001>O01,10208.332128289705,10210.328199337184,直连,,True
T002,巡航,S001>O01,10210.328199337184,10212.324270384663,直连,,True
T002,巡航,S001>O01,10212.324270384663,10214.32034143214,直连,,True
T002,巡航,S001>O01,10214.32034143214,10216.316412479619,直连,,True
T002,巡航,S001>O01,10216.316412479619,10218.312483527097,直连,,True
T002,巡航,S001>O01,10218.312483527097,10220.308554574574,直连,,True
T002,巡航,S001>O01,10220.308554574574,10222.304625622053,直连,,True
T002,巡航,S001>O01,10222.304625622053,10224.300696669532,直连,,True
T002,巡航,S001>O01,10224.300696669532,10226.296767717009,直连,,True
T002,巡航,S001>O01,10226.296767717009,10228.292838764488,直连,,True
T002,巡航,S001>O01,10228.292838764488,10230.288909811965,直连,,True
T002,巡航,S001>O01,10230.288909811965,10232.284980859444,直连,,True
T002,巡航,S001>O01,10232.284980859444,10234.281051906923,直连,,True
T002,巡航,S001>O01,10234.281051906923,10236.2771229544,直连,,True
T002,巡航,S001>O01,10236.2771229544,10238.273194001878,直连,,True
T002,巡航,S001>O01,10238.273194001878,10240.269265049357,直连,,True
T002,巡航,S001>O01,10240.269265049357,10242.265336096834,直连,,True
T002,巡航,S001>O01,10242.265336096834,10244.261407144313,直连,,True
T002,巡航,S001>O01,10244.261407144313,10246.257478191792,直连,,True
T002,巡航,S001>O01,10246.257478191792,10248.253549239269,直连,,True
T002,巡航,S001>O01,10248.253549239269,10250.249620286748,直连,,True
T002,巡航,S001>O01,10250.249620286748,10252.245691334225,直连,,True
T002,巡航,S001>O01,10252.245691334225,10254.241762381704,直连,,True
T002,巡航,S001>O01,10254.241762381704,10256.237833429183,直连,,True
T002,巡航,S001>O01,10256.237833429183,10258.23390447666,直连,,True
T002,巡航,S001>O01,10258.23390447666,10260.229975524138,直连,,True
T002,巡航,S001>O01,10260.229975524138,10262.226046571617,直连,,True
T002,巡航,S001>O01,10262.226046571617,10264.222117619094,直连,,True
T002,巡航,S001>O01,10264.222117619094,10266.218188666573,直连,,True
T002,巡航,S001>O01,10266.218188666573,10268.214259714052,直连,,True
T002,巡航,S001>O01,10268.214259714052,10270.210330761529,直连,,True
T002,巡航,S001>O01,10270.210330761529,10272.206401809008,直连,,True
T002,巡航,S001>O01,10272.206401809008,10274.202472856485,直连,,True
T002,巡航,S001>O01,10274.202472856485,10276.198543903964,直连,,True
T002,巡航,S001>O01,10276.198543903964,10278.194614951442,直连,,True
T002,巡航,S001>O01,10278.194614951442,10280.19068599892,直连,,True
T002,巡航,S001>O01,10280.19068599892,10282.186757046398,直连,,True
T002,巡航,S001>O01,10282.186757046398,10284.182828093877,直连,,True
T002,巡航,S001>O01,10284.182828093877,10286.178899141354,直连,,True
T002,巡航,S001>O01,10286.178899141354,10288.174970188833,直连,,True
T002,巡航,S001>O01,10288.174970188833,10290.171041236312,直连,,True
T002,巡航,S001>O01,10290.171041236312,10292.167112283789,直连,,True
T002,巡航,S001>O01,10292.167112283789,10294.163183331268,直连,,True
T002,巡航,S001>O01,10294.163183331268,10296.159254378745,直连,,True
T002,巡航,S001>O01,10296.159254378745,10298.155325426223,直连,,True
T002,巡航,S001>O01,10298.155325426223,10300.151396473702,直连,,True
T002,巡航,S001>O01,10300.151396473702,10302.14746752118,直连,,True
T002,巡航,S001>O01,10302.14746752118,10304.143538568658,直连,,True
T002,巡航,S001>O01,10304.143538568658,10306.139609616137,直连,,True
T002,巡航,S001>O01,10306.139609616137,10308.135680663614,直连,,True
T002,巡航,S001>O01,10308.135680663614,10310.131751711093,直连,,True
T002,巡航,S001>O01,10310.131751711093,10312.127822758572,直连,,True
T002,巡航,S001>O01,10312.127822758572,10314.123893806049,直连,,True
T002,巡航,S001>O01,10314.123893806049,10316.119964853528,直连,,True
T002,巡航,S001>O01,10316.119964853528,10318.116035901006,直连,,True
T002,巡航,S001>O01,10318.116035901006,10320.112106948483,直连,,True
T002,巡航,S001>O01,10320.112106948483,10322.108177995962,直连,,True
T002,巡航,S001>O01,10322.108177995962,10324.10424904344,直连,,True
T002,巡航,S001>O01,10324.10424904344,10326.100320090918,直连,,True
T002,巡航,S001>O01,10326.100320090918,10328.096391138397,直连,,True
T002,巡航,S001>O01,10328.096391138397,10330.092462185874,直连,,True
T002,巡航,S001>O01,10330.092462185874,10332.088533233353,直连,,True
T002,巡航,S001>O01,10332.088533233353,10334.084604280832,直连,,True
T002,巡航,S001>O01,10334.084604280832,10336.080675328309,直连,,True
T002,巡航,S001>O01,10336.080675328309,10338.076746375787,直连,,True
T002,巡航,S001>O01,10338.076746375787,10340.072817423266,直连,,True
T002,巡航,S001>O01,10340.072817423266,10342.068888470743,直连,,True
T002,巡航,S001>O01,10342.068888470743,10344.064959518222,直连,,True
T002,巡航,S001>O01,10344.064959518222,10346.0610305657,直连,,True
T002,巡航,S001>O01,10346.0610305657,10348.057101613178,直连,,True
T002,巡航,S001>O01,10348.057101613178,10350.053172660657,直连,,True
T002,巡航,S001>O01,10350.053172660657,10352.049243708134,直连,,True
T002,巡航,S001>O01,10352.049243708134,10354.045314755613,直连,,True
T002,巡航,S001>O01,10354.045314755613,10356.041385803092,直连,,True
T002,巡航,S001>O01,10356.041385803092,10358.037456850569,直连,,True
T002,巡航,S001>O01,10358.037456850569,10360.033527898047,直连,,True
T002,巡航,S001>O01,10360.033527898047,10362.029598945526,直连,,True
T002,巡航,S001>O01,10362.029598945526,10364.025669993003,直连,,True
T002,巡航,S001>O01,10364.025669993003,10366.021741040482,直连,,True
T002,巡航,S001>O01,10366.021741040482,10368.01781208796,直连,,True
T002,巡航,S001>O01,10368.01781208796,10370.013883135438,直连,,True
T002,巡航,S001>O01,10370.013883135438,10372.009954182917,直连,,True
T002,巡航,S001>O01,10372.009954182917,10374.006025230394,直连,,True
T002,巡航,S001>O01,10374.006025230394,10376.002096277873,直连,,True
T002,巡航,S001>O01,10376.002096277873,10377.998167325351,直连,,True
T002,巡航,S001>O01,10377.998167325351,10379.994238372828,直连,,True
T002,巡航,S001>O01,10379.994238372828,10381.990309420307,直连,,True
T002,巡航,S001>O01,10381.990309420307,10383.986380467786,直连,,True
T002,巡航,S001>O01,10383.986380467786,10385.982451515263,直连,,True
T002,巡航,S001>O01,10385.982451515263,10387.978522562742,直连,,True
T002,巡航,S001>O01,10387.978522562742,10389.974593610219,直连,,True
T002,巡航,S001>O01,10389.974593610219,10391.970664657698,直连,,True
T002,巡航,S001>O01,10391.970664657698,10393.966735705177,直连,,True
T002,巡航,S001>O01,10393.966735705177,10395.962806752654,直连,,True
T002,巡航,S001>O01,10395.962806752654,10397.958877800133,直连,,True
T002,下降,S001>O01,10397.958877800133,10409.587406608727,直连,,True
T002,下降,S001>O01,10409.587406608727,10421.21593541732,直连,,True
T002,下降,S001>O01,10421.21593541732,10432.844464225915,直连,,True
T002,下降,S001>O01,10432.844464225915,10444.472993034507,直连,,True
T002,下降,S001>O01,10444.472993034507,10456.101521843102,直连,,True
T003,爬升,O01>S001,390.0,399.6904406738281,直连,,True
T003,爬升,O01>S001,399.6904406738281,409.38088134765627,直连,,True
T003,爬升,O01>S001,409.38088134765627,419.0713220214844,直连,,True
T003,爬升,O01>S001,419.0713220214844,428.76176269531254,直连,,True
T003,爬升,O01>S001,428.76176269531254,438.45220336914065,直连,,True
T003,巡航,O01>S001,438.45220336914065,440.9472921784884,直连,,True
T003,巡航,O01>S001,440.9472921784884,443.4423809878361,直连,,True
T003,巡航,O01>S001,443.4423809878361,445.93746979718384,直连,,True
T003,巡航,O01>S001,445.93746979718384,448.4325586065316,直连,,True
T003,巡航,O01>S001,448.4325586065316,450.9276474158793,直连,,True
T003,巡航,O01>S001,450.9276474158793,453.422736225227,直连,,True
T003,巡航,O01>S001,453.422736225227,455.9178250345748,直连,,True
T003,巡航,O01>S001,455.9178250345748,458.41291384392247,直连,,True
T003,巡航,O01>S001,458.41291384392247,460.9080026532702,直连,,True
T003,巡航,O01>S001,460.9080026532702,463.4030914626179,直连,,True
T003,巡航,O01>S001,463.4030914626179,465.89818027196566,直连,,True
T003,巡航,O01>S001,465.89818027196566,468.3932690813134,直连,,True
T003,巡航,O01>S001,468.3932690813134,470.8883578906611,直连,,True
T003,巡航,O01>S001,470.8883578906611,473.38344670000885,直连,,True
T003,巡航,O01>S001,473.38344670000885,475.8785355093566,直连,,True
T003,巡航,O01>S001,475.8785355093566,478.3736243187043,直连,,True
T003,巡航,O01>S001,478.3736243187043,480.86871312805204,直连,,True
T003,巡航,O01>S001,480.86871312805204,483.3638019373998,直连,,True
T003,巡航,O01>S001,483.3638019373998,485.8588907467475,直连,,True
T003,巡航,O01>S001,485.8588907467475,488.3539795560952,直连,,True
T003,巡航,O01>S001,488.3539795560952,490.8490683654429,直连,,True
T003,巡航,O01>S001,490.8490683654429,493.34415717479067,直连,,True
T003,巡航,O01>S001,493.34415717479067,495.8392459841384,直连,,True
T003,巡航,O01>S001,495.8392459841384,498.33433479348616,直连,,True
T003,巡航,O01>S001,498.33433479348616,500.82942360283386,直连,,True
T003,巡航,O01>S001,500.82942360283386,503.3245124121816,直连,,True
T003,巡航,O01>S001,503.3245124121816,505.8196012215293,直连,,True
T003,巡航,O01>S001,505.8196012215293,508.31469003087705,直连,,True
T003,巡航,O01>S001,508.31469003087705,510.8097788402248,直连,,True
T003,巡航,O01>S001,510.8097788402248,513.3048676495725,直连,,True
T003,巡航,O01>S001,513.3048676495725,515.7999564589202,直连,,True
T003,巡航,O01>S001,515.7999564589202,518.2950452682679,直连,,True
T003,巡航,O01>S001,518.2950452682679,520.7901340776157,直连,,True
T003,巡航,O01>S001,520.7901340776157,523.2852228869634,直连,,True
T003,巡航,O01>S001,523.2852228869634,525.7803116963112,直连,,True
T003,巡航,O01>S001,525.7803116963112,528.2754005056589,直连,,True
T003,巡航,O01>S001,528.2754005056589,530.7704893150067,直连,,True
T003,巡航,O01>S001,530.7704893150067,533.2655781243543,直连,,True
T003,巡航,O01>S001,533.2655781243543,535.760666933702,直连,,True
T003,巡航,O01>S001,535.760666933702,538.2557557430498,直连,,True
T003,巡航,O01>S001,538.2557557430498,540.7508445523976,直连,,True
T003,巡航,O01>S001,540.7508445523976,543.2459333617453,直连,,True
T003,巡航,O01>S001,543.2459333617453,545.7410221710929,直连,,True
T003,巡航,O01>S001,545.7410221710929,548.2361109804407,直连,,True
T003,巡航,O01>S001,548.2361109804407,550.7311997897884,直连,,True
T003,巡航,O01>S001,550.7311997897884,553.2262885991362,直连,,True
T003,巡航,O01>S001,553.2262885991362,555.7213774084839,直连,,True
T003,巡航,O01>S001,555.7213774084839,558.2164662178316,直连,,True
T003,巡航,O01>S001,558.2164662178316,560.7115550271793,直连,,True
T003,巡航,O01>S001,560.7115550271793,563.2066438365271,直连,,True
T003,巡航,O01>S001,563.2066438365271,565.7017326458748,直连,,True
T003,巡航,O01>S001,565.7017326458748,568.1968214552226,直连,,True
T003,巡航,O01>S001,568.1968214552226,570.6919102645703,直连,,True
T003,巡航,O01>S001,570.6919102645703,573.1869990739181,直连,,True
T003,巡航,O01>S001,573.1869990739181,575.6820878832657,直连,,True
T003,巡航,O01>S001,575.6820878832657,578.1771766926134,直连,,True
T003,巡航,O01>S001,578.1771766926134,580.6722655019612,直连,,True
T003,巡航,O01>S001,580.6722655019612,583.1673543113089,直连,,True
T003,巡航,O01>S001,583.1673543113089,585.6624431206567,直连,,True
T003,巡航,O01>S001,585.6624431206567,588.1575319300043,直连,,True
T003,巡航,O01>S001,588.1575319300043,590.6526207393521,直连,,True
T003,巡航,O01>S001,590.6526207393521,593.1477095486998,直连,,True
T003,巡航,O01>S001,593.1477095486998,595.6427983580476,直连,,True
T003,巡航,O01>S001,595.6427983580476,598.1378871673953,直连,,True
T003,巡航,O01>S001,598.1378871673953,600.632975976743,直连,,True
T003,巡航,O01>S001,600.632975976743,603.1280647860908,直连,,True
T003,巡航,O01>S001,603.1280647860908,605.6231535954385,直连,,True
T003,巡航,O01>S001,605.6231535954385,608.1182424047862,直连,,True
T003,巡航,O01>S001,608.1182424047862,610.613331214134,直连,,True
T003,巡航,O01>S001,610.613331214134,613.1084200234817,直连,,True
T003,巡航,O01>S001,613.1084200234817,615.6035088328294,直连,,True
T003,巡航,O01>S001,615.6035088328294,618.0985976421771,直连,,True
T003,巡航,O01>S001,618.0985976421771,620.5936864515248,直连,,True
T003,巡航,O01>S001,620.5936864515248,623.0887752608726,直连,,True
T003,巡航,O01>S001,623.0887752608726,625.5838640702203,直连,,True
T003,巡航,O01>S001,625.5838640702203,628.0789528795681,直连,,True
T003,巡航,O01>S001,628.0789528795681,630.5740416889157,直连,,True
T003,巡航,O01>S001,630.5740416889157,633.0691304982635,直连,,True
T003,巡航,O01>S001,633.0691304982635,635.5642193076112,直连,,True
T003,巡航,O01>S001,635.5642193076112,638.059308116959,直连,,True
T003,巡航,O01>S001,638.059308116959,640.5543969263067,直连,,True
T003,巡航,O01>S001,640.5543969263067,643.0494857356543,直连,,True
T003,巡航,O01>S001,643.0494857356543,645.5445745450021,直连,,True
T003,巡航,O01>S001,645.5445745450021,648.0396633543498,直连,,True
T003,巡航,O01>S001,648.0396633543498,650.5347521636976,直连,,True
T003,巡航,O01>S001,650.5347521636976,653.0298409730453,直连,,True
T003,巡航,O01>S001,653.0298409730453,655.524929782393,直连,,True
T003,巡航,O01>S001,655.524929782393,658.0200185917408,直连,,True
T003,巡航,O01>S001,658.0200185917408,660.5151074010885,直连,,True
T003,巡航,O01>S001,660.5151074010885,663.0101962104362,直连,,True
T003,巡航,O01>S001,663.0101962104362,665.505285019784,直连,,True
T003,巡航,O01>S001,665.505285019784,668.0003738291317,直连,,True
T003,巡航,O01>S001,668.0003738291317,670.4954626384795,直连,,True
T003,巡航,O01>S001,670.4954626384795,672.9905514478271,直连,,True
T003,巡航,O01>S001,672.9905514478271,675.4856402571749,直连,,True
T003,巡航,O01>S001,675.4856402571749,677.9807290665226,直连,,True
T003,巡航,O01>S001,677.9807290665226,680.4758178758703,直连,,True
T003,巡航,O01>S001,680.4758178758703,682.9709066852181,直连,,True
T003,巡航,O01>S001,682.9709066852181,685.4659954945657,直连,,True
T003,巡航,O01>S001,685.4659954945657,687.9610843039135,直连,,True
T003,巡航,O01>S001,687.9610843039135,690.4561731132612,直连,,True
T003,巡航,O01>S001,690.4561731132612,692.951261922609,直连,,True
T003,下降,O01>S001,692.951261922609,704.8254766035985,直连,,True
T003,下降,O01>S001,704.8254766035985,716.6996912845882,直连,,True
T003,下降,O01>S001,716.6996912845882,728.5739059655778,直连,,True
T003,投送,S001,728.5739059655778,968.5739059655778,直连,,True
T003,爬升,S001>O01,968.5739059655778,978.4690848664025,直连,,True
T003,爬升,S001>O01,978.4690848664025,988.364263767227,直连,,True
T003,爬升,S001>O01,988.364263767227,998.2594426680517,直连,,True
T003,巡航,S001>O01,998.2594426680517,1000.7545314773995,直连,,True
T003,巡航,S001>O01,1000.7545314773995,1003.2496202867472,直连,,True
T003,巡航,S001>O01,1003.2496202867472,1005.7447090960949,直连,,True
T003,巡航,S001>O01,1005.7447090960949,1008.2397979054426,直连,,True
T003,巡航,S001>O01,1008.2397979054426,1010.7348867147904,直连,,True
T003,巡航,S001>O01,1010.7348867147904,1013.2299755241381,直连,,True
T003,巡航,S001>O01,1013.2299755241381,1015.7250643334859,直连,,True
T003,巡航,S001>O01,1015.7250643334859,1018.2201531428336,直连,,True
T003,巡航,S001>O01,1018.2201531428336,1020.7152419521813,直连,,True
T003,巡航,S001>O01,1020.7152419521813,1023.210330761529,直连,,True
T003,巡航,S001>O01,1023.210330761529,1025.7054195708768,直连,,True
T003,巡航,S001>O01,1025.7054195708768,1028.2005083802244,直连,,True
T003,巡航,S001>O01,1028.2005083802244,1030.6955971895723,直连,,True
T003,巡航,S001>O01,1030.6955971895723,1033.19068599892,直连,,True
T003,巡航,S001>O01,1033.19068599892,1035.6857748082678,直连,,True
T003,巡航,S001>O01,1035.6857748082678,1038.1808636176154,直连,,True
T003,巡航,S001>O01,1038.1808636176154,1040.675952426963,直连,,True
T003,巡航,S001>O01,1040.675952426963,1043.1710412363109,直连,,True
T003,巡航,S001>O01,1043.1710412363109,1045.6661300456585,直连,,True
T003,巡航,S001>O01,1045.6661300456585,1048.1612188550064,直连,,True
T003,巡航,S001>O01,1048.1612188550064,1050.656307664354,直连,,True
T003,巡航,S001>O01,1050.656307664354,1053.1513964737017,直连,,True
T003,巡航,S001>O01,1053.1513964737017,1055.6464852830495,直连,,True
T003,巡航,S001>O01,1055.6464852830495,1058.1415740923971,直连,,True
T003,巡航,S001>O01,1058.1415740923971,1060.636662901745,直连,,True
T003,巡航,S001>O01,1060.636662901745,1063.1317517110926,直连,,True
T003,巡航,S001>O01,1063.1317517110926,1065.6268405204405,直连,,True
T003,巡航,S001>O01,1065.6268405204405,1068.1219293297881,直连,,True
T003,巡航,S001>O01,1068.1219293297881,1070.6170181391358,直连,,True
T003,巡航,S001>O01,1070.6170181391358,1073.1121069484836,直连,,True
T003,巡航,S001>O01,1073.1121069484836,1075.6071957578313,直连,,True
T003,巡航,S001>O01,1075.6071957578313,1078.1022845671791,直连,,True
T003,巡航,S001>O01,1078.1022845671791,1080.5973733765268,直连,,True
T003,巡航,S001>O01,1080.5973733765268,1083.0924621858744,直连,,True
T003,巡航,S001>O01,1083.0924621858744,1085.5875509952223,直连,,True
T003,巡航,S001>O01,1085.5875509952223,1088.08263980457,直连,,True
T003,巡航,S001>O01,1088.08263980457,1090.5777286139178,直连,,True
T003,巡航,S001>O01,1090.5777286139178,1093.0728174232654,直连,,True
T003,巡航,S001>O01,1093.0728174232654,1095.567906232613,直连,,True
T003,巡航,S001>O01,1095.567906232613,1098.062995041961,直连,,True
T003,巡航,S001>O01,1098.062995041961,1100.5580838513085,直连,,True
T003,巡航,S001>O01,1100.5580838513085,1103.0531726606564,直连,,True
T003,巡航,S001>O01,1103.0531726606564,1105.548261470004,直连,,True
T003,巡航,S001>O01,1105.548261470004,1108.0433502793517,直连,,True
T003,巡航,S001>O01,1108.0433502793517,1110.5384390886995,直连,,True
T003,巡航,S001>O01,1110.5384390886995,1113.0335278980472,直连,,True
T003,巡航,S001>O01,1113.0335278980472,1115.528616707395,直连,,True
T003,巡航,S001>O01,1115.528616707395,1118.0237055167427,直连,,True
T003,巡航,S001>O01,1118.0237055167427,1120.5187943260903,直连,,True
T003,巡航,S001>O01,1120.5187943260903,1123.0138831354382,直连,,True
T003,巡航,S001>O01,1123.0138831354382,1125.5089719447858,直连,,True
T003,巡航,S001>O01,1125.5089719447858,1128.0040607541337,直连,,True
T003,巡航,S001>O01,1128.0040607541337,1130.4991495634813,直连,,True
T003,巡航,S001>O01,1130.4991495634813,1132.994238372829,直连,,True
T003,巡航,S001>O01,1132.994238372829,1135.4893271821768,直连,,True
T003,巡航,S001>O01,1135.4893271821768,1137.9844159915244,直连,,True
T003,巡航,S001>O01,1137.9844159915244,1140.4795048008723,直连,,True
T003,巡航,S001>O01,1140.4795048008723,1142.97459361022,直连,,True
T003,巡航,S001>O01,1142.97459361022,1145.4696824195678,直连,,True
T003,巡航,S001>O01,1145.4696824195678,1147.9647712289154,直连,,True
T003,巡航,S001>O01,1147.9647712289154,1150.459860038263,直连,,True
T003,巡航,S001>O01,1150.459860038263,1152.954948847611,直连,,True
T003,巡航,S001>O01,1152.954948847611,1155.4500376569586,直连,,True
T003,巡航,S001>O01,1155.4500376569586,1157.9451264663062,直连,,True
T003,巡航,S001>O01,1157.9451264663062,1160.440215275654,直连,,True
T003,巡航,S001>O01,1160.440215275654,1162.9353040850017,直连,,True
T003,巡航,S001>O01,1162.9353040850017,1165.4303928943496,直连,,True
T003,巡航,S001>O01,1165.4303928943496,1167.9254817036972,直连,,True
T003,巡航,S001>O01,1167.9254817036972,1170.420570513045,直连,,True
T003,巡航,S001>O01,1170.420570513045,1172.9156593223927,直连,,True
T003,巡航,S001>O01,1172.9156593223927,1175.4107481317403,直连,,True
T003,巡航,S001>O01,1175.4107481317403,1177.9058369410882,直连,,True
T003,巡航,S001>O01,1177.9058369410882,1180.4009257504358,直连,,True
T003,巡航,S001>O01,1180.4009257504358,1182.8960145597837,直连,,True
T003,巡航,S001>O01,1182.8960145597837,1185.3911033691313,直连,,True
T003,巡航,S001>O01,1185.3911033691313,1187.8861921784792,直连,,True
T003,巡航,S001>O01,1187.8861921784792,1190.3812809878268,直连,,True
T003,巡航,S001>O01,1190.3812809878268,1192.8763697971744,直连,,True
T003,巡航,S001>O01,1192.8763697971744,1195.3714586065223,直连,,True
T003,巡航,S001>O01,1195.3714586065223,1197.86654741587,直连,,True
T003,巡航,S001>O01,1197.86654741587,1200.3616362252176,直连,,True
T003,巡航,S001>O01,1200.3616362252176,1202.8567250345654,直连,,True
T003,巡航,S001>O01,1202.8567250345654,1205.351813843913,直连,,True
T003,巡航,S001>O01,1205.351813843913,1207.846902653261,直连,,True
T003,巡航,S001>O01,1207.846902653261,1210.3419914626086,直连,,True
T003,巡航,S001>O01,1210.3419914626086,1212.8370802719564,直连,,True
T003,巡航,S001>O01,1212.8370802719564,1215.332169081304,直连,,True
T003,巡航,S001>O01,1215.332169081304,1217.8272578906517,直连,,True
T003,巡航,S001>O01,1217.8272578906517,1220.3223466999996,直连,,True
T003,巡航,S001>O01,1220.3223466999996,1222.8174355093472,直连,,True
T003,巡航,S001>O01,1222.8174355093472,1225.312524318695,直连,,True
T003,巡航,S001>O01,1225.312524318695,1227.8076131280427,直连,,True
T003,巡航,S001>O01,1227.8076131280427,1230.3027019373903,直连,,True
T003,巡航,S001>O01,1230.3027019373903,1232.7977907467382,直连,,True
T003,巡航,S001>O01,1232.7977907467382,1235.2928795560858,直连,,True
T003,巡航,S001>O01,1235.2928795560858,1237.7879683654337,直连,,True
T003,巡航,S001>O01,1237.7879683654337,1240.2830571747813,直连,,True
T003,巡航,S001>O01,1240.2830571747813,1242.778145984129,直连,,True
T003,巡航,S001>O01,1242.778145984129,1245.2732347934768,直连,,True
T003,巡航,S001>O01,1245.2732347934768,1247.7683236028245,直连,,True
T003,巡航,S001>O01,1247.7683236028245,1250.2634124121723,直连,,True
T003,巡航,S001>O01,1250.2634124121723,1252.75850122152,直连,,True
T003,下降,S001>O01,1252.75850122152,1264.3870300301137,直连,,True
T003,下降,S001>O01,1264.3870300301137,1276.0155588387074,直连,,True
T003,下降,S001>O01,1276.0155588387074,1287.6440876473011,直连,,True
T003,下降,S001>O01,1287.6440876473011,1299.2726164558949,直连,,True
T003,下降,S001>O01,1299.2726164558949,1310.9011452644886,直连,,True
T004,爬升,O01>S002,2032.0,2042.3573859514509,直连,,True
T004,爬升,O01>S002,2042.3573859514509,2052.7147719029017,直连,,True
T004,爬升,O01>S002,2052.7147719029017,2063.0721578543526,直连,,True
T004,爬升,O01>S002,2063.0721578543526,2073.429543805804,直连,,True
T004,爬升,O01>S002,2073.429543805804,2083.7869297572547,直连,,True
T004,爬升,O01>S002,2083.7869297572547,2094.1443157087056,直连,,True
T004,爬升,O01>S002,2094.1443157087056,2104.5017016601564,直连,,True
T004,巡航,O01>S002,2104.5017016601564,2106.49398867864,直连,,True
T004,巡航,O01>S002,2106.49398867864,2108.4862756971243,直连,,True
T004,巡航,O01>S002,2108.4862756971243,2110.478562715608,直连,,True
T004,巡航,O01>S002,2110.478562715608,2112.470849734092,直连,,True
T004,巡航,O01>S002,2112.470849734092,2114.463136752576,直连,,True
T004,巡航,O01>S002,2114.463136752576,2116.4554237710595,直连,,True
T004,巡航,O01>S002,2116.4554237710595,2118.4477107895436,直连,,True
T004,巡航,O01>S002,2118.4477107895436,2120.4399978080273,直连,,True
T004,巡航,O01>S002,2120.4399978080273,2122.4322848265115,直连,,True
T004,巡航,O01>S002,2122.4322848265115,2124.424571844995,直连,,True
T004,巡航,O01>S002,2124.424571844995,2126.4168588634793,直连,,True
T004,巡航,O01>S002,2126.4168588634793,2128.409145881963,直连,,True
T004,巡航,O01>S002,2128.409145881963,2130.4014329004467,直连,,True
T004,巡航,O01>S002,2130.4014329004467,2132.393719918931,直连,,True
T004,巡航,O01>S002,2132.393719918931,2134.3860069374145,直连,,True
T004,巡航,O01>S002,2134.3860069374145,2136.3782939558987,直连,,True
T004,巡航,O01>S002,2136.3782939558987,2138.3705809743824,直连,,True
T004,巡航,O01>S002,2138.3705809743824,2140.362867992866,直连,,True
T004,巡航,O01>S002,2140.362867992866,2142.3551550113502,直连,,True
T004,巡航,O01>S002,2142.3551550113502,2144.347442029834,直连,,True
T004,巡航,O01>S002,2144.347442029834,2146.339729048318,直连,,True
T004,巡航,O01>S002,2146.339729048318,2148.3320160668018,直连,,True
T004,巡航,O01>S002,2148.3320160668018,2150.3243030852855,直连,,True
T004,巡航,O01>S002,2150.3243030852855,2152.3165901037696,直连,,True
T004,巡航,O01>S002,2152.3165901037696,2154.3088771222533,直连,,True
T004,巡航,O01>S002,2154.3088771222533,2156.3011641407375,直连,,True
T004,巡航,O01>S002,2156.3011641407375,2158.293451159221,直连,,True
T004,巡航,O01>S002,2158.293451159221,2160.2857381777053,直连,,True
T004,巡航,O01>S002,2160.2857381777053,2162.278025196189,直连,,True
T004,巡航,O01>S002,2162.278025196189,2164.2703122146727,直连,,True
T004,巡航,O01>S002,2164.2703122146727,2166.262599233157,直连,,True
T004,巡航,O01>S002,2166.262599233157,2168.2548862516405,直连,,True
T004,巡航,O01>S002,2168.2548862516405,2170.2471732701247,直连,,True
T004,巡航,O01>S002,2170.2471732701247,2172.2394602886084,直连,,True
T004,巡航,O01>S002,2172.2394602886084,2174.231747307092,直连,,True
T004,巡航,O01>S002,2174.231747307092,2176.224034325576,直连,,True
T004,巡航,O01>S002,2176.224034325576,2178.21632134406,直连,,True
T004,巡航,O01>S002,2178.21632134406,2180.208608362544,直连,,True
T004,巡航,O01>S002,2180.208608362544,2182.2008953810277,直连,,True
T004,巡航,O01>S002,2182.2008953810277,2184.1931823995114,直连,,True
T004,巡航,O01>S002,2184.1931823995114,2186.1854694179956,直连,,True
T004,巡航,O01>S002,2186.1854694179956,2188.1777564364793,直连,,True
T004,巡航,O01>S002,2188.1777564364793,2190.1700434549634,直连,,True
T004,巡航,O01>S002,2190.1700434549634,2192.162330473447,直连,,True
T004,巡航,O01>S002,2192.162330473447,2194.1546174919313,直连,,True
T004,巡航,O01>S002,2194.1546174919313,2196.146904510415,直连,,True
T004,巡航,O01>S002,2196.146904510415,2198.1391915288987,直连,,True
T004,巡航,O01>S002,2198.1391915288987,2200.131478547383,直连,,True
T004,巡航,O01>S002,2200.131478547383,2202.1237655658665,直连,,True
T004,巡航,O01>S002,2202.1237655658665,2204.1160525843507,直连,,True
T004,巡航,O01>S002,2204.1160525843507,2206.1083396028343,直连,,True
T004,巡航,O01>S002,2206.1083396028343,2208.100626621318,直连,,True
T004,巡航,O01>S002,2208.100626621318,2210.092913639802,直连,,True
T004,巡航,O01>S002,2210.092913639802,2212.085200658286,直连,,True
T004,巡航,O01>S002,2212.085200658286,2214.07748767677,直连,,True
T004,巡航,O01>S002,2214.07748767677,2216.0697746952537,直连,,True
T004,巡航,O01>S002,2216.0697746952537,2218.0620617137374,直连,,True
T004,巡航,O01>S002,2218.0620617137374,2220.0543487322216,直连,,True
T004,巡航,O01>S002,2220.0543487322216,2222.0466357507053,直连,,True
T004,巡航,O01>S002,2222.0466357507053,2224.0389227691894,直连,,True
T004,巡航,O01>S002,2224.0389227691894,2226.031209787673,直连,,True
T004,巡航,O01>S002,2226.031209787673,2228.023496806157,直连,,True
T004,巡航,O01>S002,2228.023496806157,2230.015783824641,直连,,True
T004,巡航,O01>S002,2230.015783824641,2232.0080708431246,直连,,True
T004,巡航,O01>S002,2232.0080708431246,2234.000357861609,直连,,True
T004,巡航,O01>S002,2234.000357861609,2235.9926448800925,直连,,True
T004,巡航,O01>S002,2235.9926448800925,2237.9849318985766,直连,,True
T004,巡航,O01>S002,2237.9849318985766,2239.9772189170603,直连,,True
T004,巡航,O01>S002,2239.9772189170603,2241.969505935544,直连,,True
T004,巡航,O01>S002,2241.969505935544,2243.961792954028,直连,,True
T004,巡航,O01>S002,2243.961792954028,2245.954079972512,直连,,True
T004,巡航,O01>S002,2245.954079972512,2247.946366990996,直连,,True
T004,巡航,O01>S002,2247.946366990996,2249.9386540094797,直连,,True
T004,巡航,O01>S002,2249.9386540094797,2251.9309410279634,直连,,True
T004,巡航,O01>S002,2251.9309410279634,2253.9232280464475,直连,,True
T004,巡航,O01>S002,2253.9232280464475,2255.9155150649312,直连,,True
T004,巡航,O01>S002,2255.9155150649312,2257.9078020834154,直连,,True
T004,巡航,O01>S002,2257.9078020834154,2259.900089101899,直连,,True
T004,巡航,O01>S002,2259.900089101899,2261.8923761203832,直连,,True
T004,巡航,O01>S002,2261.8923761203832,2263.884663138867,直连,,True
T004,巡航,O01>S002,2263.884663138867,2265.8769501573506,直连,,True
T004,巡航,O01>S002,2265.8769501573506,2267.8692371758348,直连,,True
T004,巡航,O01>S002,2267.8692371758348,2269.8615241943185,直连,,True
T004,巡航,O01>S002,2269.8615241943185,2271.8538112128026,直连,,True
T004,巡航,O01>S002,2271.8538112128026,2273.8460982312863,直连,,True
T004,巡航,O01>S002,2273.8460982312863,2275.83838524977,直连,,True
T004,巡航,O01>S002,2275.83838524977,2277.830672268254,直连,,True
T004,巡航,O01>S002,2277.830672268254,2279.822959286738,直连,,True
T004,巡航,O01>S002,2279.822959286738,2281.815246305222,直连,,True
T004,巡航,O01>S002,2281.815246305222,2283.8075333237057,直连,,True
T004,巡航,O01>S002,2283.8075333237057,2285.7998203421894,直连,,True
T004,巡航,O01>S002,2285.7998203421894,2287.7921073606735,直连,,True
T004,巡航,O01>S002,2287.7921073606735,2289.784394379157,直连,,True
T004,巡航,O01>S002,2289.784394379157,2291.7766813976414,直连,,True
T004,巡航,O01>S002,2291.7766813976414,2293.768968416125,直连,,True
T004,巡航,O01>S002,2293.768968416125,2295.7612554346088,直连,,True
T004,巡航,O01>S002,2295.7612554346088,2297.753542453093,直连,,True
T004,巡航,O01>S002,2297.753542453093,2299.7458294715766,直连,,True
T004,巡航,O01>S002,2299.7458294715766,2301.7381164900607,直连,,True
T004,巡航,O01>S002,2301.7381164900607,2303.7304035085444,直连,,True
T004,巡航,O01>S002,2303.7304035085444,2305.7226905270286,直连,,True
T004,巡航,O01>S002,2305.7226905270286,2307.7149775455123,直连,,True
T004,巡航,O01>S002,2307.7149775455123,2309.707264563996,直连,,True
T004,巡航,O01>S002,2309.707264563996,2311.69955158248,直连,,True
T004,巡航,O01>S002,2311.69955158248,2313.691838600964,直连,,True
T004,巡航,O01>S002,2313.691838600964,2315.684125619448,直连,,True
T004,巡航,O01>S002,2315.684125619448,2317.6764126379317,直连,,True
T004,巡航,O01>S002,2317.6764126379317,2319.6686996564154,直连,,True
T004,巡航,O01>S002,2319.6686996564154,2321.6609866748995,直连,,True
T004,巡航,O01>S002,2321.6609866748995,2323.653273693383,直连,,True
T004,巡航,O01>S002,2323.653273693383,2325.6455607118673,直连,,True
T004,巡航,O01>S002,2325.6455607118673,2327.637847730351,直连,,True
T004,巡航,O01>S002,2327.637847730351,2329.6301347488347,直连,,True
T004,巡航,O01>S002,2329.6301347488347,2331.622421767319,直连,,True
T004,巡航,O01>S002,2331.622421767319,2333.6147087858026,直连,,True
T004,巡航,O01>S002,2333.6147087858026,2335.6069958042867,直连,,True
T004,巡航,O01>S002,2335.6069958042867,2337.5992828227704,直连,,True
T004,巡航,O01>S002,2337.5992828227704,2339.5915698412546,直连,,True
T004,巡航,O01>S002,2339.5915698412546,2341.5838568597383,直连,,True
T004,巡航,O01>S002,2341.5838568597383,2343.576143878222,直连,,True
T004,巡航,O01>S002,2343.576143878222,2345.568430896706,直连,,True
T004,巡航,O01>S002,2345.568430896706,2347.56071791519,直连,,True
T004,巡航,O01>S002,2347.56071791519,2349.553004933674,直连,,True
T004,巡航,O01>S002,2349.553004933674,2351.5452919521576,直连,,True
T004,巡航,O01>S002,2351.5452919521576,2353.5375789706413,直连,,True
T004,巡航,O01>S002,2353.5375789706413,2355.5298659891255,直连,,True
T004,巡航,O01>S002,2355.5298659891255,2357.522153007609,直连,,True
T004,巡航,O01>S002,2357.522153007609,2359.5144400260933,直连,,True
T004,巡航,O01>S002,2359.5144400260933,2361.506727044577,直连,,True
T004,巡航,O01>S002,2361.506727044577,2363.4990140630607,直连,,True
T004,巡航,O01>S002,2363.4990140630607,2365.491301081545,直连,,True
T004,巡航,O01>S002,2365.491301081545,2367.4835881000286,直连,,True
T004,巡航,O01>S002,2367.4835881000286,2369.4758751185127,中继兜底,R-S04,True
T004,巡航,O01>S002,2369.4758751185127,2371.4681621369964,中继兜底,R-S04,True
T004,巡航,O01>S002,2371.4681621369964,2373.46044915548,中继兜底,R-S04,True
T004,巡航,O01>S002,2373.46044915548,2375.4527361739642,中继兜底,R-S04,True
T004,巡航,O01>S002,2375.4527361739642,2377.445023192448,中继兜底,R-S04,True
T004,巡航,O01>S002,2377.445023192448,2379.437310210932,中继兜底,R-S04,True
T004,巡航,O01>S002,2379.437310210932,2381.429597229416,中继兜底,R-S04,True
T004,巡航,O01>S002,2381.429597229416,2383.4218842479,中继兜底,R-S04,True
T004,巡航,O01>S002,2383.4218842479,2385.4141712663836,中继兜底,R-S04,True
T004,巡航,O01>S002,2385.4141712663836,2387.4064582848678,中继兜底,R-S04,True
T004,巡航,O01>S002,2387.4064582848678,2389.3987453033515,中继兜底,R-S04,True
T004,巡航,O01>S002,2389.3987453033515,2391.391032321835,中继兜底,R-S04,True
T004,巡航,O01>S002,2391.391032321835,2393.3833193403193,中继兜底,R-S04,True
T004,巡航,O01>S002,2393.3833193403193,2395.375606358803,中继兜底,R-S04,True
T004,巡航,O01>S002,2395.375606358803,2397.367893377287,中继兜底,R-S04,True
T004,巡航,O01>S002,2397.367893377287,2399.360180395771,中继兜底,R-S04,True
T004,巡航,O01>S002,2399.360180395771,2401.3524674142545,中继兜底,R-S04,True
T004,巡航,O01>S002,2401.3524674142545,2403.3447544327387,中继兜底,R-S04,True
T004,巡航,O01>S002,2403.3447544327387,2405.3370414512224,中继兜底,R-S04,True
T004,巡航,O01>S002,2405.3370414512224,2407.3293284697065,中继兜底,R-S04,True
T004,巡航,O01>S002,2407.3293284697065,2409.32161548819,中继兜底,R-S04,True
T004,巡航,O01>S002,2409.32161548819,2411.313902506674,中继兜底,R-S04,True
T004,巡航,O01>S002,2411.313902506674,2413.306189525158,中继兜底,R-S04,True
T004,巡航,O01>S002,2413.306189525158,2415.2984765436418,中继兜底,R-S04,True
T004,巡航,O01>S002,2415.2984765436418,2417.290763562126,中继兜底,R-S04,True
T004,巡航,O01>S002,2417.290763562126,2419.2830505806096,中继兜底,R-S04,True
T004,巡航,O01>S002,2419.2830505806096,2421.2753375990933,中继兜底,R-S04,True
T004,巡航,O01>S002,2421.2753375990933,2423.2676246175774,中继兜底,R-S04,True
T004,巡航,O01>S002,2423.2676246175774,2425.259911636061,中继兜底,R-S04,True
T004,巡航,O01>S002,2425.259911636061,2427.2521986545453,中继兜底,R-S04,True
T004,巡航,O01>S002,2427.2521986545453,2429.244485673029,中继兜底,R-S04,True
T004,巡航,O01>S002,2429.244485673029,2431.2367726915127,中继兜底,R-S04,True
T004,巡航,O01>S002,2431.2367726915127,2433.229059709997,中继兜底,R-S04,True
T004,巡航,O01>S002,2433.229059709997,2435.2213467284805,中继兜底,R-S04,True
T004,巡航,O01>S002,2435.2213467284805,2437.2136337469647,中继兜底,R-S04,True
T004,巡航,O01>S002,2437.2136337469647,2439.2059207654484,中继兜底,R-S04,True
T004,巡航,O01>S002,2439.2059207654484,2441.198207783932,中继兜底,R-S04,True
T004,巡航,O01>S002,2441.198207783932,2443.190494802416,中继兜底,R-S04,True
T004,巡航,O01>S002,2443.190494802416,2445.1827818209,中继兜底,R-S04,True
T004,巡航,O01>S002,2445.1827818209,2447.175068839384,中继兜底,R-S04,True
T004,巡航,O01>S002,2447.175068839384,2449.1673558578677,中继兜底,R-S04,True
T004,巡航,O01>S002,2449.1673558578677,2451.159642876352,中继兜底,R-S04,True
T004,巡航,O01>S002,2451.159642876352,2453.1519298948356,中继兜底,R-S04,True
T004,巡航,O01>S002,2453.1519298948356,2455.1442169133193,中继兜底,R-S04,True
T004,巡航,O01>S002,2455.1442169133193,2457.1365039318034,中继兜底,R-S04,True
T004,巡航,O01>S002,2457.1365039318034,2459.128790950287,中继兜底,R-S04,True
T004,巡航,O01>S002,2459.128790950287,2461.1210779687713,中继兜底,R-S04,True
T004,巡航,O01>S002,2461.1210779687713,2463.113364987255,中继兜底,R-S04,True
T004,巡航,O01>S002,2463.113364987255,2465.105652005739,中继兜底,R-S04,True
T004,巡航,O01>S002,2465.105652005739,2467.097939024223,中继兜底,R-S04,True
T004,巡航,O01>S002,2467.097939024223,2469.0902260427065,中继兜底,R-S04,True
T004,巡航,O01>S002,2469.0902260427065,2471.0825130611906,中继兜底,R-S04,True
T004,巡航,O01>S002,2471.0825130611906,2473.0748000796743,中继兜底,R-S04,True
T004,巡航,O01>S002,2473.0748000796743,2475.0670870981585,中继兜底,R-S04,True
T004,巡航,O01>S002,2475.0670870981585,2477.059374116642,中继兜底,R-S04,True
T004,巡航,O01>S002,2477.059374116642,2479.051661135126,中继兜底,R-S04,True
T004,巡航,O01>S002,2479.051661135126,2481.04394815361,中继兜底,R-S04,True
T004,巡航,O01>S002,2481.04394815361,2483.0362351720937,中继兜底,R-S04,True
T004,巡航,O01>S002,2483.0362351720937,2485.028522190578,中继兜底,R-S04,True
T004,巡航,O01>S002,2485.028522190578,2487.0208092090616,中继兜底,R-S04,True
T004,巡航,O01>S002,2487.0208092090616,2489.0130962275452,中继兜底,R-S04,True
T004,巡航,O01>S002,2489.0130962275452,2491.0053832460294,中继兜底,R-S04,True
T004,巡航,O01>S002,2491.0053832460294,2492.997670264513,中继兜底,R-S04,True
T004,巡航,O01>S002,2492.997670264513,2494.9899572829972,中继兜底,R-S04,True
T004,巡航,O01>S002,2494.9899572829972,2496.982244301481,中继兜底,R-S04,True
T004,巡航,O01>S002,2496.982244301481,2498.9745313199646,中继兜底,R-S04,True
T004,巡航,O01>S002,2498.9745313199646,2500.966818338449,中继兜底,R-S04,True
T004,巡航,O01>S002,2500.966818338449,2502.9591053569325,中继兜底,R-S04,True
T004,巡航,O01>S002,2502.9591053569325,2504.9513923754166,中继兜底,R-S04,True
T004,巡航,O01>S002,2504.9513923754166,2506.9436793939003,中继兜底,R-S04,True
T004,巡航,O01>S002,2506.9436793939003,2508.935966412384,中继兜底,R-S04,True
T004,巡航,O01>S002,2508.935966412384,2510.928253430868,中继兜底,R-S04,True
T004,巡航,O01>S002,2510.928253430868,2512.920540449352,中继兜底,R-S04,True
T004,巡航,O01>S002,2512.920540449352,2514.912827467836,中继兜底,R-S04,True
T004,巡航,O01>S002,2514.912827467836,2516.9051144863197,中继兜底,R-S04,True
T004,巡航,O01>S002,2516.9051144863197,2518.897401504804,中继兜底,R-S04,True
T004,巡航,O01>S002,2518.897401504804,2520.8896885232875,中继兜底,R-S04,True
T004,巡航,O01>S002,2520.8896885232875,2522.881975541771,中继兜底,R-S04,True
T004,巡航,O01>S002,2522.881975541771,2524.8742625602554,中继兜底,R-S04,True
T004,巡航,O01>S002,2524.8742625602554,2526.866549578739,中继兜底,R-S04,True
T004,巡航,O01>S002,2526.866549578739,2528.858836597223,中继兜底,R-S04,True
T004,巡航,O01>S002,2528.858836597223,2530.851123615707,中继兜底,R-S04,True
T004,巡航,O01>S002,2530.851123615707,2532.8434106341906,中继兜底,R-S04,True
T004,巡航,O01>S002,2532.8434106341906,2534.8356976526748,中继兜底,R-S04,True
T004,巡航,O01>S002,2534.8356976526748,2536.8279846711584,中继兜底,R-S04,True
T004,巡航,O01>S002,2536.8279846711584,2538.8202716896426,中继兜底,R-S04,True
T004,巡航,O01>S002,2538.8202716896426,2540.8125587081263,中继兜底,R-S04,True
T004,巡航,O01>S002,2540.8125587081263,2542.8048457266104,中继兜底,R-S04,True
T004,巡航,O01>S002,2542.8048457266104,2544.797132745094,中继兜底,R-S04,True
T004,巡航,O01>S002,2544.797132745094,2546.789419763578,中继兜底,R-S04,True
T004,巡航,O01>S002,2546.789419763578,2548.781706782062,中继兜底,R-S04,True
T004,巡航,O01>S002,2548.781706782062,2550.7739938005457,中继兜底,R-S04,True
T004,巡航,O01>S002,2550.7739938005457,2552.76628081903,中继兜底,R-S04,True
T004,巡航,O01>S002,2552.76628081903,2554.7585678375135,中继兜底,R-S04,True
T004,巡航,O01>S002,2554.7585678375135,2556.750854855997,中继兜底,R-S04,True
T004,巡航,O01>S002,2556.750854855997,2558.7431418744814,中继兜底,R-S04,True
T004,巡航,O01>S002,2558.7431418744814,2560.735428892965,中继兜底,R-S04,True
T004,巡航,O01>S002,2560.735428892965,2562.727715911449,中继兜底,R-S04,True
T004,巡航,O01>S002,2562.727715911449,2564.720002929933,中继兜底,R-S04,True
T004,巡航,O01>S002,2564.720002929933,2566.7122899484166,中继兜底,R-S04,True
T004,巡航,O01>S002,2566.7122899484166,2568.7045769669007,中继兜底,R-S04,True
T004,巡航,O01>S002,2568.7045769669007,2570.6968639853844,中继兜底,R-S04,True
T004,巡航,O01>S002,2570.6968639853844,2572.6891510038686,中继兜底,R-S04,True
T004,巡航,O01>S002,2572.6891510038686,2574.6814380223523,中继兜底,R-S04,True
T004,巡航,O01>S002,2574.6814380223523,2576.673725040836,中继兜底,R-S04,True
T004,巡航,O01>S002,2576.673725040836,2578.66601205932,中继兜底,R-S04,True
T004,巡航,O01>S002,2578.66601205932,2580.658299077804,中继兜底,R-S04,True
T004,巡航,O01>S002,2580.658299077804,2582.650586096288,中继兜底,R-S04,True
T004,巡航,O01>S002,2582.650586096288,2584.6428731147716,中继兜底,R-S04,True
T004,巡航,O01>S002,2584.6428731147716,2586.6351601332553,中继兜底,R-S04,True
T004,巡航,O01>S002,2586.6351601332553,2588.6274471517395,中继兜底,R-S04,True
T004,巡航,O01>S002,2588.6274471517395,2590.619734170223,中继兜底,R-S04,True
T004,巡航,O01>S002,2590.619734170223,2592.6120211887073,中继兜底,R-S04,True
T004,巡航,O01>S002,2592.6120211887073,2594.604308207191,中继兜底,R-S04,True
T004,巡航,O01>S002,2594.604308207191,2596.596595225675,中继兜底,R-S04,True
T004,巡航,O01>S002,2596.596595225675,2598.588882244159,中继兜底,R-S04,True
T004,下降,O01>S002,2598.588882244159,2613.4979246025573,中继兜底,R-S04,True
T004,下降,O01>S002,2613.4979246025573,2628.4069669609557,中继兜底,R-S04,True
T004,下降,O01>S002,2628.4069669609557,2643.316009319354,中继兜底,R-S04,True
T004,投送,S002,2643.316009319354,2967.316009319354,中继兜底,R-S04,True
T004,爬升,S002>O01,2967.316009319354,2979.2432432060727,中继兜底,R-S04,True
T004,爬升,S002>O01,2979.2432432060727,2991.1704770927918,中继兜底,R-S04,True
T004,爬升,S002>O01,2991.1704770927918,3003.0977109795103,中继兜底,R-S04,True
T004,巡航,S002>O01,3003.0977109795103,3005.089997997994,中继兜底,R-S04,True
T004,巡航,S002>O01,3005.089997997994,3007.082285016478,中继兜底,R-S04,True
T004,巡航,S002>O01,3007.082285016478,3009.074572034962,中继兜底,R-S04,True
T004,巡航,S002>O01,3009.074572034962,3011.066859053446,中继兜底,R-S04,True
T004,巡航,S002>O01,3011.066859053446,3013.0591460719297,中继兜底,R-S04,True
T004,巡航,S002>O01,3013.0591460719297,3015.0514330904134,中继兜底,R-S04,True
T004,巡航,S002>O01,3015.0514330904134,3017.0437201088976,中继兜底,R-S04,True
T004,巡航,S002>O01,3017.0437201088976,3019.0360071273813,中继兜底,R-S04,True
T004,巡航,S002>O01,3019.0360071273813,3021.0282941458654,中继兜底,R-S04,True
T004,巡航,S002>O01,3021.0282941458654,3023.020581164349,中继兜底,R-S04,True
T004,巡航,S002>O01,3023.020581164349,3025.0128681828332,中继兜底,R-S04,True
T004,巡航,S002>O01,3025.0128681828332,3027.005155201317,中继兜底,R-S04,True
T004,巡航,S002>O01,3027.005155201317,3028.9974422198006,中继兜底,R-S04,True
T004,巡航,S002>O01,3028.9974422198006,3030.989729238285,中继兜底,R-S04,True
T004,巡航,S002>O01,3030.989729238285,3032.9820162567685,中继兜底,R-S04,True
T004,巡航,S002>O01,3032.9820162567685,3034.9743032752526,中继兜底,R-S04,True
T004,巡航,S002>O01,3034.9743032752526,3036.9665902937363,中继兜底,R-S04,True
T004,巡航,S002>O01,3036.9665902937363,3038.95887731222,中继兜底,R-S04,True
T004,巡航,S002>O01,3038.95887731222,3040.951164330704,中继兜底,R-S04,True
T004,巡航,S002>O01,3040.951164330704,3042.943451349188,中继兜底,R-S04,True
T004,巡航,S002>O01,3042.943451349188,3044.935738367672,中继兜底,R-S04,True
T004,巡航,S002>O01,3044.935738367672,3046.9280253861557,中继兜底,R-S04,True
T004,巡航,S002>O01,3046.9280253861557,3048.9203124046394,中继兜底,R-S04,True
T004,巡航,S002>O01,3048.9203124046394,3050.9125994231235,中继兜底,R-S04,True
T004,巡航,S002>O01,3050.9125994231235,3052.9048864416072,中继兜底,R-S04,True
T004,巡航,S002>O01,3052.9048864416072,3054.8971734600914,中继兜底,R-S04,True
T004,巡航,S002>O01,3054.8971734600914,3056.889460478575,中继兜底,R-S04,True
T004,巡航,S002>O01,3056.889460478575,3058.881747497059,中继兜底,R-S04,True
T004,巡航,S002>O01,3058.881747497059,3060.874034515543,中继兜底,R-S04,True
T004,巡航,S002>O01,3060.874034515543,3062.8663215340266,中继兜底,R-S04,True
T004,巡航,S002>O01,3062.8663215340266,3064.8586085525108,中继兜底,R-S04,True
T004,巡航,S002>O01,3064.8586085525108,3066.8508955709945,中继兜底,R-S04,True
T004,巡航,S002>O01,3066.8508955709945,3068.8431825894786,中继兜底,R-S04,True
T004,巡航,S002>O01,3068.8431825894786,3070.8354696079623,中继兜底,R-S04,True
T004,巡航,S002>O01,3070.8354696079623,3072.827756626446,中继兜底,R-S04,True
T004,巡航,S002>O01,3072.827756626446,3074.82004364493,中继兜底,R-S04,True
T004,巡航,S002>O01,3074.82004364493,3076.812330663414,中继兜底,R-S04,True
T004,巡航,S002>O01,3076.812330663414,3078.804617681898,中继兜底,R-S04,True
T004,巡航,S002>O01,3078.804617681898,3080.7969047003817,中继兜底,R-S04,True
T004,巡航,S002>O01,3080.7969047003817,3082.7891917188654,中继兜底,R-S04,True
T004,巡航,S002>O01,3082.7891917188654,3084.7814787373495,中继兜底,R-S04,True
T004,巡航,S002>O01,3084.7814787373495,3086.773765755833,中继兜底,R-S04,True
T004,巡航,S002>O01,3086.773765755833,3088.7660527743174,中继兜底,R-S04,True
T004,巡航,S002>O01,3088.7660527743174,3090.758339792801,中继兜底,R-S04,True
T004,巡航,S002>O01,3090.758339792801,3092.7506268112847,中继兜底,R-S04,True
T004,巡航,S002>O01,3092.7506268112847,3094.742913829769,中继兜底,R-S04,True
T004,巡航,S002>O01,3094.742913829769,3096.7352008482526,中继兜底,R-S04,True
T004,巡航,S002>O01,3096.7352008482526,3098.7274878667367,中继兜底,R-S04,True
T004,巡航,S002>O01,3098.7274878667367,3100.7197748852204,中继兜底,R-S04,True
T004,巡航,S002>O01,3100.7197748852204,3102.7120619037046,中继兜底,R-S04,True
T004,巡航,S002>O01,3102.7120619037046,3104.7043489221883,中继兜底,R-S04,True
T004,巡航,S002>O01,3104.7043489221883,3106.696635940672,中继兜底,R-S04,True
T004,巡航,S002>O01,3106.696635940672,3108.688922959156,中继兜底,R-S04,True
T004,巡航,S002>O01,3108.688922959156,3110.68120997764,中继兜底,R-S04,True
T004,巡航,S002>O01,3110.68120997764,3112.673496996124,中继兜底,R-S04,True
T004,巡航,S002>O01,3112.673496996124,3114.6657840146077,中继兜底,R-S04,True
T004,巡航,S002>O01,3114.6657840146077,3116.6580710330913,中继兜底,R-S04,True
T004,巡航,S002>O01,3116.6580710330913,3118.6503580515755,中继兜底,R-S04,True
T004,巡航,S002>O01,3118.6503580515755,3120.642645070059,中继兜底,R-S04,True
T004,巡航,S002>O01,3120.642645070059,3122.6349320885433,中继兜底,R-S04,True
T004,巡航,S002>O01,3122.6349320885433,3124.627219107027,中继兜底,R-S04,True
T004,巡航,S002>O01,3124.627219107027,3126.619506125511,中继兜底,R-S04,True
T004,巡航,S002>O01,3126.619506125511,3128.611793143995,中继兜底,R-S04,True
T004,巡航,S002>O01,3128.611793143995,3130.6040801624786,中继兜底,R-S04,True
T004,巡航,S002>O01,3130.6040801624786,3132.5963671809627,中继兜底,R-S04,True
T004,巡航,S002>O01,3132.5963671809627,3134.5886541994464,中继兜底,R-S04,True
T004,巡航,S002>O01,3134.5886541994464,3136.5809412179306,中继兜底,R-S04,True
T004,巡航,S002>O01,3136.5809412179306,3138.5732282364143,中继兜底,R-S04,True
T004,巡航,S002>O01,3138.5732282364143,3140.565515254898,中继兜底,R-S04,True
T004,巡航,S002>O01,3140.565515254898,3142.557802273382,中继兜底,R-S04,True
T004,巡航,S002>O01,3142.557802273382,3144.550089291866,中继兜底,R-S04,True
T004,巡航,S002>O01,3144.550089291866,3146.54237631035,中继兜底,R-S04,True
T004,巡航,S002>O01,3146.54237631035,3148.5346633288336,中继兜底,R-S04,True
T004,巡航,S002>O01,3148.5346633288336,3150.5269503473173,中继兜底,R-S04,True
T004,巡航,S002>O01,3150.5269503473173,3152.5192373658015,中继兜底,R-S04,True
T004,巡航,S002>O01,3152.5192373658015,3154.511524384285,中继兜底,R-S04,True
T004,巡航,S002>O01,3154.511524384285,3156.5038114027693,中继兜底,R-S04,True
T004,巡航,S002>O01,3156.5038114027693,3158.496098421253,中继兜底,R-S04,True
T004,巡航,S002>O01,3158.496098421253,3160.4883854397367,中继兜底,R-S04,True
T004,巡航,S002>O01,3160.4883854397367,3162.480672458221,中继兜底,R-S04,True
T004,巡航,S002>O01,3162.480672458221,3164.4729594767045,中继兜底,R-S04,True
T004,巡航,S002>O01,3164.4729594767045,3166.4652464951887,中继兜底,R-S04,True
T004,巡航,S002>O01,3166.4652464951887,3168.4575335136724,中继兜底,R-S04,True
T004,巡航,S002>O01,3168.4575335136724,3170.449820532156,中继兜底,R-S04,True
T004,巡航,S002>O01,3170.449820532156,3172.4421075506402,中继兜底,R-S04,True
T004,巡航,S002>O01,3172.4421075506402,3174.434394569124,中继兜底,R-S04,True
T004,巡航,S002>O01,3174.434394569124,3176.426681587608,中继兜底,R-S04,True
T004,巡航,S002>O01,3176.426681587608,3178.4189686060918,中继兜底,R-S04,True
T004,巡航,S002>O01,3178.4189686060918,3180.411255624576,中继兜底,R-S04,True
T004,巡航,S002>O01,3180.411255624576,3182.4035426430596,中继兜底,R-S04,True
T004,巡航,S002>O01,3182.4035426430596,3184.3958296615433,中继兜底,R-S04,True
T004,巡航,S002>O01,3184.3958296615433,3186.3881166800275,中继兜底,R-S04,True
T004,巡航,S002>O01,3186.3881166800275,3188.380403698511,中继兜底,R-S04,True
T004,巡航,S002>O01,3188.380403698511,3190.3726907169953,中继兜底,R-S04,True
T004,巡航,S002>O01,3190.3726907169953,3192.364977735479,中继兜底,R-S04,True
T004,巡航,S002>O01,3192.364977735479,3194.357264753963,中继兜底,R-S04,True
T004,巡航,S002>O01,3194.357264753963,3196.349551772447,中继兜底,R-S04,True
T004,巡航,S002>O01,3196.349551772447,3198.3418387909305,中继兜底,R-S04,True
T004,巡航,S002>O01,3198.3418387909305,3200.3341258094147,中继兜底,R-S04,True
T004,巡航,S002>O01,3200.3341258094147,3202.3264128278984,中继兜底,R-S04,True
T004,巡航,S002>O01,3202.3264128278984,3204.3186998463825,中继兜底,R-S04,True
T004,巡航,S002>O01,3204.3186998463825,3206.310986864866,中继兜底,R-S04,True
T004,巡航,S002>O01,3206.310986864866,3208.30327388335,中继兜底,R-S04,True
T004,巡航,S002>O01,3208.30327388335,3210.295560901834,中继兜底,R-S04,True
T004,巡航,S002>O01,3210.295560901834,3212.2878479203177,中继兜底,R-S04,True
T004,巡航,S002>O01,3212.2878479203177,3214.280134938802,中继兜底,R-S04,True
T004,巡航,S002>O01,3214.280134938802,3216.2724219572856,中继兜底,R-S04,True
T004,巡航,S002>O01,3216.2724219572856,3218.2647089757693,中继兜底,R-S04,True
T004,巡航,S002>O01,3218.2647089757693,3220.2569959942534,中继兜底,R-S04,True
T004,巡航,S002>O01,3220.2569959942534,3222.249283012737,中继兜底,R-S04,True
T004,巡航,S002>O01,3222.249283012737,3224.2415700312213,中继兜底,R-S04,True
T004,巡航,S002>O01,3224.2415700312213,3226.233857049705,中继兜底,R-S04,True
T004,巡航,S002>O01,3226.233857049705,3228.2261440681887,中继兜底,R-S04,True
T004,巡航,S002>O01,3228.2261440681887,3230.218431086673,中继兜底,R-S04,True
T004,巡航,S002>O01,3230.218431086673,3232.2107181051565,中继兜底,R-S04,True
T004,巡航,S002>O01,3232.2107181051565,3234.2030051236407,中继兜底,R-S04,True
T004,巡航,S002>O01,3234.2030051236407,3236.1952921421243,直连,,True
T004,巡航,S002>O01,3236.1952921421243,3238.1875791606085,直连,,True
T004,巡航,S002>O01,3238.1875791606085,3240.179866179092,直连,,True
T004,巡航,S002>O01,3240.179866179092,3242.172153197576,直连,,True
T004,巡航,S002>O01,3242.172153197576,3244.16444021606,直连,,True
T004,巡航,S002>O01,3244.16444021606,3246.1567272345437,直连,,True
T004,巡航,S002>O01,3246.1567272345437,3248.149014253028,直连,,True
T004,巡航,S002>O01,3248.149014253028,3250.1413012715116,直连,,True
T004,巡航,S002>O01,3250.1413012715116,3252.1335882899953,直连,,True
T004,巡航,S002>O01,3252.1335882899953,3254.1258753084794,直连,,True
T004,巡航,S002>O01,3254.1258753084794,3256.118162326963,直连,,True
T004,巡航,S002>O01,3256.118162326963,3258.1104493454473,直连,,True
T004,巡航,S002>O01,3258.1104493454473,3260.102736363931,直连,,True
T004,巡航,S002>O01,3260.102736363931,3262.095023382415,直连,,True
T004,巡航,S002>O01,3262.095023382415,3264.087310400899,直连,,True
T004,巡航,S002>O01,3264.087310400899,3266.0795974193825,直连,,True
T004,巡航,S002>O01,3266.0795974193825,3268.0718844378666,直连,,True
T004,巡航,S002>O01,3268.0718844378666,3270.0641714563503,直连,,True
T004,巡航,S002>O01,3270.0641714563503,3272.0564584748345,直连,,True
T004,巡航,S002>O01,3272.0564584748345,3274.048745493318,直连,,True
T004,巡航,S002>O01,3274.048745493318,3276.041032511802,直连,,True
T004,巡航,S002>O01,3276.041032511802,3278.033319530286,直连,,True
T004,巡航,S002>O01,3278.033319530286,3280.0256065487697,直连,,True
T004,巡航,S002>O01,3280.0256065487697,3282.017893567254,直连,,True
T004,巡航,S002>O01,3282.017893567254,3284.0101805857375,直连,,True
T004,巡航,S002>O01,3284.0101805857375,3286.0024676042212,直连,,True
T004,巡航,S002>O01,3286.0024676042212,3287.9947546227054,直连,,True
T004,巡航,S002>O01,3287.9947546227054,3289.987041641189,直连,,True
T004,巡航,S002>O01,3289.987041641189,3291.9793286596732,直连,,True
T004,巡航,S002>O01,3291.9793286596732,3293.971615678157,直连,,True
T004,巡航,S002>O01,3293.971615678157,3295.9639026966406,直连,,True
T004,巡航,S002>O01,3295.9639026966406,3297.9561897151248,直连,,True
T004,巡航,S002>O01,3297.9561897151248,3299.9484767336085,直连,,True
T004,巡航,S002>O01,3299.9484767336085,3301.9407637520926,直连,,True
T004,巡航,S002>O01,3301.9407637520926,3303.9330507705763,直连,,True
T004,巡航,S002>O01,3303.9330507705763,3305.92533778906,直连,,True
T004,巡航,S002>O01,3305.92533778906,3307.917624807544,直连,,True
T004,巡航,S002>O01,3307.917624807544,3309.909911826028,直连,,True
T004,巡航,S002>O01,3309.909911826028,3311.902198844512,直连,,True
T004,巡航,S002>O01,3311.902198844512,3313.8944858629957,直连,,True
T004,巡航,S002>O01,3313.8944858629957,3315.88677288148,直连,,True
T004,巡航,S002>O01,3315.88677288148,3317.8790598999635,直连,,True
T004,巡航,S002>O01,3317.8790598999635,3319.871346918447,直连,,True
T004,巡航,S002>O01,3319.871346918447,3321.8636339369314,直连,,True
T004,巡航,S002>O01,3321.8636339369314,3323.855920955415,直连,,True
T004,巡航,S002>O01,3323.855920955415,3325.848207973899,直连,,True
T004,巡航,S002>O01,3325.848207973899,3327.840494992383,直连,,True
T004,巡航,S002>O01,3327.840494992383,3329.8327820108666,直连,,True
T004,巡航,S002>O01,3329.8327820108666,3331.8250690293507,直连,,True
T004,巡航,S002>O01,3331.8250690293507,3333.8173560478344,直连,,True
T004,巡航,S002>O01,3333.8173560478344,3335.8096430663186,直连,,True
T004,巡航,S002>O01,3335.8096430663186,3337.8019300848023,直连,,True
T004,巡航,S002>O01,3337.8019300848023,3339.7942171032864,直连,,True
T004,巡航,S002>O01,3339.7942171032864,3341.78650412177,直连,,True
T004,巡航,S002>O01,3341.78650412177,3343.778791140254,直连,,True
T004,巡航,S002>O01,3343.778791140254,3345.771078158738,直连,,True
T004,巡航,S002>O01,3345.771078158738,3347.7633651772217,直连,,True
T004,巡航,S002>O01,3347.7633651772217,3349.755652195706,直连,,True
T004,巡航,S002>O01,3349.755652195706,3351.7479392141895,直连,,True
T004,巡航,S002>O01,3351.7479392141895,3353.740226232673,直连,,True
T004,巡航,S002>O01,3353.740226232673,3355.7325132511573,直连,,True
T004,巡航,S002>O01,3355.7325132511573,3357.724800269641,直连,,True
T004,巡航,S002>O01,3357.724800269641,3359.717087288125,直连,,True
T004,巡航,S002>O01,3359.717087288125,3361.709374306609,直连,,True
T004,巡航,S002>O01,3361.709374306609,3363.7016613250926,直连,,True
T004,巡航,S002>O01,3363.7016613250926,3365.6939483435767,直连,,True
T004,巡航,S002>O01,3365.6939483435767,3367.6862353620604,直连,,True
T004,巡航,S002>O01,3367.6862353620604,3369.6785223805446,直连,,True
T004,巡航,S002>O01,3369.6785223805446,3371.6708093990283,直连,,True
T004,巡航,S002>O01,3371.6708093990283,3373.663096417512,直连,,True
T004,巡航,S002>O01,3373.663096417512,3375.655383435996,直连,,True
T004,巡航,S002>O01,3375.655383435996,3377.64767045448,直连,,True
T004,巡航,S002>O01,3377.64767045448,3379.639957472964,直连,,True
T004,巡航,S002>O01,3379.639957472964,3381.6322444914476,直连,,True
T004,巡航,S002>O01,3381.6322444914476,3383.6245315099313,直连,,True
T004,巡航,S002>O01,3383.6245315099313,3385.6168185284155,直连,,True
T004,巡航,S002>O01,3385.6168185284155,3387.609105546899,直连,,True
T004,巡航,S002>O01,3387.609105546899,3389.6013925653833,直连,,True
T004,巡航,S002>O01,3389.6013925653833,3391.593679583867,直连,,True
T004,巡航,S002>O01,3391.593679583867,3393.585966602351,直连,,True
T004,巡航,S002>O01,3393.585966602351,3395.578253620835,直连,,True
T004,巡航,S002>O01,3395.578253620835,3397.5705406393186,直连,,True
T004,巡航,S002>O01,3397.5705406393186,3399.5628276578027,直连,,True
T004,巡航,S002>O01,3399.5628276578027,3401.5551146762864,直连,,True
T004,巡航,S002>O01,3401.5551146762864,3403.5474016947705,直连,,True
T004,巡航,S002>O01,3403.5474016947705,3405.5396887132542,直连,,True
T004,巡航,S002>O01,3405.5396887132542,3407.5319757317384,直连,,True
T004,巡航,S002>O01,3407.5319757317384,3409.524262750222,直连,,True
T004,巡航,S002>O01,3409.524262750222,3411.5165497687058,直连,,True
T004,巡航,S002>O01,3411.5165497687058,3413.50883678719,直连,,True
T004,巡航,S002>O01,3413.50883678719,3415.5011238056736,直连,,True
T004,巡航,S002>O01,3415.5011238056736,3417.4934108241578,直连,,True
T004,巡航,S002>O01,3417.4934108241578,3419.4856978426415,直连,,True
T004,巡航,S002>O01,3419.4856978426415,3421.477984861125,直连,,True
T004,巡航,S002>O01,3421.477984861125,3423.4702718796093,直连,,True
T004,巡航,S002>O01,3423.4702718796093,3425.462558898093,直连,,True
T004,巡航,S002>O01,3425.462558898093,3427.454845916577,直连,,True
T004,巡航,S002>O01,3427.454845916577,3429.447132935061,直连,,True
T004,巡航,S002>O01,3429.447132935061,3431.4394199535445,直连,,True
T004,巡航,S002>O01,3431.4394199535445,3433.4317069720287,直连,,True
T004,巡航,S002>O01,3433.4317069720287,3435.4239939905124,直连,,True
T004,巡航,S002>O01,3435.4239939905124,3437.4162810089965,直连,,True
T004,巡航,S002>O01,3437.4162810089965,3439.40856802748,直连,,True
T004,巡航,S002>O01,3439.40856802748,3441.400855045964,直连,,True
T004,巡航,S002>O01,3441.400855045964,3443.393142064448,直连,,True
T004,巡航,S002>O01,3443.393142064448,3445.3854290829318,直连,,True
T004,巡航,S002>O01,3445.3854290829318,3447.377716101416,直连,,True
T004,巡航,S002>O01,3447.377716101416,3449.3700031198996,直连,,True
T004,巡航,S002>O01,3449.3700031198996,3451.3622901383833,直连,,True
T004,巡航,S002>O01,3451.3622901383833,3453.3545771568674,直连,,True
T004,巡航,S002>O01,3453.3545771568674,3455.346864175351,直连,,True
T004,巡航,S002>O01,3455.346864175351,3457.3391511938353,直连,,True
T004,巡航,S002>O01,3457.3391511938353,3459.331438212319,直连,,True
T004,巡航,S002>O01,3459.331438212319,3461.3237252308027,直连,,True
T004,巡航,S002>O01,3461.3237252308027,3463.316012249287,直连,,True
T004,巡航,S002>O01,3463.316012249287,3465.3082992677705,直连,,True
T004,巡航,S002>O01,3465.3082992677705,3467.3005862862547,直连,,True
T004,巡航,S002>O01,3467.3005862862547,3469.2928733047384,直连,,True
T004,巡航,S002>O01,3469.2928733047384,3471.2851603232225,直连,,True
T004,巡航,S002>O01,3471.2851603232225,3473.277447341706,直连,,True
T004,巡航,S002>O01,3473.277447341706,3475.2697343601903,直连,,True
T004,巡航,S002>O01,3475.2697343601903,3477.262021378674,直连,,True
T004,巡航,S002>O01,3477.262021378674,3479.2543083971577,直连,,True
T004,巡航,S002>O01,3479.2543083971577,3481.246595415642,直连,,True
T004,巡航,S002>O01,3481.246595415642,3483.2388824341256,直连,,True
T004,巡航,S002>O01,3483.2388824341256,3485.2311694526097,直连,,True
T004,巡航,S002>O01,3485.2311694526097,3487.2234564710934,直连,,True
T004,巡航,S002>O01,3487.2234564710934,3489.215743489577,直连,,True
T004,巡航,S002>O01,3489.215743489577,3491.2080305080613,直连,,True
T004,巡航,S002>O01,3491.2080305080613,3493.200317526545,直连,,True
T004,巡航,S002>O01,3493.200317526545,3495.192604545029,直连,,True
T004,巡航,S002>O01,3495.192604545029,3497.184891563513,直连,,True
T004,下降,S002>O01,3497.184891563513,3510.1316240028264,直连,,True
T004,下降,S002>O01,3510.1316240028264,3523.07835644214,直连,,True
T004,下降,S002>O01,3523.07835644214,3536.0250888814535,直连,,True
T004,下降,S002>O01,3536.0250888814535,3548.9718213207675,直连,,True
T004,下降,S002>O01,3548.9718213207675,3561.918553760081,直连,,True
T004,下降,S002>O01,3561.918553760081,3574.8652861993946,直连,,True
T004,下降,S002>O01,3574.8652861993946,3587.812018638708,直连,,True
T005,爬升,O01>S002,420.0,430.3573859514509,直连,,True
T005,爬升,O01>S002,430.3573859514509,440.71477190290176,直连,,True
T005,爬升,O01>S002,440.71477190290176,451.07215785435267,直连,,True
T005,爬升,O01>S002,451.07215785435267,461.4295438058036,直连,,True
T005,爬升,O01>S002,461.4295438058036,471.7869297572545,直连,,True
T005,爬升,O01>S002,471.7869297572545,482.14431570870534,直连,,True
T005,爬升,O01>S002,482.14431570870534,492.50170166015624,直连,,True
T005,巡航,O01>S002,492.50170166015624,494.4939886786401,直连,,True
T005,巡航,O01>S002,494.4939886786401,496.48627569712403,直连,,True
T005,巡航,O01>S002,496.48627569712403,498.4785627156079,直连,,True
T005,巡航,O01>S002,498.4785627156079,500.47084973409176,直连,,True
T005,巡航,O01>S002,500.47084973409176,502.4631367525757,直连,,True
T005,巡航,O01>S002,502.4631367525757,504.45542377105954,直连,,True
T005,巡航,O01>S002,504.45542377105954,506.4477107895434,直连,,True
T005,巡航,O01>S002,506.4477107895434,508.4399978080273,直连,,True
T005,巡航,O01>S002,508.4399978080273,510.4322848265112,直连,,True
T005,巡航,O01>S002,510.4322848265112,512.4245718449951,直连,,True
T005,巡航,O01>S002,512.4245718449951,514.416858863479,直连,,True
T005,巡航,O01>S002,514.416858863479,516.4091458819628,直连,,True
T005,巡航,O01>S002,516.4091458819628,518.4014329004467,直连,,True
T005,巡航,O01>S002,518.4014329004467,520.3937199189306,直连,,True
T005,巡航,O01>S002,520.3937199189306,522.3860069374144,直连,,True
T005,巡航,O01>S002,522.3860069374144,524.3782939558984,直连,,True
T005,巡航,O01>S002,524.3782939558984,526.3705809743823,直连,,True
T005,巡航,O01>S002,526.3705809743823,528.3628679928661,直连,,True
T005,巡航,O01>S002,528.3628679928661,530.35515501135,直连,,True
T005,巡航,O01>S002,530.35515501135,532.3474420298339,直连,,True
T005,巡航,O01>S002,532.3474420298339,534.3397290483177,直连,,True
T005,巡航,O01>S002,534.3397290483177,536.3320160668017,直连,,True
T005,巡航,O01>S002,536.3320160668017,538.3243030852855,直连,,True
T005,巡航,O01>S002,538.3243030852855,540.3165901037694,直连,,True
T005,巡航,O01>S002,540.3165901037694,542.3088771222533,直连,,True
T005,巡航,O01>S002,542.3088771222533,544.3011641407371,直连,,True
T005,巡航,O01>S002,544.3011641407371,546.293451159221,直连,,True
T005,巡航,O01>S002,546.293451159221,548.285738177705,直连,,True
T005,巡航,O01>S002,548.285738177705,550.2780251961888,直连,,True
T005,巡航,O01>S002,550.2780251961888,552.2703122146727,直连,,True
T005,巡航,O01>S002,552.2703122146727,554.2625992331566,直连,,True
T005,巡航,O01>S002,554.2625992331566,556.2548862516404,直连,,True
T005,巡航,O01>S002,556.2548862516404,558.2471732701243,直连,,True
T005,巡航,O01>S002,558.2471732701243,560.2394602886083,直连,,True
T005,巡航,O01>S002,560.2394602886083,562.2317473070921,直连,,True
T005,巡航,O01>S002,562.2317473070921,564.224034325576,直连,,True
T005,巡航,O01>S002,564.224034325576,566.2163213440599,直连,,True
T005,巡航,O01>S002,566.2163213440599,568.2086083625437,直连,,True
T005,巡航,O01>S002,568.2086083625437,570.2008953810276,直连,,True
T005,巡航,O01>S002,570.2008953810276,572.1931823995114,直连,,True
T005,巡航,O01>S002,572.1931823995114,574.1854694179954,直连,,True
T005,巡航,O01>S002,574.1854694179954,576.1777564364793,直连,,True
T005,巡航,O01>S002,576.1777564364793,578.1700434549632,直连,,True
T005,巡航,O01>S002,578.1700434549632,580.162330473447,直连,,True
T005,巡航,O01>S002,580.162330473447,582.1546174919309,直连,,True
T005,巡航,O01>S002,582.1546174919309,584.1469045104147,直连,,True
T005,巡航,O01>S002,584.1469045104147,586.1391915288987,直连,,True
T005,巡航,O01>S002,586.1391915288987,588.1314785473826,直连,,True
T005,巡航,O01>S002,588.1314785473826,590.1237655658664,直连,,True
T005,巡航,O01>S002,590.1237655658664,592.1160525843503,直连,,True
T005,巡航,O01>S002,592.1160525843503,594.1083396028342,直连,,True
T005,巡航,O01>S002,594.1083396028342,596.100626621318,直连,,True
T005,巡航,O01>S002,596.100626621318,598.092913639802,直连,,True
T005,巡航,O01>S002,598.092913639802,600.0852006582859,直连,,True
T005,巡航,O01>S002,600.0852006582859,602.0774876767697,直连,,True
T005,巡航,O01>S002,602.0774876767697,604.0697746952536,直连,,True
T005,巡航,O01>S002,604.0697746952536,606.0620617137375,直连,,True
T005,巡航,O01>S002,606.0620617137375,608.0543487322213,直连,,True
T005,巡航,O01>S002,608.0543487322213,610.0466357507053,直连,,True
T005,巡航,O01>S002,610.0466357507053,612.0389227691892,直连,,True
T005,巡航,O01>S002,612.0389227691892,614.031209787673,直连,,True
T005,巡航,O01>S002,614.031209787673,616.0234968061569,直连,,True
T005,巡航,O01>S002,616.0234968061569,618.0157838246407,直连,,True
T005,巡航,O01>S002,618.0157838246407,620.0080708431246,直连,,True
T005,巡航,O01>S002,620.0080708431246,622.0003578616086,直连,,True
T005,巡航,O01>S002,622.0003578616086,623.9926448800925,直连,,True
T005,巡航,O01>S002,623.9926448800925,625.9849318985763,直连,,True
T005,巡航,O01>S002,625.9849318985763,627.9772189170602,直连,,True
T005,巡航,O01>S002,627.9772189170602,629.969505935544,直连,,True
T005,巡航,O01>S002,629.969505935544,631.9617929540279,直连,,True
T005,巡航,O01>S002,631.9617929540279,633.9540799725119,直连,,True
T005,巡航,O01>S002,633.9540799725119,635.9463669909958,直连,,True
T005,巡航,O01>S002,635.9463669909958,637.9386540094796,直连,,True
T005,巡航,O01>S002,637.9386540094796,639.9309410279635,直连,,True
T005,巡航,O01>S002,639.9309410279635,641.9232280464473,直连,,True
T005,巡航,O01>S002,641.9232280464473,643.9155150649312,直连,,True
T005,巡航,O01>S002,643.9155150649312,645.9078020834152,直连,,True
T005,巡航,O01>S002,645.9078020834152,647.900089101899,直连,,True
T005,巡航,O01>S002,647.900089101899,649.8923761203829,直连,,True
T005,巡航,O01>S002,649.8923761203829,651.8846631388667,直连,,True
T005,巡航,O01>S002,651.8846631388667,653.8769501573506,直连,,True
T005,巡航,O01>S002,653.8769501573506,655.8692371758345,直连,,True
T005,巡航,O01>S002,655.8692371758345,657.8615241943185,直连,,True
T005,巡航,O01>S002,657.8615241943185,659.8538112128023,直连,,True
T005,巡航,O01>S002,659.8538112128023,661.8460982312862,直连,,True
T005,巡航,O01>S002,661.8460982312862,663.83838524977,直连,,True
T005,巡航,O01>S002,663.83838524977,665.8306722682539,直连,,True
T005,巡航,O01>S002,665.8306722682539,667.8229592867378,直连,,True
T005,巡航,O01>S002,667.8229592867378,669.8152463052218,直连,,True
T005,巡航,O01>S002,669.8152463052218,671.8075333237056,直连,,True
T005,巡航,O01>S002,671.8075333237056,673.7998203421895,直连,,True
T005,巡航,O01>S002,673.7998203421895,675.7921073606733,直连,,True
T005,巡航,O01>S002,675.7921073606733,677.7843943791572,直连,,True
T005,巡航,O01>S002,677.7843943791572,679.7766813976411,直连,,True
T005,巡航,O01>S002,679.7766813976411,681.768968416125,直连,,True
T005,巡航,O01>S002,681.768968416125,683.7612554346089,直连,,True
T005,巡航,O01>S002,683.7612554346089,685.7535424530927,直连,,True
T005,巡航,O01>S002,685.7535424530927,687.7458294715766,直连,,True
T005,巡航,O01>S002,687.7458294715766,689.7381164900605,直连,,True
T005,巡航,O01>S002,689.7381164900605,691.7304035085444,直连,,True
T005,巡航,O01>S002,691.7304035085444,693.7226905270284,直连,,True
T005,巡航,O01>S002,693.7226905270284,695.7149775455122,直连,,True
T005,巡航,O01>S002,695.7149775455122,697.7072645639961,直连,,True
T005,巡航,O01>S002,697.7072645639961,699.6995515824799,直连,,True
T005,巡航,O01>S002,699.6995515824799,701.6918386009638,直连,,True
T005,巡航,O01>S002,701.6918386009638,703.6841256194477,直连,,True
T005,巡航,O01>S002,703.6841256194477,705.6764126379315,直连,,True
T005,巡航,O01>S002,705.6764126379315,707.6686996564155,直连,,True
T005,巡航,O01>S002,707.6686996564155,709.6609866748993,直连,,True
T005,巡航,O01>S002,709.6609866748993,711.6532736933832,直连,,True
T005,巡航,O01>S002,711.6532736933832,713.6455607118671,直连,,True
T005,巡航,O01>S002,713.6455607118671,715.637847730351,直连,,True
T005,巡航,O01>S002,715.637847730351,717.6301347488348,直连,,True
T005,巡航,O01>S002,717.6301347488348,719.6224217673188,直连,,True
T005,巡航,O01>S002,719.6224217673188,721.6147087858026,直连,,True
T005,巡航,O01>S002,721.6147087858026,723.6069958042865,直连,,True
T005,巡航,O01>S002,723.6069958042865,725.5992828227704,直连,,True
T005,巡航,O01>S002,725.5992828227704,727.5915698412543,直连,,True
T005,巡航,O01>S002,727.5915698412543,729.5838568597381,直连,,True
T005,巡航,O01>S002,729.5838568597381,731.5761438782221,直连,,True
T005,巡航,O01>S002,731.5761438782221,733.5684308967059,直连,,True
T005,巡航,O01>S002,733.5684308967059,735.5607179151898,直连,,True
T005,巡航,O01>S002,735.5607179151898,737.5530049336737,直连,,True
T005,巡航,O01>S002,737.5530049336737,739.5452919521575,直连,,True
T005,巡航,O01>S002,739.5452919521575,741.5375789706414,直连,,True
T005,巡航,O01>S002,741.5375789706414,743.5298659891253,直连,,True
T005,巡航,O01>S002,743.5298659891253,745.5221530076092,直连,,True
T005,巡航,O01>S002,745.5221530076092,747.5144400260931,直连,,True
T005,巡航,O01>S002,747.5144400260931,749.506727044577,直连,,True
T005,巡航,O01>S002,749.506727044577,751.4990140630608,直连,,True
T005,巡航,O01>S002,751.4990140630608,753.4913010815446,直连,,True
T005,巡航,O01>S002,753.4913010815446,755.4835881000286,直连,,True
T005,巡航,O01>S002,755.4835881000286,757.4758751185125,中继兜底,R-S04,True
T005,巡航,O01>S002,757.4758751185125,759.4681621369964,中继兜底,R-S04,True
T005,巡航,O01>S002,759.4681621369964,761.4604491554802,中继兜底,R-S04,True
T005,巡航,O01>S002,761.4604491554802,763.4527361739641,中继兜底,R-S04,True
T005,巡航,O01>S002,763.4527361739641,765.4450231924479,中继兜底,R-S04,True
T005,巡航,O01>S002,765.4450231924479,767.4373102109319,中继兜底,R-S04,True
T005,巡航,O01>S002,767.4373102109319,769.4295972294158,中继兜底,R-S04,True
T005,巡航,O01>S002,769.4295972294158,771.4218842478997,中继兜底,R-S04,True
T005,巡航,O01>S002,771.4218842478997,773.4141712663836,中继兜底,R-S04,True
T005,巡航,O01>S002,773.4141712663836,775.4064582848674,中继兜底,R-S04,True
T005,巡航,O01>S002,775.4064582848674,777.3987453033513,中继兜底,R-S04,True
T005,巡航,O01>S002,777.3987453033513,779.3910323218352,中继兜底,R-S04,True
T005,巡航,O01>S002,779.3910323218352,781.3833193403191,中继兜底,R-S04,True
T005,巡航,O01>S002,781.3833193403191,783.375606358803,中继兜底,R-S04,True
T005,巡航,O01>S002,783.375606358803,785.3678933772869,中继兜底,R-S04,True
T005,巡航,O01>S002,785.3678933772869,787.3601803957707,中继兜底,R-S04,True
T005,巡航,O01>S002,787.3601803957707,789.3524674142545,中继兜底,R-S04,True
T005,巡航,O01>S002,789.3524674142545,791.3447544327385,中继兜底,R-S04,True
T005,巡航,O01>S002,791.3447544327385,793.3370414512224,中继兜底,R-S04,True
T005,巡航,O01>S002,793.3370414512224,795.3293284697063,中继兜底,R-S04,True
T005,巡航,O01>S002,795.3293284697063,797.3216154881901,中继兜底,R-S04,True
T005,巡航,O01>S002,797.3216154881901,799.313902506674,中继兜底,R-S04,True
T005,巡航,O01>S002,799.313902506674,801.3061895251578,中继兜底,R-S04,True
T005,巡航,O01>S002,801.3061895251578,803.2984765436418,中继兜底,R-S04,True
T005,巡航,O01>S002,803.2984765436418,805.2907635621257,中继兜底,R-S04,True
T005,巡航,O01>S002,805.2907635621257,807.2830505806096,中继兜底,R-S04,True
T005,巡航,O01>S002,807.2830505806096,809.2753375990934,中继兜底,R-S04,True
T005,巡航,O01>S002,809.2753375990934,811.2676246175772,中继兜底,R-S04,True
T005,巡航,O01>S002,811.2676246175772,813.2599116360611,中继兜底,R-S04,True
T005,巡航,O01>S002,813.2599116360611,815.252198654545,中继兜底,R-S04,True
T005,巡航,O01>S002,815.252198654545,817.244485673029,中继兜底,R-S04,True
T005,巡航,O01>S002,817.244485673029,819.2367726915128,中继兜底,R-S04,True
T005,巡航,O01>S002,819.2367726915128,821.2290597099967,中继兜底,R-S04,True
T005,巡航,O01>S002,821.2290597099967,823.2213467284805,中继兜底,R-S04,True
T005,巡航,O01>S002,823.2213467284805,825.2136337469644,中继兜底,R-S04,True
T005,巡航,O01>S002,825.2136337469644,827.2059207654484,中继兜底,R-S04,True
T005,巡航,O01>S002,827.2059207654484,829.1982077839323,中继兜底,R-S04,True
T005,巡航,O01>S002,829.1982077839323,831.1904948024161,中继兜底,R-S04,True
T005,巡航,O01>S002,831.1904948024161,833.1827818209,中继兜底,R-S04,True
T005,巡航,O01>S002,833.1827818209,835.1750688393838,中继兜底,R-S04,True
T005,巡航,O01>S002,835.1750688393838,837.1673558578677,中继兜底,R-S04,True
T005,巡航,O01>S002,837.1673558578677,839.1596428763517,中继兜底,R-S04,True
T005,巡航,O01>S002,839.1596428763517,841.1519298948356,中继兜底,R-S04,True
T005,巡航,O01>S002,841.1519298948356,843.1442169133195,中继兜底,R-S04,True
T005,巡航,O01>S002,843.1442169133195,845.1365039318033,中继兜底,R-S04,True
T005,巡航,O01>S002,845.1365039318033,847.1287909502871,中继兜底,R-S04,True
T005,巡航,O01>S002,847.1287909502871,849.121077968771,中继兜底,R-S04,True
T005,巡航,O01>S002,849.121077968771,851.113364987255,中继兜底,R-S04,True
T005,巡航,O01>S002,851.113364987255,853.1056520057389,中继兜底,R-S04,True
T005,巡航,O01>S002,853.1056520057389,855.0979390242227,中继兜底,R-S04,True
T005,巡航,O01>S002,855.0979390242227,857.0902260427065,中继兜底,R-S04,True
T005,巡航,O01>S002,857.0902260427065,859.0825130611904,中继兜底,R-S04,True
T005,巡航,O01>S002,859.0825130611904,861.0748000796743,中继兜底,R-S04,True
T005,巡航,O01>S002,861.0748000796743,863.0670870981583,中继兜底,R-S04,True
T005,巡航,O01>S002,863.0670870981583,865.0593741166422,中继兜底,R-S04,True
T005,巡航,O01>S002,865.0593741166422,867.051661135126,中继兜底,R-S04,True
T005,巡航,O01>S002,867.051661135126,869.0439481536098,中继兜底,R-S04,True
T005,巡航,O01>S002,869.0439481536098,871.0362351720937,中继兜底,R-S04,True
T005,巡航,O01>S002,871.0362351720937,873.0285221905776,中继兜底,R-S04,True
T005,巡航,O01>S002,873.0285221905776,875.0208092090616,中继兜底,R-S04,True
T005,巡航,O01>S002,875.0208092090616,877.0130962275454,中继兜底,R-S04,True
T005,巡航,O01>S002,877.0130962275454,879.0053832460292,中继兜底,R-S04,True
T005,巡航,O01>S002,879.0053832460292,880.9976702645131,中继兜底,R-S04,True
T005,巡航,O01>S002,880.9976702645131,882.989957282997,中继兜底,R-S04,True
T005,巡航,O01>S002,882.989957282997,884.9822443014809,中继兜底,R-S04,True
T005,巡航,O01>S002,884.9822443014809,886.9745313199649,中继兜底,R-S04,True
T005,巡航,O01>S002,886.9745313199649,888.9668183384487,中继兜底,R-S04,True
T005,巡航,O01>S002,888.9668183384487,890.9591053569325,中继兜底,R-S04,True
T005,巡航,O01>S002,890.9591053569325,892.9513923754164,中继兜底,R-S04,True
T005,巡航,O01>S002,892.9513923754164,894.9436793939003,中继兜底,R-S04,True
T005,巡航,O01>S002,894.9436793939003,896.9359664123842,中继兜底,R-S04,True
T005,巡航,O01>S002,896.9359664123842,898.9282534308682,中继兜底,R-S04,True
T005,巡航,O01>S002,898.9282534308682,900.920540449352,中继兜底,R-S04,True
T005,巡航,O01>S002,900.920540449352,902.9128274678359,中继兜底,R-S04,True
T005,巡航,O01>S002,902.9128274678359,904.9051144863197,中继兜底,R-S04,True
T005,巡航,O01>S002,904.9051144863197,906.8974015048036,中继兜底,R-S04,True
T005,巡航,O01>S002,906.8974015048036,908.8896885232875,中继兜底,R-S04,True
T005,巡航,O01>S002,908.8896885232875,910.8819755417715,中继兜底,R-S04,True
T005,巡航,O01>S002,910.8819755417715,912.8742625602553,中继兜底,R-S04,True
T005,巡航,O01>S002,912.8742625602553,914.8665495787391,中继兜底,R-S04,True
T005,巡航,O01>S002,914.8665495787391,916.858836597223,中继兜底,R-S04,True
T005,巡航,O01>S002,916.858836597223,918.8511236157069,中继兜底,R-S04,True
T005,巡航,O01>S002,918.8511236157069,920.8434106341908,中继兜底,R-S04,True
T005,巡航,O01>S002,920.8434106341908,922.8356976526746,中继兜底,R-S04,True
T005,巡航,O01>S002,922.8356976526746,924.8279846711586,中继兜底,R-S04,True
T005,巡航,O01>S002,924.8279846711586,926.8202716896424,中继兜底,R-S04,True
T005,巡航,O01>S002,926.8202716896424,928.8125587081263,中继兜底,R-S04,True
T005,巡航,O01>S002,928.8125587081263,930.8048457266102,中继兜底,R-S04,True
T005,巡航,O01>S002,930.8048457266102,932.7971327450941,中继兜底,R-S04,True
T005,巡航,O01>S002,932.7971327450941,934.7894197635779,中继兜底,R-S04,True
T005,巡航,O01>S002,934.7894197635779,936.7817067820617,中继兜底,R-S04,True
T005,巡航,O01>S002,936.7817067820617,938.7739938005457,中继兜底,R-S04,True
T005,巡航,O01>S002,938.7739938005457,940.7662808190296,中继兜底,R-S04,True
T005,巡航,O01>S002,940.7662808190296,942.7585678375135,中继兜底,R-S04,True
T005,巡航,O01>S002,942.7585678375135,944.7508548559973,中继兜底,R-S04,True
T005,巡航,O01>S002,944.7508548559973,946.7431418744812,中继兜底,R-S04,True
T005,巡航,O01>S002,946.7431418744812,948.735428892965,中继兜底,R-S04,True
T005,巡航,O01>S002,948.735428892965,950.727715911449,中继兜底,R-S04,True
T005,巡航,O01>S002,950.727715911449,952.7200029299329,中继兜底,R-S04,True
T005,巡航,O01>S002,952.7200029299329,954.7122899484168,中继兜底,R-S04,True
T005,巡航,O01>S002,954.7122899484168,956.7045769669007,中继兜底,R-S04,True
T005,巡航,O01>S002,956.7045769669007,958.6968639853845,中继兜底,R-S04,True
T005,巡航,O01>S002,958.6968639853845,960.6891510038683,中继兜底,R-S04,True
T005,巡航,O01>S002,960.6891510038683,962.6814380223523,中继兜底,R-S04,True
T005,巡航,O01>S002,962.6814380223523,964.6737250408362,中继兜底,R-S04,True
T005,巡航,O01>S002,964.6737250408362,966.6660120593201,中继兜底,R-S04,True
T005,巡航,O01>S002,966.6660120593201,968.658299077804,中继兜底,R-S04,True
T005,巡航,O01>S002,968.658299077804,970.6505860962878,中继兜底,R-S04,True
T005,巡航,O01>S002,970.6505860962878,972.6428731147716,中继兜底,R-S04,True
T005,巡航,O01>S002,972.6428731147716,974.6351601332556,中继兜底,R-S04,True
T005,巡航,O01>S002,974.6351601332556,976.6274471517395,中继兜底,R-S04,True
T005,巡航,O01>S002,976.6274471517395,978.6197341702234,中继兜底,R-S04,True
T005,巡航,O01>S002,978.6197341702234,980.6120211887072,中继兜底,R-S04,True
T005,巡航,O01>S002,980.6120211887072,982.604308207191,中继兜底,R-S04,True
T005,巡航,O01>S002,982.604308207191,984.596595225675,中继兜底,R-S04,True
T005,巡航,O01>S002,984.596595225675,986.5888822441589,中继兜底,R-S04,True
T005,下降,O01>S002,986.5888822441589,1001.4979246025573,中继兜底,R-S04,True
T005,下降,O01>S002,1001.4979246025573,1016.4069669609557,中继兜底,R-S04,True
T005,下降,O01>S002,1016.4069669609557,1031.3160093193542,中继兜底,R-S04,True
T005,投送,S002,1031.3160093193542,1355.3160093193542,中继兜底,R-S04,True
T005,爬升,S002>O01,1355.3160093193542,1367.243243206073,中继兜底,R-S04,True
T005,爬升,S002>O01,1367.243243206073,1379.1704770927915,中继兜底,R-S04,True
T005,爬升,S002>O01,1379.1704770927915,1391.0977109795103,中继兜底,R-S04,True
T005,巡航,S002>O01,1391.0977109795103,1393.0899979979943,中继兜底,R-S04,True
T005,巡航,S002>O01,1393.0899979979943,1395.0822850164782,中继兜底,R-S04,True
T005,巡航,S002>O01,1395.0822850164782,1397.0745720349619,中继兜底,R-S04,True
T005,巡航,S002>O01,1397.0745720349619,1399.0668590534458,中继兜底,R-S04,True
T005,巡航,S002>O01,1399.0668590534458,1401.0591460719297,中继兜底,R-S04,True
T005,巡航,S002>O01,1401.0591460719297,1403.0514330904136,中继兜底,R-S04,True
T005,巡航,S002>O01,1403.0514330904136,1405.0437201088976,中继兜底,R-S04,True
T005,巡航,S002>O01,1405.0437201088976,1407.0360071273815,中继兜底,R-S04,True
T005,巡航,S002>O01,1407.0360071273815,1409.0282941458652,中继兜底,R-S04,True
T005,巡航,S002>O01,1409.0282941458652,1411.020581164349,中继兜底,R-S04,True
T005,巡航,S002>O01,1411.020581164349,1413.012868182833,中继兜底,R-S04,True
T005,巡航,S002>O01,1413.012868182833,1415.005155201317,中继兜底,R-S04,True
T005,巡航,S002>O01,1415.005155201317,1416.9974422198009,中继兜底,R-S04,True
T005,巡航,S002>O01,1416.9974422198009,1418.9897292382848,中继兜底,R-S04,True
T005,巡航,S002>O01,1418.9897292382848,1420.9820162567685,中继兜底,R-S04,True
T005,巡航,S002>O01,1420.9820162567685,1422.9743032752524,中继兜底,R-S04,True
T005,巡航,S002>O01,1422.9743032752524,1424.9665902937363,中继兜底,R-S04,True
T005,巡航,S002>O01,1424.9665902937363,1426.9588773122202,中继兜底,R-S04,True
T005,巡航,S002>O01,1426.9588773122202,1428.9511643307042,中继兜底,R-S04,True
T005,巡航,S002>O01,1428.9511643307042,1430.943451349188,中继兜底,R-S04,True
T005,巡航,S002>O01,1430.943451349188,1432.9357383676718,中继兜底,R-S04,True
T005,巡航,S002>O01,1432.9357383676718,1434.9280253861557,中继兜底,R-S04,True
T005,巡航,S002>O01,1434.9280253861557,1436.9203124046396,中继兜底,R-S04,True
T005,巡航,S002>O01,1436.9203124046396,1438.9125994231235,中继兜底,R-S04,True
T005,巡航,S002>O01,1438.9125994231235,1440.9048864416075,中继兜底,R-S04,True
T005,巡航,S002>O01,1440.9048864416075,1442.8971734600914,中继兜底,R-S04,True
T005,巡航,S002>O01,1442.8971734600914,1444.889460478575,中继兜底,R-S04,True
T005,巡航,S002>O01,1444.889460478575,1446.881747497059,中继兜底,R-S04,True
T005,巡航,S002>O01,1446.881747497059,1448.874034515543,中继兜底,R-S04,True
T005,巡航,S002>O01,1448.874034515543,1450.8663215340268,中继兜底,R-S04,True
T005,巡航,S002>O01,1450.8663215340268,1452.8586085525108,中继兜底,R-S04,True
T005,巡航,S002>O01,1452.8586085525108,1454.8508955709945,中继兜底,R-S04,True
T005,巡航,S002>O01,1454.8508955709945,1456.8431825894784,中继兜底,R-S04,True
T005,巡航,S002>O01,1456.8431825894784,1458.8354696079623,中继兜底,R-S04,True
T005,巡航,S002>O01,1458.8354696079623,1460.8277566264462,中继兜底,R-S04,True
T005,巡航,S002>O01,1460.8277566264462,1462.8200436449301,中继兜底,R-S04,True
T005,巡航,S002>O01,1462.8200436449301,1464.812330663414,中继兜底,R-S04,True
T005,巡航,S002>O01,1464.812330663414,1466.8046176818978,中继兜底,R-S04,True
T005,巡航,S002>O01,1466.8046176818978,1468.7969047003817,中继兜底,R-S04,True
T005,巡航,S002>O01,1468.7969047003817,1470.7891917188656,中继兜底,R-S04,True
T005,巡航,S002>O01,1470.7891917188656,1472.7814787373495,中继兜底,R-S04,True
T005,巡航,S002>O01,1472.7814787373495,1474.7737657558334,中继兜底,R-S04,True
T005,巡航,S002>O01,1474.7737657558334,1476.7660527743174,中继兜底,R-S04,True
T005,巡航,S002>O01,1476.7660527743174,1478.758339792801,中继兜底,R-S04,True
T005,巡航,S002>O01,1478.758339792801,1480.750626811285,中继兜底,R-S04,True
T005,巡航,S002>O01,1480.750626811285,1482.742913829769,中继兜底,R-S04,True
T005,巡航,S002>O01,1482.742913829769,1484.7352008482528,中继兜底,R-S04,True
T005,巡航,S002>O01,1484.7352008482528,1486.7274878667367,中继兜底,R-S04,True
T005,巡航,S002>O01,1486.7274878667367,1488.7197748852204,中继兜底,R-S04,True
T005,巡航,S002>O01,1488.7197748852204,1490.7120619037044,中继兜底,R-S04,True
T005,巡航,S002>O01,1490.7120619037044,1492.7043489221883,中继兜底,R-S04,True
T005,巡航,S002>O01,1492.7043489221883,1494.6966359406722,中继兜底,R-S04,True
T005,巡航,S002>O01,1494.6966359406722,1496.6889229591561,中继兜底,R-S04,True
T005,巡航,S002>O01,1496.6889229591561,1498.68120997764,中继兜底,R-S04,True
T005,巡航,S002>O01,1498.68120997764,1500.6734969961237,中继兜底,R-S04,True
T005,巡航,S002>O01,1500.6734969961237,1502.6657840146077,中继兜底,R-S04,True
T005,巡航,S002>O01,1502.6657840146077,1504.6580710330916,中继兜底,R-S04,True
T005,巡航,S002>O01,1504.6580710330916,1506.6503580515755,中继兜底,R-S04,True
T005,巡航,S002>O01,1506.6503580515755,1508.6426450700594,中继兜底,R-S04,True
T005,巡航,S002>O01,1508.6426450700594,1510.6349320885433,中继兜底,R-S04,True
T005,巡航,S002>O01,1510.6349320885433,1512.627219107027,中继兜底,R-S04,True
T005,巡航,S002>O01,1512.627219107027,1514.619506125511,中继兜底,R-S04,True
T005,巡航,S002>O01,1514.619506125511,1516.6117931439949,中继兜底,R-S04,True
T005,巡航,S002>O01,1516.6117931439949,1518.6040801624788,中继兜底,R-S04,True
T005,巡航,S002>O01,1518.6040801624788,1520.5963671809627,中继兜底,R-S04,True
T005,巡航,S002>O01,1520.5963671809627,1522.5886541994464,中继兜底,R-S04,True
T005,巡航,S002>O01,1522.5886541994464,1524.5809412179303,中继兜底,R-S04,True
T005,巡航,S002>O01,1524.5809412179303,1526.5732282364143,中继兜底,R-S04,True
T005,巡航,S002>O01,1526.5732282364143,1528.5655152548982,中继兜底,R-S04,True
T005,巡航,S002>O01,1528.5655152548982,1530.557802273382,中继兜底,R-S04,True
T005,巡航,S002>O01,1530.557802273382,1532.550089291866,中继兜底,R-S04,True
T005,巡航,S002>O01,1532.550089291866,1534.54237631035,中继兜底,R-S04,True
T005,巡航,S002>O01,1534.54237631035,1536.5346633288336,中继兜底,R-S04,True
T005,巡航,S002>O01,1536.5346633288336,1538.5269503473176,中继兜底,R-S04,True
T005,巡航,S002>O01,1538.5269503473176,1540.5192373658015,中继兜底,R-S04,True
T005,巡航,S002>O01,1540.5192373658015,1542.5115243842854,中继兜底,R-S04,True
T005,巡航,S002>O01,1542.5115243842854,1544.5038114027693,中继兜底,R-S04,True
T005,巡航,S002>O01,1544.5038114027693,1546.496098421253,中继兜底,R-S04,True
T005,巡航,S002>O01,1546.496098421253,1548.488385439737,中继兜底,R-S04,True
T005,巡航,S002>O01,1548.488385439737,1550.4806724582209,中继兜底,R-S04,True
T005,巡航,S002>O01,1550.4806724582209,1552.4729594767048,中继兜底,R-S04,True
T005,巡航,S002>O01,1552.4729594767048,1554.4652464951887,中继兜底,R-S04,True
T005,巡航,S002>O01,1554.4652464951887,1556.4575335136726,中继兜底,R-S04,True
T005,巡航,S002>O01,1556.4575335136726,1558.4498205321563,中继兜底,R-S04,True
T005,巡航,S002>O01,1558.4498205321563,1560.4421075506402,中继兜底,R-S04,True
T005,巡航,S002>O01,1560.4421075506402,1562.4343945691242,中继兜底,R-S04,True
T005,巡航,S002>O01,1562.4343945691242,1564.426681587608,中继兜底,R-S04,True
T005,巡航,S002>O01,1564.426681587608,1566.418968606092,中继兜底,R-S04,True
T005,巡航,S002>O01,1566.418968606092,1568.411255624576,中继兜底,R-S04,True
T005,巡航,S002>O01,1568.411255624576,1570.4035426430596,中继兜底,R-S04,True
T005,巡航,S002>O01,1570.4035426430596,1572.3958296615435,中继兜底,R-S04,True
T005,巡航,S002>O01,1572.3958296615435,1574.3881166800275,中继兜底,R-S04,True
T005,巡航,S002>O01,1574.3881166800275,1576.3804036985114,中继兜底,R-S04,True
T005,巡航,S002>O01,1576.3804036985114,1578.3726907169953,中继兜底,R-S04,True
T005,巡航,S002>O01,1578.3726907169953,1580.364977735479,中继兜底,R-S04,True
T005,巡航,S002>O01,1580.364977735479,1582.357264753963,中继兜底,R-S04,True
T005,巡航,S002>O01,1582.357264753963,1584.3495517724468,中继兜底,R-S04,True
T005,巡航,S002>O01,1584.3495517724468,1586.3418387909308,中继兜底,R-S04,True
T005,巡航,S002>O01,1586.3418387909308,1588.3341258094147,中继兜底,R-S04,True
T005,巡航,S002>O01,1588.3341258094147,1590.3264128278986,中继兜底,R-S04,True
T005,巡航,S002>O01,1590.3264128278986,1592.3186998463825,中继兜底,R-S04,True
T005,巡航,S002>O01,1592.3186998463825,1594.3109868648662,中继兜底,R-S04,True
T005,巡航,S002>O01,1594.3109868648662,1596.3032738833501,中继兜底,R-S04,True
T005,巡航,S002>O01,1596.3032738833501,1598.295560901834,中继兜底,R-S04,True
T005,巡航,S002>O01,1598.295560901834,1600.287847920318,中继兜底,R-S04,True
T005,巡航,S002>O01,1600.287847920318,1602.280134938802,中继兜底,R-S04,True
T005,巡航,S002>O01,1602.280134938802,1604.2724219572856,中继兜底,R-S04,True
T005,巡航,S002>O01,1604.2724219572856,1606.2647089757695,中继兜底,R-S04,True
T005,巡航,S002>O01,1606.2647089757695,1608.2569959942534,中继兜底,R-S04,True
T005,巡航,S002>O01,1608.2569959942534,1610.2492830127374,中继兜底,R-S04,True
T005,巡航,S002>O01,1610.2492830127374,1612.2415700312213,中继兜底,R-S04,True
T005,巡航,S002>O01,1612.2415700312213,1614.233857049705,中继兜底,R-S04,True
T005,巡航,S002>O01,1614.233857049705,1616.226144068189,中继兜底,R-S04,True
T005,巡航,S002>O01,1616.226144068189,1618.2184310866728,中继兜底,R-S04,True
T005,巡航,S002>O01,1618.2184310866728,1620.2107181051567,中继兜底,R-S04,True
T005,巡航,S002>O01,1620.2107181051567,1622.2030051236407,中继兜底,R-S04,True
T005,巡航,S002>O01,1622.2030051236407,1624.1952921421246,直连,,True
T005,巡航,S002>O01,1624.1952921421246,1626.1875791606085,直连,,True
T005,巡航,S002>O01,1626.1875791606085,1628.1798661790922,直连,,True
T005,巡航,S002>O01,1628.1798661790922,1630.172153197576,直连,,True
T005,巡航,S002>O01,1630.172153197576,1632.16444021606,直连,,True
T005,巡航,S002>O01,1632.16444021606,1634.156727234544,直连,,True
T005,巡航,S002>O01,1634.156727234544,1636.1490142530279,直连,,True
T005,巡航,S002>O01,1636.1490142530279,1638.1413012715116,直连,,True
T005,巡航,S002>O01,1638.1413012715116,1640.1335882899955,直连,,True
T005,巡航,S002>O01,1640.1335882899955,1642.1258753084794,直连,,True
T005,巡航,S002>O01,1642.1258753084794,1644.1181623269633,直连,,True
T005,巡航,S002>O01,1644.1181623269633,1646.1104493454473,直连,,True
T005,巡航,S002>O01,1646.1104493454473,1648.102736363931,直连,,True
T005,巡航,S002>O01,1648.102736363931,1650.095023382415,直连,,True
T005,巡航,S002>O01,1650.095023382415,1652.0873104008988,直连,,True
T005,巡航,S002>O01,1652.0873104008988,1654.0795974193827,直连,,True
T005,巡航,S002>O01,1654.0795974193827,1656.0718844378666,直连,,True
T005,巡航,S002>O01,1656.0718844378666,1658.0641714563506,直连,,True
T005,巡航,S002>O01,1658.0641714563506,1660.0564584748345,直连,,True
T005,巡航,S002>O01,1660.0564584748345,1662.0487454933182,直连,,True
T005,巡航,S002>O01,1662.0487454933182,1664.041032511802,直连,,True
T005,巡航,S002>O01,1664.041032511802,1666.033319530286,直连,,True
T005,巡航,S002>O01,1666.033319530286,1668.02560654877,直连,,True
T005,巡航,S002>O01,1668.02560654877,1670.0178935672539,直连,,True
T005,巡航,S002>O01,1670.0178935672539,1672.0101805857378,直连,,True
T005,巡航,S002>O01,1672.0101805857378,1674.0024676042217,直连,,True
T005,巡航,S002>O01,1674.0024676042217,1675.9947546227054,直连,,True
T005,巡航,S002>O01,1675.9947546227054,1677.9870416411893,直连,,True
T005,巡航,S002>O01,1677.9870416411893,1679.9793286596732,直连,,True
T005,巡航,S002>O01,1679.9793286596732,1681.9716156781571,直连,,True
T005,巡航,S002>O01,1681.9716156781571,1683.963902696641,直连,,True
T005,巡航,S002>O01,1683.963902696641,1685.9561897151248,直连,,True
T005,巡航,S002>O01,1685.9561897151248,1687.9484767336087,直连,,True
T005,巡航,S002>O01,1687.9484767336087,1689.9407637520926,直连,,True
T005,巡航,S002>O01,1689.9407637520926,1691.9330507705765,直连,,True
T005,巡航,S002>O01,1691.9330507705765,1693.9253377890604,直连,,True
T005,巡航,S002>O01,1693.9253377890604,1695.9176248075441,直连,,True
T005,巡航,S002>O01,1695.9176248075441,1697.909911826028,直连,,True
T005,巡航,S002>O01,1697.909911826028,1699.902198844512,直连,,True
T005,巡航,S002>O01,1699.902198844512,1701.894485862996,直连,,True
T005,巡航,S002>O01,1701.894485862996,1703.8867728814798,直连,,True
T005,巡航,S002>O01,1703.8867728814798,1705.8790598999635,直连,,True
T005,巡航,S002>O01,1705.8790598999635,1707.8713469184477,直连,,True
T005,巡航,S002>O01,1707.8713469184477,1709.8636339369314,直连,,True
T005,巡航,S002>O01,1709.8636339369314,1711.8559209554153,直连,,True
T005,巡航,S002>O01,1711.8559209554153,1713.8482079738992,直连,,True
T005,巡航,S002>O01,1713.8482079738992,1715.8404949923831,直连,,True
T005,巡航,S002>O01,1715.8404949923831,1717.832782010867,直连,,True
T005,巡航,S002>O01,1717.832782010867,1719.8250690293507,直连,,True
T005,巡航,S002>O01,1719.8250690293507,1721.8173560478347,直连,,True
T005,巡航,S002>O01,1721.8173560478347,1723.8096430663186,直连,,True
T005,巡航,S002>O01,1723.8096430663186,1725.8019300848025,直连,,True
T005,巡航,S002>O01,1725.8019300848025,1727.7942171032864,直连,,True
T005,巡航,S002>O01,1727.7942171032864,1729.7865041217701,直连,,True
T005,巡航,S002>O01,1729.7865041217701,1731.7787911402543,直连,,True
T005,巡航,S002>O01,1731.7787911402543,1733.771078158738,直连,,True
T005,巡航,S002>O01,1733.771078158738,1735.7633651772219,直连,,True
T005,巡航,S002>O01,1735.7633651772219,1737.7556521957058,直连,,True
T005,巡航,S002>O01,1737.7556521957058,1739.7479392141897,直连,,True
T005,巡航,S002>O01,1739.7479392141897,1741.7402262326736,直连,,True
T005,巡航,S002>O01,1741.7402262326736,1743.7325132511573,直连,,True
T005,巡航,S002>O01,1743.7325132511573,1745.7248002696413,直连,,True
T005,巡航,S002>O01,1745.7248002696413,1747.7170872881252,直连,,True
T005,巡航,S002>O01,1747.7170872881252,1749.709374306609,直连,,True
T005,巡航,S002>O01,1749.709374306609,1751.701661325093,直连,,True
T005,巡航,S002>O01,1751.701661325093,1753.6939483435767,直连,,True
T005,巡航,S002>O01,1753.6939483435767,1755.6862353620606,直连,,True
T005,巡航,S002>O01,1755.6862353620606,1757.6785223805446,直连,,True
T005,巡航,S002>O01,1757.6785223805446,1759.6708093990285,直连,,True
T005,巡航,S002>O01,1759.6708093990285,1761.6630964175124,直连,,True
T005,巡航,S002>O01,1761.6630964175124,1763.655383435996,直连,,True
T005,巡航,S002>O01,1763.655383435996,1765.6476704544802,直连,,True
T005,巡航,S002>O01,1765.6476704544802,1767.639957472964,直连,,True
T005,巡航,S002>O01,1767.639957472964,1769.6322444914479,直连,,True
T005,巡航,S002>O01,1769.6322444914479,1771.6245315099318,直连,,True
T005,巡航,S002>O01,1771.6245315099318,1773.6168185284157,直连,,True
T005,巡航,S002>O01,1773.6168185284157,1775.6091055468996,直连,,True
T005,巡航,S002>O01,1775.6091055468996,1777.6013925653833,直连,,True
T005,巡航,S002>O01,1777.6013925653833,1779.5936795838672,直连,,True
T005,巡航,S002>O01,1779.5936795838672,1781.5859666023512,直连,,True
T005,巡航,S002>O01,1781.5859666023512,1783.578253620835,直连,,True
T005,巡航,S002>O01,1783.578253620835,1785.570540639319,直连,,True
T005,巡航,S002>O01,1785.570540639319,1787.5628276578027,直连,,True
T005,巡航,S002>O01,1787.5628276578027,1789.5551146762866,直连,,True
T005,巡航,S002>O01,1789.5551146762866,1791.5474016947705,直连,,True
T005,巡航,S002>O01,1791.5474016947705,1793.5396887132545,直连,,True
T005,巡航,S002>O01,1793.5396887132545,1795.5319757317384,直连,,True
T005,巡航,S002>O01,1795.5319757317384,1797.5242627502223,直连,,True
T005,巡航,S002>O01,1797.5242627502223,1799.5165497687062,直连,,True
T005,巡航,S002>O01,1799.5165497687062,1801.50883678719,直连,,True
T005,巡航,S002>O01,1801.50883678719,1803.5011238056738,直连,,True
T005,巡航,S002>O01,1803.5011238056738,1805.4934108241578,直连,,True
T005,巡航,S002>O01,1805.4934108241578,1807.4856978426417,直连,,True
T005,巡航,S002>O01,1807.4856978426417,1809.4779848611256,直连,,True
T005,巡航,S002>O01,1809.4779848611256,1811.4702718796093,直连,,True
T005,巡航,S002>O01,1811.4702718796093,1813.4625588980932,直连,,True
T005,巡航,S002>O01,1813.4625588980932,1815.4548459165771,直连,,True
T005,巡航,S002>O01,1815.4548459165771,1817.447132935061,直连,,True
T005,巡航,S002>O01,1817.447132935061,1819.439419953545,直连,,True
T005,巡航,S002>O01,1819.439419953545,1821.4317069720287,直连,,True
T005,巡航,S002>O01,1821.4317069720287,1823.4239939905128,直连,,True
T005,巡航,S002>O01,1823.4239939905128,1825.4162810089965,直连,,True
T005,巡航,S002>O01,1825.4162810089965,1827.4085680274804,直连,,True
T005,巡航,S002>O01,1827.4085680274804,1829.4008550459644,直连,,True
T005,巡航,S002>O01,1829.4008550459644,1831.3931420644483,直连,,True
T005,巡航,S002>O01,1831.3931420644483,1833.3854290829322,直连,,True
T005,巡航,S002>O01,1833.3854290829322,1835.377716101416,直连,,True
T005,巡航,S002>O01,1835.377716101416,1837.3700031198998,直连,,True
T005,巡航,S002>O01,1837.3700031198998,1839.3622901383837,直连,,True
T005,巡航,S002>O01,1839.3622901383837,1841.3545771568677,直连,,True
T005,巡航,S002>O01,1841.3545771568677,1843.3468641753516,直连,,True
T005,巡航,S002>O01,1843.3468641753516,1845.3391511938353,直连,,True
T005,巡航,S002>O01,1845.3391511938353,1847.3314382123192,直连,,True
T005,巡航,S002>O01,1847.3314382123192,1849.3237252308031,直连,,True
T005,巡航,S002>O01,1849.3237252308031,1851.316012249287,直连,,True
T005,巡航,S002>O01,1851.316012249287,1853.308299267771,直连,,True
T005,巡航,S002>O01,1853.308299267771,1855.3005862862549,直连,,True
T005,巡航,S002>O01,1855.3005862862549,1857.2928733047388,直连,,True
T005,巡航,S002>O01,1857.2928733047388,1859.2851603232225,直连,,True
T005,巡航,S002>O01,1859.2851603232225,1861.2774473417064,直连,,True
T005,巡航,S002>O01,1861.2774473417064,1863.2697343601903,直连,,True
T005,巡航,S002>O01,1863.2697343601903,1865.2620213786743,直连,,True
T005,巡航,S002>O01,1865.2620213786743,1867.2543083971582,直连,,True
T005,巡航,S002>O01,1867.2543083971582,1869.2465954156419,直连,,True
T005,巡航,S002>O01,1869.2465954156419,1871.2388824341258,直连,,True
T005,巡航,S002>O01,1871.2388824341258,1873.2311694526097,直连,,True
T005,巡航,S002>O01,1873.2311694526097,1875.2234564710936,直连,,True
T005,巡航,S002>O01,1875.2234564710936,1877.2157434895776,直连,,True
T005,巡航,S002>O01,1877.2157434895776,1879.2080305080613,直连,,True
T005,巡航,S002>O01,1879.2080305080613,1881.2003175265452,直连,,True
T005,巡航,S002>O01,1881.2003175265452,1883.192604545029,直连,,True
T005,巡航,S002>O01,1883.192604545029,1885.184891563513,直连,,True
T005,下降,S002>O01,1885.184891563513,1898.1316240028266,直连,,True
T005,下降,S002>O01,1898.1316240028266,1911.0783564421404,直连,,True
T005,下降,S002>O01,1911.0783564421404,1924.025088881454,直连,,True
T005,下降,S002>O01,1924.025088881454,1936.9718213207675,直连,,True
T005,下降,S002>O01,1936.9718213207675,1949.918553760081,直连,,True
T005,下降,S002>O01,1949.918553760081,1962.8652861993949,直连,,True
T005,下降,S002>O01,1962.8652861993949,1975.8120186387084,直连,,True
T006,爬升,O01>S003,4038.0,4049.5761103515624,直连,,True
T006,爬升,O01>S003,4049.5761103515624,4061.152220703125,直连,,True
T006,爬升,O01>S003,4061.152220703125,4072.7283310546873,直连,,True
T006,爬升,O01>S003,4072.7283310546873,4084.30444140625,直连,,True
T006,爬升,O01>S003,4084.30444140625,4095.8805517578126,直连,,True
T006,爬升,O01>S003,4095.8805517578126,4107.4566621093745,直连,,True
T006,爬升,O01>S003,4107.4566621093745,4119.032772460937,直连,,True
T006,爬升,O01>S003,4119.032772460937,4130.6088828125,直连,,True
T006,爬升,O01>S003,4130.6088828125,4142.184993164063,直连,,True
T006,爬升,O01>S003,4142.184993164063,4153.761103515625,直连,,True
T006,爬升,O01>S003,4153.761103515625,4165.3372138671875,直连,,True
T006,爬升,O01>S003,4165.3372138671875,4176.91332421875,直连,,True
T006,爬升,O01>S003,4176.91332421875,4188.489434570312,直连,,True
T006,爬升,O01>S003,4188.489434570312,4200.065544921875,直连,,True
T006,爬升,O01>S003,4200.065544921875,4211.641655273437,直连,,True
T006,巡航,O01>S003,4211.641655273437,4213.634337774685,直连,,True
T006,巡航,O01>S003,4213.634337774685,4215.627020275933,直连,,True
T006,巡航,O01>S003,4215.627020275933,4217.619702777181,直连,,True
T006,巡航,O01>S003,4217.619702777181,4219.61238527843,直连,,True
T006,巡航,O01>S003,4219.61238527843,4221.605067779678,直连,,True
T006,巡航,O01>S003,4221.605067779678,4223.597750280926,直连,,True
T006,巡航,O01>S003,4223.597750280926,4225.5904327821745,直连,,True
T006,巡航,O01>S003,4225.5904327821745,4227.583115283423,直连,,True
T006,巡航,O01>S003,4227.583115283423,4229.575797784671,直连,,True
T006,巡航,O01>S003,4229.575797784671,4231.568480285919,直连,,True
T006,巡航,O01>S003,4231.568480285919,4233.561162787167,直连,,True
T006,巡航,O01>S003,4233.561162787167,4235.553845288416,直连,,True
T006,巡航,O01>S003,4235.553845288416,4237.546527789664,直连,,True
T006,巡航,O01>S003,4237.546527789664,4239.539210290912,直连,,True
T006,巡航,O01>S003,4239.539210290912,4241.53189279216,直连,,True
T006,巡航,O01>S003,4241.53189279216,4243.524575293408,直连,,True
T006,巡航,O01>S003,4243.524575293408,4245.517257794656,直连,,True
T006,巡航,O01>S003,4245.517257794656,4247.509940295904,直连,,True
T006,巡航,O01>S003,4247.509940295904,4249.502622797152,直连,,True
T006,巡航,O01>S003,4249.502622797152,4251.495305298401,直连,,True
T006,巡航,O01>S003,4251.495305298401,4253.487987799649,直连,,True
T006,巡航,O01>S003,4253.487987799649,4255.480670300897,直连,,True
T006,巡航,O01>S003,4255.480670300897,4257.473352802145,直连,,True
T006,巡航,O01>S003,4257.473352802145,4259.466035303393,直连,,True
T006,巡航,O01>S003,4259.466035303393,4261.458717804641,直连,,True
T006,巡航,O01>S003,4261.458717804641,4263.451400305889,直连,,True
T006,巡航,O01>S003,4263.451400305889,4265.444082807137,直连,,True
T006,巡航,O01>S003,4265.444082807137,4267.436765308386,直连,,True
T006,巡航,O01>S003,4267.436765308386,4269.429447809634,直连,,True
T006,巡航,O01>S003,4269.429447809634,4271.4221303108825,直连,,True
T006,巡航,O01>S003,4271.4221303108825,4273.414812812131,直连,,True
T006,巡航,O01>S003,4273.414812812131,4275.407495313379,直连,,True
T006,巡航,O01>S003,4275.407495313379,4277.400177814627,直连,,True
T006,巡航,O01>S003,4277.400177814627,4279.392860315875,直连,,True
T006,巡航,O01>S003,4279.392860315875,4281.385542817123,直连,,True
T006,巡航,O01>S003,4281.385542817123,4283.378225318372,直连,,True
T006,巡航,O01>S003,4283.378225318372,4285.37090781962,直连,,True
T006,巡航,O01>S003,4285.37090781962,4287.363590320868,直连,,True
T006,巡航,O01>S003,4287.363590320868,4289.356272822116,直连,,True
T006,巡航,O01>S003,4289.356272822116,4291.348955323364,直连,,True
T006,巡航,O01>S003,4291.348955323364,4293.341637824612,直连,,True
T006,巡航,O01>S003,4293.341637824612,4295.33432032586,直连,,True
T006,巡航,O01>S003,4295.33432032586,4297.327002827108,直连,,True
T006,巡航,O01>S003,4297.327002827108,4299.319685328357,直连,,True
T006,巡航,O01>S003,4299.319685328357,4301.312367829605,直连,,True
T006,巡航,O01>S003,4301.312367829605,4303.305050330853,直连,,True
T006,巡航,O01>S003,4303.305050330853,4305.297732832101,直连,,True
T006,巡航,O01>S003,4305.297732832101,4307.290415333349,直连,,True
T006,巡航,O01>S003,4307.290415333349,4309.283097834597,直连,,True
T006,巡航,O01>S003,4309.283097834597,4311.275780335845,直连,,True
T006,巡航,O01>S003,4311.275780335845,4313.2684628370935,直连,,True
T006,巡航,O01>S003,4313.2684628370935,4315.261145338342,直连,,True
T006,巡航,O01>S003,4315.261145338342,4317.2538278395905,直连,,True
T006,巡航,O01>S003,4317.2538278395905,4319.2465103408385,直连,,True
T006,巡航,O01>S003,4319.2465103408385,4321.239192842087,直连,,True
T006,巡航,O01>S003,4321.239192842087,4323.231875343335,直连,,True
T006,巡航,O01>S003,4323.231875343335,4325.224557844583,直连,,True
T006,巡航,O01>S003,4325.224557844583,4327.217240345831,直连,,True
T006,巡航,O01>S003,4327.217240345831,4329.20992284708,直连,,True
T006,巡航,O01>S003,4329.20992284708,4331.202605348328,直连,,True
T006,巡航,O01>S003,4331.202605348328,4333.195287849576,直连,,True
T006,巡航,O01>S003,4333.195287849576,4335.187970350824,直连,,True
T006,巡航,O01>S003,4335.187970350824,4337.180652852072,直连,,True
T006,巡航,O01>S003,4337.180652852072,4339.17333535332,直连,,True
T006,巡航,O01>S003,4339.17333535332,4341.166017854568,直连,,True
T006,巡航,O01>S003,4341.166017854568,4343.158700355816,直连,,True
T006,巡航,O01>S003,4343.158700355816,4345.151382857065,直连,,True
T006,巡航,O01>S003,4345.151382857065,4347.144065358313,直连,,True
T006,巡航,O01>S003,4347.144065358313,4349.136747859561,直连,,True
T006,巡航,O01>S003,4349.136747859561,4351.129430360809,直连,,True
T006,巡航,O01>S003,4351.129430360809,4353.122112862057,直连,,True
T006,巡航,O01>S003,4353.122112862057,4355.114795363305,直连,,True
T006,巡航,O01>S003,4355.114795363305,4357.107477864553,直连,,True
T006,巡航,O01>S003,4357.107477864553,4359.1001603658015,直连,,True
T006,巡航,O01>S003,4359.1001603658015,4361.09284286705,直连,,True
T006,巡航,O01>S003,4361.09284286705,4363.0855253682985,直连,,True
T006,巡航,O01>S003,4363.0855253682985,4365.0782078695465,直连,,True
T006,巡航,O01>S003,4365.0782078695465,4367.070890370795,直连,,True
T006,巡航,O01>S003,4367.070890370795,4369.063572872043,直连,,True
T006,巡航,O01>S003,4369.063572872043,4371.056255373291,直连,,True
T006,巡航,O01>S003,4371.056255373291,4373.048937874539,直连,,True
T006,巡航,O01>S003,4373.048937874539,4375.041620375787,直连,,True
T006,巡航,O01>S003,4375.041620375787,4377.034302877036,直连,,True
T006,巡航,O01>S003,4377.034302877036,4379.026985378284,直连,,True
T006,巡航,O01>S003,4379.026985378284,4381.019667879532,直连,,True
T006,巡航,O01>S003,4381.019667879532,4383.01235038078,直连,,True
T006,巡航,O01>S003,4383.01235038078,4385.005032882028,直连,,True
T006,巡航,O01>S003,4385.005032882028,4386.997715383276,直连,,True
T006,巡航,O01>S003,4386.997715383276,4388.990397884524,直连,,True
T006,巡航,O01>S003,4388.990397884524,4390.983080385772,直连,,True
T006,巡航,O01>S003,4390.983080385772,4392.975762887021,直连,,True
T006,巡航,O01>S003,4392.975762887021,4394.968445388269,直连,,True
T006,巡航,O01>S003,4394.968445388269,4396.961127889517,直连,,True
T006,巡航,O01>S003,4396.961127889517,4398.953810390765,直连,,True
T006,巡航,O01>S003,4398.953810390765,4400.946492892013,直连,,True
T006,巡航,O01>S003,4400.946492892013,4402.939175393261,直连,,True
T006,巡航,O01>S003,4402.939175393261,4404.931857894509,直连,,True
T006,巡航,O01>S003,4404.931857894509,4406.9245403957575,直连,,True
T006,巡航,O01>S003,4406.9245403957575,4408.9172228970065,直连,,True
T006,巡航,O01>S003,4408.9172228970065,4410.9099053982545,直连,,True
T006,巡航,O01>S003,4410.9099053982545,4412.902587899503,直连,,True
T006,巡航,O01>S003,4412.902587899503,4414.895270400751,直连,,True
T006,巡航,O01>S003,4414.895270400751,4416.887952901999,直连,,True
T006,巡航,O01>S003,4416.887952901999,4418.880635403247,直连,,True
T006,巡航,O01>S003,4418.880635403247,4420.873317904495,直连,,True
T006,巡航,O01>S003,4420.873317904495,4422.866000405744,直连,,True
T006,巡航,O01>S003,4422.866000405744,4424.858682906992,直连,,True
T006,巡航,O01>S003,4424.858682906992,4426.85136540824,直连,,True
T006,巡航,O01>S003,4426.85136540824,4428.844047909488,直连,,True
T006,巡航,O01>S003,4428.844047909488,4430.836730410736,直连,,True
T006,巡航,O01>S003,4430.836730410736,4432.829412911984,直连,,True
T006,巡航,O01>S003,4432.829412911984,4434.822095413232,直连,,True
T006,巡航,O01>S003,4434.822095413232,4436.81477791448,直连,,True
T006,巡航,O01>S003,4436.81477791448,4438.807460415729,直连,,True
T006,巡航,O01>S003,4438.807460415729,4440.800142916977,直连,,True
T006,巡航,O01>S003,4440.800142916977,4442.792825418225,直连,,True
T006,巡航,O01>S003,4442.792825418225,4444.785507919473,直连,,True
T006,巡航,O01>S003,4444.785507919473,4446.778190420721,直连,,True
T006,巡航,O01>S003,4446.778190420721,4448.770872921969,直连,,True
T006,巡航,O01>S003,4448.770872921969,4450.763555423217,直连,,True
T006,巡航,O01>S003,4450.763555423217,4452.7562379244655,直连,,True
T006,巡航,O01>S003,4452.7562379244655,4454.7489204257145,直连,,True
T006,巡航,O01>S003,4454.7489204257145,4456.7416029269625,直连,,True
T006,巡航,O01>S003,4456.7416029269625,4458.734285428211,直连,,True
T006,巡航,O01>S003,4458.734285428211,4460.726967929459,直连,,True
T006,巡航,O01>S003,4460.726967929459,4462.719650430707,直连,,True
T006,巡航,O01>S003,4462.719650430707,4464.712332931955,直连,,True
T006,巡航,O01>S003,4464.712332931955,4466.705015433203,直连,,True
T006,巡航,O01>S003,4466.705015433203,4468.697697934451,直连,,True
T006,巡航,O01>S003,4468.697697934451,4470.6903804357,直连,,True
T006,巡航,O01>S003,4470.6903804357,4472.683062936948,直连,,True
T006,巡航,O01>S003,4472.683062936948,4474.675745438196,中继兜底,R-S03,True
T006,巡航,O01>S003,4474.675745438196,4476.668427939444,中继兜底,R-S03,True
T006,巡航,O01>S003,4476.668427939444,4478.661110440692,中继兜底,R-S03,True
T006,巡航,O01>S003,4478.661110440692,4480.65379294194,中继兜底,R-S03,True
T006,巡航,O01>S003,4480.65379294194,4482.646475443188,中继兜底,R-S03,True
T006,巡航,O01>S003,4482.646475443188,4484.639157944437,中继兜底,R-S03,True
T006,巡航,O01>S003,4484.639157944437,4486.631840445685,中继兜底,R-S03,True
T006,巡航,O01>S003,4486.631840445685,4488.624522946933,中继兜底,R-S03,True
T006,巡航,O01>S003,4488.624522946933,4490.617205448181,中继兜底,R-S03,True
T006,巡航,O01>S003,4490.617205448181,4492.609887949429,中继兜底,R-S03,True
T006,巡航,O01>S003,4492.609887949429,4494.602570450677,中继兜底,R-S03,True
T006,巡航,O01>S003,4494.602570450677,4496.595252951925,中继兜底,R-S03,True
T006,巡航,O01>S003,4496.595252951925,4498.5879354531735,中继兜底,R-S03,True
T006,巡航,O01>S003,4498.5879354531735,4500.5806179544215,中继兜底,R-S03,True
T006,巡航,O01>S003,4500.5806179544215,4502.5733004556705,中继兜底,R-S03,True
T006,巡航,O01>S003,4502.5733004556705,4504.565982956919,中继兜底,R-S03,True
T006,巡航,O01>S003,4504.565982956919,4506.558665458167,中继兜底,R-S03,True
T006,巡航,O01>S003,4506.558665458167,4508.551347959415,中继兜底,R-S03,True
T006,巡航,O01>S003,4508.551347959415,4510.544030460663,中继兜底,R-S03,True
T006,巡航,O01>S003,4510.544030460663,4512.536712961911,中继兜底,R-S03,True
T006,巡航,O01>S003,4512.536712961911,4514.529395463159,中继兜底,R-S03,True
T006,巡航,O01>S003,4514.529395463159,4516.522077964408,中继兜底,R-S03,True
T006,巡航,O01>S003,4516.522077964408,4518.514760465656,中继兜底,R-S03,True
T006,巡航,O01>S003,4518.514760465656,4520.507442966904,中继兜底,R-S03,True
T006,巡航,O01>S003,4520.507442966904,4522.500125468152,中继兜底,R-S03,True
T006,巡航,O01>S003,4522.500125468152,4524.4928079694,中继兜底,R-S03,True
T006,巡航,O01>S003,4524.4928079694,4526.485490470648,中继兜底,R-S03,True
T006,巡航,O01>S003,4526.485490470648,4528.478172971896,中继兜底,R-S03,True
T006,巡航,O01>S003,4528.478172971896,4530.470855473144,中继兜底,R-S03,True
T006,巡航,O01>S003,4530.470855473144,4532.463537974392,中继兜底,R-S03,True
T006,巡航,O01>S003,4532.463537974392,4534.456220475641,中继兜底,R-S03,True
T006,巡航,O01>S003,4534.456220475641,4536.448902976889,中继兜底,R-S03,True
T006,巡航,O01>S003,4536.448902976889,4538.441585478137,中继兜底,R-S03,True
T006,巡航,O01>S003,4538.441585478137,4540.434267979385,中继兜底,R-S03,True
T006,巡航,O01>S003,4540.434267979385,4542.426950480633,中继兜底,R-S03,True
T006,巡航,O01>S003,4542.426950480633,4544.4196329818815,中继兜底,R-S03,True
T006,巡航,O01>S003,4544.4196329818815,4546.4123154831295,中继兜底,R-S03,True
T006,巡航,O01>S003,4546.4123154831295,4548.4049979843785,中继兜底,R-S03,True
T006,巡航,O01>S003,4548.4049979843785,4550.397680485627,中继兜底,R-S03,True
T006,巡航,O01>S003,4550.397680485627,4552.390362986875,中继兜底,R-S03,True
T006,巡航,O01>S003,4552.390362986875,4554.383045488123,中继兜底,R-S03,True
T006,巡航,O01>S003,4554.383045488123,4556.375727989371,中继兜底,R-S03,True
T006,巡航,O01>S003,4556.375727989371,4558.368410490619,中继兜底,R-S03,True
T006,巡航,O01>S003,4558.368410490619,4560.361092991867,中继兜底,R-S03,True
T006,巡航,O01>S003,4560.361092991867,4562.353775493115,中继兜底,R-S03,True
T006,巡航,O01>S003,4562.353775493115,4564.346457994364,中继兜底,R-S03,True
T006,巡航,O01>S003,4564.346457994364,4566.339140495612,中继兜底,R-S03,True
T006,巡航,O01>S003,4566.339140495612,4568.33182299686,中继兜底,R-S03,True
T006,巡航,O01>S003,4568.33182299686,4570.324505498108,中继兜底,R-S03,True
T006,巡航,O01>S003,4570.324505498108,4572.317187999356,中继兜底,R-S03,True
T006,巡航,O01>S003,4572.317187999356,4574.309870500604,中继兜底,R-S03,True
T006,巡航,O01>S003,4574.309870500604,4576.302553001852,中继兜底,R-S03,True
T006,巡航,O01>S003,4576.302553001852,4578.295235503101,中继兜底,R-S03,True
T006,巡航,O01>S003,4578.295235503101,4580.287918004349,中继兜底,R-S03,True
T006,巡航,O01>S003,4580.287918004349,4582.280600505597,中继兜底,R-S03,True
T006,巡航,O01>S003,4582.280600505597,4584.273283006845,中继兜底,R-S03,True
T006,巡航,O01>S003,4584.273283006845,4586.265965508093,中继兜底,R-S03,True
T006,巡航,O01>S003,4586.265965508093,4588.258648009341,中继兜底,R-S03,True
T006,巡航,O01>S003,4588.258648009341,4590.2513305105895,中继兜底,R-S03,True
T006,巡航,O01>S003,4590.2513305105895,4592.2440130118375,中继兜底,R-S03,True
T006,巡航,O01>S003,4592.2440130118375,4594.236695513086,中继兜底,R-S03,True
T006,巡航,O01>S003,4594.236695513086,4596.2293780143345,中继兜底,R-S03,True
T006,巡航,O01>S003,4596.2293780143345,4598.222060515583,中继兜底,R-S03,True
T006,巡航,O01>S003,4598.222060515583,4600.214743016831,中继兜底,R-S03,True
T006,巡航,O01>S003,4600.214743016831,4602.207425518079,中继兜底,R-S03,True
T006,巡航,O01>S003,4602.207425518079,4604.200108019327,中继兜底,R-S03,True
T006,巡航,O01>S003,4604.200108019327,4606.192790520575,中继兜底,R-S03,True
T006,巡航,O01>S003,4606.192790520575,4608.185473021823,中继兜底,R-S03,True
T006,巡航,O01>S003,4608.185473021823,4610.178155523072,中继兜底,R-S03,True
T006,巡航,O01>S003,4610.178155523072,4612.17083802432,中继兜底,R-S03,True
T006,巡航,O01>S003,4612.17083802432,4614.163520525568,中继兜底,R-S03,True
T006,巡航,O01>S003,4614.163520525568,4616.156203026816,中继兜底,R-S03,True
T006,巡航,O01>S003,4616.156203026816,4618.148885528064,中继兜底,R-S03,True
T006,巡航,O01>S003,4618.148885528064,4620.141568029312,中继兜底,R-S03,True
T006,巡航,O01>S003,4620.141568029312,4622.13425053056,中继兜底,R-S03,True
T006,巡航,O01>S003,4622.13425053056,4624.126933031808,中继兜底,R-S03,True
T006,巡航,O01>S003,4624.126933031808,4626.119615533056,中继兜底,R-S03,True
T006,巡航,O01>S003,4626.119615533056,4628.112298034305,中继兜底,R-S03,True
T006,巡航,O01>S003,4628.112298034305,4630.104980535553,中继兜底,R-S03,True
T006,巡航,O01>S003,4630.104980535553,4632.097663036801,中继兜底,R-S03,True
T006,巡航,O01>S003,4632.097663036801,4634.090345538049,中继兜底,R-S03,True
T006,巡航,O01>S003,4634.090345538049,4636.0830280392975,中继兜底,R-S03,True
T006,巡航,O01>S003,4636.0830280392975,4638.0757105405455,中继兜底,R-S03,True
T006,巡航,O01>S003,4638.0757105405455,4640.068393041794,中继兜底,R-S03,True
T006,巡航,O01>S003,4640.068393041794,4642.0610755430425,中继兜底,R-S03,True
T006,巡航,O01>S003,4642.0610755430425,4644.053758044291,中继兜底,R-S03,True
T006,巡航,O01>S003,4644.053758044291,4646.046440545539,中继兜底,R-S03,True
T006,巡航,O01>S003,4646.046440545539,4648.039123046787,中继兜底,R-S03,True
T006,巡航,O01>S003,4648.039123046787,4650.031805548035,中继兜底,R-S03,True
T006,巡航,O01>S003,4650.031805548035,4652.024488049283,中继兜底,R-S03,True
T006,巡航,O01>S003,4652.024488049283,4654.017170550531,中继兜底,R-S03,True
T006,巡航,O01>S003,4654.017170550531,4656.009853051779,中继兜底,R-S03,True
T006,巡航,O01>S003,4656.009853051779,4658.002535553028,中继兜底,R-S03,True
T006,巡航,O01>S003,4658.002535553028,4659.995218054276,中继兜底,R-S03,True
T006,巡航,O01>S003,4659.995218054276,4661.987900555524,中继兜底,R-S03,True
T006,巡航,O01>S003,4661.987900555524,4663.980583056772,中继兜底,R-S03,True
T006,巡航,O01>S003,4663.980583056772,4665.97326555802,中继兜底,R-S03,True
T006,巡航,O01>S003,4665.97326555802,4667.965948059268,中继兜底,R-S03,True
T006,巡航,O01>S003,4667.965948059268,4669.958630560516,中继兜底,R-S03,True
T006,巡航,O01>S003,4669.958630560516,4671.951313061765,中继兜底,R-S03,True
T006,巡航,O01>S003,4671.951313061765,4673.943995563013,中继兜底,R-S03,True
T006,巡航,O01>S003,4673.943995563013,4675.936678064261,中继兜底,R-S03,True
T006,巡航,O01>S003,4675.936678064261,4677.929360565509,中继兜底,R-S03,True
T006,巡航,O01>S003,4677.929360565509,4679.922043066757,中继兜底,R-S03,True
T006,巡航,O01>S003,4679.922043066757,4681.914725568005,中继兜底,R-S03,True
T006,巡航,O01>S003,4681.914725568005,4683.9074080692535,中继兜底,R-S03,True
T006,巡航,O01>S003,4683.9074080692535,4685.900090570502,中继兜底,R-S03,True
T006,巡航,O01>S003,4685.900090570502,4687.89277307175,中继兜底,R-S03,True
T006,巡航,O01>S003,4687.89277307175,4689.885455572999,中继兜底,R-S03,True
T006,巡航,O01>S003,4689.885455572999,4691.878138074247,中继兜底,R-S03,True
T006,巡航,O01>S003,4691.878138074247,4693.870820575495,中继兜底,R-S03,True
T006,巡航,O01>S003,4693.870820575495,4695.863503076743,中继兜底,R-S03,True
T006,下降,O01>S003,4695.863503076743,4709.820011713217,中继兜底,R-S03,True
T006,下降,O01>S003,4709.820011713217,4723.776520349692,中继兜底,R-S03,True
T006,下降,O01>S003,4723.776520349692,4737.733028986167,中继兜底,R-S03,True
T006,下降,O01>S003,4737.733028986167,4751.689537622641,中继兜底,R-S03,True
T006,下降,O01>S003,4751.689537622641,4765.646046259116,中继兜底,R-S03,True
T006,下降,O01>S003,4765.646046259116,4779.60255489559,中继兜底,R-S03,True
T006,下降,O01>S003,4779.60255489559,4793.559063532065,中继兜底,R-S03,True
T006,下降,O01>S003,4793.559063532065,4807.51557216854,中继兜底,R-S03,True
T006,投送,S003,4807.51557216854,5167.51557216854,中继兜底,R-S03,True
T006,爬升,S003>O01,5167.51557216854,5178.680779077719,中继兜底,R-S03,True
T006,爬升,S003>O01,5178.680779077719,5189.845985986899,中继兜底,R-S03,True
T006,爬升,S003>O01,5189.845985986899,5201.011192896079,中继兜底,R-S03,True
T006,爬升,S003>O01,5201.011192896079,5212.176399805258,中继兜底,R-S03,True
T006,爬升,S003>O01,5212.176399805258,5223.341606714438,中继兜底,R-S03,True
T006,爬升,S003>O01,5223.341606714438,5234.506813623618,中继兜底,R-S03,True
T006,爬升,S003>O01,5234.506813623618,5245.672020532797,中继兜底,R-S03,True
T006,爬升,S003>O01,5245.672020532797,5256.837227441977,中继兜底,R-S03,True
T006,巡航,S003>O01,5256.837227441977,5258.829909943225,中继兜底,R-S03,True
T006,巡航,S003>O01,5258.829909943225,5260.822592444473,中继兜底,R-S03,True
T006,巡航,S003>O01,5260.822592444473,5262.815274945721,中继兜底,R-S03,True
T006,巡航,S003>O01,5262.815274945721,5264.80795744697,中继兜底,R-S03,True
T006,巡航,S003>O01,5264.80795744697,5266.800639948218,中继兜底,R-S03,True
T006,巡航,S003>O01,5266.800639948218,5268.793322449466,中继兜底,R-S03,True
T006,巡航,S003>O01,5268.793322449466,5270.786004950714,中继兜底,R-S03,True
T006,巡航,S003>O01,5270.786004950714,5272.7786874519625,中继兜底,R-S03,True
T006,巡航,S003>O01,5272.7786874519625,5274.7713699532105,中继兜底,R-S03,True
T006,巡航,S003>O01,5274.7713699532105,5276.764052454459,中继兜底,R-S03,True
T006,巡航,S003>O01,5276.764052454459,5278.756734955707,中继兜底,R-S03,True
T006,巡航,S003>O01,5278.756734955707,5280.749417456956,中继兜底,R-S03,True
T006,巡航,S003>O01,5280.749417456956,5282.742099958204,中继兜底,R-S03,True
T006,巡航,S003>O01,5282.742099958204,5284.734782459452,中继兜底,R-S03,True
T006,巡航,S003>O01,5284.734782459452,5286.7274649607,中继兜底,R-S03,True
T006,巡航,S003>O01,5286.7274649607,5288.720147461948,中继兜底,R-S03,True
T006,巡航,S003>O01,5288.720147461948,5290.712829963196,中继兜底,R-S03,True
T006,巡航,S003>O01,5290.712829963196,5292.705512464444,中继兜底,R-S03,True
T006,巡航,S003>O01,5292.705512464444,5294.698194965692,中继兜底,R-S03,True
T006,巡航,S003>O01,5294.698194965692,5296.690877466941,中继兜底,R-S03,True
T006,巡航,S003>O01,5296.690877466941,5298.683559968189,中继兜底,R-S03,True
T006,巡航,S003>O01,5298.683559968189,5300.676242469437,中继兜底,R-S03,True
T006,巡航,S003>O01,5300.676242469437,5302.668924970685,中继兜底,R-S03,True
T006,巡航,S003>O01,5302.668924970685,5304.661607471933,中继兜底,R-S03,True
T006,巡航,S003>O01,5304.661607471933,5306.654289973181,中继兜底,R-S03,True
T006,巡航,S003>O01,5306.654289973181,5308.646972474429,中继兜底,R-S03,True
T006,巡航,S003>O01,5308.646972474429,5310.639654975677,中继兜底,R-S03,True
T006,巡航,S003>O01,5310.639654975677,5312.632337476926,中继兜底,R-S03,True
T006,巡航,S003>O01,5312.632337476926,5314.625019978174,中继兜底,R-S03,True
T006,巡航,S003>O01,5314.625019978174,5316.617702479422,中继兜底,R-S03,True
T006,巡航,S003>O01,5316.617702479422,5318.6103849806705,中继兜底,R-S03,True
T006,巡航,S003>O01,5318.6103849806705,5320.6030674819185,中继兜底,R-S03,True
T006,巡航,S003>O01,5320.6030674819185,5322.595749983167,中继兜底,R-S03,True
T006,巡航,S003>O01,5322.595749983167,5324.588432484415,中继兜底,R-S03,True
T006,巡航,S003>O01,5324.588432484415,5326.581114985663,中继兜底,R-S03,True
T006,巡航,S003>O01,5326.581114985663,5328.573797486912,中继兜底,R-S03,True
T006,巡航,S003>O01,5328.573797486912,5330.56647998816,中继兜底,R-S03,True
T006,巡航,S003>O01,5330.56647998816,5332.559162489408,中继兜底,R-S03,True
T006,巡航,S003>O01,5332.559162489408,5334.551844990656,中继兜底,R-S03,True
T006,巡航,S003>O01,5334.551844990656,5336.544527491904,中继兜底,R-S03,True
T006,巡航,S003>O01,5336.544527491904,5338.537209993152,中继兜底,R-S03,True
T006,巡航,S003>O01,5338.537209993152,5340.5298924944,中继兜底,R-S03,True
T006,巡航,S003>O01,5340.5298924944,5342.522574995648,中继兜底,R-S03,True
T006,巡航,S003>O01,5342.522574995648,5344.515257496897,中继兜底,R-S03,True
T006,巡航,S003>O01,5344.515257496897,5346.507939998145,中继兜底,R-S03,True
T006,巡航,S003>O01,5346.507939998145,5348.500622499393,中继兜底,R-S03,True
T006,巡航,S003>O01,5348.500622499393,5350.493305000641,中继兜底,R-S03,True
T006,巡航,S003>O01,5350.493305000641,5352.485987501889,中继兜底,R-S03,True
T006,巡航,S003>O01,5352.485987501889,5354.478670003137,中继兜底,R-S03,True
T006,巡航,S003>O01,5354.478670003137,5356.471352504385,中继兜底,R-S03,True
T006,巡航,S003>O01,5356.471352504385,5358.464035005634,中继兜底,R-S03,True
T006,巡航,S003>O01,5358.464035005634,5360.456717506882,中继兜底,R-S03,True
T006,巡航,S003>O01,5360.456717506882,5362.44940000813,中继兜底,R-S03,True
T006,巡航,S003>O01,5362.44940000813,5364.442082509378,中继兜底,R-S03,True
T006,巡航,S003>O01,5364.442082509378,5366.4347650106265,中继兜底,R-S03,True
T006,巡航,S003>O01,5366.4347650106265,5368.427447511875,中继兜底,R-S03,True
T006,巡航,S003>O01,5368.427447511875,5370.420130013123,中继兜底,R-S03,True
T006,巡航,S003>O01,5370.420130013123,5372.412812514371,中继兜底,R-S03,True
T006,巡航,S003>O01,5372.412812514371,5374.40549501562,中继兜底,R-S03,True
T006,巡航,S003>O01,5374.40549501562,5376.398177516868,中继兜底,R-S03,True
T006,巡航,S003>O01,5376.398177516868,5378.390860018116,中继兜底,R-S03,True
T006,巡航,S003>O01,5378.390860018116,5380.383542519364,中继兜底,R-S03,True
T006,巡航,S003>O01,5380.383542519364,5382.376225020612,中继兜底,R-S03,True
T006,巡航,S003>O01,5382.376225020612,5384.36890752186,中继兜底,R-S03,True
T006,巡航,S003>O01,5384.36890752186,5386.361590023108,中继兜底,R-S03,True
T006,巡航,S003>O01,5386.361590023108,5388.354272524356,中继兜底,R-S03,True
T006,巡航,S003>O01,5388.354272524356,5390.346955025605,中继兜底,R-S03,True
T006,巡航,S003>O01,5390.346955025605,5392.339637526853,中继兜底,R-S03,True
T006,巡航,S003>O01,5392.339637526853,5394.332320028101,中继兜底,R-S03,True
T006,巡航,S003>O01,5394.332320028101,5396.325002529349,中继兜底,R-S03,True
T006,巡航,S003>O01,5396.325002529349,5398.317685030597,中继兜底,R-S03,True
T006,巡航,S003>O01,5398.317685030597,5400.310367531845,中继兜底,R-S03,True
T006,巡航,S003>O01,5400.310367531845,5402.303050033093,中继兜底,R-S03,True
T006,巡航,S003>O01,5402.303050033093,5404.295732534341,中继兜底,R-S03,True
T006,巡航,S003>O01,5404.295732534341,5406.28841503559,中继兜底,R-S03,True
T006,巡航,S003>O01,5406.28841503559,5408.281097536838,中继兜底,R-S03,True
T006,巡航,S003>O01,5408.281097536838,5410.273780038086,中继兜底,R-S03,True
T006,巡航,S003>O01,5410.273780038086,5412.2664625393345,中继兜底,R-S03,True
T006,巡航,S003>O01,5412.2664625393345,5414.259145040583,中继兜底,R-S03,True
T006,巡航,S003>O01,5414.259145040583,5416.251827541831,中继兜底,R-S03,True
T006,巡航,S003>O01,5416.251827541831,5418.244510043079,中继兜底,R-S03,True
T006,巡航,S003>O01,5418.244510043079,5420.237192544327,中继兜底,R-S03,True
T006,巡航,S003>O01,5420.237192544327,5422.229875045576,中继兜底,R-S03,True
T006,巡航,S003>O01,5422.229875045576,5424.222557546824,中继兜底,R-S03,True
T006,巡航,S003>O01,5424.222557546824,5426.215240048072,中继兜底,R-S03,True
T006,巡航,S003>O01,5426.215240048072,5428.20792254932,中继兜底,R-S03,True
T006,巡航,S003>O01,5428.20792254932,5430.200605050568,中继兜底,R-S03,True
T006,巡航,S003>O01,5430.200605050568,5432.193287551816,中继兜底,R-S03,True
T006,巡航,S003>O01,5432.193287551816,5434.185970053064,中继兜底,R-S03,True
T006,巡航,S003>O01,5434.185970053064,5436.178652554312,中继兜底,R-S03,True
T006,巡航,S003>O01,5436.178652554312,5438.171335055561,中继兜底,R-S03,True
T006,巡航,S003>O01,5438.171335055561,5440.164017556809,中继兜底,R-S03,True
T006,巡航,S003>O01,5440.164017556809,5442.156700058057,中继兜底,R-S03,True
T006,巡航,S003>O01,5442.156700058057,5444.149382559305,中继兜底,R-S03,True
T006,巡航,S003>O01,5444.149382559305,5446.142065060553,中继兜底,R-S03,True
T006,巡航,S003>O01,5446.142065060553,5448.134747561801,中继兜底,R-S03,True
T006,巡航,S003>O01,5448.134747561801,5450.127430063049,中继兜底,R-S03,True
T006,巡航,S003>O01,5450.127430063049,5452.120112564298,中继兜底,R-S03,True
T006,巡航,S003>O01,5452.120112564298,5454.112795065546,中继兜底,R-S03,True
T006,巡航,S003>O01,5454.112795065546,5456.105477566794,中继兜底,R-S03,True
T006,巡航,S003>O01,5456.105477566794,5458.0981600680425,中继兜底,R-S03,True
T006,巡航,S003>O01,5458.0981600680425,5460.0908425692905,中继兜底,R-S03,True
T006,巡航,S003>O01,5460.0908425692905,5462.083525070539,中继兜底,R-S03,True
T006,巡航,S003>O01,5462.083525070539,5464.076207571787,中继兜底,R-S03,True
T006,巡航,S003>O01,5464.076207571787,5466.068890073035,中继兜底,R-S03,True
T006,巡航,S003>O01,5466.068890073035,5468.061572574284,中继兜底,R-S03,True
T006,巡航,S003>O01,5468.061572574284,5470.054255075532,中继兜底,R-S03,True
T006,巡航,S003>O01,5470.054255075532,5472.04693757678,中继兜底,R-S03,True
T006,巡航,S003>O01,5472.04693757678,5474.039620078028,中继兜底,R-S03,True
T006,巡航,S003>O01,5474.039620078028,5476.032302579276,中继兜底,R-S03,True
T006,巡航,S003>O01,5476.032302579276,5478.024985080524,中继兜底,R-S03,True
T006,巡航,S003>O01,5478.024985080524,5479.021326331148,中继兜底,R-S03,True
T006,巡航,S003>O01,5479.021326331148,5480.017667581772,直连,,True
T006,巡航,S003>O01,5480.017667581772,5482.01035008302,直连,,True
T006,巡航,S003>O01,5482.01035008302,5484.003032584269,直连,,True
T006,巡航,S003>O01,5484.003032584269,5485.995715085517,直连,,True
T006,巡航,S003>O01,5485.995715085517,5487.988397586765,直连,,True
T006,巡航,S003>O01,5487.988397586765,5489.981080088013,直连,,True
T006,巡航,S003>O01,5489.981080088013,5491.973762589261,直连,,True
T006,巡航,S003>O01,5491.973762589261,5493.966445090509,直连,,True
T006,巡航,S003>O01,5493.966445090509,5495.959127591757,直连,,True
T006,巡航,S003>O01,5495.959127591757,5497.951810093005,直连,,True
T006,巡航,S003>O01,5497.951810093005,5499.944492594254,直连,,True
T006,巡航,S003>O01,5499.944492594254,5501.937175095502,直连,,True
T006,巡航,S003>O01,5501.937175095502,5503.9298575967505,直连,,True
T006,巡航,S003>O01,5503.9298575967505,5505.9225400979985,直连,,True
T006,巡航,S003>O01,5505.9225400979985,5507.915222599247,直连,,True
T006,巡航,S003>O01,5507.915222599247,5509.907905100495,直连,,True
T006,巡航,S003>O01,5509.907905100495,5511.900587601743,直连,,True
T006,巡航,S003>O01,5511.900587601743,5513.893270102992,直连,,True
T006,巡航,S003>O01,5513.893270102992,5515.88595260424,直连,,True
T006,巡航,S003>O01,5515.88595260424,5517.878635105488,直连,,True
T006,巡航,S003>O01,5517.878635105488,5519.871317606736,直连,,True
T006,巡航,S003>O01,5519.871317606736,5521.864000107984,直连,,True
T006,巡航,S003>O01,5521.864000107984,5523.856682609232,直连,,True
T006,巡航,S003>O01,5523.856682609232,5525.84936511048,直连,,True
T006,巡航,S003>O01,5525.84936511048,5527.842047611728,直连,,True
T006,巡航,S003>O01,5527.842047611728,5529.834730112976,直连,,True
T006,巡航,S003>O01,5529.834730112976,5531.827412614225,直连,,True
T006,巡航,S003>O01,5531.827412614225,5533.820095115473,直连,,True
T006,巡航,S003>O01,5533.820095115473,5535.812777616721,直连,,True
T006,巡航,S003>O01,5535.812777616721,5537.805460117969,直连,,True
T006,巡航,S003>O01,5537.805460117969,5539.798142619217,直连,,True
T006,巡航,S003>O01,5539.798142619217,5541.790825120465,直连,,True
T006,巡航,S003>O01,5541.790825120465,5543.783507621713,直连,,True
T006,巡航,S003>O01,5543.783507621713,5545.776190122962,直连,,True
T006,巡航,S003>O01,5545.776190122962,5547.76887262421,直连,,True
T006,巡航,S003>O01,5547.76887262421,5549.7615551254585,直连,,True
T006,巡航,S003>O01,5549.7615551254585,5551.7542376267065,直连,,True
T006,巡航,S003>O01,5551.7542376267065,5553.746920127955,直连,,True
T006,巡航,S003>O01,5553.746920127955,5555.739602629203,直连,,True
T006,巡航,S003>O01,5555.739602629203,5557.732285130451,直连,,True
T006,巡航,S003>O01,5557.732285130451,5559.724967631699,直连,,True
T006,巡航,S003>O01,5559.724967631699,5561.717650132947,直连,,True
T006,巡航,S003>O01,5561.717650132947,5563.710332634196,直连,,True
T006,巡航,S003>O01,5563.710332634196,5565.703015135444,直连,,True
T006,巡航,S003>O01,5565.703015135444,5567.695697636692,直连,,True
T006,巡航,S003>O01,5567.695697636692,5569.68838013794,直连,,True
T006,巡航,S003>O01,5569.68838013794,5571.681062639188,直连,,True
T006,巡航,S003>O01,5571.681062639188,5573.673745140436,直连,,True
T006,巡航,S003>O01,5573.673745140436,5575.666427641684,直连,,True
T006,巡航,S003>O01,5575.666427641684,5577.659110142933,直连,,True
T006,巡航,S003>O01,5577.659110142933,5579.651792644181,直连,,True
T006,巡航,S003>O01,5579.651792644181,5581.644475145429,直连,,True
T006,巡航,S003>O01,5581.644475145429,5583.637157646677,直连,,True
T006,巡航,S003>O01,5583.637157646677,5585.629840147925,直连,,True
T006,巡航,S003>O01,5585.629840147925,5587.622522649173,直连,,True
T006,巡航,S003>O01,5587.622522649173,5589.615205150421,直连,,True
T006,巡航,S003>O01,5589.615205150421,5591.607887651669,直连,,True
T006,巡航,S003>O01,5591.607887651669,5593.600570152918,直连,,True
T006,巡航,S003>O01,5593.600570152918,5595.5932526541665,直连,,True
T006,巡航,S003>O01,5595.5932526541665,5597.5859351554145,直连,,True
T006,巡航,S003>O01,5597.5859351554145,5599.578617656663,直连,,True
T006,巡航,S003>O01,5599.578617656663,5601.571300157911,直连,,True
T006,巡航,S003>O01,5601.571300157911,5603.563982659159,直连,,True
T006,巡航,S003>O01,5603.563982659159,5605.556665160407,直连,,True
T006,巡航,S003>O01,5605.556665160407,5607.549347661656,直连,,True
T006,巡航,S003>O01,5607.549347661656,5609.542030162904,直连,,True
T006,巡航,S003>O01,5609.542030162904,5611.534712664152,直连,,True
T006,巡航,S003>O01,5611.534712664152,5613.5273951654,直连,,True
T006,巡航,S003>O01,5613.5273951654,5615.520077666648,直连,,True
T006,巡航,S003>O01,5615.520077666648,5617.512760167896,直连,,True
T006,巡航,S003>O01,5617.512760167896,5619.505442669144,直连,,True
T006,巡航,S003>O01,5619.505442669144,5621.498125170392,直连,,True
T006,巡航,S003>O01,5621.498125170392,5623.49080767164,直连,,True
T006,巡航,S003>O01,5623.49080767164,5625.483490172889,直连,,True
T006,巡航,S003>O01,5625.483490172889,5627.476172674137,直连,,True
T006,巡航,S003>O01,5627.476172674137,5629.468855175385,直连,,True
T006,巡航,S003>O01,5629.468855175385,5631.461537676633,直连,,True
T006,巡航,S003>O01,5631.461537676633,5633.454220177881,直连,,True
T006,巡航,S003>O01,5633.454220177881,5635.446902679129,直连,,True
T006,巡航,S003>O01,5635.446902679129,5637.439585180377,直连,,True
T006,巡航,S003>O01,5637.439585180377,5639.432267681626,直连,,True
T006,巡航,S003>O01,5639.432267681626,5641.424950182874,直连,,True
T006,巡航,S003>O01,5641.424950182874,5643.4176326841225,直连,,True
T006,巡航,S003>O01,5643.4176326841225,5645.410315185371,直连,,True
T006,巡航,S003>O01,5645.410315185371,5647.402997686619,直连,,True
T006,巡航,S003>O01,5647.402997686619,5649.395680187867,直连,,True
T006,巡航,S003>O01,5649.395680187867,5651.388362689115,直连,,True
T006,巡航,S003>O01,5651.388362689115,5653.381045190363,直连,,True
T006,巡航,S003>O01,5653.381045190363,5655.373727691611,直连,,True
T006,巡航,S003>O01,5655.373727691611,5657.36641019286,直连,,True
T006,巡航,S003>O01,5657.36641019286,5659.359092694108,直连,,True
T006,巡航,S003>O01,5659.359092694108,5661.351775195356,直连,,True
T006,巡航,S003>O01,5661.351775195356,5663.344457696604,直连,,True
T006,巡航,S003>O01,5663.344457696604,5665.337140197852,直连,,True
T006,巡航,S003>O01,5665.337140197852,5667.3298226991,直连,,True
T006,巡航,S003>O01,5667.3298226991,5669.322505200348,直连,,True
T006,巡航,S003>O01,5669.322505200348,5671.315187701597,直连,,True
T006,巡航,S003>O01,5671.315187701597,5673.307870202845,直连,,True
T006,巡航,S003>O01,5673.307870202845,5675.300552704093,直连,,True
T006,巡航,S003>O01,5675.300552704093,5677.293235205341,直连,,True
T006,巡航,S003>O01,5677.293235205341,5679.285917706589,直连,,True
T006,巡航,S003>O01,5679.285917706589,5681.278600207837,直连,,True
T006,巡航,S003>O01,5681.278600207837,5683.271282709085,直连,,True
T006,巡航,S003>O01,5683.271282709085,5685.2639652103335,直连,,True
T006,巡航,S003>O01,5685.2639652103335,5687.2566477115815,直连,,True
T006,巡航,S003>O01,5687.2566477115815,5689.2493302128305,直连,,True
T006,巡航,S003>O01,5689.2493302128305,5691.242012714079,直连,,True
T006,巡航,S003>O01,5691.242012714079,5693.234695215327,直连,,True
T006,巡航,S003>O01,5693.234695215327,5695.227377716575,直连,,True
T006,巡航,S003>O01,5695.227377716575,5697.220060217823,直连,,True
T006,巡航,S003>O01,5697.220060217823,5699.212742719071,直连,,True
T006,巡航,S003>O01,5699.212742719071,5701.20542522032,直连,,True
T006,巡航,S003>O01,5701.20542522032,5703.198107721568,直连,,True
T006,巡航,S003>O01,5703.198107721568,5705.190790222816,直连,,True
T006,巡航,S003>O01,5705.190790222816,5707.183472724064,直连,,True
T006,巡航,S003>O01,5707.183472724064,5709.176155225312,直连,,True
T006,巡航,S003>O01,5709.176155225312,5711.16883772656,直连,,True
T006,巡航,S003>O01,5711.16883772656,5713.161520227808,直连,,True
T006,巡航,S003>O01,5713.161520227808,5715.154202729056,直连,,True
T006,巡航,S003>O01,5715.154202729056,5717.146885230304,直连,,True
T006,巡航,S003>O01,5717.146885230304,5719.139567731553,直连,,True
T006,巡航,S003>O01,5719.139567731553,5721.132250232801,直连,,True
T006,巡航,S003>O01,5721.132250232801,5723.124932734049,直连,,True
T006,巡航,S003>O01,5723.124932734049,5725.117615235297,直连,,True
T006,巡航,S003>O01,5725.117615235297,5727.110297736545,直连,,True
T006,巡航,S003>O01,5727.110297736545,5729.102980237793,直连,,True
T006,巡航,S003>O01,5729.102980237793,5731.0956627390415,直连,,True
T006,巡航,S003>O01,5731.0956627390415,5733.08834524029,直连,,True
T006,巡航,S003>O01,5733.08834524029,5735.0810277415385,直连,,True
T006,巡航,S003>O01,5735.0810277415385,5737.073710242787,直连,,True
T006,巡航,S003>O01,5737.073710242787,5739.066392744035,直连,,True
T006,巡航,S003>O01,5739.066392744035,5741.059075245283,直连,,True
T006,下降,S003>O01,5741.059075245283,5755.529213184735,直连,,True
T006,下降,S003>O01,5755.529213184735,5769.999351124189,直连,,True
T006,下降,S003>O01,5769.999351124189,5784.469489063642,直连,,True
T006,下降,S003>O01,5784.469489063642,5798.939627003095,直连,,True
T006,下降,S003>O01,5798.939627003095,5813.4097649425485,直连,,True
T006,下降,S003>O01,5813.4097649425485,5827.879902882001,直连,,True
T006,下降,S003>O01,5827.879902882001,5842.350040821454,直连,,True
T006,下降,S003>O01,5842.350040821454,5856.820178760908,直连,,True
T006,下降,S003>O01,5856.820178760908,5871.290316700361,直连,,True
T006,下降,S003>O01,5871.290316700361,5885.760454639813,直连,,True
T006,下降,S003>O01,5885.760454639813,5900.230592579267,直连,,True
T006,下降,S003>O01,5900.230592579267,5914.70073051872,直连,,True
T006,下降,S003>O01,5914.70073051872,5929.170868458173,直连,,True
T006,下降,S003>O01,5929.170868458173,5943.641006397626,直连,,True
T006,下降,S003>O01,5943.641006397626,5958.111144337079,直连,,True
T007,爬升,O01>S003,4183.0,4192.6467586263025,直连,,True
T007,爬升,O01>S003,4192.6467586263025,4202.293517252604,直连,,True
T007,爬升,O01>S003,4202.293517252604,4211.9402758789065,直连,,True
T007,爬升,O01>S003,4211.9402758789065,4221.587034505208,直连,,True
T007,爬升,O01>S003,4221.587034505208,4231.2337931315105,直连,,True
T007,爬升,O01>S003,4231.2337931315105,4240.880551757813,直连,,True
T007,爬升,O01>S003,4240.880551757813,4250.527310384115,直连,,True
T007,爬升,O01>S003,4250.527310384115,4260.174069010417,直连,,True
T007,爬升,O01>S003,4260.174069010417,4269.820827636719,直连,,True
T007,爬升,O01>S003,4269.820827636719,4279.467586263021,直连,,True
T007,爬升,O01>S003,4279.467586263021,4289.114344889324,直连,,True
T007,爬升,O01>S003,4289.114344889324,4298.761103515625,直连,,True
T007,爬升,O01>S003,4298.761103515625,4308.407862141928,直连,,True
T007,爬升,O01>S003,4308.407862141928,4318.054620768229,直连,,True
T007,爬升,O01>S003,4318.054620768229,4327.701379394532,直连,,True
T007,巡航,O01>S003,4327.701379394532,4329.69406189578,直连,,True
T007,巡航,O01>S003,4329.69406189578,4331.686744397028,直连,,True
T007,巡航,O01>S003,4331.686744397028,4333.679426898276,直连,,True
T007,巡航,O01>S003,4333.679426898276,4335.672109399525,直连,,True
T007,巡航,O01>S003,4335.672109399525,4337.664791900773,直连,,True
T007,巡航,O01>S003,4337.664791900773,4339.657474402021,直连,,True
T007,巡航,O01>S003,4339.657474402021,4341.650156903269,直连,,True
T007,巡航,O01>S003,4341.650156903269,4343.642839404517,直连,,True
T007,巡航,O01>S003,4343.642839404517,4345.635521905765,直连,,True
T007,巡航,O01>S003,4345.635521905765,4347.628204407013,直连,,True
T007,巡航,O01>S003,4347.628204407013,4349.620886908261,直连,,True
T007,巡航,O01>S003,4349.620886908261,4351.61356940951,直连,,True
T007,巡航,O01>S003,4351.61356940951,4353.606251910758,直连,,True
T007,巡航,O01>S003,4353.606251910758,4355.598934412006,直连,,True
T007,巡航,O01>S003,4355.598934412006,4357.591616913254,直连,,True
T007,巡航,O01>S003,4357.591616913254,4359.584299414502,直连,,True
T007,巡航,O01>S003,4359.584299414502,4361.57698191575,直连,,True
T007,巡航,O01>S003,4361.57698191575,4363.569664416998,直连,,True
T007,巡航,O01>S003,4363.569664416998,4365.5623469182465,直连,,True
T007,巡航,O01>S003,4365.5623469182465,4367.555029419495,直连,,True
T007,巡航,O01>S003,4367.555029419495,4369.5477119207435,直连,,True
T007,巡航,O01>S003,4369.5477119207435,4371.540394421992,直连,,True
T007,巡航,O01>S003,4371.540394421992,4373.53307692324,直连,,True
T007,巡航,O01>S003,4373.53307692324,4375.525759424488,直连,,True
T007,巡航,O01>S003,4375.525759424488,4377.518441925736,直连,,True
T007,巡航,O01>S003,4377.518441925736,4379.511124426984,直连,,True
T007,巡航,O01>S003,4379.511124426984,4381.503806928232,直连,,True
T007,巡航,O01>S003,4381.503806928232,4383.496489429481,直连,,True
T007,巡航,O01>S003,4383.496489429481,4385.489171930729,直连,,True
T007,巡航,O01>S003,4385.489171930729,4387.481854431977,直连,,True
T007,巡航,O01>S003,4387.481854431977,4389.474536933225,直连,,True
T007,巡航,O01>S003,4389.474536933225,4391.467219434473,直连,,True
T007,巡航,O01>S003,4391.467219434473,4393.459901935721,直连,,True
T007,巡航,O01>S003,4393.459901935721,4395.452584436969,直连,,True
T007,巡航,O01>S003,4395.452584436969,4397.445266938217,直连,,True
T007,巡航,O01>S003,4397.445266938217,4399.437949439466,直连,,True
T007,巡航,O01>S003,4399.437949439466,4401.430631940714,直连,,True
T007,巡航,O01>S003,4401.430631940714,4403.423314441962,直连,,True
T007,巡航,O01>S003,4403.423314441962,4405.41599694321,直连,,True
T007,巡航,O01>S003,4405.41599694321,4407.408679444458,直连,,True
T007,巡航,O01>S003,4407.408679444458,4409.401361945706,直连,,True
T007,巡航,O01>S003,4409.401361945706,4411.3940444469545,直连,,True
T007,巡航,O01>S003,4411.3940444469545,4413.3867269482025,直连,,True
T007,巡航,O01>S003,4413.3867269482025,4415.3794094494515,直连,,True
T007,巡航,O01>S003,4415.3794094494515,4417.3720919506995,直连,,True
T007,巡航,O01>S003,4417.3720919506995,4419.364774451948,直连,,True
T007,巡航,O01>S003,4419.364774451948,4421.357456953196,直连,,True
T007,巡航,O01>S003,4421.357456953196,4423.350139454444,直连,,True
T007,巡航,O01>S003,4423.350139454444,4425.342821955692,直连,,True
T007,巡航,O01>S003,4425.342821955692,4427.33550445694,直连,,True
T007,巡航,O01>S003,4427.33550445694,4429.328186958188,直连,,True
T007,巡航,O01>S003,4429.328186958188,4431.320869459437,直连,,True
T007,巡航,O01>S003,4431.320869459437,4433.313551960685,直连,,True
T007,巡航,O01>S003,4433.313551960685,4435.306234461933,直连,,True
T007,巡航,O01>S003,4435.306234461933,4437.298916963181,直连,,True
T007,巡航,O01>S003,4437.298916963181,4439.291599464429,直连,,True
T007,巡航,O01>S003,4439.291599464429,4441.284281965677,直连,,True
T007,巡航,O01>S003,4441.284281965677,4443.276964466925,直连,,True
T007,巡航,O01>S003,4443.276964466925,4445.269646968174,直连,,True
T007,巡航,O01>S003,4445.269646968174,4447.262329469422,直连,,True
T007,巡航,O01>S003,4447.262329469422,4449.25501197067,直连,,True
T007,巡航,O01>S003,4449.25501197067,4451.247694471918,直连,,True
T007,巡航,O01>S003,4451.247694471918,4453.240376973166,直连,,True
T007,巡航,O01>S003,4453.240376973166,4455.233059474414,直连,,True
T007,巡航,O01>S003,4455.233059474414,4457.2257419756625,直连,,True
T007,巡航,O01>S003,4457.2257419756625,4459.2184244769105,直连,,True
T007,巡航,O01>S003,4459.2184244769105,4461.2111069781595,直连,,True
T007,巡航,O01>S003,4461.2111069781595,4463.2037894794075,直连,,True
T007,巡航,O01>S003,4463.2037894794075,4465.196471980656,直连,,True
T007,巡航,O01>S003,4465.196471980656,4467.189154481904,直连,,True
T007,巡航,O01>S003,4467.189154481904,4469.181836983152,直连,,True
T007,巡航,O01>S003,4469.181836983152,4471.1745194844,直连,,True
T007,巡航,O01>S003,4471.1745194844,4473.167201985648,直连,,True
T007,巡航,O01>S003,4473.167201985648,4475.159884486896,直连,,True
T007,巡航,O01>S003,4475.159884486896,4477.152566988145,直连,,True
T007,巡航,O01>S003,4477.152566988145,4479.145249489393,直连,,True
T007,巡航,O01>S003,4479.145249489393,4481.137931990641,直连,,True
T007,巡航,O01>S003,4481.137931990641,4483.130614491889,直连,,True
T007,巡航,O01>S003,4483.130614491889,4485.123296993137,直连,,True
T007,巡航,O01>S003,4485.123296993137,4487.115979494385,直连,,True
T007,巡航,O01>S003,4487.115979494385,4489.108661995633,直连,,True
T007,巡航,O01>S003,4489.108661995633,4491.101344496881,直连,,True
T007,巡航,O01>S003,4491.101344496881,4493.09402699813,直连,,True
T007,巡航,O01>S003,4493.09402699813,4495.086709499378,直连,,True
T007,巡航,O01>S003,4495.086709499378,4497.079392000626,直连,,True
T007,巡航,O01>S003,4497.079392000626,4499.072074501874,直连,,True
T007,巡航,O01>S003,4499.072074501874,4501.064757003122,直连,,True
T007,巡航,O01>S003,4501.064757003122,4503.05743950437,直连,,True
T007,巡航,O01>S003,4503.05743950437,4505.0501220056185,直连,,True
T007,巡航,O01>S003,4505.0501220056185,4507.042804506867,直连,,True
T007,巡航,O01>S003,4507.042804506867,4509.0354870081155,直连,,True
T007,巡航,O01>S003,4509.0354870081155,4511.028169509364,直连,,True
T007,巡航,O01>S003,4511.028169509364,4513.020852010612,直连,,True
T007,巡航,O01>S003,4513.020852010612,4515.01353451186,直连,,True
T007,巡航,O01>S003,4515.01353451186,4517.006217013108,直连,,True
T007,巡航,O01>S003,4517.006217013108,4518.998899514356,直连,,True
T007,巡航,O01>S003,4518.998899514356,4520.991582015604,直连,,True
T007,巡航,O01>S003,4520.991582015604,4522.984264516852,直连,,True
T007,巡航,O01>S003,4522.984264516852,4524.976947018101,直连,,True
T007,巡航,O01>S003,4524.976947018101,4526.969629519349,直连,,True
T007,巡航,O01>S003,4526.969629519349,4528.962312020597,直连,,True
T007,巡航,O01>S003,4528.962312020597,4530.954994521845,直连,,True
T007,巡航,O01>S003,4530.954994521845,4532.947677023093,直连,,True
T007,巡航,O01>S003,4532.947677023093,4534.940359524341,直连,,True
T007,巡航,O01>S003,4534.940359524341,4536.933042025589,直连,,True
T007,巡航,O01>S003,4536.933042025589,4538.925724526838,直连,,True
T007,巡航,O01>S003,4538.925724526838,4540.918407028086,直连,,True
T007,巡航,O01>S003,4540.918407028086,4542.911089529334,直连,,True
T007,巡航,O01>S003,4542.911089529334,4544.903772030582,直连,,True
T007,巡航,O01>S003,4544.903772030582,4546.89645453183,直连,,True
T007,巡航,O01>S003,4546.89645453183,4548.889137033078,直连,,True
T007,巡航,O01>S003,4548.889137033078,4550.8818195343265,直连,,True
T007,巡航,O01>S003,4550.8818195343265,4552.874502035575,直连,,True
T007,巡航,O01>S003,4552.874502035575,4554.8671845368235,直连,,True
T007,巡航,O01>S003,4554.8671845368235,4556.859867038072,直连,,True
T007,巡航,O01>S003,4556.859867038072,4558.85254953932,直连,,True
T007,巡航,O01>S003,4558.85254953932,4560.845232040568,直连,,True
T007,巡航,O01>S003,4560.845232040568,4562.837914541816,直连,,True
T007,巡航,O01>S003,4562.837914541816,4564.830597043064,直连,,True
T007,巡航,O01>S003,4564.830597043064,4566.823279544312,直连,,True
T007,巡航,O01>S003,4566.823279544312,4568.81596204556,直连,,True
T007,巡航,O01>S003,4568.81596204556,4570.808644546809,直连,,True
T007,巡航,O01>S003,4570.808644546809,4572.801327048057,直连,,True
T007,巡航,O01>S003,4572.801327048057,4574.794009549305,直连,,True
T007,巡航,O01>S003,4574.794009549305,4576.786692050553,直连,,True
T007,巡航,O01>S003,4576.786692050553,4578.779374551801,直连,,True
T007,巡航,O01>S003,4578.779374551801,4580.772057053049,直连,,True
T007,巡航,O01>S003,4580.772057053049,4582.764739554297,直连,,True
T007,巡航,O01>S003,4582.764739554297,4584.757422055545,直连,,True
T007,巡航,O01>S003,4584.757422055545,4586.750104556794,直连,,True
T007,巡航,O01>S003,4586.750104556794,4588.742787058042,直连,,True
T007,巡航,O01>S003,4588.742787058042,4590.73546955929,中继兜底,R-S03,True
T007,巡航,O01>S003,4590.73546955929,4592.728152060538,中继兜底,R-S03,True
T007,巡航,O01>S003,4592.728152060538,4594.720834561786,中继兜底,R-S03,True
T007,巡航,O01>S003,4594.720834561786,4596.7135170630345,中继兜底,R-S03,True
T007,巡航,O01>S003,4596.7135170630345,4598.7061995642825,中继兜底,R-S03,True
T007,巡航,O01>S003,4598.7061995642825,4600.6988820655315,中继兜底,R-S03,True
T007,巡航,O01>S003,4600.6988820655315,4602.69156456678,中继兜底,R-S03,True
T007,巡航,O01>S003,4602.69156456678,4604.684247068028,中继兜底,R-S03,True
T007,巡航,O01>S003,4604.684247068028,4606.676929569276,中继兜底,R-S03,True
T007,巡航,O01>S003,4606.676929569276,4608.669612070524,中继兜底,R-S03,True
T007,巡航,O01>S003,4608.669612070524,4610.662294571772,中继兜底,R-S03,True
T007,巡航,O01>S003,4610.662294571772,4612.65497707302,中继兜底,R-S03,True
T007,巡航,O01>S003,4612.65497707302,4614.647659574268,中继兜底,R-S03,True
T007,巡航,O01>S003,4614.647659574268,4616.640342075516,中继兜底,R-S03,True
T007,巡航,O01>S003,4616.640342075516,4618.633024576765,中继兜底,R-S03,True
T007,巡航,O01>S003,4618.633024576765,4620.625707078013,中继兜底,R-S03,True
T007,巡航,O01>S003,4620.625707078013,4622.618389579261,中继兜底,R-S03,True
T007,巡航,O01>S003,4622.618389579261,4624.611072080509,中继兜底,R-S03,True
T007,巡航,O01>S003,4624.611072080509,4626.603754581757,中继兜底,R-S03,True
T007,巡航,O01>S003,4626.603754581757,4628.596437083005,中继兜底,R-S03,True
T007,巡航,O01>S003,4628.596437083005,4630.589119584253,中继兜底,R-S03,True
T007,巡航,O01>S003,4630.589119584253,4632.581802085502,中继兜底,R-S03,True
T007,巡航,O01>S003,4632.581802085502,4634.57448458675,中继兜底,R-S03,True
T007,巡航,O01>S003,4634.57448458675,4636.567167087998,中继兜底,R-S03,True
T007,巡航,O01>S003,4636.567167087998,4638.559849589246,中继兜底,R-S03,True
T007,巡航,O01>S003,4638.559849589246,4640.552532090494,中继兜底,R-S03,True
T007,巡航,O01>S003,4640.552532090494,4642.5452145917425,中继兜底,R-S03,True
T007,巡航,O01>S003,4642.5452145917425,4644.5378970929905,中继兜底,R-S03,True
T007,巡航,O01>S003,4644.5378970929905,4646.530579594239,中继兜底,R-S03,True
T007,巡航,O01>S003,4646.530579594239,4648.523262095487,中继兜底,R-S03,True
T007,巡航,O01>S003,4648.523262095487,4650.515944596736,中继兜底,R-S03,True
T007,巡航,O01>S003,4650.515944596736,4652.508627097984,中继兜底,R-S03,True
T007,巡航,O01>S003,4652.508627097984,4654.501309599232,中继兜底,R-S03,True
T007,巡航,O01>S003,4654.501309599232,4656.49399210048,中继兜底,R-S03,True
T007,巡航,O01>S003,4656.49399210048,4658.486674601728,中继兜底,R-S03,True
T007,巡航,O01>S003,4658.486674601728,4660.479357102976,中继兜底,R-S03,True
T007,巡航,O01>S003,4660.479357102976,4662.472039604224,中继兜底,R-S03,True
T007,巡航,O01>S003,4662.472039604224,4664.464722105473,中继兜底,R-S03,True
T007,巡航,O01>S003,4664.464722105473,4666.457404606721,中继兜底,R-S03,True
T007,巡航,O01>S003,4666.457404606721,4668.450087107969,中继兜底,R-S03,True
T007,巡航,O01>S003,4668.450087107969,4670.442769609217,中继兜底,R-S03,True
T007,巡航,O01>S003,4670.442769609217,4672.435452110465,中继兜底,R-S03,True
T007,巡航,O01>S003,4672.435452110465,4674.428134611713,中继兜底,R-S03,True
T007,巡航,O01>S003,4674.428134611713,4676.420817112961,中继兜底,R-S03,True
T007,巡航,O01>S003,4676.420817112961,4678.413499614209,中继兜底,R-S03,True
T007,巡航,O01>S003,4678.413499614209,4680.406182115458,中继兜底,R-S03,True
T007,巡航,O01>S003,4680.406182115458,4682.398864616706,中继兜底,R-S03,True
T007,巡航,O01>S003,4682.398864616706,4684.391547117954,中继兜底,R-S03,True
T007,巡航,O01>S003,4684.391547117954,4686.384229619202,中继兜底,R-S03,True
T007,巡航,O01>S003,4686.384229619202,4688.3769121204505,中继兜底,R-S03,True
T007,巡航,O01>S003,4688.3769121204505,4690.3695946216985,中继兜底,R-S03,True
T007,巡航,O01>S003,4690.3695946216985,4692.362277122947,中继兜底,R-S03,True
T007,巡航,O01>S003,4692.362277122947,4694.3549596241955,中继兜底,R-S03,True
T007,巡航,O01>S003,4694.3549596241955,4696.347642125444,中继兜底,R-S03,True
T007,巡航,O01>S003,4696.347642125444,4698.340324626692,中继兜底,R-S03,True
T007,巡航,O01>S003,4698.340324626692,4700.33300712794,中继兜底,R-S03,True
T007,巡航,O01>S003,4700.33300712794,4702.325689629188,中继兜底,R-S03,True
T007,巡航,O01>S003,4702.325689629188,4704.318372130436,中继兜底,R-S03,True
T007,巡航,O01>S003,4704.318372130436,4706.311054631684,中继兜底,R-S03,True
T007,巡航,O01>S003,4706.311054631684,4708.303737132932,中继兜底,R-S03,True
T007,巡航,O01>S003,4708.303737132932,4710.29641963418,中继兜底,R-S03,True
T007,巡航,O01>S003,4710.29641963418,4712.289102135429,中继兜底,R-S03,True
T007,巡航,O01>S003,4712.289102135429,4714.281784636677,中继兜底,R-S03,True
T007,巡航,O01>S003,4714.281784636677,4716.274467137925,中继兜底,R-S03,True
T007,巡航,O01>S003,4716.274467137925,4718.267149639173,中继兜底,R-S03,True
T007,巡航,O01>S003,4718.267149639173,4720.259832140421,中继兜底,R-S03,True
T007,巡航,O01>S003,4720.259832140421,4722.252514641669,中继兜底,R-S03,True
T007,巡航,O01>S003,4722.252514641669,4724.245197142917,中继兜底,R-S03,True
T007,巡航,O01>S003,4724.245197142917,4726.237879644166,中继兜底,R-S03,True
T007,巡航,O01>S003,4726.237879644166,4728.230562145414,中继兜底,R-S03,True
T007,巡航,O01>S003,4728.230562145414,4730.223244646662,中继兜底,R-S03,True
T007,巡航,O01>S003,4730.223244646662,4732.21592714791,中继兜底,R-S03,True
T007,巡航,O01>S003,4732.21592714791,4734.2086096491585,中继兜底,R-S03,True
T007,巡航,O01>S003,4734.2086096491585,4736.2012921504065,中继兜底,R-S03,True
T007,巡航,O01>S003,4736.2012921504065,4738.193974651655,中继兜底,R-S03,True
T007,巡航,O01>S003,4738.193974651655,4740.186657152903,中继兜底,R-S03,True
T007,巡航,O01>S003,4740.186657152903,4742.179339654151,中继兜底,R-S03,True
T007,巡航,O01>S003,4742.179339654151,4744.1720221554,中继兜底,R-S03,True
T007,巡航,O01>S003,4744.1720221554,4746.164704656648,中继兜底,R-S03,True
T007,巡航,O01>S003,4746.164704656648,4748.157387157896,中继兜底,R-S03,True
T007,巡航,O01>S003,4748.157387157896,4750.150069659144,中继兜底,R-S03,True
T007,巡航,O01>S003,4750.150069659144,4752.142752160392,中继兜底,R-S03,True
T007,巡航,O01>S003,4752.142752160392,4754.13543466164,中继兜底,R-S03,True
T007,巡航,O01>S003,4754.13543466164,4756.128117162888,中继兜底,R-S03,True
T007,巡航,O01>S003,4756.128117162888,4758.120799664137,中继兜底,R-S03,True
T007,巡航,O01>S003,4758.120799664137,4760.113482165385,中继兜底,R-S03,True
T007,巡航,O01>S003,4760.113482165385,4762.106164666633,中继兜底,R-S03,True
T007,巡航,O01>S003,4762.106164666633,4764.098847167881,中继兜底,R-S03,True
T007,巡航,O01>S003,4764.098847167881,4766.091529669129,中继兜底,R-S03,True
T007,巡航,O01>S003,4766.091529669129,4768.084212170377,中继兜底,R-S03,True
T007,巡航,O01>S003,4768.084212170377,4770.076894671625,中继兜底,R-S03,True
T007,巡航,O01>S003,4770.076894671625,4772.069577172873,中继兜底,R-S03,True
T007,巡航,O01>S003,4772.069577172873,4774.062259674122,中继兜底,R-S03,True
T007,巡航,O01>S003,4774.062259674122,4776.05494217537,中继兜底,R-S03,True
T007,巡航,O01>S003,4776.05494217537,4778.047624676618,中继兜底,R-S03,True
T007,巡航,O01>S003,4778.047624676618,4780.040307177866,中继兜底,R-S03,True
T007,巡航,O01>S003,4780.040307177866,4782.0329896791145,中继兜底,R-S03,True
T007,巡航,O01>S003,4782.0329896791145,4784.025672180363,中继兜底,R-S03,True
T007,巡航,O01>S003,4784.025672180363,4786.018354681611,中继兜底,R-S03,True
T007,巡航,O01>S003,4786.018354681611,4788.01103718286,中继兜底,R-S03,True
T007,巡航,O01>S003,4788.01103718286,4790.003719684108,中继兜底,R-S03,True
T007,巡航,O01>S003,4790.003719684108,4791.996402185356,中继兜底,R-S03,True
T007,巡航,O01>S003,4791.996402185356,4793.989084686604,中继兜底,R-S03,True
T007,巡航,O01>S003,4793.989084686604,4795.981767187852,中继兜底,R-S03,True
T007,巡航,O01>S003,4795.981767187852,4797.9744496891,中继兜底,R-S03,True
T007,巡航,O01>S003,4797.9744496891,4799.967132190348,中继兜底,R-S03,True
T007,巡航,O01>S003,4799.967132190348,4801.959814691596,中继兜底,R-S03,True
T007,巡航,O01>S003,4801.959814691596,4803.952497192844,中继兜底,R-S03,True
T007,巡航,O01>S003,4803.952497192844,4805.945179694093,中继兜底,R-S03,True
T007,巡航,O01>S003,4805.945179694093,4807.937862195341,中继兜底,R-S03,True
T007,巡航,O01>S003,4807.937862195341,4809.930544696589,中继兜底,R-S03,True
T007,巡航,O01>S003,4809.930544696589,4811.923227197837,中继兜底,R-S03,True
T007,下降,O01>S003,4811.923227197837,4823.088434107017,中继兜底,R-S03,True
T007,下降,O01>S003,4823.088434107017,4834.2536410161965,中继兜底,R-S03,True
T007,下降,O01>S003,4834.2536410161965,4845.418847925376,中继兜底,R-S03,True
T007,下降,O01>S003,4845.418847925376,4856.584054834556,中继兜底,R-S03,True
T007,下降,O01>S003,4856.584054834556,4867.749261743736,中继兜底,R-S03,True
T007,下降,O01>S003,4867.749261743736,4878.914468652915,中继兜底,R-S03,True
T007,下降,O01>S003,4878.914468652915,4890.079675562095,中继兜底,R-S03,True
T007,下降,O01>S003,4890.079675562095,4901.244882471275,中继兜底,R-S03,True
T007,投送,S003,4901.244882471275,5141.244882471275,中继兜底,R-S03,True
T007,爬升,S003>O01,5141.244882471275,5150.549221562258,中继兜底,R-S03,True
T007,爬升,S003>O01,5150.549221562258,5159.8535606532405,中继兜底,R-S03,True
T007,爬升,S003>O01,5159.8535606532405,5169.157899744224,中继兜底,R-S03,True
T007,爬升,S003>O01,5169.157899744224,5178.462238835207,中继兜底,R-S03,True
T007,爬升,S003>O01,5178.462238835207,5187.76657792619,中继兜底,R-S03,True
T007,爬升,S003>O01,5187.76657792619,5197.070917017173,中继兜底,R-S03,True
T007,爬升,S003>O01,5197.070917017173,5206.375256108156,中继兜底,R-S03,True
T007,爬升,S003>O01,5206.375256108156,5215.679595199139,中继兜底,R-S03,True
T007,巡航,S003>O01,5215.679595199139,5217.672277700387,中继兜底,R-S03,True
T007,巡航,S003>O01,5217.672277700387,5219.664960201635,中继兜底,R-S03,True
T007,巡航,S003>O01,5219.664960201635,5221.657642702883,中继兜底,R-S03,True
T007,巡航,S003>O01,5221.657642702883,5223.650325204132,中继兜底,R-S03,True
T007,巡航,S003>O01,5223.650325204132,5225.64300770538,中继兜底,R-S03,True
T007,巡航,S003>O01,5225.64300770538,5227.635690206628,中继兜底,R-S03,True
T007,巡航,S003>O01,5227.635690206628,5229.628372707876,中继兜底,R-S03,True
T007,巡航,S003>O01,5229.628372707876,5231.621055209124,中继兜底,R-S03,True
T007,巡航,S003>O01,5231.621055209124,5233.613737710372,中继兜底,R-S03,True
T007,巡航,S003>O01,5233.613737710372,5235.60642021162,中继兜底,R-S03,True
T007,巡航,S003>O01,5235.60642021162,5237.599102712868,中继兜底,R-S03,True
T007,巡航,S003>O01,5237.599102712868,5239.591785214117,中继兜底,R-S03,True
T007,巡航,S003>O01,5239.591785214117,5241.5844677153655,中继兜底,R-S03,True
T007,巡航,S003>O01,5241.5844677153655,5243.5771502166135,中继兜底,R-S03,True
T007,巡航,S003>O01,5243.5771502166135,5245.569832717862,中继兜底,R-S03,True
T007,巡航,S003>O01,5245.569832717862,5247.56251521911,中继兜底,R-S03,True
T007,巡航,S003>O01,5247.56251521911,5249.555197720358,中继兜底,R-S03,True
T007,巡航,S003>O01,5249.555197720358,5251.547880221606,中继兜底,R-S03,True
T007,巡航,S003>O01,5251.547880221606,5253.540562722854,中继兜底,R-S03,True
T007,巡航,S003>O01,5253.540562722854,5255.533245224103,中继兜底,R-S03,True
T007,巡航,S003>O01,5255.533245224103,5257.525927725351,中继兜底,R-S03,True
T007,巡航,S003>O01,5257.525927725351,5259.518610226599,中继兜底,R-S03,True
T007,巡航,S003>O01,5259.518610226599,5261.511292727847,中继兜底,R-S03,True
T007,巡航,S003>O01,5261.511292727847,5263.503975229095,中继兜底,R-S03,True
T007,巡航,S003>O01,5263.503975229095,5265.496657730343,中继兜底,R-S03,True
T007,巡航,S003>O01,5265.496657730343,5267.489340231591,中继兜底,R-S03,True
T007,巡航,S003>O01,5267.489340231591,5269.482022732839,中继兜底,R-S03,True
T007,巡航,S003>O01,5269.482022732839,5271.474705234088,中继兜底,R-S03,True
T007,巡航,S003>O01,5271.474705234088,5273.467387735336,中继兜底,R-S03,True
T007,巡航,S003>O01,5273.467387735336,5275.460070236584,中继兜底,R-S03,True
T007,巡航,S003>O01,5275.460070236584,5277.452752737832,中继兜底,R-S03,True
T007,巡航,S003>O01,5277.452752737832,5279.44543523908,中继兜底,R-S03,True
T007,巡航,S003>O01,5279.44543523908,5281.438117740328,中继兜底,R-S03,True
T007,巡航,S003>O01,5281.438117740328,5283.430800241576,中继兜底,R-S03,True
T007,巡航,S003>O01,5283.430800241576,5285.4234827428245,中继兜底,R-S03,True
T007,巡航,S003>O01,5285.4234827428245,5287.416165244073,中继兜底,R-S03,True
T007,巡航,S003>O01,5287.416165244073,5289.4088477453215,中继兜底,R-S03,True
T007,巡航,S003>O01,5289.4088477453215,5291.40153024657,中继兜底,R-S03,True
T007,巡航,S003>O01,5291.40153024657,5293.394212747818,中继兜底,R-S03,True
T007,巡航,S003>O01,5293.394212747818,5295.386895249066,中继兜底,R-S03,True
T007,巡航,S003>O01,5295.386895249066,5297.379577750314,中继兜底,R-S03,True
T007,巡航,S003>O01,5297.379577750314,5299.372260251562,中继兜底,R-S03,True
T007,巡航,S003>O01,5299.372260251562,5301.36494275281,中继兜底,R-S03,True
T007,巡航,S003>O01,5301.36494275281,5303.357625254059,中继兜底,R-S03,True
T007,巡航,S003>O01,5303.357625254059,5305.350307755307,中继兜底,R-S03,True
T007,巡航,S003>O01,5305.350307755307,5307.342990256555,中继兜底,R-S03,True
T007,巡航,S003>O01,5307.342990256555,5309.335672757803,中继兜底,R-S03,True
T007,巡航,S003>O01,5309.335672757803,5311.328355259051,中继兜底,R-S03,True
T007,巡航,S003>O01,5311.328355259051,5313.321037760299,中继兜底,R-S03,True
T007,巡航,S003>O01,5313.321037760299,5315.313720261547,中继兜底,R-S03,True
T007,巡航,S003>O01,5315.313720261547,5317.306402762795,中继兜底,R-S03,True
T007,巡航,S003>O01,5317.306402762795,5319.299085264044,中继兜底,R-S03,True
T007,巡航,S003>O01,5319.299085264044,5321.291767765292,中继兜底,R-S03,True
T007,巡航,S003>O01,5321.291767765292,5323.28445026654,中继兜底,R-S03,True
T007,巡航,S003>O01,5323.28445026654,5325.277132767788,中继兜底,R-S03,True
T007,巡航,S003>O01,5325.277132767788,5327.269815269036,中继兜底,R-S03,True
T007,巡航,S003>O01,5327.269815269036,5329.262497770284,中继兜底,R-S03,True
T007,巡航,S003>O01,5329.262497770284,5331.2551802715325,中继兜底,R-S03,True
T007,巡航,S003>O01,5331.2551802715325,5333.247862772781,中继兜底,R-S03,True
T007,巡航,S003>O01,5333.247862772781,5335.2405452740295,中继兜底,R-S03,True
T007,巡航,S003>O01,5335.2405452740295,5337.233227775278,中继兜底,R-S03,True
T007,巡航,S003>O01,5337.233227775278,5339.225910276526,中继兜底,R-S03,True
T007,巡航,S003>O01,5339.225910276526,5341.218592777774,中继兜底,R-S03,True
T007,巡航,S003>O01,5341.218592777774,5343.211275279022,中继兜底,R-S03,True
T007,巡航,S003>O01,5343.211275279022,5345.20395778027,中继兜底,R-S03,True
T007,巡航,S003>O01,5345.20395778027,5347.196640281518,中继兜底,R-S03,True
T007,巡航,S003>O01,5347.196640281518,5349.189322782767,中继兜底,R-S03,True
T007,巡航,S003>O01,5349.189322782767,5351.182005284015,中继兜底,R-S03,True
T007,巡航,S003>O01,5351.182005284015,5353.174687785263,中继兜底,R-S03,True
T007,巡航,S003>O01,5353.174687785263,5355.167370286511,中继兜底,R-S03,True
T007,巡航,S003>O01,5355.167370286511,5357.160052787759,中继兜底,R-S03,True
T007,巡航,S003>O01,5357.160052787759,5359.152735289007,中继兜底,R-S03,True
T007,巡航,S003>O01,5359.152735289007,5361.145417790255,中继兜底,R-S03,True
T007,巡航,S003>O01,5361.145417790255,5363.138100291503,中继兜底,R-S03,True
T007,巡航,S003>O01,5363.138100291503,5365.130782792752,中继兜底,R-S03,True
T007,巡航,S003>O01,5365.130782792752,5367.123465294,中继兜底,R-S03,True
T007,巡航,S003>O01,5367.123465294,5369.116147795248,中继兜底,R-S03,True
T007,巡航,S003>O01,5369.116147795248,5371.108830296496,中继兜底,R-S03,True
T007,巡航,S003>O01,5371.108830296496,5373.101512797744,中继兜底,R-S03,True
T007,巡航,S003>O01,5373.101512797744,5375.094195298992,中继兜底,R-S03,True
T007,巡航,S003>O01,5375.094195298992,5377.0868778002405,中继兜底,R-S03,True
T007,巡航,S003>O01,5377.0868778002405,5379.0795603014885,中继兜底,R-S03,True
T007,巡航,S003>O01,5379.0795603014885,5381.0722428027375,中继兜底,R-S03,True
T007,巡航,S003>O01,5381.0722428027375,5383.064925303986,中继兜底,R-S03,True
T007,巡航,S003>O01,5383.064925303986,5385.057607805234,中继兜底,R-S03,True
T007,巡航,S003>O01,5385.057607805234,5387.050290306482,中继兜底,R-S03,True
T007,巡航,S003>O01,5387.050290306482,5389.04297280773,中继兜底,R-S03,True
T007,巡航,S003>O01,5389.04297280773,5391.035655308978,中继兜底,R-S03,True
T007,巡航,S003>O01,5391.035655308978,5393.028337810226,中继兜底,R-S03,True
T007,巡航,S003>O01,5393.028337810226,5395.021020311474,中继兜底,R-S03,True
T007,巡航,S003>O01,5395.021020311474,5397.013702812723,中继兜底,R-S03,True
T007,巡航,S003>O01,5397.013702812723,5399.006385313971,中继兜底,R-S03,True
T007,巡航,S003>O01,5399.006385313971,5400.999067815219,中继兜底,R-S03,True
T007,巡航,S003>O01,5400.999067815219,5402.991750316467,中继兜底,R-S03,True
T007,巡航,S003>O01,5402.991750316467,5404.984432817715,中继兜底,R-S03,True
T007,巡航,S003>O01,5404.984432817715,5406.977115318963,中继兜底,R-S03,True
T007,巡航,S003>O01,5406.977115318963,5408.969797820211,中继兜底,R-S03,True
T007,巡航,S003>O01,5408.969797820211,5410.962480321459,中继兜底,R-S03,True
T007,巡航,S003>O01,5410.962480321459,5412.955162822708,中继兜底,R-S03,True
T007,巡航,S003>O01,5412.955162822708,5414.947845323956,中继兜底,R-S03,True
T007,巡航,S003>O01,5414.947845323956,5416.940527825204,中继兜底,R-S03,True
T007,巡航,S003>O01,5416.940527825204,5418.933210326452,中继兜底,R-S03,True
T007,巡航,S003>O01,5418.933210326452,5420.9258928277,中继兜底,R-S03,True
T007,巡航,S003>O01,5420.9258928277,5422.9185753289485,中继兜底,R-S03,True
T007,巡航,S003>O01,5422.9185753289485,5424.9112578301965,中继兜底,R-S03,True
T007,巡航,S003>O01,5424.9112578301965,5426.9039403314455,中继兜底,R-S03,True
T007,巡航,S003>O01,5426.9039403314455,5428.8966228326935,中继兜底,R-S03,True
T007,巡航,S003>O01,5428.8966228326935,5430.889305333942,中继兜底,R-S03,True
T007,巡航,S003>O01,5430.889305333942,5432.88198783519,中继兜底,R-S03,True
T007,巡航,S003>O01,5432.88198783519,5434.874670336438,中继兜底,R-S03,True
T007,巡航,S003>O01,5434.874670336438,5436.867352837686,中继兜底,R-S03,True
T007,巡航,S003>O01,5436.867352837686,5438.860035338934,中继兜底,R-S03,True
T007,巡航,S003>O01,5438.860035338934,5440.852717840182,直连,,True
T007,巡航,S003>O01,5440.852717840182,5442.845400341431,直连,,True
T007,巡航,S003>O01,5442.845400341431,5444.838082842679,直连,,True
T007,巡航,S003>O01,5444.838082842679,5446.830765343927,直连,,True
T007,巡航,S003>O01,5446.830765343927,5448.823447845175,直连,,True
T007,巡航,S003>O01,5448.823447845175,5450.816130346423,直连,,True
T007,巡航,S003>O01,5450.816130346423,5452.808812847671,直连,,True
T007,巡航,S003>O01,5452.808812847671,5454.801495348919,直连,,True
T007,巡航,S003>O01,5454.801495348919,5456.794177850167,直连,,True
T007,巡航,S003>O01,5456.794177850167,5458.786860351416,直连,,True
T007,巡航,S003>O01,5458.786860351416,5460.779542852664,直连,,True
T007,巡航,S003>O01,5460.779542852664,5462.772225353912,直连,,True
T007,巡航,S003>O01,5462.772225353912,5464.76490785516,直连,,True
T007,巡航,S003>O01,5464.76490785516,5466.757590356408,直连,,True
T007,巡航,S003>O01,5466.757590356408,5468.7502728576565,直连,,True
T007,巡航,S003>O01,5468.7502728576565,5470.7429553589045,直连,,True
T007,巡航,S003>O01,5470.7429553589045,5472.735637860153,直连,,True
T007,巡航,S003>O01,5472.735637860153,5474.7283203614015,直连,,True
T007,巡航,S003>O01,5474.7283203614015,5476.72100286265,直连,,True
T007,巡航,S003>O01,5476.72100286265,5478.713685363898,直连,,True
T007,巡航,S003>O01,5478.713685363898,5480.706367865146,直连,,True
T007,巡航,S003>O01,5480.706367865146,5482.699050366394,直连,,True
T007,巡航,S003>O01,5482.699050366394,5484.691732867642,直连,,True
T007,巡航,S003>O01,5484.691732867642,5486.68441536889,直连,,True
T007,巡航,S003>O01,5486.68441536889,5488.677097870139,直连,,True
T007,巡航,S003>O01,5488.677097870139,5490.669780371387,直连,,True
T007,巡航,S003>O01,5490.669780371387,5492.662462872635,直连,,True
T007,巡航,S003>O01,5492.662462872635,5494.655145373883,直连,,True
T007,巡航,S003>O01,5494.655145373883,5496.647827875131,直连,,True
T007,巡航,S003>O01,5496.647827875131,5498.640510376379,直连,,True
T007,巡航,S003>O01,5498.640510376379,5500.633192877627,直连,,True
T007,巡航,S003>O01,5500.633192877627,5502.625875378875,直连,,True
T007,巡航,S003>O01,5502.625875378875,5504.618557880123,直连,,True
T007,巡航,S003>O01,5504.618557880123,5506.611240381372,直连,,True
T007,巡航,S003>O01,5506.611240381372,5508.60392288262,直连,,True
T007,巡航,S003>O01,5508.60392288262,5510.596605383868,直连,,True
T007,巡航,S003>O01,5510.596605383868,5512.589287885116,直连,,True
T007,巡航,S003>O01,5512.589287885116,5514.581970386364,直连,,True
T007,巡航,S003>O01,5514.581970386364,5516.5746528876125,直连,,True
T007,巡航,S003>O01,5516.5746528876125,5518.567335388861,直连,,True
T007,巡航,S003>O01,5518.567335388861,5520.5600178901095,直连,,True
T007,巡航,S003>O01,5520.5600178901095,5522.552700391358,直连,,True
T007,巡航,S003>O01,5522.552700391358,5524.545382892606,直连,,True
T007,巡航,S003>O01,5524.545382892606,5526.538065393854,直连,,True
T007,巡航,S003>O01,5526.538065393854,5528.530747895102,直连,,True
T007,巡航,S003>O01,5528.530747895102,5530.52343039635,直连,,True
T007,巡航,S003>O01,5530.52343039635,5532.516112897598,直连,,True
T007,巡航,S003>O01,5532.516112897598,5534.508795398846,直连,,True
T007,巡航,S003>O01,5534.508795398846,5536.501477900094,直连,,True
T007,巡航,S003>O01,5536.501477900094,5538.494160401343,直连,,True
T007,巡航,S003>O01,5538.494160401343,5540.486842902591,直连,,True
T007,巡航,S003>O01,5540.486842902591,5542.479525403839,直连,,True
T007,巡航,S003>O01,5542.479525403839,5544.472207905087,直连,,True
T007,巡航,S003>O01,5544.472207905087,5546.464890406335,直连,,True
T007,巡航,S003>O01,5546.464890406335,5548.457572907583,直连,,True
T007,巡航,S003>O01,5548.457572907583,5550.450255408831,直连,,True
T007,巡航,S003>O01,5550.450255408831,5552.44293791008,直连,,True
T007,巡航,S003>O01,5552.44293791008,5554.435620411328,直连,,True
T007,巡航,S003>O01,5554.435620411328,5556.428302912576,直连,,True
T007,巡航,S003>O01,5556.428302912576,5558.420985413824,直连,,True
T007,巡航,S003>O01,5558.420985413824,5560.413667915072,直连,,True
T007,巡航,S003>O01,5560.413667915072,5562.4063504163205,直连,,True
T007,巡航,S003>O01,5562.4063504163205,5564.399032917569,直连,,True
T007,巡航,S003>O01,5564.399032917569,5566.391715418817,直连,,True
T007,巡航,S003>O01,5566.391715418817,5568.384397920066,直连,,True
T007,巡航,S003>O01,5568.384397920066,5570.377080421314,直连,,True
T007,巡航,S003>O01,5570.377080421314,5572.369762922562,直连,,True
T007,巡航,S003>O01,5572.369762922562,5574.36244542381,直连,,True
T007,巡航,S003>O01,5574.36244542381,5576.355127925058,直连,,True
T007,巡航,S003>O01,5576.355127925058,5578.347810426306,直连,,True
T007,巡航,S003>O01,5578.347810426306,5580.340492927554,直连,,True
T007,巡航,S003>O01,5580.340492927554,5582.333175428803,直连,,True
T007,巡航,S003>O01,5582.333175428803,5584.325857930051,直连,,True
T007,巡航,S003>O01,5584.325857930051,5586.318540431299,直连,,True
T007,巡航,S003>O01,5586.318540431299,5588.311222932547,直连,,True
T007,巡航,S003>O01,5588.311222932547,5590.303905433795,直连,,True
T007,巡航,S003>O01,5590.303905433795,5592.296587935043,直连,,True
T007,巡航,S003>O01,5592.296587935043,5594.289270436291,直连,,True
T007,巡航,S003>O01,5594.289270436291,5596.281952937539,直连,,True
T007,巡航,S003>O01,5596.281952937539,5598.274635438787,直连,,True
T007,巡航,S003>O01,5598.274635438787,5600.267317940036,直连,,True
T007,巡航,S003>O01,5600.267317940036,5602.260000441284,直连,,True
T007,巡航,S003>O01,5602.260000441284,5604.252682942532,直连,,True
T007,巡航,S003>O01,5604.252682942532,5606.24536544378,直连,,True
T007,巡航,S003>O01,5606.24536544378,5608.2380479450285,直连,,True
T007,巡航,S003>O01,5608.2380479450285,5610.2307304462765,直连,,True
T007,巡航,S003>O01,5610.2307304462765,5612.223412947525,直连,,True
T007,巡航,S003>O01,5612.223412947525,5614.216095448774,直连,,True
T007,巡航,S003>O01,5614.216095448774,5616.208777950022,直连,,True
T007,巡航,S003>O01,5616.208777950022,5618.20146045127,直连,,True
T007,巡航,S003>O01,5618.20146045127,5620.194142952518,直连,,True
T007,巡航,S003>O01,5620.194142952518,5622.186825453766,直连,,True
T007,巡航,S003>O01,5622.186825453766,5624.179507955014,直连,,True
T007,巡航,S003>O01,5624.179507955014,5626.172190456262,直连,,True
T007,巡航,S003>O01,5626.172190456262,5628.16487295751,直连,,True
T007,巡航,S003>O01,5628.16487295751,5630.157555458758,直连,,True
T007,巡航,S003>O01,5630.157555458758,5632.150237960007,直连,,True
T007,巡航,S003>O01,5632.150237960007,5634.142920461255,直连,,True
T007,巡航,S003>O01,5634.142920461255,5636.135602962503,直连,,True
T007,巡航,S003>O01,5636.135602962503,5638.128285463751,直连,,True
T007,巡航,S003>O01,5638.128285463751,5640.120967964999,直连,,True
T007,巡航,S003>O01,5640.120967964999,5642.113650466247,直连,,True
T007,巡航,S003>O01,5642.113650466247,5644.106332967495,直连,,True
T007,巡航,S003>O01,5644.106332967495,5646.099015468744,直连,,True
T007,巡航,S003>O01,5646.099015468744,5648.091697969992,直连,,True
T007,巡航,S003>O01,5648.091697969992,5650.08438047124,直连,,True
T007,巡航,S003>O01,5650.08438047124,5652.077062972488,直连,,True
T007,巡航,S003>O01,5652.077062972488,5654.0697454737365,直连,,True
T007,巡航,S003>O01,5654.0697454737365,5656.0624279749845,直连,,True
T007,巡航,S003>O01,5656.0624279749845,5658.055110476233,直连,,True
T007,巡航,S003>O01,5658.055110476233,5660.047792977481,直连,,True
T007,巡航,S003>O01,5660.047792977481,5662.04047547873,直连,,True
T007,巡航,S003>O01,5662.04047547873,5664.033157979978,直连,,True
T007,巡航,S003>O01,5664.033157979978,5666.025840481226,直连,,True
T007,巡航,S003>O01,5666.025840481226,5668.018522982474,直连,,True
T007,巡航,S003>O01,5668.018522982474,5670.011205483722,直连,,True
T007,巡航,S003>O01,5670.011205483722,5672.00388798497,直连,,True
T007,巡航,S003>O01,5672.00388798497,5673.996570486218,直连,,True
T007,巡航,S003>O01,5673.996570486218,5675.989252987467,直连,,True
T007,巡航,S003>O01,5675.989252987467,5677.981935488715,直连,,True
T007,巡航,S003>O01,5677.981935488715,5679.974617989963,直连,,True
T007,巡航,S003>O01,5679.974617989963,5681.967300491211,直连,,True
T007,巡航,S003>O01,5681.967300491211,5683.959982992459,直连,,True
T007,巡航,S003>O01,5683.959982992459,5685.952665493707,直连,,True
T007,巡航,S003>O01,5685.952665493707,5687.945347994955,直连,,True
T007,巡航,S003>O01,5687.945347994955,5689.938030496203,直连,,True
T007,巡航,S003>O01,5689.938030496203,5691.930712997451,直连,,True
T007,巡航,S003>O01,5691.930712997451,5693.9233954987,直连,,True
T007,巡航,S003>O01,5693.9233954987,5695.916077999948,直连,,True
T007,巡航,S003>O01,5695.916077999948,5697.908760501196,直连,,True
T007,巡航,S003>O01,5697.908760501196,5699.9014430024445,直连,,True
T007,下降,S003>O01,5699.9014430024445,5711.477553354007,直连,,True
T007,下降,S003>O01,5711.477553354007,5723.053663705569,直连,,True
T007,下降,S003>O01,5723.053663705569,5734.629774057132,直连,,True
T007,下降,S003>O01,5734.629774057132,5746.205884408694,直连,,True
T007,下降,S003>O01,5746.205884408694,5757.781994760257,直连,,True
T007,下降,S003>O01,5757.781994760257,5769.358105111819,直连,,True
T007,下降,S003>O01,5769.358105111819,5780.934215463381,直连,,True
T007,下降,S003>O01,5780.934215463381,5792.510325814945,直连,,True
T007,下降,S003>O01,5792.510325814945,5804.086436166507,直连,,True
T007,下降,S003>O01,5804.086436166507,5815.66254651807,直连,,True
T007,下降,S003>O01,5815.66254651807,5827.238656869632,直连,,True
T007,下降,S003>O01,5827.238656869632,5838.814767221194,直连,,True
T007,下降,S003>O01,5838.814767221194,5850.390877572757,直连,,True
T007,下降,S003>O01,5850.390877572757,5861.966987924319,直连,,True
T007,下降,S003>O01,5861.966987924319,5873.543098275882,直连,,True
T008,爬升,O01>S004,5247.0,5257.821566650391,直连,,True
T008,爬升,O01>S004,5257.821566650391,5268.643133300781,直连,,True
T008,爬升,O01>S004,5268.643133300781,5279.4646999511715,直连,,True
T008,爬升,O01>S004,5279.4646999511715,5290.286266601563,直连,,True
T008,爬升,O01>S004,5290.286266601563,5301.107833251954,直连,,True
T008,爬升,O01>S004,5301.107833251954,5311.929399902344,直连,,True
T008,爬升,O01>S004,5311.929399902344,5322.750966552734,直连,,True
T008,爬升,O01>S004,5322.750966552734,5333.572533203125,直连,,True
T008,爬升,O01>S004,5333.572533203125,5344.394099853516,直连,,True
T008,爬升,O01>S004,5344.394099853516,5355.2156665039065,直连,,True
T008,巡航,O01>S004,5355.2156665039065,5357.209136595623,直连,,True
T008,巡航,O01>S004,5357.209136595623,5359.2026066873395,直连,,True
T008,巡航,O01>S004,5359.2026066873395,5361.196076779056,直连,,True
T008,巡航,O01>S004,5361.196076779056,5363.189546870772,直连,,True
T008,巡航,O01>S004,5363.189546870772,5365.183016962488,直连,,True
T008,巡航,O01>S004,5365.183016962488,5367.176487054205,直连,,True
T008,巡航,O01>S004,5367.176487054205,5369.169957145921,直连,,True
T008,巡航,O01>S004,5369.169957145921,5371.163427237638,直连,,True
T008,巡航,O01>S004,5371.163427237638,5373.156897329354,直连,,True
T008,巡航,O01>S004,5373.156897329354,5375.15036742107,直连,,True
T008,巡航,O01>S004,5375.15036742107,5377.143837512786,直连,,True
T008,巡航,O01>S004,5377.143837512786,5379.137307604503,直连,,True
T008,巡航,O01>S004,5379.137307604503,5381.130777696219,直连,,True
T008,巡航,O01>S004,5381.130777696219,5383.124247787936,直连,,True
T008,巡航,O01>S004,5383.124247787936,5385.117717879652,直连,,True
T008,巡航,O01>S004,5385.117717879652,5387.111187971368,直连,,True
T008,巡航,O01>S004,5387.111187971368,5389.104658063085,直连,,True
T008,巡航,O01>S004,5389.104658063085,5391.098128154801,直连,,True
T008,巡航,O01>S004,5391.098128154801,5393.091598246518,直连,,True
T008,巡航,O01>S004,5393.091598246518,5395.085068338234,直连,,True
T008,巡航,O01>S004,5395.085068338234,5397.078538429951,直连,,True
T008,巡航,O01>S004,5397.078538429951,5399.072008521667,直连,,True
T008,巡航,O01>S004,5399.072008521667,5401.065478613383,直连,,True
T008,巡航,O01>S004,5401.065478613383,5403.058948705099,直连,,True
T008,巡航,O01>S004,5403.058948705099,5405.052418796816,直连,,True
T008,巡航,O01>S004,5405.052418796816,5407.045888888532,直连,,True
T008,巡航,O01>S004,5407.045888888532,5409.039358980249,直连,,True
T008,巡航,O01>S004,5409.039358980249,5411.032829071965,直连,,True
T008,巡航,O01>S004,5411.032829071965,5413.026299163681,直连,,True
T008,巡航,O01>S004,5413.026299163681,5415.0197692553975,直连,,True
T008,巡航,O01>S004,5415.0197692553975,5417.013239347114,直连,,True
T008,巡航,O01>S004,5417.013239347114,5419.0067094388305,直连,,True
T008,巡航,O01>S004,5419.0067094388305,5421.000179530547,直连,,True
T008,巡航,O01>S004,5421.000179530547,5422.993649622264,直连,,True
T008,巡航,O01>S004,5422.993649622264,5424.987119713979,直连,,True
T008,巡航,O01>S004,5424.987119713979,5426.980589805696,直连,,True
T008,巡航,O01>S004,5426.980589805696,5428.974059897412,直连,,True
T008,巡航,O01>S004,5428.974059897412,5430.967529989129,直连,,True
T008,巡航,O01>S004,5430.967529989129,5432.961000080845,直连,,True
T008,巡航,O01>S004,5432.961000080845,5434.954470172562,直连,,True
T008,巡航,O01>S004,5434.954470172562,5436.947940264277,直连,,True
T008,巡航,O01>S004,5436.947940264277,5438.941410355994,直连,,True
T008,巡航,O01>S004,5438.941410355994,5440.93488044771,直连,,True
T008,巡航,O01>S004,5440.93488044771,5442.928350539427,直连,,True
T008,巡航,O01>S004,5442.928350539427,5444.921820631143,直连,,True
T008,巡航,O01>S004,5444.921820631143,5446.91529072286,直连,,True
T008,巡航,O01>S004,5446.91529072286,5448.908760814576,直连,,True
T008,巡航,O01>S004,5448.908760814576,5450.902230906292,直连,,True
T008,巡航,O01>S004,5450.902230906292,5452.895700998009,直连,,True
T008,巡航,O01>S004,5452.895700998009,5454.889171089725,直连,,True
T008,巡航,O01>S004,5454.889171089725,5456.882641181442,直连,,True
T008,巡航,O01>S004,5456.882641181442,5458.876111273158,直连,,True
T008,巡航,O01>S004,5458.876111273158,5460.869581364875,直连,,True
T008,巡航,O01>S004,5460.869581364875,5462.86305145659,直连,,True
T008,巡航,O01>S004,5462.86305145659,5464.856521548307,直连,,True
T008,巡航,O01>S004,5464.856521548307,5466.849991640023,直连,,True
T008,巡航,O01>S004,5466.849991640023,5468.84346173174,直连,,True
T008,巡航,O01>S004,5468.84346173174,5470.836931823456,直连,,True
T008,巡航,O01>S004,5470.836931823456,5472.830401915173,直连,,True
T008,巡航,O01>S004,5472.830401915173,5474.823872006888,直连,,True
T008,巡航,O01>S004,5474.823872006888,5476.817342098605,直连,,True
T008,巡航,O01>S004,5476.817342098605,5478.8108121903215,直连,,True
T008,巡航,O01>S004,5478.8108121903215,5480.804282282038,直连,,True
T008,巡航,O01>S004,5480.804282282038,5482.7977523737545,直连,,True
T008,巡航,O01>S004,5482.7977523737545,5484.791222465471,直连,,True
T008,巡航,O01>S004,5484.791222465471,5486.784692557188,直连,,True
T008,巡航,O01>S004,5486.784692557188,5488.778162648903,直连,,True
T008,巡航,O01>S004,5488.778162648903,5490.77163274062,直连,,True
T008,巡航,O01>S004,5490.77163274062,5492.765102832336,直连,,True
T008,巡航,O01>S004,5492.765102832336,5494.758572924053,直连,,True
T008,巡航,O01>S004,5494.758572924053,5496.752043015769,直连,,True
T008,巡航,O01>S004,5496.752043015769,5498.745513107486,直连,,True
T008,巡航,O01>S004,5498.745513107486,5500.738983199201,直连,,True
T008,巡航,O01>S004,5500.738983199201,5502.732453290918,直连,,True
T008,巡航,O01>S004,5502.732453290918,5504.725923382634,直连,,True
T008,巡航,O01>S004,5504.725923382634,5506.719393474351,直连,,True
T008,巡航,O01>S004,5506.719393474351,5508.712863566067,直连,,True
T008,巡航,O01>S004,5508.712863566067,5510.706333657784,直连,,True
T008,巡航,O01>S004,5510.706333657784,5512.6998037495,直连,,True
T008,巡航,O01>S004,5512.6998037495,5514.693273841216,直连,,True
T008,巡航,O01>S004,5514.693273841216,5516.686743932933,直连,,True
T008,巡航,O01>S004,5516.686743932933,5518.680214024649,直连,,True
T008,巡航,O01>S004,5518.680214024649,5520.673684116366,直连,,True
T008,巡航,O01>S004,5520.673684116366,5522.667154208082,直连,,True
T008,巡航,O01>S004,5522.667154208082,5524.660624299798,直连,,True
T008,巡航,O01>S004,5524.660624299798,5526.654094391514,直连,,True
T008,巡航,O01>S004,5526.654094391514,5528.647564483231,直连,,True
T008,巡航,O01>S004,5528.647564483231,5530.641034574947,直连,,True
T008,巡航,O01>S004,5530.641034574947,5532.634504666664,直连,,True
T008,巡航,O01>S004,5532.634504666664,5534.62797475838,直连,,True
T008,巡航,O01>S004,5534.62797475838,5536.621444850097,直连,,True
T008,巡航,O01>S004,5536.621444850097,5538.6149149418125,直连,,True
T008,巡航,O01>S004,5538.6149149418125,5540.608385033529,直连,,True
T008,巡航,O01>S004,5540.608385033529,5542.6018551252455,直连,,True
T008,巡航,O01>S004,5542.6018551252455,5544.595325216962,直连,,True
T008,巡航,O01>S004,5544.595325216962,5546.5887953086785,直连,,True
T008,巡航,O01>S004,5546.5887953086785,5548.582265400395,直连,,True
T008,巡航,O01>S004,5548.582265400395,5550.575735492111,直连,,True
T008,巡航,O01>S004,5550.575735492111,5552.569205583827,直连,,True
T008,巡航,O01>S004,5552.569205583827,5554.562675675544,直连,,True
T008,巡航,O01>S004,5554.562675675544,5556.55614576726,直连,,True
T008,巡航,O01>S004,5556.55614576726,5558.549615858977,直连,,True
T008,巡航,O01>S004,5558.549615858977,5560.543085950693,直连,,True
T008,巡航,O01>S004,5560.543085950693,5562.536556042409,直连,,True
T008,巡航,O01>S004,5562.536556042409,5564.530026134125,直连,,True
T008,巡航,O01>S004,5564.530026134125,5566.523496225842,直连,,True
T008,巡航,O01>S004,5566.523496225842,5568.516966317558,直连,,True
T008,巡航,O01>S004,5568.516966317558,5570.510436409275,直连,,True
T008,巡航,O01>S004,5570.510436409275,5572.503906500991,直连,,True
T008,巡航,O01>S004,5572.503906500991,5574.497376592708,直连,,True
T008,巡航,O01>S004,5574.497376592708,5576.490846684424,直连,,True
T008,巡航,O01>S004,5576.490846684424,5578.48431677614,直连,,True
T008,巡航,O01>S004,5578.48431677614,5580.477786867857,直连,,True
T008,巡航,O01>S004,5580.477786867857,5582.471256959573,直连,,True
T008,巡航,O01>S004,5582.471256959573,5584.46472705129,直连,,True
T008,巡航,O01>S004,5584.46472705129,5586.458197143006,直连,,True
T008,巡航,O01>S004,5586.458197143006,5588.451667234722,直连,,True
T008,巡航,O01>S004,5588.451667234722,5590.445137326438,直连,,True
T008,巡航,O01>S004,5590.445137326438,5592.438607418155,直连,,True
T008,巡航,O01>S004,5592.438607418155,5594.432077509871,直连,,True
T008,巡航,O01>S004,5594.432077509871,5596.425547601588,直连,,True
T008,巡航,O01>S004,5596.425547601588,5598.419017693304,直连,,True
T008,巡航,O01>S004,5598.419017693304,5600.41248778502,直连,,True
T008,巡航,O01>S004,5600.41248778502,5602.4059578767365,直连,,True
T008,巡航,O01>S004,5602.4059578767365,5604.399427968453,直连,,True
T008,巡航,O01>S004,5604.399427968453,5606.3928980601695,直连,,True
T008,巡航,O01>S004,5606.3928980601695,5608.386368151886,直连,,True
T008,巡航,O01>S004,5608.386368151886,5610.3798382436025,直连,,True
T008,巡航,O01>S004,5610.3798382436025,5612.373308335318,直连,,True
T008,巡航,O01>S004,5612.373308335318,5614.366778427035,直连,,True
T008,巡航,O01>S004,5614.366778427035,5616.360248518751,直连,,True
T008,巡航,O01>S004,5616.360248518751,5618.353718610468,直连,,True
T008,巡航,O01>S004,5618.353718610468,5620.347188702184,直连,,True
T008,巡航,O01>S004,5620.347188702184,5622.340658793901,直连,,True
T008,巡航,O01>S004,5622.340658793901,5624.334128885617,直连,,True
T008,巡航,O01>S004,5624.334128885617,5626.327598977333,直连,,True
T008,巡航,O01>S004,5626.327598977333,5628.321069069049,直连,,True
T008,巡航,O01>S004,5628.321069069049,5630.314539160766,直连,,True
T008,巡航,O01>S004,5630.314539160766,5632.308009252482,直连,,True
T008,巡航,O01>S004,5632.308009252482,5634.301479344199,直连,,True
T008,巡航,O01>S004,5634.301479344199,5636.294949435915,直连,,True
T008,巡航,O01>S004,5636.294949435915,5638.288419527631,直连,,True
T008,巡航,O01>S004,5638.288419527631,5640.281889619348,直连,,True
T008,巡航,O01>S004,5640.281889619348,5642.275359711064,直连,,True
T008,巡航,O01>S004,5642.275359711064,5644.268829802781,直连,,True
T008,巡航,O01>S004,5644.268829802781,5646.262299894497,直连,,True
T008,巡航,O01>S004,5646.262299894497,5648.255769986214,直连,,True
T008,巡航,O01>S004,5648.255769986214,5650.24924007793,直连,,True
T008,巡航,O01>S004,5650.24924007793,5652.242710169646,直连,,True
T008,巡航,O01>S004,5652.242710169646,5654.236180261362,直连,,True
T008,巡航,O01>S004,5654.236180261362,5656.229650353079,直连,,True
T008,巡航,O01>S004,5656.229650353079,5658.223120444795,直连,,True
T008,巡航,O01>S004,5658.223120444795,5660.216590536512,直连,,True
T008,巡航,O01>S004,5660.216590536512,5662.210060628227,直连,,True
T008,巡航,O01>S004,5662.210060628227,5664.203530719944,直连,,True
T008,巡航,O01>S004,5664.203530719944,5666.1970008116605,直连,,True
T008,巡航,O01>S004,5666.1970008116605,5668.190470903377,直连,,True
T008,巡航,O01>S004,5668.190470903377,5670.1839409950935,直连,,True
T008,巡航,O01>S004,5670.1839409950935,5672.17741108681,直连,,True
T008,巡航,O01>S004,5672.17741108681,5674.1708811785265,直连,,True
T008,巡航,O01>S004,5674.1708811785265,5676.164351270242,直连,,True
T008,巡航,O01>S004,5676.164351270242,5678.157821361959,直连,,True
T008,巡航,O01>S004,5678.157821361959,5680.151291453675,直连,,True
T008,巡航,O01>S004,5680.151291453675,5682.144761545392,直连,,True
T008,巡航,O01>S004,5682.144761545392,5684.138231637108,直连,,True
T008,巡航,O01>S004,5684.138231637108,5686.131701728825,直连,,True
T008,巡航,O01>S004,5686.131701728825,5688.12517182054,直连,,True
T008,巡航,O01>S004,5688.12517182054,5690.118641912257,直连,,True
T008,巡航,O01>S004,5690.118641912257,5692.112112003973,直连,,True
T008,巡航,O01>S004,5692.112112003973,5694.10558209569,直连,,True
T008,巡航,O01>S004,5694.10558209569,5696.099052187406,直连,,True
T008,巡航,O01>S004,5696.099052187406,5698.092522279123,直连,,True
T008,巡航,O01>S004,5698.092522279123,5700.085992370839,直连,,True
T008,巡航,O01>S004,5700.085992370839,5702.079462462555,直连,,True
T008,巡航,O01>S004,5702.079462462555,5704.072932554272,直连,,True
T008,巡航,O01>S004,5704.072932554272,5706.066402645988,直连,,True
T008,巡航,O01>S004,5706.066402645988,5708.059872737705,直连,,True
T008,巡航,O01>S004,5708.059872737705,5710.053342829421,直连,,True
T008,巡航,O01>S004,5710.053342829421,5712.046812921138,直连,,True
T008,巡航,O01>S004,5712.046812921138,5714.040283012853,直连,,True
T008,巡航,O01>S004,5714.040283012853,5716.03375310457,直连,,True
T008,巡航,O01>S004,5716.03375310457,5718.027223196286,直连,,True
T008,巡航,O01>S004,5718.027223196286,5720.020693288003,直连,,True
T008,巡航,O01>S004,5720.020693288003,5722.014163379719,直连,,True
T008,巡航,O01>S004,5722.014163379719,5724.007633471436,直连,,True
T008,巡航,O01>S004,5724.007633471436,5726.001103563151,直连,,True
T008,巡航,O01>S004,5726.001103563151,5727.994573654868,中继兜底,R-S05,True
T008,巡航,O01>S004,5727.994573654868,5729.9880437465845,中继兜底,R-S05,True
T008,巡航,O01>S004,5729.9880437465845,5731.981513838301,中继兜底,R-S05,True
T008,巡航,O01>S004,5731.981513838301,5733.9749839300175,中继兜底,R-S05,True
T008,巡航,O01>S004,5733.9749839300175,5735.968454021734,中继兜底,R-S05,True
T008,巡航,O01>S004,5735.968454021734,5737.96192411345,中继兜底,R-S05,True
T008,巡航,O01>S004,5737.96192411345,5739.955394205166,中继兜底,R-S05,True
T008,巡航,O01>S004,5739.955394205166,5741.948864296883,中继兜底,R-S05,True
T008,巡航,O01>S004,5741.948864296883,5743.942334388599,中继兜底,R-S05,True
T008,巡航,O01>S004,5743.942334388599,5745.935804480316,中继兜底,R-S05,True
T008,巡航,O01>S004,5745.935804480316,5747.929274572032,中继兜底,R-S05,True
T008,巡航,O01>S004,5747.929274572032,5749.922744663749,中继兜底,R-S05,True
T008,巡航,O01>S004,5749.922744663749,5751.916214755464,中继兜底,R-S05,True
T008,巡航,O01>S004,5751.916214755464,5753.909684847181,中继兜底,R-S05,True
T008,巡航,O01>S004,5753.909684847181,5755.903154938897,中继兜底,R-S05,True
T008,巡航,O01>S004,5755.903154938897,5757.896625030614,中继兜底,R-S05,True
T008,巡航,O01>S004,5757.896625030614,5759.89009512233,中继兜底,R-S05,True
T008,巡航,O01>S004,5759.89009512233,5761.883565214047,中继兜底,R-S05,True
T008,巡航,O01>S004,5761.883565214047,5763.877035305763,中继兜底,R-S05,True
T008,巡航,O01>S004,5763.877035305763,5765.870505397479,中继兜底,R-S05,True
T008,巡航,O01>S004,5765.870505397479,5767.863975489196,中继兜底,R-S05,True
T008,巡航,O01>S004,5767.863975489196,5769.857445580912,中继兜底,R-S05,True
T008,巡航,O01>S004,5769.857445580912,5771.850915672629,中继兜底,R-S05,True
T008,巡航,O01>S004,5771.850915672629,5773.844385764345,中继兜底,R-S05,True
T008,巡航,O01>S004,5773.844385764345,5775.837855856062,中继兜底,R-S05,True
T008,巡航,O01>S004,5775.837855856062,5777.831325947777,中继兜底,R-S05,True
T008,巡航,O01>S004,5777.831325947777,5779.824796039494,中继兜底,R-S05,True
T008,巡航,O01>S004,5779.824796039494,5781.81826613121,中继兜底,R-S05,True
T008,巡航,O01>S004,5781.81826613121,5783.811736222927,中继兜底,R-S05,True
T008,巡航,O01>S004,5783.811736222927,5785.805206314643,中继兜底,R-S05,True
T008,巡航,O01>S004,5785.805206314643,5787.79867640636,中继兜底,R-S05,True
T008,巡航,O01>S004,5787.79867640636,5789.792146498075,中继兜底,R-S05,True
T008,巡航,O01>S004,5789.792146498075,5791.785616589792,中继兜底,R-S05,True
T008,巡航,O01>S004,5791.785616589792,5793.7790866815085,中继兜底,R-S05,True
T008,巡航,O01>S004,5793.7790866815085,5795.772556773225,中继兜底,R-S05,True
T008,巡航,O01>S004,5795.772556773225,5797.7660268649415,中继兜底,R-S05,True
T008,巡航,O01>S004,5797.7660268649415,5799.759496956658,中继兜底,R-S05,True
T008,巡航,O01>S004,5799.759496956658,5801.752967048374,中继兜底,R-S05,True
T008,巡航,O01>S004,5801.752967048374,5803.74643714009,中继兜底,R-S05,True
T008,巡航,O01>S004,5803.74643714009,5805.739907231807,中继兜底,R-S05,True
T008,巡航,O01>S004,5805.739907231807,5807.733377323523,中继兜底,R-S05,True
T008,巡航,O01>S004,5807.733377323523,5809.72684741524,中继兜底,R-S05,True
T008,巡航,O01>S004,5809.72684741524,5811.720317506956,中继兜底,R-S05,True
T008,巡航,O01>S004,5811.720317506956,5813.713787598672,中继兜底,R-S05,True
T008,巡航,O01>S004,5813.713787598672,5815.707257690388,中继兜底,R-S05,True
T008,巡航,O01>S004,5815.707257690388,5817.700727782105,中继兜底,R-S05,True
T008,巡航,O01>S004,5817.700727782105,5819.694197873821,中继兜底,R-S05,True
T008,巡航,O01>S004,5819.694197873821,5821.687667965538,中继兜底,R-S05,True
T008,巡航,O01>S004,5821.687667965538,5823.681138057254,中继兜底,R-S05,True
T008,巡航,O01>S004,5823.681138057254,5825.674608148971,中继兜底,R-S05,True
T008,巡航,O01>S004,5825.674608148971,5827.668078240687,中继兜底,R-S05,True
T008,巡航,O01>S004,5827.668078240687,5829.661548332403,中继兜底,R-S05,True
T008,巡航,O01>S004,5829.661548332403,5831.65501842412,中继兜底,R-S05,True
T008,巡航,O01>S004,5831.65501842412,5833.648488515836,中继兜底,R-S05,True
T008,巡航,O01>S004,5833.648488515836,5835.641958607553,中继兜底,R-S05,True
T008,巡航,O01>S004,5835.641958607553,5837.635428699269,中继兜底,R-S05,True
T008,巡航,O01>S004,5837.635428699269,5839.628898790985,中继兜底,R-S05,True
T008,巡航,O01>S004,5839.628898790985,5841.622368882701,中继兜底,R-S05,True
T008,巡航,O01>S004,5841.622368882701,5843.615838974418,中继兜底,R-S05,True
T008,巡航,O01>S004,5843.615838974418,5845.609309066134,中继兜底,R-S05,True
T008,巡航,O01>S004,5845.609309066134,5847.602779157851,中继兜底,R-S05,True
T008,巡航,O01>S004,5847.602779157851,5849.596249249567,中继兜底,R-S05,True
T008,巡航,O01>S004,5849.596249249567,5851.589719341283,中继兜底,R-S05,True
T008,巡航,O01>S004,5851.589719341283,5853.5831894329995,中继兜底,R-S05,True
T008,巡航,O01>S004,5853.5831894329995,5855.576659524716,中继兜底,R-S05,True
T008,巡航,O01>S004,5855.576659524716,5857.5701296164325,中继兜底,R-S05,True
T008,巡航,O01>S004,5857.5701296164325,5859.563599708149,中继兜底,R-S05,True
T008,巡航,O01>S004,5859.563599708149,5861.5570697998655,中继兜底,R-S05,True
T008,巡航,O01>S004,5861.5570697998655,5863.550539891581,中继兜底,R-S05,True
T008,巡航,O01>S004,5863.550539891581,5865.544009983298,中继兜底,R-S05,True
T008,巡航,O01>S004,5865.544009983298,5867.537480075014,中继兜底,R-S05,True
T008,巡航,O01>S004,5867.537480075014,5869.530950166731,中继兜底,R-S05,True
T008,下降,O01>S004,5869.530950166731,5883.692547355045,中继兜底,R-S05,True
T008,下降,O01>S004,5883.692547355045,5897.854144543358,中继兜底,R-S05,True
T008,下降,O01>S004,5897.854144543358,5912.015741731672,中继兜底,R-S05,True
T008,下降,O01>S004,5912.015741731672,5926.177338919986,中继兜底,R-S05,True
T008,下降,O01>S004,5926.177338919986,5940.3389361083,中继兜底,R-S05,True
T008,下降,O01>S004,5940.3389361083,5954.500533296614,中继兜底,R-S05,True
T008,投送,S004,5954.500533296614,6242.500533296614,中继兜底,R-S05,True
T008,爬升,S004>O01,6242.500533296614,6253.829811047265,中继兜底,R-S05,True
T008,爬升,S004>O01,6253.829811047265,6265.1590887979155,中继兜底,R-S05,True
T008,爬升,S004>O01,6265.1590887979155,6276.488366548567,中继兜底,R-S05,True
T008,爬升,S004>O01,6276.488366548567,6287.817644299218,中继兜底,R-S05,True
T008,爬升,S004>O01,6287.817644299218,6299.146922049868,中继兜底,R-S05,True
T008,爬升,S004>O01,6299.146922049868,6310.47619980052,中继兜底,R-S05,True
T008,巡航,S004>O01,6310.47619980052,6312.469669892236,中继兜底,R-S05,True
T008,巡航,S004>O01,6312.469669892236,6314.463139983953,中继兜底,R-S05,True
T008,巡航,S004>O01,6314.463139983953,6316.456610075669,中继兜底,R-S05,True
T008,巡航,S004>O01,6316.456610075669,6318.450080167385,中继兜底,R-S05,True
T008,巡航,S004>O01,6318.450080167385,6320.443550259101,中继兜底,R-S05,True
T008,巡航,S004>O01,6320.443550259101,6322.437020350818,中继兜底,R-S05,True
T008,巡航,S004>O01,6322.437020350818,6324.430490442534,中继兜底,R-S05,True
T008,巡航,S004>O01,6324.430490442534,6326.423960534251,中继兜底,R-S05,True
T008,巡航,S004>O01,6326.423960534251,6328.417430625967,中继兜底,R-S05,True
T008,巡航,S004>O01,6328.417430625967,6330.410900717683,中继兜底,R-S05,True
T008,巡航,S004>O01,6330.410900717683,6332.4043708094,中继兜底,R-S05,True
T008,巡航,S004>O01,6332.4043708094,6334.397840901116,中继兜底,R-S05,True
T008,巡航,S004>O01,6334.397840901116,6336.391310992833,中继兜底,R-S05,True
T008,巡航,S004>O01,6336.391310992833,6338.384781084549,中继兜底,R-S05,True
T008,巡航,S004>O01,6338.384781084549,6340.378251176266,中继兜底,R-S05,True
T008,巡航,S004>O01,6340.378251176266,6342.371721267981,中继兜底,R-S05,True
T008,巡航,S004>O01,6342.371721267981,6344.365191359698,中继兜底,R-S05,True
T008,巡航,S004>O01,6344.365191359698,6346.358661451414,中继兜底,R-S05,True
T008,巡航,S004>O01,6346.358661451414,6348.352131543131,中继兜底,R-S05,True
T008,巡航,S004>O01,6348.352131543131,6350.345601634847,中继兜底,R-S05,True
T008,巡航,S004>O01,6350.345601634847,6352.339071726564,中继兜底,R-S05,True
T008,巡航,S004>O01,6352.339071726564,6354.332541818279,中继兜底,R-S05,True
T008,巡航,S004>O01,6354.332541818279,6356.326011909996,中继兜底,R-S05,True
T008,巡航,S004>O01,6356.326011909996,6358.3194820017125,中继兜底,R-S05,True
T008,巡航,S004>O01,6358.3194820017125,6360.312952093429,中继兜底,R-S05,True
T008,巡航,S004>O01,6360.312952093429,6362.3064221851455,中继兜底,R-S05,True
T008,巡航,S004>O01,6362.3064221851455,6364.299892276862,中继兜底,R-S05,True
T008,巡航,S004>O01,6364.299892276862,6366.2933623685785,中继兜底,R-S05,True
T008,巡航,S004>O01,6366.2933623685785,6368.286832460294,中继兜底,R-S05,True
T008,巡航,S004>O01,6368.286832460294,6370.280302552011,中继兜底,R-S05,True
T008,巡航,S004>O01,6370.280302552011,6372.273772643727,中继兜底,R-S05,True
T008,巡航,S004>O01,6372.273772643727,6374.267242735444,中继兜底,R-S05,True
T008,巡航,S004>O01,6374.267242735444,6376.26071282716,中继兜底,R-S05,True
T008,巡航,S004>O01,6376.26071282716,6378.254182918877,中继兜底,R-S05,True
T008,巡航,S004>O01,6378.254182918877,6380.247653010592,中继兜底,R-S05,True
T008,巡航,S004>O01,6380.247653010592,6382.241123102309,中继兜底,R-S05,True
T008,巡航,S004>O01,6382.241123102309,6384.234593194025,中继兜底,R-S05,True
T008,巡航,S004>O01,6384.234593194025,6386.228063285742,中继兜底,R-S05,True
T008,巡航,S004>O01,6386.228063285742,6388.221533377458,中继兜底,R-S05,True
T008,巡航,S004>O01,6388.221533377458,6390.215003469175,中继兜底,R-S05,True
T008,巡航,S004>O01,6390.215003469175,6392.2084735608905,中继兜底,R-S05,True
T008,巡航,S004>O01,6392.2084735608905,6394.201943652607,中继兜底,R-S05,True
T008,巡航,S004>O01,6394.201943652607,6396.195413744324,中继兜底,R-S05,True
T008,巡航,S004>O01,6396.195413744324,6398.18888383604,中继兜底,R-S05,True
T008,巡航,S004>O01,6398.18888383604,6400.182353927757,中继兜底,R-S05,True
T008,巡航,S004>O01,6400.182353927757,6402.175824019473,中继兜底,R-S05,True
T008,巡航,S004>O01,6402.175824019473,6404.16929411119,中继兜底,R-S05,True
T008,巡航,S004>O01,6404.16929411119,6406.162764202905,中继兜底,R-S05,True
T008,巡航,S004>O01,6406.162764202905,6408.156234294622,中继兜底,R-S05,True
T008,巡航,S004>O01,6408.156234294622,6410.149704386338,中继兜底,R-S05,True
T008,巡航,S004>O01,6410.149704386338,6412.143174478055,中继兜底,R-S05,True
T008,巡航,S004>O01,6412.143174478055,6414.136644569771,中继兜底,R-S05,True
T008,巡航,S004>O01,6414.136644569771,6416.130114661488,中继兜底,R-S05,True
T008,巡航,S004>O01,6416.130114661488,6418.123584753203,中继兜底,R-S05,True
T008,巡航,S004>O01,6418.123584753203,6420.11705484492,中继兜底,R-S05,True
T008,巡航,S004>O01,6420.11705484492,6422.1105249366365,中继兜底,R-S05,True
T008,巡航,S004>O01,6422.1105249366365,6424.103995028353,中继兜底,R-S05,True
T008,巡航,S004>O01,6424.103995028353,6426.0974651200695,中继兜底,R-S05,True
T008,巡航,S004>O01,6426.0974651200695,6428.090935211786,中继兜底,R-S05,True
T008,巡航,S004>O01,6428.090935211786,6430.084405303502,中继兜底,R-S05,True
T008,巡航,S004>O01,6430.084405303502,6432.077875395218,中继兜底,R-S05,True
T008,巡航,S004>O01,6432.077875395218,6434.071345486935,中继兜底,R-S05,True
T008,巡航,S004>O01,6434.071345486935,6436.064815578651,中继兜底,R-S05,True
T008,巡航,S004>O01,6436.064815578651,6438.058285670368,中继兜底,R-S05,True
T008,巡航,S004>O01,6438.058285670368,6440.051755762084,中继兜底,R-S05,True
T008,巡航,S004>O01,6440.051755762084,6442.045225853801,中继兜底,R-S05,True
T008,巡航,S004>O01,6442.045225853801,6444.038695945516,中继兜底,R-S05,True
T008,巡航,S004>O01,6444.038695945516,6446.032166037233,中继兜底,R-S05,True
T008,巡航,S004>O01,6446.032166037233,6448.025636128949,中继兜底,R-S05,True
T008,巡航,S004>O01,6448.025636128949,6450.019106220666,中继兜底,R-S05,True
T008,巡航,S004>O01,6450.019106220666,6452.012576312382,中继兜底,R-S05,True
T008,巡航,S004>O01,6452.012576312382,6454.006046404099,中继兜底,R-S05,True
T008,巡航,S004>O01,6454.006046404099,6455.9995164958145,直连,,True
T008,巡航,S004>O01,6455.9995164958145,6457.992986587531,直连,,True
T008,巡航,S004>O01,6457.992986587531,6459.986456679248,直连,,True
T008,巡航,S004>O01,6459.986456679248,6461.979926770964,直连,,True
T008,巡航,S004>O01,6461.979926770964,6463.973396862681,直连,,True
T008,巡航,S004>O01,6463.973396862681,6465.966866954397,直连,,True
T008,巡航,S004>O01,6465.966866954397,6467.960337046113,直连,,True
T008,巡航,S004>O01,6467.960337046113,6469.953807137829,直连,,True
T008,巡航,S004>O01,6469.953807137829,6471.947277229546,直连,,True
T008,巡航,S004>O01,6471.947277229546,6473.940747321262,直连,,True
T008,巡航,S004>O01,6473.940747321262,6475.934217412979,直连,,True
T008,巡航,S004>O01,6475.934217412979,6477.927687504695,直连,,True
T008,巡航,S004>O01,6477.927687504695,6479.921157596411,直连,,True
T008,巡航,S004>O01,6479.921157596411,6481.914627688127,直连,,True
T008,巡航,S004>O01,6481.914627688127,6483.908097779844,直连,,True
T008,巡航,S004>O01,6483.908097779844,6485.9015678715605,直连,,True
T008,巡航,S004>O01,6485.9015678715605,6487.895037963277,直连,,True
T008,巡航,S004>O01,6487.895037963277,6489.8885080549935,直连,,True
T008,巡航,S004>O01,6489.8885080549935,6491.88197814671,直连,,True
T008,巡航,S004>O01,6491.88197814671,6493.875448238426,直连,,True
T008,巡航,S004>O01,6493.875448238426,6495.868918330142,直连,,True
T008,巡航,S004>O01,6495.868918330142,6497.862388421859,直连,,True
T008,巡航,S004>O01,6497.862388421859,6499.855858513575,直连,,True
T008,巡航,S004>O01,6499.855858513575,6501.849328605292,直连,,True
T008,巡航,S004>O01,6501.849328605292,6503.842798697008,直连,,True
T008,巡航,S004>O01,6503.842798697008,6505.836268788724,直连,,True
T008,巡航,S004>O01,6505.836268788724,6507.82973888044,直连,,True
T008,巡航,S004>O01,6507.82973888044,6509.823208972157,直连,,True
T008,巡航,S004>O01,6509.823208972157,6511.816679063873,直连,,True
T008,巡航,S004>O01,6511.816679063873,6513.81014915559,直连,,True
T008,巡航,S004>O01,6513.81014915559,6515.803619247306,直连,,True
T008,巡航,S004>O01,6515.803619247306,6517.797089339022,直连,,True
T008,巡航,S004>O01,6517.797089339022,6519.7905594307385,直连,,True
T008,巡航,S004>O01,6519.7905594307385,6521.784029522455,直连,,True
T008,巡航,S004>O01,6521.784029522455,6523.777499614172,直连,,True
T008,巡航,S004>O01,6523.777499614172,6525.770969705888,直连,,True
T008,巡航,S004>O01,6525.770969705888,6527.764439797605,直连,,True
T008,巡航,S004>O01,6527.764439797605,6529.75790988932,直连,,True
T008,巡航,S004>O01,6529.75790988932,6531.751379981037,直连,,True
T008,巡航,S004>O01,6531.751379981037,6533.744850072753,直连,,True
T008,巡航,S004>O01,6533.744850072753,6535.73832016447,直连,,True
T008,巡航,S004>O01,6535.73832016447,6537.731790256186,直连,,True
T008,巡航,S004>O01,6537.731790256186,6539.725260347903,直连,,True
T008,巡航,S004>O01,6539.725260347903,6541.718730439619,直连,,True
T008,巡航,S004>O01,6541.718730439619,6543.712200531335,直连,,True
T008,巡航,S004>O01,6543.712200531335,6545.705670623051,直连,,True
T008,巡航,S004>O01,6545.705670623051,6547.699140714768,直连,,True
T008,巡航,S004>O01,6547.699140714768,6549.6926108064845,直连,,True
T008,巡航,S004>O01,6549.6926108064845,6551.686080898201,直连,,True
T008,巡航,S004>O01,6551.686080898201,6553.6795509899175,直连,,True
T008,巡航,S004>O01,6553.6795509899175,6555.673021081633,直连,,True
T008,巡航,S004>O01,6555.673021081633,6557.66649117335,直连,,True
T008,巡航,S004>O01,6557.66649117335,6559.659961265066,直连,,True
T008,巡航,S004>O01,6559.659961265066,6561.653431356783,直连,,True
T008,巡航,S004>O01,6561.653431356783,6563.646901448499,直连,,True
T008,巡航,S004>O01,6563.646901448499,6565.640371540216,直连,,True
T008,巡航,S004>O01,6565.640371540216,6567.633841631932,直连,,True
T008,巡航,S004>O01,6567.633841631932,6569.627311723648,直连,,True
T008,巡航,S004>O01,6569.627311723648,6571.620781815364,直连,,True
T008,巡航,S004>O01,6571.620781815364,6573.614251907081,直连,,True
T008,巡航,S004>O01,6573.614251907081,6575.607721998797,直连,,True
T008,巡航,S004>O01,6575.607721998797,6577.601192090514,直连,,True
T008,巡航,S004>O01,6577.601192090514,6579.59466218223,直连,,True
T008,巡航,S004>O01,6579.59466218223,6581.588132273946,直连,,True
T008,巡航,S004>O01,6581.588132273946,6583.581602365663,直连,,True
T008,巡航,S004>O01,6583.581602365663,6585.575072457379,直连,,True
T008,巡航,S004>O01,6585.575072457379,6587.568542549096,直连,,True
T008,巡航,S004>O01,6587.568542549096,6589.562012640812,直连,,True
T008,巡航,S004>O01,6589.562012640812,6591.555482732529,直连,,True
T008,巡航,S004>O01,6591.555482732529,6593.548952824244,直连,,True
T008,巡航,S004>O01,6593.548952824244,6595.542422915961,直连,,True
T008,巡航,S004>O01,6595.542422915961,6597.535893007677,直连,,True
T008,巡航,S004>O01,6597.535893007677,6599.529363099394,直连,,True
T008,巡航,S004>O01,6599.529363099394,6601.52283319111,直连,,True
T008,巡航,S004>O01,6601.52283319111,6603.516303282827,直连,,True
T008,巡航,S004>O01,6603.516303282827,6605.509773374542,直连,,True
T008,巡航,S004>O01,6605.509773374542,6607.503243466259,直连,,True
T008,巡航,S004>O01,6607.503243466259,6609.496713557975,直连,,True
T008,巡航,S004>O01,6609.496713557975,6611.490183649692,直连,,True
T008,巡航,S004>O01,6611.490183649692,6613.4836537414085,直连,,True
T008,巡航,S004>O01,6613.4836537414085,6615.477123833125,直连,,True
T008,巡航,S004>O01,6615.477123833125,6617.4705939248415,直连,,True
T008,巡航,S004>O01,6617.4705939248415,6619.464064016557,直连,,True
T008,巡航,S004>O01,6619.464064016557,6621.457534108274,直连,,True
T008,巡航,S004>O01,6621.457534108274,6623.45100419999,直连,,True
T008,巡航,S004>O01,6623.45100419999,6625.444474291707,直连,,True
T008,巡航,S004>O01,6625.444474291707,6627.437944383423,直连,,True
T008,巡航,S004>O01,6627.437944383423,6629.43141447514,直连,,True
T008,巡航,S004>O01,6629.43141447514,6631.424884566855,直连,,True
T008,巡航,S004>O01,6631.424884566855,6633.418354658572,直连,,True
T008,巡航,S004>O01,6633.418354658572,6635.411824750288,直连,,True
T008,巡航,S004>O01,6635.411824750288,6637.405294842005,直连,,True
T008,巡航,S004>O01,6637.405294842005,6639.398764933721,直连,,True
T008,巡航,S004>O01,6639.398764933721,6641.392235025438,直连,,True
T008,巡航,S004>O01,6641.392235025438,6643.385705117154,直连,,True
T008,巡航,S004>O01,6643.385705117154,6645.37917520887,直连,,True
T008,巡航,S004>O01,6645.37917520887,6647.372645300587,直连,,True
T008,巡航,S004>O01,6647.372645300587,6649.366115392303,直连,,True
T008,巡航,S004>O01,6649.366115392303,6651.35958548402,直连,,True
T008,巡航,S004>O01,6651.35958548402,6653.353055575736,直连,,True
T008,巡航,S004>O01,6653.353055575736,6655.346525667452,直连,,True
T008,巡航,S004>O01,6655.346525667452,6657.339995759168,直连,,True
T008,巡航,S004>O01,6657.339995759168,6659.333465850885,直连,,True
T008,巡航,S004>O01,6659.333465850885,6661.326935942601,直连,,True
T008,巡航,S004>O01,6661.326935942601,6663.320406034318,直连,,True
T008,巡航,S004>O01,6663.320406034318,6665.313876126034,直连,,True
T008,巡航,S004>O01,6665.313876126034,6667.307346217751,直连,,True
T008,巡航,S004>O01,6667.307346217751,6669.300816309466,直连,,True
T008,巡航,S004>O01,6669.300816309466,6671.294286401183,直连,,True
T008,巡航,S004>O01,6671.294286401183,6673.2877564928995,直连,,True
T008,巡航,S004>O01,6673.2877564928995,6675.281226584616,直连,,True
T008,巡航,S004>O01,6675.281226584616,6677.2746966763325,直连,,True
T008,巡航,S004>O01,6677.2746966763325,6679.268166768049,直连,,True
T008,巡航,S004>O01,6679.268166768049,6681.261636859765,直连,,True
T008,巡航,S004>O01,6681.261636859765,6683.255106951481,直连,,True
T008,巡航,S004>O01,6683.255106951481,6685.248577043198,直连,,True
T008,巡航,S004>O01,6685.248577043198,6687.242047134914,直连,,True
T008,巡航,S004>O01,6687.242047134914,6689.235517226631,直连,,True
T008,巡航,S004>O01,6689.235517226631,6691.228987318347,直连,,True
T008,巡航,S004>O01,6691.228987318347,6693.222457410064,直连,,True
T008,巡航,S004>O01,6693.222457410064,6695.215927501779,直连,,True
T008,巡航,S004>O01,6695.215927501779,6697.209397593496,直连,,True
T008,巡航,S004>O01,6697.209397593496,6699.202867685212,直连,,True
T008,巡航,S004>O01,6699.202867685212,6701.196337776929,直连,,True
T008,巡航,S004>O01,6701.196337776929,6703.189807868645,直连,,True
T008,巡航,S004>O01,6703.189807868645,6705.183277960362,直连,,True
T008,巡航,S004>O01,6705.183277960362,6707.1767480520775,直连,,True
T008,巡航,S004>O01,6707.1767480520775,6709.170218143794,直连,,True
T008,巡航,S004>O01,6709.170218143794,6711.163688235511,直连,,True
T008,巡航,S004>O01,6711.163688235511,6713.157158327227,直连,,True
T008,巡航,S004>O01,6713.157158327227,6715.150628418944,直连,,True
T008,巡航,S004>O01,6715.150628418944,6717.14409851066,直连,,True
T008,巡航,S004>O01,6717.14409851066,6719.137568602376,直连,,True
T008,巡航,S004>O01,6719.137568602376,6721.131038694092,直连,,True
T008,巡航,S004>O01,6721.131038694092,6723.124508785809,直连,,True
T008,巡航,S004>O01,6723.124508785809,6725.117978877525,直连,,True
T008,巡航,S004>O01,6725.117978877525,6727.111448969242,直连,,True
T008,巡航,S004>O01,6727.111448969242,6729.104919060958,直连,,True
T008,巡航,S004>O01,6729.104919060958,6731.098389152674,直连,,True
T008,巡航,S004>O01,6731.098389152674,6733.09185924439,直连,,True
T008,巡航,S004>O01,6733.09185924439,6735.085329336107,直连,,True
T008,巡航,S004>O01,6735.085329336107,6737.0787994278235,直连,,True
T008,巡航,S004>O01,6737.0787994278235,6739.07226951954,直连,,True
T008,巡航,S004>O01,6739.07226951954,6741.0657396112565,直连,,True
T008,巡航,S004>O01,6741.0657396112565,6743.059209702973,直连,,True
T008,巡航,S004>O01,6743.059209702973,6745.052679794689,直连,,True
T008,巡航,S004>O01,6745.052679794689,6747.046149886405,直连,,True
T008,巡航,S004>O01,6747.046149886405,6749.039619978122,直连,,True
T008,巡航,S004>O01,6749.039619978122,6751.033090069838,直连,,True
T008,巡航,S004>O01,6751.033090069838,6753.026560161555,直连,,True
T008,巡航,S004>O01,6753.026560161555,6755.020030253271,直连,,True
T008,巡航,S004>O01,6755.020030253271,6757.013500344987,直连,,True
T008,巡航,S004>O01,6757.013500344987,6759.006970436703,直连,,True
T008,巡航,S004>O01,6759.006970436703,6761.00044052842,直连,,True
T008,巡航,S004>O01,6761.00044052842,6762.993910620136,直连,,True
T008,巡航,S004>O01,6762.993910620136,6764.987380711853,直连,,True
T008,巡航,S004>O01,6764.987380711853,6766.980850803569,直连,,True
T008,巡航,S004>O01,6766.980850803569,6768.974320895285,直连,,True
T008,巡航,S004>O01,6768.974320895285,6770.9677909870015,直连,,True
T008,巡航,S004>O01,6770.9677909870015,6772.961261078718,直连,,True
T008,巡航,S004>O01,6772.961261078718,6774.954731170435,直连,,True
T008,巡航,S004>O01,6774.954731170435,6776.948201262151,直连,,True
T008,巡航,S004>O01,6776.948201262151,6778.941671353868,直连,,True
T008,巡航,S004>O01,6778.941671353868,6780.935141445583,直连,,True
T008,巡航,S004>O01,6780.935141445583,6782.9286115373,直连,,True
T008,巡航,S004>O01,6782.9286115373,6784.922081629016,直连,,True
T008,巡航,S004>O01,6784.922081629016,6786.915551720733,直连,,True
T008,巡航,S004>O01,6786.915551720733,6788.909021812449,直连,,True
T008,巡航,S004>O01,6788.909021812449,6790.902491904166,直连,,True
T008,巡航,S004>O01,6790.902491904166,6792.895961995882,直连,,True
T008,巡航,S004>O01,6792.895961995882,6794.889432087598,直连,,True
T008,巡航,S004>O01,6794.889432087598,6796.882902179314,直连,,True
T008,巡航,S004>O01,6796.882902179314,6798.876372271031,直连,,True
T008,巡航,S004>O01,6798.876372271031,6800.8698423627475,直连,,True
T008,巡航,S004>O01,6800.8698423627475,6802.863312454464,直连,,True
T008,巡航,S004>O01,6802.863312454464,6804.8567825461805,直连,,True
T008,巡航,S004>O01,6804.8567825461805,6806.850252637896,直连,,True
T008,巡航,S004>O01,6806.850252637896,6808.843722729613,直连,,True
T008,巡航,S004>O01,6808.843722729613,6810.837192821329,直连,,True
T008,巡航,S004>O01,6810.837192821329,6812.830662913046,直连,,True
T008,巡航,S004>O01,6812.830662913046,6814.824133004762,直连,,True
T008,巡航,S004>O01,6814.824133004762,6816.817603096479,直连,,True
T008,巡航,S004>O01,6816.817603096479,6818.811073188194,直连,,True
T008,巡航,S004>O01,6818.811073188194,6820.804543279911,直连,,True
T008,巡航,S004>O01,6820.804543279911,6822.798013371627,直连,,True
T008,巡航,S004>O01,6822.798013371627,6824.791483463344,直连,,True
T008,下降,S004>O01,6824.791483463344,6838.318441776332,直连,,True
T008,下降,S004>O01,6838.318441776332,6851.845400089321,直连,,True
T008,下降,S004>O01,6851.845400089321,6865.372358402308,直连,,True
T008,下降,S004>O01,6865.372358402308,6878.899316715297,直连,,True
T008,下降,S004>O01,6878.899316715297,6892.426275028285,直连,,True
T008,下降,S004>O01,6892.426275028285,6905.9532333412735,直连,,True
T008,下降,S004>O01,6905.9532333412735,6919.480191654262,直连,,True
T008,下降,S004>O01,6919.480191654262,6933.0071499672495,直连,,True
T008,下降,S004>O01,6933.0071499672495,6946.534108280238,直连,,True
T008,下降,S004>O01,6946.534108280238,6960.061066593226,直连,,True
T009,爬升,O01>S004,6264.0,6273.017972208659,直连,,True
T009,爬升,O01>S004,6273.017972208659,6282.035944417317,直连,,True
T009,爬升,O01>S004,6282.035944417317,6291.053916625977,直连,,True
T009,爬升,O01>S004,6291.053916625977,6300.0718888346355,直连,,True
T009,爬升,O01>S004,6300.0718888346355,6309.089861043294,直连,,True
T009,爬升,O01>S004,6309.089861043294,6318.107833251953,直连,,True
T009,爬升,O01>S004,6318.107833251953,6327.125805460611,直连,,True
T009,爬升,O01>S004,6327.125805460611,6336.143777669271,直连,,True
T009,爬升,O01>S004,6336.143777669271,6345.16174987793,直连,,True
T009,爬升,O01>S004,6345.16174987793,6354.179722086588,直连,,True
T009,巡航,O01>S004,6354.179722086588,6356.173192178305,直连,,True
T009,巡航,O01>S004,6356.173192178305,6358.166662270021,直连,,True
T009,巡航,O01>S004,6358.166662270021,6360.160132361738,直连,,True
T009,巡航,O01>S004,6360.160132361738,6362.1536024534535,直连,,True
T009,巡航,O01>S004,6362.1536024534535,6364.14707254517,直连,,True
T009,巡航,O01>S004,6364.14707254517,6366.1405426368865,直连,,True
T009,巡航,O01>S004,6366.1405426368865,6368.134012728603,直连,,True
T009,巡航,O01>S004,6368.134012728603,6370.1274828203195,直连,,True
T009,巡航,O01>S004,6370.1274828203195,6372.120952912036,直连,,True
T009,巡航,O01>S004,6372.120952912036,6374.114423003752,直连,,True
T009,巡航,O01>S004,6374.114423003752,6376.107893095468,直连,,True
T009,巡航,O01>S004,6376.107893095468,6378.101363187185,直连,,True
T009,巡航,O01>S004,6378.101363187185,6380.094833278901,直连,,True
T009,巡航,O01>S004,6380.094833278901,6382.088303370618,直连,,True
T009,巡航,O01>S004,6382.088303370618,6384.081773462334,直连,,True
T009,巡航,O01>S004,6384.081773462334,6386.07524355405,直连,,True
T009,巡航,O01>S004,6386.07524355405,6388.068713645766,直连,,True
T009,巡航,O01>S004,6388.068713645766,6390.062183737483,直连,,True
T009,巡航,O01>S004,6390.062183737483,6392.055653829199,直连,,True
T009,巡航,O01>S004,6392.055653829199,6394.049123920916,直连,,True
T009,巡航,O01>S004,6394.049123920916,6396.042594012632,直连,,True
T009,巡航,O01>S004,6396.042594012632,6398.036064104348,直连,,True
T009,巡航,O01>S004,6398.036064104348,6400.029534196065,直连,,True
T009,巡航,O01>S004,6400.029534196065,6402.023004287781,直连,,True
T009,巡航,O01>S004,6402.023004287781,6404.016474379498,直连,,True
T009,巡航,O01>S004,6404.016474379498,6406.009944471214,直连,,True
T009,巡航,O01>S004,6406.009944471214,6408.003414562931,直连,,True
T009,巡航,O01>S004,6408.003414562931,6409.996884654647,直连,,True
T009,巡航,O01>S004,6409.996884654647,6411.990354746363,直连,,True
T009,巡航,O01>S004,6411.990354746363,6413.983824838079,直连,,True
T009,巡航,O01>S004,6413.983824838079,6415.977294929796,直连,,True
T009,巡航,O01>S004,6415.977294929796,6417.970765021512,直连,,True
T009,巡航,O01>S004,6417.970765021512,6419.964235113229,直连,,True
T009,巡航,O01>S004,6419.964235113229,6421.957705204945,直连,,True
T009,巡航,O01>S004,6421.957705204945,6423.951175296661,直连,,True
T009,巡航,O01>S004,6423.951175296661,6425.9446453883775,直连,,True
T009,巡航,O01>S004,6425.9446453883775,6427.938115480094,直连,,True
T009,巡航,O01>S004,6427.938115480094,6429.9315855718105,直连,,True
T009,巡航,O01>S004,6429.9315855718105,6431.925055663527,直连,,True
T009,巡航,O01>S004,6431.925055663527,6433.9185257552435,直连,,True
T009,巡航,O01>S004,6433.9185257552435,6435.911995846959,直连,,True
T009,巡航,O01>S004,6435.911995846959,6437.905465938676,直连,,True
T009,巡航,O01>S004,6437.905465938676,6439.898936030392,直连,,True
T009,巡航,O01>S004,6439.898936030392,6441.892406122109,直连,,True
T009,巡航,O01>S004,6441.892406122109,6443.885876213825,直连,,True
T009,巡航,O01>S004,6443.885876213825,6445.879346305542,直连,,True
T009,巡航,O01>S004,6445.879346305542,6447.872816397258,直连,,True
T009,巡航,O01>S004,6447.872816397258,6449.866286488974,直连,,True
T009,巡航,O01>S004,6449.866286488974,6451.85975658069,直连,,True
T009,巡航,O01>S004,6451.85975658069,6453.853226672407,直连,,True
T009,巡航,O01>S004,6453.853226672407,6455.846696764123,直连,,True
T009,巡航,O01>S004,6455.846696764123,6457.84016685584,直连,,True
T009,巡航,O01>S004,6457.84016685584,6459.833636947556,直连,,True
T009,巡航,O01>S004,6459.833636947556,6461.827107039272,直连,,True
T009,巡航,O01>S004,6461.827107039272,6463.820577130989,直连,,True
T009,巡航,O01>S004,6463.820577130989,6465.814047222705,直连,,True
T009,巡航,O01>S004,6465.814047222705,6467.807517314422,直连,,True
T009,巡航,O01>S004,6467.807517314422,6469.800987406138,直连,,True
T009,巡航,O01>S004,6469.800987406138,6471.794457497855,直连,,True
T009,巡航,O01>S004,6471.794457497855,6473.78792758957,直连,,True
T009,巡航,O01>S004,6473.78792758957,6475.781397681287,直连,,True
T009,巡航,O01>S004,6475.781397681287,6477.774867773003,直连,,True
T009,巡航,O01>S004,6477.774867773003,6479.76833786472,直连,,True
T009,巡航,O01>S004,6479.76833786472,6481.761807956436,直连,,True
T009,巡航,O01>S004,6481.761807956436,6483.755278048153,直连,,True
T009,巡航,O01>S004,6483.755278048153,6485.748748139869,直连,,True
T009,巡航,O01>S004,6485.748748139869,6487.742218231585,直连,,True
T009,巡航,O01>S004,6487.742218231585,6489.7356883233015,直连,,True
T009,巡航,O01>S004,6489.7356883233015,6491.729158415018,直连,,True
T009,巡航,O01>S004,6491.729158415018,6493.7226285067345,直连,,True
T009,巡航,O01>S004,6493.7226285067345,6495.716098598451,直连,,True
T009,巡航,O01>S004,6495.716098598451,6497.7095686901675,直连,,True
T009,巡航,O01>S004,6497.7095686901675,6499.703038781883,直连,,True
T009,巡航,O01>S004,6499.703038781883,6501.6965088736,直连,,True
T009,巡航,O01>S004,6501.6965088736,6503.689978965316,直连,,True
T009,巡航,O01>S004,6503.689978965316,6505.683449057033,直连,,True
T009,巡航,O01>S004,6505.683449057033,6507.676919148749,直连,,True
T009,巡航,O01>S004,6507.676919148749,6509.670389240466,直连,,True
T009,巡航,O01>S004,6509.670389240466,6511.663859332181,直连,,True
T009,巡航,O01>S004,6511.663859332181,6513.657329423898,直连,,True
T009,巡航,O01>S004,6513.657329423898,6515.650799515614,直连,,True
T009,巡航,O01>S004,6515.650799515614,6517.644269607331,直连,,True
T009,巡航,O01>S004,6517.644269607331,6519.637739699047,直连,,True
T009,巡航,O01>S004,6519.637739699047,6521.631209790764,直连,,True
T009,巡航,O01>S004,6521.631209790764,6523.6246798824795,直连,,True
T009,巡航,O01>S004,6523.6246798824795,6525.618149974196,直连,,True
T009,巡航,O01>S004,6525.618149974196,6527.611620065913,直连,,True
T009,巡航,O01>S004,6527.611620065913,6529.605090157629,直连,,True
T009,巡航,O01>S004,6529.605090157629,6531.598560249346,直连,,True
T009,巡航,O01>S004,6531.598560249346,6533.592030341062,直连,,True
T009,巡航,O01>S004,6533.592030341062,6535.585500432779,直连,,True
T009,巡航,O01>S004,6535.585500432779,6537.578970524494,直连,,True
T009,巡航,O01>S004,6537.578970524494,6539.572440616211,直连,,True
T009,巡航,O01>S004,6539.572440616211,6541.565910707927,直连,,True
T009,巡航,O01>S004,6541.565910707927,6543.559380799644,直连,,True
T009,巡航,O01>S004,6543.559380799644,6545.55285089136,直连,,True
T009,巡航,O01>S004,6545.55285089136,6547.546320983077,直连,,True
T009,巡航,O01>S004,6547.546320983077,6549.539791074792,直连,,True
T009,巡航,O01>S004,6549.539791074792,6551.533261166509,直连,,True
T009,巡航,O01>S004,6551.533261166509,6553.5267312582255,直连,,True
T009,巡航,O01>S004,6553.5267312582255,6555.520201349942,直连,,True
T009,巡航,O01>S004,6555.520201349942,6557.5136714416585,直连,,True
T009,巡航,O01>S004,6557.5136714416585,6559.507141533375,直连,,True
T009,巡航,O01>S004,6559.507141533375,6561.500611625091,直连,,True
T009,巡航,O01>S004,6561.500611625091,6563.494081716807,直连,,True
T009,巡航,O01>S004,6563.494081716807,6565.487551808524,直连,,True
T009,巡航,O01>S004,6565.487551808524,6567.48102190024,直连,,True
T009,巡航,O01>S004,6567.48102190024,6569.474491991957,直连,,True
T009,巡航,O01>S004,6569.474491991957,6571.467962083673,直连,,True
T009,巡航,O01>S004,6571.467962083673,6573.461432175389,直连,,True
T009,巡航,O01>S004,6573.461432175389,6575.454902267105,直连,,True
T009,巡航,O01>S004,6575.454902267105,6577.448372358822,直连,,True
T009,巡航,O01>S004,6577.448372358822,6579.441842450538,直连,,True
T009,巡航,O01>S004,6579.441842450538,6581.435312542255,直连,,True
T009,巡航,O01>S004,6581.435312542255,6583.428782633971,直连,,True
T009,巡航,O01>S004,6583.428782633971,6585.422252725688,直连,,True
T009,巡航,O01>S004,6585.422252725688,6587.415722817404,直连,,True
T009,巡航,O01>S004,6587.415722817404,6589.40919290912,直连,,True
T009,巡航,O01>S004,6589.40919290912,6591.402663000837,直连,,True
T009,巡航,O01>S004,6591.402663000837,6593.396133092553,直连,,True
T009,巡航,O01>S004,6593.396133092553,6595.38960318427,直连,,True
T009,巡航,O01>S004,6595.38960318427,6597.383073275986,直连,,True
T009,巡航,O01>S004,6597.383073275986,6599.376543367702,直连,,True
T009,巡航,O01>S004,6599.376543367702,6601.370013459418,直连,,True
T009,巡航,O01>S004,6601.370013459418,6603.363483551135,直连,,True
T009,巡航,O01>S004,6603.363483551135,6605.356953642851,直连,,True
T009,巡航,O01>S004,6605.356953642851,6607.350423734568,直连,,True
T009,巡航,O01>S004,6607.350423734568,6609.343893826284,直连,,True
T009,巡航,O01>S004,6609.343893826284,6611.337363918001,直连,,True
T009,巡航,O01>S004,6611.337363918001,6613.330834009716,直连,,True
T009,巡航,O01>S004,6613.330834009716,6615.324304101433,直连,,True
T009,巡航,O01>S004,6615.324304101433,6617.3177741931495,直连,,True
T009,巡航,O01>S004,6617.3177741931495,6619.311244284866,直连,,True
T009,巡航,O01>S004,6619.311244284866,6621.3047143765825,直连,,True
T009,巡航,O01>S004,6621.3047143765825,6623.298184468299,直连,,True
T009,巡航,O01>S004,6623.298184468299,6625.291654560015,直连,,True
T009,巡航,O01>S004,6625.291654560015,6627.285124651731,直连,,True
T009,巡航,O01>S004,6627.285124651731,6629.278594743448,直连,,True
T009,巡航,O01>S004,6629.278594743448,6631.272064835164,直连,,True
T009,巡航,O01>S004,6631.272064835164,6633.265534926881,直连,,True
T009,巡航,O01>S004,6633.265534926881,6635.259005018597,直连,,True
T009,巡航,O01>S004,6635.259005018597,6637.252475110313,直连,,True
T009,巡航,O01>S004,6637.252475110313,6639.245945202029,直连,,True
T009,巡航,O01>S004,6639.245945202029,6641.239415293746,直连,,True
T009,巡航,O01>S004,6641.239415293746,6643.232885385462,直连,,True
T009,巡航,O01>S004,6643.232885385462,6645.226355477179,直连,,True
T009,巡航,O01>S004,6645.226355477179,6647.219825568895,直连,,True
T009,巡航,O01>S004,6647.219825568895,6649.213295660611,直连,,True
T009,巡航,O01>S004,6649.213295660611,6651.206765752328,直连,,True
T009,巡航,O01>S004,6651.206765752328,6653.200235844044,直连,,True
T009,巡航,O01>S004,6653.200235844044,6655.193705935761,直连,,True
T009,巡航,O01>S004,6655.193705935761,6657.187176027477,直连,,True
T009,巡航,O01>S004,6657.187176027477,6659.180646119194,直连,,True
T009,巡航,O01>S004,6659.180646119194,6661.17411621091,直连,,True
T009,巡航,O01>S004,6661.17411621091,6663.167586302626,直连,,True
T009,巡航,O01>S004,6663.167586302626,6665.161056394342,直连,,True
T009,巡航,O01>S004,6665.161056394342,6667.154526486059,直连,,True
T009,巡航,O01>S004,6667.154526486059,6669.147996577775,直连,,True
T009,巡航,O01>S004,6669.147996577775,6671.141466669492,直连,,True
T009,巡航,O01>S004,6671.141466669492,6673.134936761208,直连,,True
T009,巡航,O01>S004,6673.134936761208,6675.128406852924,直连,,True
T009,巡航,O01>S004,6675.128406852924,6677.1218769446405,直连,,True
T009,巡航,O01>S004,6677.1218769446405,6679.115347036357,直连,,True
T009,巡航,O01>S004,6679.115347036357,6681.1088171280735,直连,,True
T009,巡航,O01>S004,6681.1088171280735,6683.10228721979,直连,,True
T009,巡航,O01>S004,6683.10228721979,6685.0957573115065,直连,,True
T009,巡航,O01>S004,6685.0957573115065,6687.089227403223,直连,,True
T009,巡航,O01>S004,6687.089227403223,6689.082697494939,直连,,True
T009,巡航,O01>S004,6689.082697494939,6691.076167586655,直连,,True
T009,巡航,O01>S004,6691.076167586655,6693.069637678372,直连,,True
T009,巡航,O01>S004,6693.069637678372,6695.063107770088,直连,,True
T009,巡航,O01>S004,6695.063107770088,6697.056577861805,直连,,True
T009,巡航,O01>S004,6697.056577861805,6699.05004795352,直连,,True
T009,巡航,O01>S004,6699.05004795352,6701.043518045237,直连,,True
T009,巡航,O01>S004,6701.043518045237,6703.036988136953,直连,,True
T009,巡航,O01>S004,6703.036988136953,6705.03045822867,直连,,True
T009,巡航,O01>S004,6705.03045822867,6707.023928320386,直连,,True
T009,巡航,O01>S004,6707.023928320386,6709.017398412103,直连,,True
T009,巡航,O01>S004,6709.017398412103,6711.010868503819,直连,,True
T009,巡航,O01>S004,6711.010868503819,6713.004338595535,直连,,True
T009,巡航,O01>S004,6713.004338595535,6714.997808687252,直连,,True
T009,巡航,O01>S004,6714.997808687252,6716.991278778968,直连,,True
T009,巡航,O01>S004,6716.991278778968,6718.984748870685,直连,,True
T009,巡航,O01>S004,6718.984748870685,6720.978218962401,直连,,True
T009,巡航,O01>S004,6720.978218962401,6722.971689054118,直连,,True
T009,巡航,O01>S004,6722.971689054118,6724.965159145833,直连,,True
T009,巡航,O01>S004,6724.965159145833,6726.95862923755,中继兜底,R-S05,True
T009,巡航,O01>S004,6726.95862923755,6728.952099329266,中继兜底,R-S05,True
T009,巡航,O01>S004,6728.952099329266,6730.945569420983,中继兜底,R-S05,True
T009,巡航,O01>S004,6730.945569420983,6732.939039512699,中继兜底,R-S05,True
T009,巡航,O01>S004,6732.939039512699,6734.932509604416,中继兜底,R-S05,True
T009,巡航,O01>S004,6734.932509604416,6736.925979696132,中继兜底,R-S05,True
T009,巡航,O01>S004,6736.925979696132,6738.919449787848,中继兜底,R-S05,True
T009,巡航,O01>S004,6738.919449787848,6740.9129198795645,中继兜底,R-S05,True
T009,巡航,O01>S004,6740.9129198795645,6742.906389971281,中继兜底,R-S05,True
T009,巡航,O01>S004,6742.906389971281,6744.8998600629975,中继兜底,R-S05,True
T009,巡航,O01>S004,6744.8998600629975,6746.893330154714,中继兜底,R-S05,True
T009,巡航,O01>S004,6746.893330154714,6748.8868002464305,中继兜底,R-S05,True
T009,巡航,O01>S004,6748.8868002464305,6750.880270338146,中继兜底,R-S05,True
T009,巡航,O01>S004,6750.880270338146,6752.873740429863,中继兜底,R-S05,True
T009,巡航,O01>S004,6752.873740429863,6754.867210521579,中继兜底,R-S05,True
T009,巡航,O01>S004,6754.867210521579,6756.860680613296,中继兜底,R-S05,True
T009,巡航,O01>S004,6756.860680613296,6758.854150705012,中继兜底,R-S05,True
T009,巡航,O01>S004,6758.854150705012,6760.847620796729,中继兜底,R-S05,True
T009,巡航,O01>S004,6760.847620796729,6762.841090888444,中继兜底,R-S05,True
T009,巡航,O01>S004,6762.841090888444,6764.834560980161,中继兜底,R-S05,True
T009,巡航,O01>S004,6764.834560980161,6766.828031071877,中继兜底,R-S05,True
T009,巡航,O01>S004,6766.828031071877,6768.821501163594,中继兜底,R-S05,True
T009,巡航,O01>S004,6768.821501163594,6770.81497125531,中继兜底,R-S05,True
T009,巡航,O01>S004,6770.81497125531,6772.808441347027,中继兜底,R-S05,True
T009,巡航,O01>S004,6772.808441347027,6774.8019114387425,中继兜底,R-S05,True
T009,巡航,O01>S004,6774.8019114387425,6776.795381530459,中继兜底,R-S05,True
T009,巡航,O01>S004,6776.795381530459,6778.788851622176,中继兜底,R-S05,True
T009,巡航,O01>S004,6778.788851622176,6780.782321713892,中继兜底,R-S05,True
T009,巡航,O01>S004,6780.782321713892,6782.775791805609,中继兜底,R-S05,True
T009,巡航,O01>S004,6782.775791805609,6784.769261897325,中继兜底,R-S05,True
T009,巡航,O01>S004,6784.769261897325,6786.762731989042,中继兜底,R-S05,True
T009,巡航,O01>S004,6786.762731989042,6788.756202080757,中继兜底,R-S05,True
T009,巡航,O01>S004,6788.756202080757,6790.749672172474,中继兜底,R-S05,True
T009,巡航,O01>S004,6790.749672172474,6792.74314226419,中继兜底,R-S05,True
T009,巡航,O01>S004,6792.74314226419,6794.736612355907,中继兜底,R-S05,True
T009,巡航,O01>S004,6794.736612355907,6796.730082447623,中继兜底,R-S05,True
T009,巡航,O01>S004,6796.730082447623,6798.72355253934,中继兜底,R-S05,True
T009,巡航,O01>S004,6798.72355253934,6800.717022631055,中继兜底,R-S05,True
T009,巡航,O01>S004,6800.717022631055,6802.710492722772,中继兜底,R-S05,True
T009,巡航,O01>S004,6802.710492722772,6804.7039628144885,中继兜底,R-S05,True
T009,巡航,O01>S004,6804.7039628144885,6806.697432906205,中继兜底,R-S05,True
T009,巡航,O01>S004,6806.697432906205,6808.6909029979215,中继兜底,R-S05,True
T009,巡航,O01>S004,6808.6909029979215,6810.684373089638,中继兜底,R-S05,True
T009,巡航,O01>S004,6810.684373089638,6812.677843181354,中继兜底,R-S05,True
T009,巡航,O01>S004,6812.677843181354,6814.67131327307,中继兜底,R-S05,True
T009,巡航,O01>S004,6814.67131327307,6816.664783364787,中继兜底,R-S05,True
T009,巡航,O01>S004,6816.664783364787,6818.658253456503,中继兜底,R-S05,True
T009,巡航,O01>S004,6818.658253456503,6820.65172354822,中继兜底,R-S05,True
T009,巡航,O01>S004,6820.65172354822,6822.645193639936,中继兜底,R-S05,True
T009,巡航,O01>S004,6822.645193639936,6824.638663731652,中继兜底,R-S05,True
T009,巡航,O01>S004,6824.638663731652,6826.632133823368,中继兜底,R-S05,True
T009,巡航,O01>S004,6826.632133823368,6828.625603915085,中继兜底,R-S05,True
T009,巡航,O01>S004,6828.625603915085,6830.619074006801,中继兜底,R-S05,True
T009,巡航,O01>S004,6830.619074006801,6832.612544098518,中继兜底,R-S05,True
T009,巡航,O01>S004,6832.612544098518,6834.606014190234,中继兜底,R-S05,True
T009,巡航,O01>S004,6834.606014190234,6836.599484281951,中继兜底,R-S05,True
T009,巡航,O01>S004,6836.599484281951,6838.5929543736665,中继兜底,R-S05,True
T009,巡航,O01>S004,6838.5929543736665,6840.586424465383,中继兜底,R-S05,True
T009,巡航,O01>S004,6840.586424465383,6842.5798945571,中继兜底,R-S05,True
T009,巡航,O01>S004,6842.5798945571,6844.573364648816,中继兜底,R-S05,True
T009,巡航,O01>S004,6844.573364648816,6846.566834740533,中继兜底,R-S05,True
T009,巡航,O01>S004,6846.566834740533,6848.560304832249,中继兜底,R-S05,True
T009,巡航,O01>S004,6848.560304832249,6850.553774923965,中继兜底,R-S05,True
T009,巡航,O01>S004,6850.553774923965,6852.547245015681,中继兜底,R-S05,True
T009,巡航,O01>S004,6852.547245015681,6854.540715107398,中继兜底,R-S05,True
T009,巡航,O01>S004,6854.540715107398,6856.534185199114,中继兜底,R-S05,True
T009,巡航,O01>S004,6856.534185199114,6858.527655290831,中继兜底,R-S05,True
T009,巡航,O01>S004,6858.527655290831,6860.521125382547,中继兜底,R-S05,True
T009,巡航,O01>S004,6860.521125382547,6862.514595474263,中继兜底,R-S05,True
T009,巡航,O01>S004,6862.514595474263,6864.508065565979,中继兜底,R-S05,True
T009,巡航,O01>S004,6864.508065565979,6866.501535657696,中继兜底,R-S05,True
T009,巡航,O01>S004,6866.501535657696,6868.4950057494125,中继兜底,R-S05,True
T009,下降,O01>S004,6868.4950057494125,6879.824283500064,中继兜底,R-S05,True
T009,下降,O01>S004,6879.824283500064,6891.153561250714,中继兜底,R-S05,True
T009,下降,O01>S004,6891.153561250714,6902.482839001365,中继兜底,R-S05,True
T009,下降,O01>S004,6902.482839001365,6913.812116752017,中继兜底,R-S05,True
T009,下降,O01>S004,6913.812116752017,6925.141394502667,中继兜底,R-S05,True
T009,下降,O01>S004,6925.141394502667,6936.470672253318,中继兜底,R-S05,True
T009,投送,S004,6936.470672253318,7176.470672253318,中继兜底,R-S05,True
T009,爬升,S004>O01,7176.470672253318,7185.911737045528,中继兜底,R-S05,True
T009,爬升,S004>O01,7185.911737045528,7195.3528018377365,中继兜底,R-S05,True
T009,爬升,S004>O01,7195.3528018377365,7204.793866629946,中继兜底,R-S05,True
T009,爬升,S004>O01,7204.793866629946,7214.234931422156,中继兜底,R-S05,True
T009,爬升,S004>O01,7214.234931422156,7223.675996214364,中继兜底,R-S05,True
T009,爬升,S004>O01,7223.675996214364,7233.117061006574,中继兜底,R-S05,True
T009,巡航,S004>O01,7233.117061006574,7235.11053109829,中继兜底,R-S05,True
T009,巡航,S004>O01,7235.11053109829,7237.104001190007,中继兜底,R-S05,True
T009,巡航,S004>O01,7237.104001190007,7239.097471281723,中继兜底,R-S05,True
T009,巡航,S004>O01,7239.097471281723,7241.090941373439,中继兜底,R-S05,True
T009,巡航,S004>O01,7241.090941373439,7243.084411465155,中继兜底,R-S05,True
T009,巡航,S004>O01,7243.084411465155,7245.077881556872,中继兜底,R-S05,True
T009,巡航,S004>O01,7245.077881556872,7247.0713516485885,中继兜底,R-S05,True
T009,巡航,S004>O01,7247.0713516485885,7249.064821740305,中继兜底,R-S05,True
T009,巡航,S004>O01,7249.064821740305,7251.0582918320215,中继兜底,R-S05,True
T009,巡航,S004>O01,7251.0582918320215,7253.051761923737,中继兜底,R-S05,True
T009,巡航,S004>O01,7253.051761923737,7255.045232015454,中继兜底,R-S05,True
T009,巡航,S004>O01,7255.045232015454,7257.03870210717,中继兜底,R-S05,True
T009,巡航,S004>O01,7257.03870210717,7259.032172198887,中继兜底,R-S05,True
T009,巡航,S004>O01,7259.032172198887,7261.025642290603,中继兜底,R-S05,True
T009,巡航,S004>O01,7261.025642290603,7263.01911238232,中继兜底,R-S05,True
T009,巡航,S004>O01,7263.01911238232,7265.012582474035,中继兜底,R-S05,True
T009,巡航,S004>O01,7265.012582474035,7267.006052565752,中继兜底,R-S05,True
T009,巡航,S004>O01,7267.006052565752,7268.999522657468,中继兜底,R-S05,True
T009,巡航,S004>O01,7268.999522657468,7270.992992749185,中继兜底,R-S05,True
T009,巡航,S004>O01,7270.992992749185,7272.986462840901,中继兜底,R-S05,True
T009,巡航,S004>O01,7272.986462840901,7274.979932932618,中继兜底,R-S05,True
T009,巡航,S004>O01,7274.979932932618,7276.973403024334,中继兜底,R-S05,True
T009,巡航,S004>O01,7276.973403024334,7278.96687311605,中继兜底,R-S05,True
T009,巡航,S004>O01,7278.96687311605,7280.9603432077665,中继兜底,R-S05,True
T009,巡航,S004>O01,7280.9603432077665,7282.953813299483,中继兜底,R-S05,True
T009,巡航,S004>O01,7282.953813299483,7284.9472833912,中继兜底,R-S05,True
T009,巡航,S004>O01,7284.9472833912,7286.940753482916,中继兜底,R-S05,True
T009,巡航,S004>O01,7286.940753482916,7288.934223574633,中继兜底,R-S05,True
T009,巡航,S004>O01,7288.934223574633,7290.927693666348,中继兜底,R-S05,True
T009,巡航,S004>O01,7290.927693666348,7292.921163758065,中继兜底,R-S05,True
T009,巡航,S004>O01,7292.921163758065,7294.914633849781,中继兜底,R-S05,True
T009,巡航,S004>O01,7294.914633849781,7296.908103941498,中继兜底,R-S05,True
T009,巡航,S004>O01,7296.908103941498,7298.901574033214,中继兜底,R-S05,True
T009,巡航,S004>O01,7298.901574033214,7300.895044124931,中继兜底,R-S05,True
T009,巡航,S004>O01,7300.895044124931,7302.888514216646,中继兜底,R-S05,True
T009,巡航,S004>O01,7302.888514216646,7304.881984308363,中继兜底,R-S05,True
T009,巡航,S004>O01,7304.881984308363,7306.875454400079,中继兜底,R-S05,True
T009,巡航,S004>O01,7306.875454400079,7308.868924491796,中继兜底,R-S05,True
T009,巡航,S004>O01,7308.868924491796,7310.8623945835125,中继兜底,R-S05,True
T009,巡航,S004>O01,7310.8623945835125,7312.855864675229,中继兜底,R-S05,True
T009,巡航,S004>O01,7312.855864675229,7314.849334766945,中继兜底,R-S05,True
T009,巡航,S004>O01,7314.849334766945,7316.842804858661,中继兜底,R-S05,True
T009,巡航,S004>O01,7316.842804858661,7318.836274950378,中继兜底,R-S05,True
T009,巡航,S004>O01,7318.836274950378,7320.829745042094,中继兜底,R-S05,True
T009,巡航,S004>O01,7320.829745042094,7322.823215133811,中继兜底,R-S05,True
T009,巡航,S004>O01,7322.823215133811,7324.816685225527,中继兜底,R-S05,True
T009,巡航,S004>O01,7324.816685225527,7326.810155317244,中继兜底,R-S05,True
T009,巡航,S004>O01,7326.810155317244,7328.803625408959,中继兜底,R-S05,True
T009,巡航,S004>O01,7328.803625408959,7330.797095500676,中继兜底,R-S05,True
T009,巡航,S004>O01,7330.797095500676,7332.790565592392,中继兜底,R-S05,True
T009,巡航,S004>O01,7332.790565592392,7334.784035684109,中继兜底,R-S05,True
T009,巡航,S004>O01,7334.784035684109,7336.777505775825,中继兜底,R-S05,True
T009,巡航,S004>O01,7336.777505775825,7338.770975867542,中继兜底,R-S05,True
T009,巡航,S004>O01,7338.770975867542,7340.7644459592575,中继兜底,R-S05,True
T009,巡航,S004>O01,7340.7644459592575,7342.757916050974,中继兜底,R-S05,True
T009,巡航,S004>O01,7342.757916050974,7344.7513861426905,中继兜底,R-S05,True
T009,巡航,S004>O01,7344.7513861426905,7346.744856234407,中继兜底,R-S05,True
T009,巡航,S004>O01,7346.744856234407,7348.738326326124,中继兜底,R-S05,True
T009,巡航,S004>O01,7348.738326326124,7350.73179641784,中继兜底,R-S05,True
T009,巡航,S004>O01,7350.73179641784,7352.725266509556,中继兜底,R-S05,True
T009,巡航,S004>O01,7352.725266509556,7354.718736601272,中继兜底,R-S05,True
T009,巡航,S004>O01,7354.718736601272,7356.712206692989,中继兜底,R-S05,True
T009,巡航,S004>O01,7356.712206692989,7358.705676784705,中继兜底,R-S05,True
T009,巡航,S004>O01,7358.705676784705,7360.699146876422,中继兜底,R-S05,True
T009,巡航,S004>O01,7360.699146876422,7362.692616968138,中继兜底,R-S05,True
T009,巡航,S004>O01,7362.692616968138,7364.686087059855,中继兜底,R-S05,True
T009,巡航,S004>O01,7364.686087059855,7366.67955715157,中继兜底,R-S05,True
T009,巡航,S004>O01,7366.67955715157,7368.673027243287,中继兜底,R-S05,True
T009,巡航,S004>O01,7368.673027243287,7370.666497335003,中继兜底,R-S05,True
T009,巡航,S004>O01,7370.666497335003,7372.65996742672,中继兜底,R-S05,True
T009,巡航,S004>O01,7372.65996742672,7374.6534375184365,中继兜底,R-S05,True
T009,巡航,S004>O01,7374.6534375184365,7376.646907610153,中继兜底,R-S05,True
T009,巡航,S004>O01,7376.646907610153,7378.640377701869,直连,,True
T009,巡航,S004>O01,7378.640377701869,7380.633847793585,直连,,True
T009,巡航,S004>O01,7380.633847793585,7382.627317885302,直连,,True
T009,巡航,S004>O01,7382.627317885302,7384.620787977018,直连,,True
T009,巡航,S004>O01,7384.620787977018,7386.614258068735,直连,,True
T009,巡航,S004>O01,7386.614258068735,7388.607728160451,直连,,True
T009,巡航,S004>O01,7388.607728160451,7390.601198252167,直连,,True
T009,巡航,S004>O01,7390.601198252167,7392.594668343883,直连,,True
T009,巡航,S004>O01,7392.594668343883,7394.5881384356,直连,,True
T009,巡航,S004>O01,7394.5881384356,7396.581608527316,直连,,True
T009,巡航,S004>O01,7396.581608527316,7398.575078619033,直连,,True
T009,巡航,S004>O01,7398.575078619033,7400.568548710749,直连,,True
T009,巡航,S004>O01,7400.568548710749,7402.562018802465,直连,,True
T009,巡航,S004>O01,7402.562018802465,7404.5554888941815,直连,,True
T009,巡航,S004>O01,7404.5554888941815,7406.548958985898,直连,,True
T009,巡航,S004>O01,7406.548958985898,7408.5424290776145,直连,,True
T009,巡航,S004>O01,7408.5424290776145,7410.535899169331,直连,,True
T009,巡航,S004>O01,7410.535899169331,7412.529369261048,直连,,True
T009,巡航,S004>O01,7412.529369261048,7414.522839352764,直连,,True
T009,巡航,S004>O01,7414.522839352764,7416.51630944448,直连,,True
T009,巡航,S004>O01,7416.51630944448,7418.509779536196,直连,,True
T009,巡航,S004>O01,7418.509779536196,7420.503249627913,直连,,True
T009,巡航,S004>O01,7420.503249627913,7422.496719719629,直连,,True
T009,巡航,S004>O01,7422.496719719629,7424.490189811346,直连,,True
T009,巡航,S004>O01,7424.490189811346,7426.483659903062,直连,,True
T009,巡航,S004>O01,7426.483659903062,7428.477129994778,直连,,True
T009,巡航,S004>O01,7428.477129994778,7430.470600086494,直连,,True
T009,巡航,S004>O01,7430.470600086494,7432.464070178211,直连,,True
T009,巡航,S004>O01,7432.464070178211,7434.457540269927,直连,,True
T009,巡航,S004>O01,7434.457540269927,7436.451010361644,直连,,True
T009,巡航,S004>O01,7436.451010361644,7438.4444804533605,直连,,True
T009,巡航,S004>O01,7438.4444804533605,7440.437950545076,直连,,True
T009,巡航,S004>O01,7440.437950545076,7442.431420636793,直连,,True
T009,巡航,S004>O01,7442.431420636793,7444.424890728509,直连,,True
T009,巡航,S004>O01,7444.424890728509,7446.418360820226,直连,,True
T009,巡航,S004>O01,7446.418360820226,7448.411830911942,直连,,True
T009,巡航,S004>O01,7448.411830911942,7450.405301003659,直连,,True
T009,巡航,S004>O01,7450.405301003659,7452.398771095375,直连,,True
T009,巡航,S004>O01,7452.398771095375,7454.392241187091,直连,,True
T009,巡航,S004>O01,7454.392241187091,7456.385711278807,直连,,True
T009,巡航,S004>O01,7456.385711278807,7458.379181370524,直连,,True
T009,巡航,S004>O01,7458.379181370524,7460.37265146224,直连,,True
T009,巡航,S004>O01,7460.37265146224,7462.366121553957,直连,,True
T009,巡航,S004>O01,7462.366121553957,7464.359591645673,直连,,True
T009,巡航,S004>O01,7464.359591645673,7466.353061737389,直连,,True
T009,巡航,S004>O01,7466.353061737389,7468.3465318291055,直连,,True
T009,巡航,S004>O01,7468.3465318291055,7470.340001920822,直连,,True
T009,巡航,S004>O01,7470.340001920822,7472.333472012539,直连,,True
T009,巡航,S004>O01,7472.333472012539,7474.326942104255,直连,,True
T009,巡航,S004>O01,7474.326942104255,7476.320412195972,直连,,True
T009,巡航,S004>O01,7476.320412195972,7478.313882287687,直连,,True
T009,巡航,S004>O01,7478.313882287687,7480.307352379404,直连,,True
T009,巡航,S004>O01,7480.307352379404,7482.30082247112,直连,,True
T009,巡航,S004>O01,7482.30082247112,7484.294292562837,直连,,True
T009,巡航,S004>O01,7484.294292562837,7486.287762654553,直连,,True
T009,巡航,S004>O01,7486.287762654553,7488.28123274627,直连,,True
T009,巡航,S004>O01,7488.28123274627,7490.274702837985,直连,,True
T009,巡航,S004>O01,7490.274702837985,7492.268172929702,直连,,True
T009,巡航,S004>O01,7492.268172929702,7494.261643021418,直连,,True
T009,巡航,S004>O01,7494.261643021418,7496.255113113135,直连,,True
T009,巡航,S004>O01,7496.255113113135,7498.2485832048515,直连,,True
T009,巡航,S004>O01,7498.2485832048515,7500.242053296568,直连,,True
T009,巡航,S004>O01,7500.242053296568,7502.2355233882845,直连,,True
T009,巡航,S004>O01,7502.2355233882845,7504.22899348,直连,,True
T009,巡航,S004>O01,7504.22899348,7506.222463571717,直连,,True
T009,巡航,S004>O01,7506.222463571717,7508.215933663433,直连,,True
T009,巡航,S004>O01,7508.215933663433,7510.20940375515,直连,,True
T009,巡航,S004>O01,7510.20940375515,7512.202873846866,直连,,True
T009,巡航,S004>O01,7512.202873846866,7514.196343938583,直连,,True
T009,巡航,S004>O01,7514.196343938583,7516.189814030298,直连,,True
T009,巡航,S004>O01,7516.189814030298,7518.183284122015,直连,,True
T009,巡航,S004>O01,7518.183284122015,7520.176754213731,直连,,True
T009,巡航,S004>O01,7520.176754213731,7522.170224305448,直连,,True
T009,巡航,S004>O01,7522.170224305448,7524.163694397164,直连,,True
T009,巡航,S004>O01,7524.163694397164,7526.157164488881,直连,,True
T009,巡航,S004>O01,7526.157164488881,7528.150634580597,直连,,True
T009,巡航,S004>O01,7528.150634580597,7530.144104672313,直连,,True
T009,巡航,S004>O01,7530.144104672313,7532.1375747640295,直连,,True
T009,巡航,S004>O01,7532.1375747640295,7534.131044855746,直连,,True
T009,巡航,S004>O01,7534.131044855746,7536.124514947463,直连,,True
T009,巡航,S004>O01,7536.124514947463,7538.117985039179,直连,,True
T009,巡航,S004>O01,7538.117985039179,7540.111455130895,直连,,True
T009,巡航,S004>O01,7540.111455130895,7542.104925222611,直连,,True
T009,巡航,S004>O01,7542.104925222611,7544.098395314328,直连,,True
T009,巡航,S004>O01,7544.098395314328,7546.091865406044,直连,,True
T009,巡航,S004>O01,7546.091865406044,7548.085335497761,直连,,True
T009,巡航,S004>O01,7548.085335497761,7550.078805589477,直连,,True
T009,巡航,S004>O01,7550.078805589477,7552.072275681194,直连,,True
T009,巡航,S004>O01,7552.072275681194,7554.065745772909,直连,,True
T009,巡航,S004>O01,7554.065745772909,7556.059215864626,直连,,True
T009,巡航,S004>O01,7556.059215864626,7558.052685956342,直连,,True
T009,巡航,S004>O01,7558.052685956342,7560.046156048059,直连,,True
T009,巡航,S004>O01,7560.046156048059,7562.0396261397755,直连,,True
T009,巡航,S004>O01,7562.0396261397755,7564.033096231492,直连,,True
T009,巡航,S004>O01,7564.033096231492,7566.026566323208,直连,,True
T009,巡航,S004>O01,7566.026566323208,7568.020036414924,直连,,True
T009,巡航,S004>O01,7568.020036414924,7570.013506506641,直连,,True
T009,巡航,S004>O01,7570.013506506641,7572.006976598357,直连,,True
T009,巡航,S004>O01,7572.006976598357,7574.000446690074,直连,,True
T009,巡航,S004>O01,7574.000446690074,7575.99391678179,直连,,True
T009,巡航,S004>O01,7575.99391678179,7577.987386873507,直连,,True
T009,巡航,S004>O01,7577.987386873507,7579.980856965222,直连,,True
T009,巡航,S004>O01,7579.980856965222,7581.974327056939,直连,,True
T009,巡航,S004>O01,7581.974327056939,7583.967797148655,直连,,True
T009,巡航,S004>O01,7583.967797148655,7585.961267240372,直连,,True
T009,巡航,S004>O01,7585.961267240372,7587.954737332088,直连,,True
T009,巡航,S004>O01,7587.954737332088,7589.948207423805,直连,,True
T009,巡航,S004>O01,7589.948207423805,7591.9416775155205,直连,,True
T009,巡航,S004>O01,7591.9416775155205,7593.935147607237,直连,,True
T009,巡航,S004>O01,7593.935147607237,7595.9286176989535,直连,,True
T009,巡航,S004>O01,7595.9286176989535,7597.92208779067,直连,,True
T009,巡航,S004>O01,7597.92208779067,7599.915557882387,直连,,True
T009,巡航,S004>O01,7599.915557882387,7601.909027974103,直连,,True
T009,巡航,S004>O01,7601.909027974103,7603.902498065819,直连,,True
T009,巡航,S004>O01,7603.902498065819,7605.895968157535,直连,,True
T009,巡航,S004>O01,7605.895968157535,7607.889438249252,直连,,True
T009,巡航,S004>O01,7607.889438249252,7609.882908340968,直连,,True
T009,巡航,S004>O01,7609.882908340968,7611.876378432685,直连,,True
T009,巡航,S004>O01,7611.876378432685,7613.869848524401,直连,,True
T009,巡航,S004>O01,7613.869848524401,7615.863318616117,直连,,True
T009,巡航,S004>O01,7615.863318616117,7617.856788707833,直连,,True
T009,巡航,S004>O01,7617.856788707833,7619.85025879955,直连,,True
T009,巡航,S004>O01,7619.85025879955,7621.843728891266,直连,,True
T009,巡航,S004>O01,7621.843728891266,7623.837198982983,直连,,True
T009,巡航,S004>O01,7623.837198982983,7625.8306690746995,直连,,True
T009,巡航,S004>O01,7625.8306690746995,7627.824139166416,直连,,True
T009,巡航,S004>O01,7627.824139166416,7629.817609258132,直连,,True
T009,巡航,S004>O01,7629.817609258132,7631.811079349848,直连,,True
T009,巡航,S004>O01,7631.811079349848,7633.804549441565,直连,,True
T009,巡航,S004>O01,7633.804549441565,7635.798019533281,直连,,True
T009,巡航,S004>O01,7635.798019533281,7637.791489624998,直连,,True
T009,巡航,S004>O01,7637.791489624998,7639.784959716714,直连,,True
T009,巡航,S004>O01,7639.784959716714,7641.77842980843,直连,,True
T009,巡航,S004>O01,7641.77842980843,7643.771899900146,直连,,True
T009,巡航,S004>O01,7643.771899900146,7645.765369991863,直连,,True
T009,巡航,S004>O01,7645.765369991863,7647.758840083579,直连,,True
T009,巡航,S004>O01,7647.758840083579,7649.752310175296,直连,,True
T009,巡航,S004>O01,7649.752310175296,7651.745780267012,直连,,True
T009,巡航,S004>O01,7651.745780267012,7653.739250358729,直连,,True
T009,巡航,S004>O01,7653.739250358729,7655.7327204504445,直连,,True
T009,巡航,S004>O01,7655.7327204504445,7657.726190542161,直连,,True
T009,巡航,S004>O01,7657.726190542161,7659.7196606338775,直连,,True
T009,巡航,S004>O01,7659.7196606338775,7661.713130725594,直连,,True
T009,巡航,S004>O01,7661.713130725594,7663.706600817311,直连,,True
T009,巡航,S004>O01,7663.706600817311,7665.700070909027,直连,,True
T009,巡航,S004>O01,7665.700070909027,7667.693541000743,直连,,True
T009,巡航,S004>O01,7667.693541000743,7669.687011092459,直连,,True
T009,巡航,S004>O01,7669.687011092459,7671.680481184176,直连,,True
T009,巡航,S004>O01,7671.680481184176,7673.673951275892,直连,,True
T009,巡航,S004>O01,7673.673951275892,7675.667421367609,直连,,True
T009,巡航,S004>O01,7675.667421367609,7677.660891459325,直连,,True
T009,巡航,S004>O01,7677.660891459325,7679.654361551041,直连,,True
T009,巡航,S004>O01,7679.654361551041,7681.647831642757,直连,,True
T009,巡航,S004>O01,7681.647831642757,7683.641301734474,直连,,True
T009,巡航,S004>O01,7683.641301734474,7685.63477182619,直连,,True
T009,巡航,S004>O01,7685.63477182619,7687.628241917907,直连,,True
T009,巡航,S004>O01,7687.628241917907,7689.6217120096235,直连,,True
T009,巡航,S004>O01,7689.6217120096235,7691.615182101339,直连,,True
T009,巡航,S004>O01,7691.615182101339,7693.608652193056,直连,,True
T009,巡航,S004>O01,7693.608652193056,7695.602122284772,直连,,True
T009,巡航,S004>O01,7695.602122284772,7697.595592376489,直连,,True
T009,巡航,S004>O01,7697.595592376489,7699.589062468205,直连,,True
T009,巡航,S004>O01,7699.589062468205,7701.582532559922,直连,,True
T009,巡航,S004>O01,7701.582532559922,7703.576002651638,直连,,True
T009,巡航,S004>O01,7703.576002651638,7705.569472743354,直连,,True
T009,巡航,S004>O01,7705.569472743354,7707.56294283507,直连,,True
T009,巡航,S004>O01,7707.56294283507,7709.556412926787,直连,,True
T009,巡航,S004>O01,7709.556412926787,7711.549883018503,直连,,True
T009,巡航,S004>O01,7711.549883018503,7713.54335311022,直连,,True
T009,巡航,S004>O01,7713.54335311022,7715.536823201936,直连,,True
T009,巡航,S004>O01,7715.536823201936,7717.530293293652,直连,,True
T009,巡航,S004>O01,7717.530293293652,7719.5237633853685,直连,,True
T009,巡航,S004>O01,7719.5237633853685,7721.517233477085,直连,,True
T009,巡航,S004>O01,7721.517233477085,7723.510703568802,直连,,True
T009,巡航,S004>O01,7723.510703568802,7725.504173660518,直连,,True
T009,巡航,S004>O01,7725.504173660518,7727.497643752235,直连,,True
T009,巡航,S004>O01,7727.497643752235,7729.49111384395,直连,,True
T009,巡航,S004>O01,7729.49111384395,7731.484583935667,直连,,True
T009,巡航,S004>O01,7731.484583935667,7733.478054027383,直连,,True
T009,巡航,S004>O01,7733.478054027383,7735.4715241191,直连,,True
T009,巡航,S004>O01,7735.4715241191,7737.464994210816,直连,,True
T009,巡航,S004>O01,7737.464994210816,7739.458464302533,直连,,True
T009,巡航,S004>O01,7739.458464302533,7741.451934394248,直连,,True
T009,巡航,S004>O01,7741.451934394248,7743.445404485965,直连,,True
T009,巡航,S004>O01,7743.445404485965,7745.438874577681,直连,,True
T009,巡航,S004>O01,7745.438874577681,7747.432344669398,直连,,True
T009,下降,S004>O01,7747.432344669398,7758.253911319789,直连,,True
T009,下降,S004>O01,7758.253911319789,7769.075477970179,直连,,True
T009,下降,S004>O01,7769.075477970179,7779.897044620569,直连,,True
T009,下降,S004>O01,7779.897044620569,7790.7186112709605,直连,,True
T009,下降,S004>O01,7790.7186112709605,7801.540177921352,直连,,True
T009,下降,S004>O01,7801.540177921352,7812.361744571742,直连,,True
T009,下降,S004>O01,7812.361744571742,7823.183311222132,直连,,True
T009,下降,S004>O01,7823.183311222132,7834.004877872523,直连,,True
T009,下降,S004>O01,7834.004877872523,7844.826444522914,直连,,True
T009,下降,S004>O01,7844.826444522914,7855.648011173304,直连,,True
T010,爬升,O01>S005,6349.0,6360.3549079241075,直连,,True
T010,爬升,O01>S005,6360.3549079241075,6371.709815848214,直连,,True
T010,爬升,O01>S005,6371.709815848214,6383.0647237723215,直连,,True
T010,爬升,O01>S005,6383.0647237723215,6394.419631696429,直连,,True
T010,爬升,O01>S005,6394.419631696429,6405.774539620536,直连,,True
T010,爬升,O01>S005,6405.774539620536,6417.129447544643,直连,,True
T010,爬升,O01>S005,6417.129447544643,6428.48435546875,直连,,True
T010,巡航,O01>S005,6428.48435546875,6430.473297724644,直连,,True
T010,巡航,O01>S005,6430.473297724644,6432.462239980537,直连,,True
T010,巡航,O01>S005,6432.462239980537,6434.45118223643,直连,,True
T010,巡航,O01>S005,6434.45118223643,6436.440124492323,直连,,True
T010,巡航,O01>S005,6436.440124492323,6438.429066748216,直连,,True
T010,巡航,O01>S005,6438.429066748216,6440.418009004109,直连,,True
T010,巡航,O01>S005,6440.418009004109,6442.406951260003,直连,,True
T010,巡航,O01>S005,6442.406951260003,6444.395893515895,直连,,True
T010,巡航,O01>S005,6444.395893515895,6446.384835771789,直连,,True
T010,巡航,O01>S005,6446.384835771789,6448.3737780276815,直连,,True
T010,巡航,O01>S005,6448.3737780276815,6450.362720283575,直连,,True
T010,巡航,O01>S005,6450.362720283575,6452.351662539468,直连,,True
T010,巡航,O01>S005,6452.351662539468,6454.340604795361,直连,,True
T010,巡航,O01>S005,6454.340604795361,6456.329547051254,直连,,True
T010,巡航,O01>S005,6456.329547051254,6458.3184893071475,直连,,True
T010,巡航,O01>S005,6458.3184893071475,6460.30743156304,直连,,True
T010,巡航,O01>S005,6460.30743156304,6462.296373818934,直连,,True
T010,巡航,O01>S005,6462.296373818934,6464.285316074826,直连,,True
T010,巡航,O01>S005,6464.285316074826,6466.27425833072,直连,,True
T010,巡航,O01>S005,6466.27425833072,6468.2632005866135,直连,,True
T010,巡航,O01>S005,6468.2632005866135,6470.252142842506,直连,,True
T010,巡航,O01>S005,6470.252142842506,6472.2410850984,直连,,True
T010,巡航,O01>S005,6472.2410850984,6474.230027354292,直连,,True
T010,巡航,O01>S005,6474.230027354292,6476.218969610186,直连,,True
T010,巡航,O01>S005,6476.218969610186,6478.207911866079,直连,,True
T010,巡航,O01>S005,6478.207911866079,6480.196854121972,直连,,True
T010,巡航,O01>S005,6480.196854121972,6482.185796377865,直连,,True
T010,巡航,O01>S005,6482.185796377865,6484.174738633758,直连,,True
T010,巡航,O01>S005,6484.174738633758,6486.163680889651,直连,,True
T010,巡航,O01>S005,6486.163680889651,6488.152623145545,直连,,True
T010,巡航,O01>S005,6488.152623145545,6490.141565401437,直连,,True
T010,巡航,O01>S005,6490.141565401437,6492.130507657331,直连,,True
T010,巡航,O01>S005,6492.130507657331,6494.119449913223,直连,,True
T010,巡航,O01>S005,6494.119449913223,6496.108392169117,直连,,True
T010,巡航,O01>S005,6496.108392169117,6498.09733442501,直连,,True
T010,巡航,O01>S005,6498.09733442501,6500.086276680903,直连,,True
T010,巡航,O01>S005,6500.086276680903,6502.075218936796,直连,,True
T010,巡航,O01>S005,6502.075218936796,6504.064161192689,直连,,True
T010,巡航,O01>S005,6504.064161192689,6506.053103448582,直连,,True
T010,巡航,O01>S005,6506.053103448582,6508.042045704476,直连,,True
T010,巡航,O01>S005,6508.042045704476,6510.030987960369,直连,,True
T010,巡航,O01>S005,6510.030987960369,6512.019930216262,直连,,True
T010,巡航,O01>S005,6512.019930216262,6514.008872472155,直连,,True
T010,巡航,O01>S005,6514.008872472155,6515.997814728048,直连,,True
T010,巡航,O01>S005,6515.997814728048,6517.986756983942,直连,,True
T010,巡航,O01>S005,6517.986756983942,6519.975699239834,直连,,True
T010,巡航,O01>S005,6519.975699239834,6521.964641495728,直连,,True
T010,巡航,O01>S005,6521.964641495728,6523.9535837516205,直连,,True
T010,巡航,O01>S005,6523.9535837516205,6525.942526007514,直连,,True
T010,巡航,O01>S005,6525.942526007514,6527.931468263407,直连,,True
T010,巡航,O01>S005,6527.931468263407,6529.9204105193,直连,,True
T010,巡航,O01>S005,6529.9204105193,6531.909352775193,直连,,True
T010,巡航,O01>S005,6531.909352775193,6533.8982950310865,直连,,True
T010,巡航,O01>S005,6533.8982950310865,6535.887237286979,直连,,True
T010,巡航,O01>S005,6535.887237286979,6537.876179542873,直连,,True
T010,巡航,O01>S005,6537.876179542873,6539.865121798765,直连,,True
T010,巡航,O01>S005,6539.865121798765,6541.854064054659,直连,,True
T010,巡航,O01>S005,6541.854064054659,6543.843006310552,直连,,True
T010,巡航,O01>S005,6543.843006310552,6545.831948566445,直连,,True
T010,巡航,O01>S005,6545.831948566445,6547.820890822339,直连,,True
T010,巡航,O01>S005,6547.820890822339,6549.809833078231,直连,,True
T010,巡航,O01>S005,6549.809833078231,6551.798775334125,直连,,True
T010,巡航,O01>S005,6551.798775334125,6553.787717590018,直连,,True
T010,巡航,O01>S005,6553.787717590018,6555.776659845911,直连,,True
T010,巡航,O01>S005,6555.776659845911,6557.765602101804,直连,,True
T010,巡航,O01>S005,6557.765602101804,6559.754544357697,直连,,True
T010,巡航,O01>S005,6559.754544357697,6561.74348661359,直连,,True
T010,巡航,O01>S005,6561.74348661359,6563.732428869484,直连,,True
T010,巡航,O01>S005,6563.732428869484,6565.721371125376,直连,,True
T010,巡航,O01>S005,6565.721371125376,6567.71031338127,直连,,True
T010,巡航,O01>S005,6567.71031338127,6569.699255637162,直连,,True
T010,巡航,O01>S005,6569.699255637162,6571.688197893056,直连,,True
T010,巡航,O01>S005,6571.688197893056,6573.677140148949,直连,,True
T010,巡航,O01>S005,6573.677140148949,6575.666082404842,直连,,True
T010,巡航,O01>S005,6575.666082404842,6577.655024660735,直连,,True
T010,巡航,O01>S005,6577.655024660735,6579.643966916628,直连,,True
T010,巡航,O01>S005,6579.643966916628,6581.632909172521,直连,,True
T010,巡航,O01>S005,6581.632909172521,6583.621851428415,直连,,True
T010,巡航,O01>S005,6583.621851428415,6585.610793684307,直连,,True
T010,巡航,O01>S005,6585.610793684307,6587.599735940201,直连,,True
T010,巡航,O01>S005,6587.599735940201,6589.588678196094,直连,,True
T010,巡航,O01>S005,6589.588678196094,6591.577620451987,直连,,True
T010,巡航,O01>S005,6591.577620451987,6593.566562707881,直连,,True
T010,巡航,O01>S005,6593.566562707881,6595.555504963773,直连,,True
T010,巡航,O01>S005,6595.555504963773,6597.544447219667,直连,,True
T010,巡航,O01>S005,6597.544447219667,6599.5333894755595,直连,,True
T010,巡航,O01>S005,6599.5333894755595,6601.522331731453,直连,,True
T010,巡航,O01>S005,6601.522331731453,6603.511273987346,直连,,True
T010,巡航,O01>S005,6603.511273987346,6605.500216243239,直连,,True
T010,巡航,O01>S005,6605.500216243239,6607.489158499132,直连,,True
T010,巡航,O01>S005,6607.489158499132,6609.4781007550255,直连,,True
T010,巡航,O01>S005,6609.4781007550255,6611.467043010918,直连,,True
T010,巡航,O01>S005,6611.467043010918,6613.455985266812,直连,,True
T010,巡航,O01>S005,6613.455985266812,6615.444927522704,直连,,True
T010,巡航,O01>S005,6615.444927522704,6617.433869778598,直连,,True
T010,巡航,O01>S005,6617.433869778598,6619.422812034491,直连,,True
T010,巡航,O01>S005,6619.422812034491,6621.411754290384,直连,,True
T010,巡航,O01>S005,6621.411754290384,6623.400696546278,直连,,True
T010,巡航,O01>S005,6623.400696546278,6625.38963880217,直连,,True
T010,巡航,O01>S005,6625.38963880217,6627.378581058064,直连,,True
T010,巡航,O01>S005,6627.378581058064,6629.367523313957,直连,,True
T010,巡航,O01>S005,6629.367523313957,6631.35646556985,直连,,True
T010,巡航,O01>S005,6631.35646556985,6633.345407825743,直连,,True
T010,巡航,O01>S005,6633.345407825743,6635.334350081636,直连,,True
T010,巡航,O01>S005,6635.334350081636,6637.323292337529,直连,,True
T010,巡航,O01>S005,6637.323292337529,6639.3122345934225,直连,,True
T010,巡航,O01>S005,6639.3122345934225,6641.301176849315,直连,,True
T010,巡航,O01>S005,6641.301176849315,6643.290119105209,直连,,True
T010,巡航,O01>S005,6643.290119105209,6645.279061361101,直连,,True
T010,巡航,O01>S005,6645.279061361101,6647.268003616995,直连,,True
T010,巡航,O01>S005,6647.268003616995,6649.256945872888,直连,,True
T010,巡航,O01>S005,6649.256945872888,6651.245888128781,直连,,True
T010,巡航,O01>S005,6651.245888128781,6653.234830384674,直连,,True
T010,巡航,O01>S005,6653.234830384674,6655.223772640567,直连,,True
T010,巡航,O01>S005,6655.223772640567,6657.21271489646,直连,,True
T010,巡航,O01>S005,6657.21271489646,6659.201657152354,直连,,True
T010,巡航,O01>S005,6659.201657152354,6661.190599408246,直连,,True
T010,巡航,O01>S005,6661.190599408246,6663.17954166414,直连,,True
T010,巡航,O01>S005,6663.17954166414,6665.168483920033,直连,,True
T010,巡航,O01>S005,6665.168483920033,6667.157426175926,直连,,True
T010,巡航,O01>S005,6667.157426175926,6669.14636843182,直连,,True
T010,巡航,O01>S005,6669.14636843182,6671.135310687712,直连,,True
T010,巡航,O01>S005,6671.135310687712,6673.124252943606,直连,,True
T010,巡航,O01>S005,6673.124252943606,6675.1131951994985,直连,,True
T010,巡航,O01>S005,6675.1131951994985,6677.102137455392,直连,,True
T010,巡航,O01>S005,6677.102137455392,6679.091079711285,直连,,True
T010,巡航,O01>S005,6679.091079711285,6681.080021967178,直连,,True
T010,巡航,O01>S005,6681.080021967178,6683.068964223071,直连,,True
T010,巡航,O01>S005,6683.068964223071,6685.0579064789645,直连,,True
T010,巡航,O01>S005,6685.0579064789645,6687.046848734857,直连,,True
T010,巡航,O01>S005,6687.046848734857,6689.035790990751,直连,,True
T010,巡航,O01>S005,6689.035790990751,6691.024733246643,直连,,True
T010,巡航,O01>S005,6691.024733246643,6693.013675502537,中继兜底,R-S05,True
T010,巡航,O01>S005,6693.013675502537,6695.00261775843,中继兜底,R-S05,True
T010,巡航,O01>S005,6695.00261775843,6696.991560014323,中继兜底,R-S05,True
T010,巡航,O01>S005,6696.991560014323,6698.980502270216,中继兜底,R-S05,True
T010,巡航,O01>S005,6698.980502270216,6700.969444526109,中继兜底,R-S05,True
T010,巡航,O01>S005,6700.969444526109,6702.958386782002,中继兜底,R-S05,True
T010,巡航,O01>S005,6702.958386782002,6704.9473290378955,中继兜底,R-S05,True
T010,巡航,O01>S005,6704.9473290378955,6706.936271293789,中继兜底,R-S05,True
T010,巡航,O01>S005,6706.936271293789,6708.925213549682,中继兜底,R-S05,True
T010,巡航,O01>S005,6708.925213549682,6710.914155805575,中继兜底,R-S05,True
T010,巡航,O01>S005,6710.914155805575,6712.903098061468,中继兜底,R-S05,True
T010,巡航,O01>S005,6712.903098061468,6714.8920403173615,中继兜底,R-S05,True
T010,巡航,O01>S005,6714.8920403173615,6716.880982573254,中继兜底,R-S05,True
T010,巡航,O01>S005,6716.880982573254,6718.869924829148,中继兜底,R-S05,True
T010,巡航,O01>S005,6718.869924829148,6720.85886708504,中继兜底,R-S05,True
T010,巡航,O01>S005,6720.85886708504,6722.847809340934,中继兜底,R-S05,True
T010,巡航,O01>S005,6722.847809340934,6724.836751596827,中继兜底,R-S05,True
T010,巡航,O01>S005,6724.836751596827,6726.82569385272,中继兜底,R-S05,True
T010,巡航,O01>S005,6726.82569385272,6728.814636108613,中继兜底,R-S05,True
T010,巡航,O01>S005,6728.814636108613,6730.803578364506,中继兜底,R-S05,True
T010,巡航,O01>S005,6730.803578364506,6732.792520620399,中继兜底,R-S05,True
T010,巡航,O01>S005,6732.792520620399,6734.781462876293,中继兜底,R-S05,True
T010,巡航,O01>S005,6734.781462876293,6736.770405132185,中继兜底,R-S05,True
T010,巡航,O01>S005,6736.770405132185,6738.759347388079,中继兜底,R-S05,True
T010,巡航,O01>S005,6738.759347388079,6740.748289643972,中继兜底,R-S05,True
T010,巡航,O01>S005,6740.748289643972,6742.737231899865,中继兜底,R-S05,True
T010,巡航,O01>S005,6742.737231899865,6744.726174155759,中继兜底,R-S05,True
T010,巡航,O01>S005,6744.726174155759,6746.715116411651,中继兜底,R-S05,True
T010,巡航,O01>S005,6746.715116411651,6748.704058667545,中继兜底,R-S05,True
T010,巡航,O01>S005,6748.704058667545,6750.6930009234375,中继兜底,R-S05,True
T010,巡航,O01>S005,6750.6930009234375,6752.681943179331,中继兜底,R-S05,True
T010,巡航,O01>S005,6752.681943179331,6754.670885435224,中继兜底,R-S05,True
T010,巡航,O01>S005,6754.670885435224,6756.659827691117,中继兜底,R-S05,True
T010,巡航,O01>S005,6756.659827691117,6758.64876994701,中继兜底,R-S05,True
T010,巡航,O01>S005,6758.64876994701,6760.6377122029035,中继兜底,R-S05,True
T010,巡航,O01>S005,6760.6377122029035,6762.626654458796,中继兜底,R-S05,True
T010,巡航,O01>S005,6762.626654458796,6764.61559671469,中继兜底,R-S05,True
T010,巡航,O01>S005,6764.61559671469,6766.604538970582,中继兜底,R-S05,True
T010,巡航,O01>S005,6766.604538970582,6768.593481226476,中继兜底,R-S05,True
T010,巡航,O01>S005,6768.593481226476,6770.5824234823685,中继兜底,R-S05,True
T010,巡航,O01>S005,6770.5824234823685,6772.571365738262,中继兜底,R-S05,True
T010,巡航,O01>S005,6772.571365738262,6774.560307994155,中继兜底,R-S05,True
T010,巡航,O01>S005,6774.560307994155,6776.549250250048,中继兜底,R-S05,True
T010,巡航,O01>S005,6776.549250250048,6778.538192505941,中继兜底,R-S05,True
T010,巡航,O01>S005,6778.538192505941,6780.5271347618345,中继兜底,R-S05,True
T010,下降,O01>S005,6780.5271347618345,6793.668223629022,中继兜底,R-S05,True
T010,下降,O01>S005,6793.668223629022,6806.80931249621,中继兜底,R-S05,True
T010,下降,O01>S005,6806.80931249621,6819.950401363397,中继兜底,R-S05,True
T010,下降,O01>S005,6819.950401363397,6833.091490230585,中继兜底,R-S05,True
T010,下降,O01>S005,6833.091490230585,6846.232579097772,中继兜底,R-S05,True
T010,投送,S005,6846.232579097772,7134.232579097772,中继兜底,R-S05,True
T010,爬升,S005>O01,7134.232579097772,7144.745450191522,中继兜底,R-S05,True
T010,爬升,S005>O01,7144.745450191522,7155.258321285272,中继兜底,R-S05,True
T010,爬升,S005>O01,7155.258321285272,7165.771192379022,中继兜底,R-S05,True
T010,爬升,S005>O01,7165.771192379022,7176.284063472773,中继兜底,R-S05,True
T010,爬升,S005>O01,7176.284063472773,7186.796934566522,中继兜底,R-S05,True
T010,巡航,S005>O01,7186.796934566522,7188.785876822416,中继兜底,R-S05,True
T010,巡航,S005>O01,7188.785876822416,7190.774819078309,中继兜底,R-S05,True
T010,巡航,S005>O01,7190.774819078309,7192.763761334202,中继兜底,R-S05,True
T010,巡航,S005>O01,7192.763761334202,7194.752703590095,中继兜底,R-S05,True
T010,巡航,S005>O01,7194.752703590095,7196.741645845988,中继兜底,R-S05,True
T010,巡航,S005>O01,7196.741645845988,7198.730588101881,中继兜底,R-S05,True
T010,巡航,S005>O01,7198.730588101881,7200.719530357775,中继兜底,R-S05,True
T010,巡航,S005>O01,7200.719530357775,7202.708472613667,中继兜底,R-S05,True
T010,巡航,S005>O01,7202.708472613667,7204.697414869561,中继兜底,R-S05,True
T010,巡航,S005>O01,7204.697414869561,7206.6863571254535,中继兜底,R-S05,True
T010,巡航,S005>O01,7206.6863571254535,7208.675299381347,中继兜底,R-S05,True
T010,巡航,S005>O01,7208.675299381347,7210.66424163724,中继兜底,R-S05,True
T010,巡航,S005>O01,7210.66424163724,7212.653183893133,中继兜底,R-S05,True
T010,巡航,S005>O01,7212.653183893133,7214.642126149026,中继兜底,R-S05,True
T010,巡航,S005>O01,7214.642126149026,7216.6310684049195,中继兜底,R-S05,True
T010,巡航,S005>O01,7216.6310684049195,7218.620010660812,中继兜底,R-S05,True
T010,巡航,S005>O01,7218.620010660812,7220.608952916706,中继兜底,R-S05,True
T010,巡航,S005>O01,7220.608952916706,7222.597895172598,中继兜底,R-S05,True
T010,巡航,S005>O01,7222.597895172598,7224.586837428492,中继兜底,R-S05,True
T010,巡航,S005>O01,7224.586837428492,7226.575779684385,中继兜底,R-S05,True
T010,巡航,S005>O01,7226.575779684385,7228.564721940278,中继兜底,R-S05,True
T010,巡航,S005>O01,7228.564721940278,7230.553664196172,中继兜底,R-S05,True
T010,巡航,S005>O01,7230.553664196172,7232.542606452064,中继兜底,R-S05,True
T010,巡航,S005>O01,7232.542606452064,7234.531548707958,中继兜底,R-S05,True
T010,巡航,S005>O01,7234.531548707958,7236.5204909638505,中继兜底,R-S05,True
T010,巡航,S005>O01,7236.5204909638505,7238.509433219744,中继兜底,R-S05,True
T010,巡航,S005>O01,7238.509433219744,7240.498375475637,中继兜底,R-S05,True
T010,巡航,S005>O01,7240.498375475637,7242.48731773153,中继兜底,R-S05,True
T010,巡航,S005>O01,7242.48731773153,7244.476259987423,中继兜底,R-S05,True
T010,巡航,S005>O01,7244.476259987423,7246.4652022433165,中继兜底,R-S05,True
T010,巡航,S005>O01,7246.4652022433165,7248.454144499209,中继兜底,R-S05,True
T010,巡航,S005>O01,7248.454144499209,7250.443086755103,中继兜底,R-S05,True
T010,巡航,S005>O01,7250.443086755103,7252.432029010995,中继兜底,R-S05,True
T010,巡航,S005>O01,7252.432029010995,7254.420971266889,中继兜底,R-S05,True
T010,巡航,S005>O01,7254.420971266889,7256.409913522782,中继兜底,R-S05,True
T010,巡航,S005>O01,7256.409913522782,7258.398855778675,中继兜底,R-S05,True
T010,巡航,S005>O01,7258.398855778675,7260.387798034568,中继兜底,R-S05,True
T010,巡航,S005>O01,7260.387798034568,7262.376740290461,中继兜底,R-S05,True
T010,巡航,S005>O01,7262.376740290461,7264.365682546354,中继兜底,R-S05,True
T010,巡航,S005>O01,7264.365682546354,7266.354624802248,中继兜底,R-S05,True
T010,巡航,S005>O01,7266.354624802248,7268.343567058141,中继兜底,R-S05,True
T010,巡航,S005>O01,7268.343567058141,7270.332509314034,中继兜底,R-S05,True
T010,巡航,S005>O01,7270.332509314034,7272.321451569927,中继兜底,R-S05,True
T010,巡航,S005>O01,7272.321451569927,7274.31039382582,中继兜底,R-S05,True
T010,巡航,S005>O01,7274.31039382582,7276.299336081714,中继兜底,R-S05,True
T010,巡航,S005>O01,7276.299336081714,7278.288278337606,直连,,True
T010,巡航,S005>O01,7278.288278337606,7280.2772205935,直连,,True
T010,巡航,S005>O01,7280.2772205935,7282.2661628493925,直连,,True
T010,巡航,S005>O01,7282.2661628493925,7284.255105105286,直连,,True
T010,巡航,S005>O01,7284.255105105286,7286.244047361179,直连,,True
T010,巡航,S005>O01,7286.244047361179,7288.232989617072,直连,,True
T010,巡航,S005>O01,7288.232989617072,7290.221931872965,直连,,True
T010,巡航,S005>O01,7290.221931872965,7292.210874128858,直连,,True
T010,巡航,S005>O01,7292.210874128858,7294.199816384751,直连,,True
T010,巡航,S005>O01,7294.199816384751,7296.188758640645,直连,,True
T010,巡航,S005>O01,7296.188758640645,7298.177700896537,直连,,True
T010,巡航,S005>O01,7298.177700896537,7300.166643152431,直连,,True
T010,巡航,S005>O01,7300.166643152431,7302.1555854083235,直连,,True
T010,巡航,S005>O01,7302.1555854083235,7304.144527664217,直连,,True
T010,巡航,S005>O01,7304.144527664217,7306.133469920111,直连,,True
T010,巡航,S005>O01,7306.133469920111,7308.122412176003,直连,,True
T010,巡航,S005>O01,7308.122412176003,7310.111354431897,直连,,True
T010,巡航,S005>O01,7310.111354431897,7312.1002966877895,直连,,True
T010,巡航,S005>O01,7312.1002966877895,7314.089238943683,直连,,True
T010,巡航,S005>O01,7314.089238943683,7316.078181199576,直连,,True
T010,巡航,S005>O01,7316.078181199576,7318.067123455469,直连,,True
T010,巡航,S005>O01,7318.067123455469,7320.056065711362,直连,,True
T010,巡航,S005>O01,7320.056065711362,7322.0450079672555,直连,,True
T010,巡航,S005>O01,7322.0450079672555,7324.033950223148,直连,,True
T010,巡航,S005>O01,7324.033950223148,7326.022892479042,直连,,True
T010,巡航,S005>O01,7326.022892479042,7328.011834734934,直连,,True
T010,巡航,S005>O01,7328.011834734934,7330.000776990828,直连,,True
T010,巡航,S005>O01,7330.000776990828,7331.989719246721,直连,,True
T010,巡航,S005>O01,7331.989719246721,7333.978661502614,直连,,True
T010,巡航,S005>O01,7333.978661502614,7335.967603758507,直连,,True
T010,巡航,S005>O01,7335.967603758507,7337.9565460144,直连,,True
T010,巡航,S005>O01,7337.9565460144,7339.945488270293,直连,,True
T010,巡航,S005>O01,7339.945488270293,7341.934430526187,直连,,True
T010,巡航,S005>O01,7341.934430526187,7343.923372782079,直连,,True
T010,巡航,S005>O01,7343.923372782079,7345.912315037973,直连,,True
T010,巡航,S005>O01,7345.912315037973,7347.901257293866,直连,,True
T010,巡航,S005>O01,7347.901257293866,7349.890199549759,直连,,True
T010,巡航,S005>O01,7349.890199549759,7351.879141805653,直连,,True
T010,巡航,S005>O01,7351.879141805653,7353.868084061545,直连,,True
T010,巡航,S005>O01,7353.868084061545,7355.857026317439,直连,,True
T010,巡航,S005>O01,7355.857026317439,7357.845968573331,直连,,True
T010,巡航,S005>O01,7357.845968573331,7359.834910829225,直连,,True
T010,巡航,S005>O01,7359.834910829225,7361.823853085118,直连,,True
T010,巡航,S005>O01,7361.823853085118,7363.812795341011,直连,,True
T010,巡航,S005>O01,7363.812795341011,7365.801737596904,直连,,True
T010,巡航,S005>O01,7365.801737596904,7367.790679852797,直连,,True
T010,巡航,S005>O01,7367.790679852797,7369.77962210869,直连,,True
T010,巡航,S005>O01,7369.77962210869,7371.768564364584,直连,,True
T010,巡航,S005>O01,7371.768564364584,7373.757506620476,直连,,True
T010,巡航,S005>O01,7373.757506620476,7375.74644887637,直连,,True
T010,巡航,S005>O01,7375.74644887637,7377.7353911322625,直连,,True
T010,巡航,S005>O01,7377.7353911322625,7379.724333388156,直连,,True
T010,巡航,S005>O01,7379.724333388156,7381.71327564405,直连,,True
T010,巡航,S005>O01,7381.71327564405,7383.702217899942,直连,,True
T010,巡航,S005>O01,7383.702217899942,7385.691160155836,直连,,True
T010,巡航,S005>O01,7385.691160155836,7387.6801024117285,直连,,True
T010,巡航,S005>O01,7387.6801024117285,7389.669044667622,直连,,True
T010,巡航,S005>O01,7389.669044667622,7391.657986923515,直连,,True
T010,巡航,S005>O01,7391.657986923515,7393.646929179408,直连,,True
T010,巡航,S005>O01,7393.646929179408,7395.635871435301,直连,,True
T010,巡航,S005>O01,7395.635871435301,7397.6248136911945,直连,,True
T010,巡航,S005>O01,7397.6248136911945,7399.613755947087,直连,,True
T010,巡航,S005>O01,7399.613755947087,7401.602698202981,直连,,True
T010,巡航,S005>O01,7401.602698202981,7403.591640458873,直连,,True
T010,巡航,S005>O01,7403.591640458873,7405.580582714767,直连,,True
T010,巡航,S005>O01,7405.580582714767,7407.56952497066,直连,,True
T010,巡航,S005>O01,7407.56952497066,7409.558467226553,直连,,True
T010,巡航,S005>O01,7409.558467226553,7411.547409482446,直连,,True
T010,巡航,S005>O01,7411.547409482446,7413.536351738339,直连,,True
T010,巡航,S005>O01,7413.536351738339,7415.525293994232,直连,,True
T010,巡航,S005>O01,7415.525293994232,7417.514236250126,直连,,True
T010,巡航,S005>O01,7417.514236250126,7419.503178506018,直连,,True
T010,巡航,S005>O01,7419.503178506018,7421.492120761912,直连,,True
T010,巡航,S005>O01,7421.492120761912,7423.481063017805,直连,,True
T010,巡航,S005>O01,7423.481063017805,7425.470005273698,直连,,True
T010,巡航,S005>O01,7425.470005273698,7427.458947529592,直连,,True
T010,巡航,S005>O01,7427.458947529592,7429.447889785484,直连,,True
T010,巡航,S005>O01,7429.447889785484,7431.436832041378,直连,,True
T010,巡航,S005>O01,7431.436832041378,7433.42577429727,直连,,True
T010,巡航,S005>O01,7433.42577429727,7435.414716553164,直连,,True
T010,巡航,S005>O01,7435.414716553164,7437.403658809057,直连,,True
T010,巡航,S005>O01,7437.403658809057,7439.39260106495,直连,,True
T010,巡航,S005>O01,7439.39260106495,7441.381543320843,直连,,True
T010,巡航,S005>O01,7441.381543320843,7443.370485576736,直连,,True
T010,巡航,S005>O01,7443.370485576736,7445.359427832629,直连,,True
T010,巡航,S005>O01,7445.359427832629,7447.348370088523,直连,,True
T010,巡航,S005>O01,7447.348370088523,7449.337312344415,直连,,True
T010,巡航,S005>O01,7449.337312344415,7451.326254600309,直连,,True
T010,巡航,S005>O01,7451.326254600309,7453.3151968562015,直连,,True
T010,巡航,S005>O01,7453.3151968562015,7455.304139112095,直连,,True
T010,巡航,S005>O01,7455.304139112095,7457.293081367988,直连,,True
T010,巡航,S005>O01,7457.293081367988,7459.282023623881,直连,,True
T010,巡航,S005>O01,7459.282023623881,7461.270965879774,直连,,True
T010,巡航,S005>O01,7461.270965879774,7463.2599081356675,直连,,True
T010,巡航,S005>O01,7463.2599081356675,7465.248850391561,直连,,True
T010,巡航,S005>O01,7465.248850391561,7467.237792647454,直连,,True
T010,巡航,S005>O01,7467.237792647454,7469.226734903347,直连,,True
T010,巡航,S005>O01,7469.226734903347,7471.21567715924,直连,,True
T010,巡航,S005>O01,7471.21567715924,7473.2046194151335,直连,,True
T010,巡航,S005>O01,7473.2046194151335,7475.193561671026,直连,,True
T010,巡航,S005>O01,7475.193561671026,7477.18250392692,直连,,True
T010,巡航,S005>O01,7477.18250392692,7479.171446182812,直连,,True
T010,巡航,S005>O01,7479.171446182812,7481.160388438706,直连,,True
T010,巡航,S005>O01,7481.160388438706,7483.149330694599,直连,,True
T010,巡航,S005>O01,7483.149330694599,7485.138272950492,直连,,True
T010,巡航,S005>O01,7485.138272950492,7487.127215206385,直连,,True
T010,巡航,S005>O01,7487.127215206385,7489.116157462278,直连,,True
T010,巡航,S005>O01,7489.116157462278,7491.105099718171,直连,,True
T010,巡航,S005>O01,7491.105099718171,7493.094041974065,直连,,True
T010,巡航,S005>O01,7493.094041974065,7495.082984229957,直连,,True
T010,巡航,S005>O01,7495.082984229957,7497.071926485851,直连,,True
T010,巡航,S005>O01,7497.071926485851,7499.060868741744,直连,,True
T010,巡航,S005>O01,7499.060868741744,7501.049810997637,直连,,True
T010,巡航,S005>O01,7501.049810997637,7503.038753253531,直连,,True
T010,巡航,S005>O01,7503.038753253531,7505.027695509423,直连,,True
T010,巡航,S005>O01,7505.027695509423,7507.016637765317,直连,,True
T010,巡航,S005>O01,7507.016637765317,7509.005580021209,直连,,True
T010,巡航,S005>O01,7509.005580021209,7510.994522277103,直连,,True
T010,巡航,S005>O01,7510.994522277103,7512.983464532996,直连,,True
T010,巡航,S005>O01,7512.983464532996,7514.972406788889,直连,,True
T010,巡航,S005>O01,7514.972406788889,7516.961349044782,直连,,True
T010,巡航,S005>O01,7516.961349044782,7518.950291300675,直连,,True
T010,巡航,S005>O01,7518.950291300675,7520.939233556568,直连,,True
T010,巡航,S005>O01,7520.939233556568,7522.928175812462,直连,,True
T010,巡航,S005>O01,7522.928175812462,7524.917118068354,直连,,True
T010,巡航,S005>O01,7524.917118068354,7526.906060324248,直连,,True
T010,巡航,S005>O01,7526.906060324248,7528.8950025801405,直连,,True
T010,巡航,S005>O01,7528.8950025801405,7530.883944836034,直连,,True
T010,巡航,S005>O01,7530.883944836034,7532.872887091927,直连,,True
T010,巡航,S005>O01,7532.872887091927,7534.86182934782,直连,,True
T010,巡航,S005>O01,7534.86182934782,7536.850771603713,直连,,True
T010,巡航,S005>O01,7536.850771603713,7538.8397138596065,直连,,True
T010,下降,S005>O01,7538.8397138596065,7553.03334876474,直连,,True
T010,下降,S005>O01,7553.03334876474,7567.226983669874,直连,,True
T010,下降,S005>O01,7567.226983669874,7581.420618575008,直连,,True
T010,下降,S005>O01,7581.420618575008,7595.614253480142,直连,,True
T010,下降,S005>O01,7595.614253480142,7609.807888385276,直连,,True
T010,下降,S005>O01,7609.807888385276,7624.00152329041,直连,,True
T010,下降,S005>O01,7624.00152329041,7638.195158195544,直连,,True
T011,爬升,O01>S005,8246.0,8255.46242327009,直连,,True
T011,爬升,O01>S005,8255.46242327009,8264.924846540178,直连,,True
T011,爬升,O01>S005,8264.924846540178,8274.387269810268,直连,,True
T011,爬升,O01>S005,8274.387269810268,8283.849693080358,直连,,True
T011,爬升,O01>S005,8283.849693080358,8293.312116350447,直连,,True
T011,爬升,O01>S005,8293.312116350447,8302.774539620536,直连,,True
T011,爬升,O01>S005,8302.774539620536,8312.236962890625,直连,,True
T011,巡航,O01>S005,8312.236962890625,8314.225905146519,直连,,True
T011,巡航,O01>S005,8314.225905146519,8316.214847402412,直连,,True
T011,巡航,O01>S005,8316.214847402412,8318.203789658304,直连,,True
T011,巡航,O01>S005,8318.203789658304,8320.192731914198,直连,,True
T011,巡航,O01>S005,8320.192731914198,8322.181674170091,直连,,True
T011,巡航,O01>S005,8322.181674170091,8324.170616425985,直连,,True
T011,巡航,O01>S005,8324.170616425985,8326.159558681877,直连,,True
T011,巡航,O01>S005,8326.159558681877,8328.14850093777,直连,,True
T011,巡航,O01>S005,8328.14850093777,8330.137443193664,直连,,True
T011,巡航,O01>S005,8330.137443193664,8332.126385449557,直连,,True
T011,巡航,O01>S005,8332.126385449557,8334.115327705449,直连,,True
T011,巡航,O01>S005,8334.115327705449,8336.104269961343,直连,,True
T011,巡航,O01>S005,8336.104269961343,8338.093212217236,直连,,True
T011,巡航,O01>S005,8338.093212217236,8340.08215447313,直连,,True
T011,巡航,O01>S005,8340.08215447313,8342.071096729022,直连,,True
T011,巡航,O01>S005,8342.071096729022,8344.060038984915,直连,,True
T011,巡航,O01>S005,8344.060038984915,8346.048981240809,直连,,True
T011,巡航,O01>S005,8346.048981240809,8348.037923496702,直连,,True
T011,巡航,O01>S005,8348.037923496702,8350.026865752594,直连,,True
T011,巡航,O01>S005,8350.026865752594,8352.015808008488,直连,,True
T011,巡航,O01>S005,8352.015808008488,8354.004750264381,直连,,True
T011,巡航,O01>S005,8354.004750264381,8355.993692520275,直连,,True
T011,巡航,O01>S005,8355.993692520275,8357.982634776168,直连,,True
T011,巡航,O01>S005,8357.982634776168,8359.97157703206,直连,,True
T011,巡航,O01>S005,8359.97157703206,8361.960519287954,直连,,True
T011,巡航,O01>S005,8361.960519287954,8363.949461543847,直连,,True
T011,巡航,O01>S005,8363.949461543847,8365.93840379974,直连,,True
T011,巡航,O01>S005,8365.93840379974,8367.927346055632,直连,,True
T011,巡航,O01>S005,8367.927346055632,8369.916288311526,直连,,True
T011,巡航,O01>S005,8369.916288311526,8371.90523056742,直连,,True
T011,巡航,O01>S005,8371.90523056742,8373.894172823313,直连,,True
T011,巡航,O01>S005,8373.894172823313,8375.883115079205,直连,,True
T011,巡航,O01>S005,8375.883115079205,8377.872057335098,直连,,True
T011,巡航,O01>S005,8377.872057335098,8379.860999590992,直连,,True
T011,巡航,O01>S005,8379.860999590992,8381.849941846885,直连,,True
T011,巡航,O01>S005,8381.849941846885,8383.838884102777,直连,,True
T011,巡航,O01>S005,8383.838884102777,8385.82782635867,直连,,True
T011,巡航,O01>S005,8385.82782635867,8387.816768614564,直连,,True
T011,巡航,O01>S005,8387.816768614564,8389.805710870458,直连,,True
T011,巡航,O01>S005,8389.805710870458,8391.794653126351,直连,,True
T011,巡航,O01>S005,8391.794653126351,8393.783595382243,直连,,True
T011,巡航,O01>S005,8393.783595382243,8395.772537638137,直连,,True
T011,巡航,O01>S005,8395.772537638137,8397.76147989403,直连,,True
T011,巡航,O01>S005,8397.76147989403,8399.750422149924,直连,,True
T011,巡航,O01>S005,8399.750422149924,8401.739364405816,直连,,True
T011,巡航,O01>S005,8401.739364405816,8403.72830666171,直连,,True
T011,巡航,O01>S005,8403.72830666171,8405.717248917603,直连,,True
T011,巡航,O01>S005,8405.717248917603,8407.706191173496,直连,,True
T011,巡航,O01>S005,8407.706191173496,8409.695133429388,直连,,True
T011,巡航,O01>S005,8409.695133429388,8411.684075685282,直连,,True
T011,巡航,O01>S005,8411.684075685282,8413.673017941175,直连,,True
T011,巡航,O01>S005,8413.673017941175,8415.661960197069,直连,,True
T011,巡航,O01>S005,8415.661960197069,8417.65090245296,直连,,True
T011,巡航,O01>S005,8417.65090245296,8419.639844708854,直连,,True
T011,巡航,O01>S005,8419.639844708854,8421.628786964748,直连,,True
T011,巡航,O01>S005,8421.628786964748,8423.617729220641,直连,,True
T011,巡航,O01>S005,8423.617729220641,8425.606671476533,直连,,True
T011,巡航,O01>S005,8425.606671476533,8427.595613732427,直连,,True
T011,巡航,O01>S005,8427.595613732427,8429.58455598832,直连,,True
T011,巡航,O01>S005,8429.58455598832,8431.573498244214,直连,,True
T011,巡航,O01>S005,8431.573498244214,8433.562440500107,直连,,True
T011,巡航,O01>S005,8433.562440500107,8435.551382755999,直连,,True
T011,巡航,O01>S005,8435.551382755999,8437.540325011892,直连,,True
T011,巡航,O01>S005,8437.540325011892,8439.529267267786,直连,,True
T011,巡航,O01>S005,8439.529267267786,8441.51820952368,直连,,True
T011,巡航,O01>S005,8441.51820952368,8443.507151779571,直连,,True
T011,巡航,O01>S005,8443.507151779571,8445.496094035465,直连,,True
T011,巡航,O01>S005,8445.496094035465,8447.485036291358,直连,,True
T011,巡航,O01>S005,8447.485036291358,8449.473978547252,直连,,True
T011,巡航,O01>S005,8449.473978547252,8451.462920803144,直连,,True
T011,巡航,O01>S005,8451.462920803144,8453.451863059037,直连,,True
T011,巡航,O01>S005,8453.451863059037,8455.440805314931,直连,,True
T011,巡航,O01>S005,8455.440805314931,8457.429747570824,直连,,True
T011,巡航,O01>S005,8457.429747570824,8459.418689826716,直连,,True
T011,巡航,O01>S005,8459.418689826716,8461.40763208261,直连,,True
T011,巡航,O01>S005,8461.40763208261,8463.396574338503,直连,,True
T011,巡航,O01>S005,8463.396574338503,8465.385516594397,直连,,True
T011,巡航,O01>S005,8465.385516594397,8467.374458850289,直连,,True
T011,巡航,O01>S005,8467.374458850289,8469.363401106182,直连,,True
T011,巡航,O01>S005,8469.363401106182,8471.352343362076,直连,,True
T011,巡航,O01>S005,8471.352343362076,8473.34128561797,直连,,True
T011,巡航,O01>S005,8473.34128561797,8475.330227873863,直连,,True
T011,巡航,O01>S005,8475.330227873863,8477.319170129755,直连,,True
T011,巡航,O01>S005,8477.319170129755,8479.308112385648,直连,,True
T011,巡航,O01>S005,8479.308112385648,8481.297054641542,直连,,True
T011,巡航,O01>S005,8481.297054641542,8483.285996897435,直连,,True
T011,巡航,O01>S005,8483.285996897435,8485.274939153327,直连,,True
T011,巡航,O01>S005,8485.274939153327,8487.26388140922,直连,,True
T011,巡航,O01>S005,8487.26388140922,8489.252823665114,直连,,True
T011,巡航,O01>S005,8489.252823665114,8491.241765921008,直连,,True
T011,巡航,O01>S005,8491.241765921008,8493.2307081769,直连,,True
T011,巡航,O01>S005,8493.2307081769,8495.219650432793,直连,,True
T011,巡航,O01>S005,8495.219650432793,8497.208592688687,直连,,True
T011,巡航,O01>S005,8497.208592688687,8499.19753494458,直连,,True
T011,巡航,O01>S005,8499.19753494458,8501.186477200472,直连,,True
T011,巡航,O01>S005,8501.186477200472,8503.175419456365,直连,,True
T011,巡航,O01>S005,8503.175419456365,8505.164361712259,直连,,True
T011,巡航,O01>S005,8505.164361712259,8507.153303968153,直连,,True
T011,巡航,O01>S005,8507.153303968153,8509.142246224044,直连,,True
T011,巡航,O01>S005,8509.142246224044,8511.131188479938,直连,,True
T011,巡航,O01>S005,8511.131188479938,8513.120130735831,直连,,True
T011,巡航,O01>S005,8513.120130735831,8515.109072991725,直连,,True
T011,巡航,O01>S005,8515.109072991725,8517.098015247619,直连,,True
T011,巡航,O01>S005,8517.098015247619,8519.08695750351,直连,,True
T011,巡航,O01>S005,8519.08695750351,8521.075899759404,直连,,True
T011,巡航,O01>S005,8521.075899759404,8523.064842015297,直连,,True
T011,巡航,O01>S005,8523.064842015297,8525.053784271191,直连,,True
T011,巡航,O01>S005,8525.053784271191,8527.042726527083,直连,,True
T011,巡航,O01>S005,8527.042726527083,8529.031668782976,直连,,True
T011,巡航,O01>S005,8529.031668782976,8531.02061103887,直连,,True
T011,巡航,O01>S005,8531.02061103887,8533.009553294763,直连,,True
T011,巡航,O01>S005,8533.009553294763,8534.998495550655,直连,,True
T011,巡航,O01>S005,8534.998495550655,8536.987437806549,直连,,True
T011,巡航,O01>S005,8536.987437806549,8538.976380062442,直连,,True
T011,巡航,O01>S005,8538.976380062442,8540.965322318336,直连,,True
T011,巡航,O01>S005,8540.965322318336,8542.954264574228,直连,,True
T011,巡航,O01>S005,8542.954264574228,8544.943206830121,直连,,True
T011,巡航,O01>S005,8544.943206830121,8546.932149086015,直连,,True
T011,巡航,O01>S005,8546.932149086015,8548.921091341908,直连,,True
T011,巡航,O01>S005,8548.921091341908,8550.910033597802,直连,,True
T011,巡航,O01>S005,8550.910033597802,8552.898975853694,直连,,True
T011,巡航,O01>S005,8552.898975853694,8554.887918109587,直连,,True
T011,巡航,O01>S005,8554.887918109587,8556.87686036548,直连,,True
T011,巡航,O01>S005,8556.87686036548,8558.865802621374,直连,,True
T011,巡航,O01>S005,8558.865802621374,8560.854744877266,直连,,True
T011,巡航,O01>S005,8560.854744877266,8562.84368713316,直连,,True
T011,巡航,O01>S005,8562.84368713316,8564.832629389053,直连,,True
T011,巡航,O01>S005,8564.832629389053,8566.821571644947,直连,,True
T011,巡航,O01>S005,8566.821571644947,8568.810513900838,直连,,True
T011,巡航,O01>S005,8568.810513900838,8570.799456156732,直连,,True
T011,巡航,O01>S005,8570.799456156732,8572.788398412626,直连,,True
T011,巡航,O01>S005,8572.788398412626,8574.77734066852,直连,,True
T011,巡航,O01>S005,8574.77734066852,8576.766282924411,中继兜底,R-S01,True
T011,巡航,O01>S005,8576.766282924411,8578.755225180304,中继兜底,R-S01,True
T011,巡航,O01>S005,8578.755225180304,8580.744167436198,中继兜底,R-S01,True
T011,巡航,O01>S005,8580.744167436198,8582.733109692092,中继兜底,R-S01,True
T011,巡航,O01>S005,8582.733109692092,8584.722051947985,中继兜底,R-S01,True
T011,巡航,O01>S005,8584.722051947985,8586.710994203877,中继兜底,R-S01,True
T011,巡航,O01>S005,8586.710994203877,8588.69993645977,中继兜底,R-S01,True
T011,巡航,O01>S005,8588.69993645977,8590.688878715664,中继兜底,R-S01,True
T011,巡航,O01>S005,8590.688878715664,8592.677820971558,中继兜底,R-S01,True
T011,巡航,O01>S005,8592.677820971558,8594.66676322745,中继兜底,R-S01,True
T011,巡航,O01>S005,8594.66676322745,8596.655705483343,中继兜底,R-S01,True
T011,巡航,O01>S005,8596.655705483343,8598.644647739236,中继兜底,R-S01,True
T011,巡航,O01>S005,8598.644647739236,8600.63358999513,中继兜底,R-S01,True
T011,巡航,O01>S005,8600.63358999513,8602.622532251022,中继兜底,R-S01,True
T011,巡航,O01>S005,8602.622532251022,8604.611474506915,中继兜底,R-S01,True
T011,巡航,O01>S005,8604.611474506915,8606.600416762809,中继兜底,R-S01,True
T011,巡航,O01>S005,8606.600416762809,8608.589359018702,中继兜底,R-S01,True
T011,巡航,O01>S005,8608.589359018702,8610.578301274594,中继兜底,R-S01,True
T011,巡航,O01>S005,8610.578301274594,8612.567243530488,中继兜底,R-S01,True
T011,巡航,O01>S005,8612.567243530488,8614.556185786381,中继兜底,R-S01,True
T011,巡航,O01>S005,8614.556185786381,8616.545128042275,中继兜底,R-S01,True
T011,巡航,O01>S005,8616.545128042275,8618.534070298167,中继兜底,R-S01,True
T011,巡航,O01>S005,8618.534070298167,8620.52301255406,中继兜底,R-S01,True
T011,巡航,O01>S005,8620.52301255406,8622.511954809954,中继兜底,R-S01,True
T011,巡航,O01>S005,8622.511954809954,8624.500897065847,中继兜底,R-S01,True
T011,巡航,O01>S005,8624.500897065847,8626.48983932174,中继兜底,R-S01,True
T011,巡航,O01>S005,8626.48983932174,8628.478781577633,中继兜底,R-S01,True
T011,巡航,O01>S005,8628.478781577633,8630.467723833526,中继兜底,R-S01,True
T011,巡航,O01>S005,8630.467723833526,8632.45666608942,中继兜底,R-S01,True
T011,巡航,O01>S005,8632.45666608942,8634.445608345313,中继兜底,R-S01,True
T011,巡航,O01>S005,8634.445608345313,8636.434550601205,中继兜底,R-S01,True
T011,巡航,O01>S005,8636.434550601205,8638.423492857099,中继兜底,R-S01,True
T011,巡航,O01>S005,8638.423492857099,8640.412435112992,中继兜底,R-S01,True
T011,巡航,O01>S005,8640.412435112992,8642.401377368886,中继兜底,R-S01,True
T011,巡航,O01>S005,8642.401377368886,8644.390319624777,中继兜底,R-S01,True
T011,巡航,O01>S005,8644.390319624777,8646.379261880671,中继兜底,R-S01,True
T011,巡航,O01>S005,8646.379261880671,8648.368204136565,中继兜底,R-S01,True
T011,巡航,O01>S005,8648.368204136565,8650.357146392458,中继兜底,R-S01,True
T011,巡航,O01>S005,8650.357146392458,8652.34608864835,中继兜底,R-S01,True
T011,巡航,O01>S005,8652.34608864835,8654.335030904243,中继兜底,R-S01,True
T011,巡航,O01>S005,8654.335030904243,8656.323973160137,中继兜底,R-S01,True
T011,巡航,O01>S005,8656.323973160137,8658.31291541603,中继兜底,R-S01,True
T011,巡航,O01>S005,8658.31291541603,8660.301857671922,中继兜底,R-S01,True
T011,巡航,O01>S005,8660.301857671922,8662.290799927816,中继兜底,R-S01,True
T011,巡航,O01>S005,8662.290799927816,8664.27974218371,中继兜底,R-S01,True
T011,下降,O01>S005,8664.27974218371,8674.79261327746,中继兜底,R-S01,True
T011,下降,O01>S005,8674.79261327746,8685.305484371209,中继兜底,R-S01,True
T011,下降,O01>S005,8685.305484371209,8695.81835546496,中继兜底,R-S01,True
T011,下降,O01>S005,8695.81835546496,8706.33122655871,中继兜底,R-S01,True
T011,下降,O01>S005,8706.33122655871,8716.84409765246,中继兜底,R-S01,True
T011,投送,S005,8716.84409765246,8956.84409765246,中继兜底,R-S01,True
T011,爬升,S005>O01,8956.84409765246,8965.604823563917,中继兜底,R-S01,True
T011,爬升,S005>O01,8965.604823563917,8974.365549475377,中继兜底,R-S01,True
T011,爬升,S005>O01,8974.365549475377,8983.126275386834,中继兜底,R-S01,True
T011,爬升,S005>O01,8983.126275386834,8991.887001298293,中继兜底,R-S01,True
T011,爬升,S005>O01,8991.887001298293,9000.64772720975,中继兜底,R-S01,True
T011,巡航,S005>O01,9000.64772720975,9002.636669465644,中继兜底,R-S01,True
T011,巡航,S005>O01,9002.636669465644,9004.625611721538,中继兜底,R-S01,True
T011,巡航,S005>O01,9004.625611721538,9006.61455397743,中继兜底,R-S01,True
T011,巡航,S005>O01,9006.61455397743,9008.603496233323,中继兜底,R-S01,True
T011,巡航,S005>O01,9008.603496233323,9010.592438489217,中继兜底,R-S01,True
T011,巡航,S005>O01,9010.592438489217,9012.58138074511,中继兜底,R-S01,True
T011,巡航,S005>O01,9012.58138074511,9014.570323001002,中继兜底,R-S01,True
T011,巡航,S005>O01,9014.570323001002,9016.559265256896,中继兜底,R-S01,True
T011,巡航,S005>O01,9016.559265256896,9018.54820751279,中继兜底,R-S01,True
T011,巡航,S005>O01,9018.54820751279,9020.537149768683,中继兜底,R-S01,True
T011,巡航,S005>O01,9020.537149768683,9022.526092024575,中继兜底,R-S01,True
T011,巡航,S005>O01,9022.526092024575,9024.515034280468,中继兜底,R-S01,True
T011,巡航,S005>O01,9024.515034280468,9026.503976536362,中继兜底,R-S01,True
T011,巡航,S005>O01,9026.503976536362,9028.492918792255,中继兜底,R-S01,True
T011,巡航,S005>O01,9028.492918792255,9030.481861048147,中继兜底,R-S01,True
T011,巡航,S005>O01,9030.481861048147,9032.47080330404,中继兜底,R-S01,True
T011,巡航,S005>O01,9032.47080330404,9034.459745559934,中继兜底,R-S01,True
T011,巡航,S005>O01,9034.459745559934,9036.448687815828,中继兜底,R-S01,True
T011,巡航,S005>O01,9036.448687815828,9038.43763007172,中继兜底,R-S01,True
T011,巡航,S005>O01,9038.43763007172,9040.426572327613,中继兜底,R-S01,True
T011,巡航,S005>O01,9040.426572327613,9042.415514583507,中继兜底,R-S01,True
T011,巡航,S005>O01,9042.415514583507,9044.4044568394,中继兜底,R-S01,True
T011,巡航,S005>O01,9044.4044568394,9046.393399095294,中继兜底,R-S01,True
T011,巡航,S005>O01,9046.393399095294,9048.382341351185,中继兜底,R-S01,True
T011,巡航,S005>O01,9048.382341351185,9050.371283607079,中继兜底,R-S01,True
T011,巡航,S005>O01,9050.371283607079,9052.360225862973,中继兜底,R-S01,True
T011,巡航,S005>O01,9052.360225862973,9054.349168118866,中继兜底,R-S01,True
T011,巡航,S005>O01,9054.349168118866,9056.338110374758,中继兜底,R-S01,True
T011,巡航,S005>O01,9056.338110374758,9058.327052630651,中继兜底,R-S01,True
T011,巡航,S005>O01,9058.327052630651,9060.315994886545,中继兜底,R-S01,True
T011,巡航,S005>O01,9060.315994886545,9062.304937142439,中继兜底,R-S01,True
T011,巡航,S005>O01,9062.304937142439,9064.29387939833,中继兜底,R-S01,True
T011,巡航,S005>O01,9064.29387939833,9066.282821654224,中继兜底,R-S01,True
T011,巡航,S005>O01,9066.282821654224,9068.271763910117,中继兜底,R-S01,True
T011,巡航,S005>O01,9068.271763910117,9070.260706166011,中继兜底,R-S01,True
T011,巡航,S005>O01,9070.260706166011,9072.249648421903,中继兜底,R-S01,True
T011,巡航,S005>O01,9072.249648421903,9074.238590677796,中继兜底,R-S01,True
T011,巡航,S005>O01,9074.238590677796,9076.22753293369,中继兜底,R-S01,True
T011,巡航,S005>O01,9076.22753293369,9078.216475189583,中继兜底,R-S01,True
T011,巡航,S005>O01,9078.216475189583,9080.205417445477,中继兜底,R-S01,True
T011,巡航,S005>O01,9080.205417445477,9082.194359701369,中继兜底,R-S01,True
T011,巡航,S005>O01,9082.194359701369,9084.183301957262,中继兜底,R-S01,True
T011,巡航,S005>O01,9084.183301957262,9086.172244213156,中继兜底,R-S01,True
T011,巡航,S005>O01,9086.172244213156,9088.16118646905,中继兜底,R-S01,True
T011,巡航,S005>O01,9088.16118646905,9090.150128724941,中继兜底,R-S01,True
T011,巡航,S005>O01,9090.150128724941,9092.139070980835,直连,,True
T011,巡航,S005>O01,9092.139070980835,9094.128013236728,直连,,True
T011,巡航,S005>O01,9094.128013236728,9096.116955492622,直连,,True
T011,巡航,S005>O01,9096.116955492622,9098.105897748514,直连,,True
T011,巡航,S005>O01,9098.105897748514,9100.094840004407,直连,,True
T011,巡航,S005>O01,9100.094840004407,9102.0837822603,直连,,True
T011,巡航,S005>O01,9102.0837822603,9104.072724516194,直连,,True
T011,巡航,S005>O01,9104.072724516194,9106.061666772086,直连,,True
T011,巡航,S005>O01,9106.061666772086,9108.05060902798,直连,,True
T011,巡航,S005>O01,9108.05060902798,9110.039551283873,直连,,True
T011,巡航,S005>O01,9110.039551283873,9112.028493539767,直连,,True
T011,巡航,S005>O01,9112.028493539767,9114.017435795658,直连,,True
T011,巡航,S005>O01,9114.017435795658,9116.006378051552,直连,,True
T011,巡航,S005>O01,9116.006378051552,9117.995320307446,直连,,True
T011,巡航,S005>O01,9117.995320307446,9119.98426256334,直连,,True
T011,巡航,S005>O01,9119.98426256334,9121.973204819233,直连,,True
T011,巡航,S005>O01,9121.973204819233,9123.962147075124,直连,,True
T011,巡航,S005>O01,9123.962147075124,9125.951089331018,直连,,True
T011,巡航,S005>O01,9125.951089331018,9127.940031586912,直连,,True
T011,巡航,S005>O01,9127.940031586912,9129.928973842805,直连,,True
T011,巡航,S005>O01,9129.928973842805,9131.917916098697,直连,,True
T011,巡航,S005>O01,9131.917916098697,9133.90685835459,直连,,True
T011,巡航,S005>O01,9133.90685835459,9135.895800610484,直连,,True
T011,巡航,S005>O01,9135.895800610484,9137.884742866378,直连,,True
T011,巡航,S005>O01,9137.884742866378,9139.87368512227,直连,,True
T011,巡航,S005>O01,9139.87368512227,9141.862627378163,直连,,True
T011,巡航,S005>O01,9141.862627378163,9143.851569634056,直连,,True
T011,巡航,S005>O01,9143.851569634056,9145.84051188995,直连,,True
T011,巡航,S005>O01,9145.84051188995,9147.829454145842,直连,,True
T011,巡航,S005>O01,9147.829454145842,9149.818396401735,直连,,True
T011,巡航,S005>O01,9149.818396401735,9151.807338657629,直连,,True
T011,巡航,S005>O01,9151.807338657629,9153.796280913522,直连,,True
T011,巡航,S005>O01,9153.796280913522,9155.785223169414,直连,,True
T011,巡航,S005>O01,9155.785223169414,9157.774165425308,直连,,True
T011,巡航,S005>O01,9157.774165425308,9159.763107681201,直连,,True
T011,巡航,S005>O01,9159.763107681201,9161.752049937095,直连,,True
T011,巡航,S005>O01,9161.752049937095,9163.740992192988,直连,,True
T011,巡航,S005>O01,9163.740992192988,9165.72993444888,直连,,True
T011,巡航,S005>O01,9165.72993444888,9167.718876704774,直连,,True
T011,巡航,S005>O01,9167.718876704774,9169.707818960667,直连,,True
T011,巡航,S005>O01,9169.707818960667,9171.69676121656,直连,,True
T011,巡航,S005>O01,9171.69676121656,9173.685703472453,直连,,True
T011,巡航,S005>O01,9173.685703472453,9175.674645728346,直连,,True
T011,巡航,S005>O01,9175.674645728346,9177.66358798424,直连,,True
T011,巡航,S005>O01,9177.66358798424,9179.652530240133,直连,,True
T011,巡航,S005>O01,9179.652530240133,9181.641472496025,直连,,True
T011,巡航,S005>O01,9181.641472496025,9183.630414751919,直连,,True
T011,巡航,S005>O01,9183.630414751919,9185.619357007812,直连,,True
T011,巡航,S005>O01,9185.619357007812,9187.608299263706,直连,,True
T011,巡航,S005>O01,9187.608299263706,9189.597241519597,直连,,True
T011,巡航,S005>O01,9189.597241519597,9191.586183775491,直连,,True
T011,巡航,S005>O01,9191.586183775491,9193.575126031385,直连,,True
T011,巡航,S005>O01,9193.575126031385,9195.564068287278,直连,,True
T011,巡航,S005>O01,9195.564068287278,9197.553010543172,直连,,True
T011,巡航,S005>O01,9197.553010543172,9199.541952799063,直连,,True
T011,巡航,S005>O01,9199.541952799063,9201.530895054957,直连,,True
T011,巡航,S005>O01,9201.530895054957,9203.51983731085,直连,,True
T011,巡航,S005>O01,9203.51983731085,9205.508779566744,直连,,True
T011,巡航,S005>O01,9205.508779566744,9207.497721822636,直连,,True
T011,巡航,S005>O01,9207.497721822636,9209.48666407853,直连,,True
T011,巡航,S005>O01,9209.48666407853,9211.475606334423,直连,,True
T011,巡航,S005>O01,9211.475606334423,9213.464548590317,直连,,True
T011,巡航,S005>O01,9213.464548590317,9215.453490846208,直连,,True
T011,巡航,S005>O01,9215.453490846208,9217.442433102102,直连,,True
T011,巡航,S005>O01,9217.442433102102,9219.431375357995,直连,,True
T011,巡航,S005>O01,9219.431375357995,9221.420317613889,直连,,True
T011,巡航,S005>O01,9221.420317613889,9223.40925986978,直连,,True
T011,巡航,S005>O01,9223.40925986978,9225.398202125674,直连,,True
T011,巡航,S005>O01,9225.398202125674,9227.387144381568,直连,,True
T011,巡航,S005>O01,9227.387144381568,9229.376086637461,直连,,True
T011,巡航,S005>O01,9229.376086637461,9231.365028893353,直连,,True
T011,巡航,S005>O01,9231.365028893353,9233.353971149247,直连,,True
T011,巡航,S005>O01,9233.353971149247,9235.34291340514,直连,,True
T011,巡航,S005>O01,9235.34291340514,9237.331855661034,直连,,True
T011,巡航,S005>O01,9237.331855661034,9239.320797916927,直连,,True
T011,巡航,S005>O01,9239.320797916927,9241.30974017282,直连,,True
T011,巡航,S005>O01,9241.30974017282,9243.298682428713,直连,,True
T011,巡航,S005>O01,9243.298682428713,9245.287624684606,直连,,True
T011,巡航,S005>O01,9245.287624684606,9247.2765669405,直连,,True
T011,巡航,S005>O01,9247.2765669405,9249.265509196392,直连,,True
T011,巡航,S005>O01,9249.265509196392,9251.254451452285,直连,,True
T011,巡航,S005>O01,9251.254451452285,9253.243393708179,直连,,True
T011,巡航,S005>O01,9253.243393708179,9255.232335964072,直连,,True
T011,巡航,S005>O01,9255.232335964072,9257.221278219964,直连,,True
T011,巡航,S005>O01,9257.221278219964,9259.210220475858,直连,,True
T011,巡航,S005>O01,9259.210220475858,9261.199162731751,直连,,True
T011,巡航,S005>O01,9261.199162731751,9263.188104987645,直连,,True
T011,巡航,S005>O01,9263.188104987645,9265.177047243536,直连,,True
T011,巡航,S005>O01,9265.177047243536,9267.16598949943,直连,,True
T011,巡航,S005>O01,9267.16598949943,9269.154931755324,直连,,True
T011,巡航,S005>O01,9269.154931755324,9271.143874011217,直连,,True
T011,巡航,S005>O01,9271.143874011217,9273.132816267109,直连,,True
T011,巡航,S005>O01,9273.132816267109,9275.121758523002,直连,,True
T011,巡航,S005>O01,9275.121758523002,9277.110700778896,直连,,True
T011,巡航,S005>O01,9277.110700778896,9279.09964303479,直连,,True
T011,巡航,S005>O01,9279.09964303479,9281.088585290683,直连,,True
T011,巡航,S005>O01,9281.088585290683,9283.077527546575,直连,,True
T011,巡航,S005>O01,9283.077527546575,9285.066469802468,直连,,True
T011,巡航,S005>O01,9285.066469802468,9287.055412058362,直连,,True
T011,巡航,S005>O01,9287.055412058362,9289.044354314256,直连,,True
T011,巡航,S005>O01,9289.044354314256,9291.033296570147,直连,,True
T011,巡航,S005>O01,9291.033296570147,9293.02223882604,直连,,True
T011,巡航,S005>O01,9293.02223882604,9295.011181081934,直连,,True
T011,巡航,S005>O01,9295.011181081934,9297.000123337828,直连,,True
T011,巡航,S005>O01,9297.000123337828,9298.98906559372,直连,,True
T011,巡航,S005>O01,9298.98906559372,9300.978007849613,直连,,True
T011,巡航,S005>O01,9300.978007849613,9302.966950105507,直连,,True
T011,巡航,S005>O01,9302.966950105507,9304.9558923614,直连,,True
T011,巡航,S005>O01,9304.9558923614,9306.944834617292,直连,,True
T011,巡航,S005>O01,9306.944834617292,9308.933776873186,直连,,True
T011,巡航,S005>O01,9308.933776873186,9310.92271912908,直连,,True
T011,巡航,S005>O01,9310.92271912908,9312.911661384973,直连,,True
T011,巡航,S005>O01,9312.911661384973,9314.900603640865,直连,,True
T011,巡航,S005>O01,9314.900603640865,9316.889545896758,直连,,True
T011,巡航,S005>O01,9316.889545896758,9318.878488152652,直连,,True
T011,巡航,S005>O01,9318.878488152652,9320.867430408545,直连,,True
T011,巡航,S005>O01,9320.867430408545,9322.856372664439,直连,,True
T011,巡航,S005>O01,9322.856372664439,9324.84531492033,直连,,True
T011,巡航,S005>O01,9324.84531492033,9326.834257176224,直连,,True
T011,巡航,S005>O01,9326.834257176224,9328.823199432118,直连,,True
T011,巡航,S005>O01,9328.823199432118,9330.812141688011,直连,,True
T011,巡航,S005>O01,9330.812141688011,9332.801083943903,直连,,True
T011,巡航,S005>O01,9332.801083943903,9334.790026199797,直连,,True
T011,巡航,S005>O01,9334.790026199797,9336.77896845569,直连,,True
T011,巡航,S005>O01,9336.77896845569,9338.767910711584,直连,,True
T011,巡航,S005>O01,9338.767910711584,9340.756852967475,直连,,True
T011,巡航,S005>O01,9340.756852967475,9342.745795223369,直连,,True
T011,巡航,S005>O01,9342.745795223369,9344.734737479263,直连,,True
T011,巡航,S005>O01,9344.734737479263,9346.723679735156,直连,,True
T011,巡航,S005>O01,9346.723679735156,9348.712621991048,直连,,True
T011,巡航,S005>O01,9348.712621991048,9350.701564246941,直连,,True
T011,巡航,S005>O01,9350.701564246941,9352.690506502835,直连,,True
T011,下降,S005>O01,9352.690506502835,9364.045414426942,直连,,True
T011,下降,S005>O01,9364.045414426942,9375.40032235105,直连,,True
T011,下降,S005>O01,9375.40032235105,9386.755230275157,直连,,True
T011,下降,S005>O01,9386.755230275157,9398.110138199263,直连,,True
T011,下降,S005>O01,9398.110138199263,9409.46504612337,直连,,True
T011,下降,S005>O01,9409.46504612337,9420.819954047478,直连,,True
T011,下降,S005>O01,9420.819954047478,9432.174861971585,直连,,True
T012,爬升,O01>S006,11967.0,11976.933243306477,直连,,True
T012,爬升,O01>S006,11976.933243306477,11986.866486612955,直连,,True
T012,爬升,O01>S006,11986.866486612955,11996.799729919434,直连,,True
T012,爬升,O01>S006,11996.799729919434,12006.732973225911,直连,,True
T012,爬升,O01>S006,12006.732973225911,12016.666216532389,直连,,True
T012,爬升,O01>S006,12016.666216532389,12026.599459838868,直连,,True
T012,爬升,O01>S006,12026.599459838868,12036.532703145345,直连,,True
T012,爬升,O01>S006,12036.532703145345,12046.465946451823,直连,,True
T012,巡航,O01>S006,12046.465946451823,12048.451149326123,直连,,True
T012,巡航,O01>S006,12048.451149326123,12050.436352200426,直连,,True
T012,巡航,O01>S006,12050.436352200426,12052.421555074727,直连,,True
T012,巡航,O01>S006,12052.421555074727,12054.406757949027,直连,,True
T012,巡航,O01>S006,12054.406757949027,12056.39196082333,直连,,True
T012,巡航,O01>S006,12056.39196082333,12058.37716369763,直连,,True
T012,巡航,O01>S006,12058.37716369763,12060.362366571933,直连,,True
T012,巡航,O01>S006,12060.362366571933,12062.347569446234,直连,,True
T012,巡航,O01>S006,12062.347569446234,12064.332772320535,直连,,True
T012,巡航,O01>S006,12064.332772320535,12066.317975194837,直连,,True
T012,巡航,O01>S006,12066.317975194837,12068.303178069138,直连,,True
T012,巡航,O01>S006,12068.303178069138,12070.288380943439,直连,,True
T012,巡航,O01>S006,12070.288380943439,12072.273583817741,直连,,True
T012,巡航,O01>S006,12072.273583817741,12074.258786692042,直连,,True
T012,巡航,O01>S006,12074.258786692042,12076.243989566345,直连,,True
T012,巡航,O01>S006,12076.243989566345,12078.229192440645,直连,,True
T012,巡航,O01>S006,12078.229192440645,12080.214395314946,直连,,True
T012,巡航,O01>S006,12080.214395314946,12082.199598189249,直连,,True
T012,巡航,O01>S006,12082.199598189249,12084.18480106355,直连,,True
T012,巡航,O01>S006,12084.18480106355,12086.17000393785,直连,,True
T012,巡航,O01>S006,12086.17000393785,12088.155206812153,直连,,True
T012,巡航,O01>S006,12088.155206812153,12090.140409686453,直连,,True
T012,巡航,O01>S006,12090.140409686453,12092.125612560756,直连,,True
T012,巡航,O01>S006,12092.125612560756,12094.110815435057,直连,,True
T012,巡航,O01>S006,12094.110815435057,12096.096018309358,直连,,True
T012,巡航,O01>S006,12096.096018309358,12098.08122118366,直连,,True
T012,巡航,O01>S006,12098.08122118366,12100.06642405796,直连,,True
T012,巡航,O01>S006,12100.06642405796,12102.051626932262,直连,,True
T012,巡航,O01>S006,12102.051626932262,12104.036829806564,直连,,True
T012,巡航,O01>S006,12104.036829806564,12106.022032680865,直连,,True
T012,巡航,O01>S006,12106.022032680865,12108.007235555167,直连,,True
T012,巡航,O01>S006,12108.007235555167,12109.992438429468,直连,,True
T012,巡航,O01>S006,12109.992438429468,12111.977641303769,直连,,True
T012,巡航,O01>S006,12111.977641303769,12113.962844178071,直连,,True
T012,巡航,O01>S006,12113.962844178071,12115.948047052372,直连,,True
T012,巡航,O01>S006,12115.948047052372,12117.933249926673,直连,,True
T012,巡航,O01>S006,12117.933249926673,12119.918452800976,直连,,True
T012,巡航,O01>S006,12119.918452800976,12121.903655675276,直连,,True
T012,巡航,O01>S006,12121.903655675276,12123.888858549579,直连,,True
T012,巡航,O01>S006,12123.888858549579,12125.87406142388,直连,,True
T012,巡航,O01>S006,12125.87406142388,12127.85926429818,直连,,True
T012,巡航,O01>S006,12127.85926429818,12129.844467172483,直连,,True
T012,巡航,O01>S006,12129.844467172483,12131.829670046784,直连,,True
T012,巡航,O01>S006,12131.829670046784,12133.814872921084,直连,,True
T012,巡航,O01>S006,12133.814872921084,12135.800075795387,直连,,True
T012,巡航,O01>S006,12135.800075795387,12137.785278669688,直连,,True
T012,巡航,O01>S006,12137.785278669688,12139.77048154399,直连,,True
T012,巡航,O01>S006,12139.77048154399,12141.755684418291,直连,,True
T012,巡航,O01>S006,12141.755684418291,12143.740887292592,直连,,True
T012,巡航,O01>S006,12143.740887292592,12145.726090166894,直连,,True
T012,巡航,O01>S006,12145.726090166894,12147.711293041195,直连,,True
T012,巡航,O01>S006,12147.711293041195,12149.696495915496,直连,,True
T012,巡航,O01>S006,12149.696495915496,12151.681698789798,直连,,True
T012,巡航,O01>S006,12151.681698789798,12153.666901664099,直连,,True
T012,巡航,O01>S006,12153.666901664099,12155.652104538402,直连,,True
T012,巡航,O01>S006,12155.652104538402,12157.637307412702,直连,,True
T012,巡航,O01>S006,12157.637307412702,12159.622510287003,直连,,True
T012,巡航,O01>S006,12159.622510287003,12161.607713161306,直连,,True
T012,巡航,O01>S006,12161.607713161306,12163.592916035606,直连,,True
T012,巡航,O01>S006,12163.592916035606,12165.578118909907,直连,,True
T012,巡航,O01>S006,12165.578118909907,12167.56332178421,直连,,True
T012,巡航,O01>S006,12167.56332178421,12169.54852465851,直连,,True
T012,巡航,O01>S006,12169.54852465851,12171.533727532813,直连,,True
T012,巡航,O01>S006,12171.533727532813,12173.518930407114,直连,,True
T012,巡航,O01>S006,12173.518930407114,12175.504133281414,直连,,True
T012,巡航,O01>S006,12175.504133281414,12177.489336155717,直连,,True
T012,巡航,O01>S006,12177.489336155717,12179.474539030018,直连,,True
T012,巡航,O01>S006,12179.474539030018,12181.459741904318,直连,,True
T012,巡航,O01>S006,12181.459741904318,12183.444944778621,直连,,True
T012,巡航,O01>S006,12183.444944778621,12185.430147652922,直连,,True
T012,巡航,O01>S006,12185.430147652922,12187.415350527224,直连,,True
T012,巡航,O01>S006,12187.415350527224,12189.400553401525,直连,,True
T012,巡航,O01>S006,12189.400553401525,12191.385756275826,直连,,True
T012,巡航,O01>S006,12191.385756275826,12193.370959150128,直连,,True
T012,巡航,O01>S006,12193.370959150128,12195.356162024429,直连,,True
T012,巡航,O01>S006,12195.356162024429,12197.34136489873,直连,,True
T012,巡航,O01>S006,12197.34136489873,12199.326567773032,直连,,True
T012,巡航,O01>S006,12199.326567773032,12201.311770647333,直连,,True
T012,巡航,O01>S006,12201.311770647333,12203.296973521636,直连,,True
T012,巡航,O01>S006,12203.296973521636,12205.282176395936,直连,,True
T012,巡航,O01>S006,12205.282176395936,12207.267379270237,直连,,True
T012,巡航,O01>S006,12207.267379270237,12209.25258214454,直连,,True
T012,巡航,O01>S006,12209.25258214454,12211.23778501884,直连,,True
T012,巡航,O01>S006,12211.23778501884,12213.222987893141,直连,,True
T012,巡航,O01>S006,12213.222987893141,12215.208190767444,直连,,True
T012,巡航,O01>S006,12215.208190767444,12217.193393641744,直连,,True
T012,巡航,O01>S006,12217.193393641744,12219.178596516047,直连,,True
T012,巡航,O01>S006,12219.178596516047,12221.163799390348,直连,,True
T012,巡航,O01>S006,12221.163799390348,12223.149002264649,直连,,True
T012,巡航,O01>S006,12223.149002264649,12225.134205138951,直连,,True
T012,巡航,O01>S006,12225.134205138951,12227.119408013252,直连,,True
T012,巡航,O01>S006,12227.119408013252,12229.104610887553,直连,,True
T012,巡航,O01>S006,12229.104610887553,12231.089813761855,直连,,True
T012,巡航,O01>S006,12231.089813761855,12233.075016636156,直连,,True
T012,巡航,O01>S006,12233.075016636156,12235.060219510458,直连,,True
T012,巡航,O01>S006,12235.060219510458,12237.04542238476,直连,,True
T012,巡航,O01>S006,12237.04542238476,12239.03062525906,直连,,True
T012,巡航,O01>S006,12239.03062525906,12241.015828133362,直连,,True
T012,巡航,O01>S006,12241.015828133362,12243.001031007663,直连,,True
T012,巡航,O01>S006,12243.001031007663,12244.986233881964,直连,,True
T012,巡航,O01>S006,12244.986233881964,12246.971436756266,直连,,True
T012,巡航,O01>S006,12246.971436756266,12248.956639630567,直连,,True
T012,巡航,O01>S006,12248.956639630567,12250.941842504868,直连,,True
T012,巡航,O01>S006,12250.941842504868,12252.92704537917,直连,,True
T012,巡航,O01>S006,12252.92704537917,12254.912248253471,直连,,True
T012,巡航,O01>S006,12254.912248253471,12256.897451127774,直连,,True
T012,巡航,O01>S006,12256.897451127774,12258.882654002075,直连,,True
T012,下降,O01>S006,12258.882654002075,12269.142221873168,直连,,True
T012,下降,O01>S006,12269.142221873168,12279.401789744263,直连,,True
T012,投送,S006,12279.401789744263,12489.401789744263,直连,,True
T012,爬升,S006>O01,12489.401789744263,12497.95142963684,直连,,True
T012,爬升,S006>O01,12497.95142963684,12506.501069529419,直连,,True
T012,巡航,S006>O01,12506.501069529419,12508.48627240372,直连,,True
T012,巡航,S006>O01,12508.48627240372,12510.471475278022,直连,,True
T012,巡航,S006>O01,12510.471475278022,12512.456678152323,直连,,True
T012,巡航,S006>O01,12512.456678152323,12514.441881026623,直连,,True
T012,巡航,S006>O01,12514.441881026623,12516.427083900926,直连,,True
T012,巡航,S006>O01,12516.427083900926,12518.412286775227,直连,,True
T012,巡航,S006>O01,12518.412286775227,12520.39748964953,直连,,True
T012,巡航,S006>O01,12520.39748964953,12522.38269252383,直连,,True
T012,巡航,S006>O01,12522.38269252383,12524.36789539813,直连,,True
T012,巡航,S006>O01,12524.36789539813,12526.353098272433,直连,,True
T012,巡航,S006>O01,12526.353098272433,12528.338301146734,直连,,True
T012,巡航,S006>O01,12528.338301146734,12530.323504021035,直连,,True
T012,巡航,S006>O01,12530.323504021035,12532.308706895337,直连,,True
T012,巡航,S006>O01,12532.308706895337,12534.293909769638,直连,,True
T012,巡航,S006>O01,12534.293909769638,12536.27911264394,直连,,True
T012,巡航,S006>O01,12536.27911264394,12538.264315518241,直连,,True
T012,巡航,S006>O01,12538.264315518241,12540.249518392542,直连,,True
T012,巡航,S006>O01,12540.249518392542,12542.234721266845,直连,,True
T012,巡航,S006>O01,12542.234721266845,12544.219924141145,直连,,True
T012,巡航,S006>O01,12544.219924141145,12546.205127015446,直连,,True
T012,巡航,S006>O01,12546.205127015446,12548.190329889749,直连,,True
T012,巡航,S006>O01,12548.190329889749,12550.17553276405,直连,,True
T012,巡航,S006>O01,12550.17553276405,12552.160735638352,直连,,True
T012,巡航,S006>O01,12552.160735638352,12554.145938512653,直连,,True
T012,巡航,S006>O01,12554.145938512653,12556.131141386953,直连,,True
T012,巡航,S006>O01,12556.131141386953,12558.116344261256,直连,,True
T012,巡航,S006>O01,12558.116344261256,12560.101547135557,直连,,True
T012,巡航,S006>O01,12560.101547135557,12562.086750009857,直连,,True
T012,巡航,S006>O01,12562.086750009857,12564.07195288416,直连,,True
T012,巡航,S006>O01,12564.07195288416,12566.05715575846,直连,,True
T012,巡航,S006>O01,12566.05715575846,12568.042358632763,直连,,True
T012,巡航,S006>O01,12568.042358632763,12570.027561507064,直连,,True
T012,巡航,S006>O01,12570.027561507064,12572.012764381365,直连,,True
T012,巡航,S006>O01,12572.012764381365,12573.997967255667,直连,,True
T012,巡航,S006>O01,12573.997967255667,12575.983170129968,直连,,True
T012,巡航,S006>O01,12575.983170129968,12577.968373004269,直连,,True
T012,巡航,S006>O01,12577.968373004269,12579.953575878571,直连,,True
T012,巡航,S006>O01,12579.953575878571,12581.938778752872,直连,,True
T012,巡航,S006>O01,12581.938778752872,12583.923981627175,直连,,True
T012,巡航,S006>O01,12583.923981627175,12585.909184501475,直连,,True
T012,巡航,S006>O01,12585.909184501475,12587.894387375776,直连,,True
T012,巡航,S006>O01,12587.894387375776,12589.879590250079,直连,,True
T012,巡航,S006>O01,12589.879590250079,12591.86479312438,直连,,True
T012,巡航,S006>O01,12591.86479312438,12593.84999599868,直连,,True
T012,巡航,S006>O01,12593.84999599868,12595.835198872983,直连,,True
T012,巡航,S006>O01,12595.835198872983,12597.820401747284,直连,,True
T012,巡航,S006>O01,12597.820401747284,12599.805604621586,直连,,True
T012,巡航,S006>O01,12599.805604621586,12601.790807495887,直连,,True
T012,巡航,S006>O01,12601.790807495887,12603.776010370188,直连,,True
T012,巡航,S006>O01,12603.776010370188,12605.76121324449,直连,,True
T012,巡航,S006>O01,12605.76121324449,12607.74641611879,直连,,True
T012,巡航,S006>O01,12607.74641611879,12609.731618993092,直连,,True
T012,巡航,S006>O01,12609.731618993092,12611.716821867394,直连,,True
T012,巡航,S006>O01,12611.716821867394,12613.702024741695,直连,,True
T012,巡航,S006>O01,12613.702024741695,12615.687227615997,直连,,True
T012,巡航,S006>O01,12615.687227615997,12617.672430490298,直连,,True
T012,巡航,S006>O01,12617.672430490298,12619.657633364599,直连,,True
T012,巡航,S006>O01,12619.657633364599,12621.642836238902,直连,,True
T012,巡航,S006>O01,12621.642836238902,12623.628039113202,直连,,True
T012,巡航,S006>O01,12623.628039113202,12625.613241987503,直连,,True
T012,巡航,S006>O01,12625.613241987503,12627.598444861806,直连,,True
T012,巡航,S006>O01,12627.598444861806,12629.583647736106,直连,,True
T012,巡航,S006>O01,12629.583647736106,12631.568850610409,直连,,True
T012,巡航,S006>O01,12631.568850610409,12633.55405348471,直连,,True
T012,巡航,S006>O01,12633.55405348471,12635.53925635901,直连,,True
T012,巡航,S006>O01,12635.53925635901,12637.524459233313,直连,,True
T012,巡航,S006>O01,12637.524459233313,12639.509662107614,直连,,True
T012,巡航,S006>O01,12639.509662107614,12641.494864981914,直连,,True
T012,巡航,S006>O01,12641.494864981914,12643.480067856217,直连,,True
T012,巡航,S006>O01,12643.480067856217,12645.465270730518,直连,,True
T012,巡航,S006>O01,12645.465270730518,12647.45047360482,直连,,True
T012,巡航,S006>O01,12647.45047360482,12649.435676479121,直连,,True
T012,巡航,S006>O01,12649.435676479121,12651.420879353422,直连,,True
T012,巡航,S006>O01,12651.420879353422,12653.406082227724,直连,,True
T012,巡航,S006>O01,12653.406082227724,12655.391285102025,直连,,True
T012,巡航,S006>O01,12655.391285102025,12657.376487976326,直连,,True
T012,巡航,S006>O01,12657.376487976326,12659.361690850628,直连,,True
T012,巡航,S006>O01,12659.361690850628,12661.346893724929,直连,,True
T012,巡航,S006>O01,12661.346893724929,12663.332096599232,直连,,True
T012,巡航,S006>O01,12663.332096599232,12665.317299473532,直连,,True
T012,巡航,S006>O01,12665.317299473532,12667.302502347833,直连,,True
T012,巡航,S006>O01,12667.302502347833,12669.287705222136,直连,,True
T012,巡航,S006>O01,12669.287705222136,12671.272908096436,直连,,True
T012,巡航,S006>O01,12671.272908096436,12673.258110970737,直连,,True
T012,巡航,S006>O01,12673.258110970737,12675.24331384504,直连,,True
T012,巡航,S006>O01,12675.24331384504,12677.22851671934,直连,,True
T012,巡航,S006>O01,12677.22851671934,12679.213719593643,直连,,True
T012,巡航,S006>O01,12679.213719593643,12681.198922467944,直连,,True
T012,巡航,S006>O01,12681.198922467944,12683.184125342244,直连,,True
T012,巡航,S006>O01,12683.184125342244,12685.169328216547,直连,,True
T012,巡航,S006>O01,12685.169328216547,12687.154531090848,直连,,True
T012,巡航,S006>O01,12687.154531090848,12689.139733965148,直连,,True
T012,巡航,S006>O01,12689.139733965148,12691.124936839451,直连,,True
T012,巡航,S006>O01,12691.124936839451,12693.110139713752,直连,,True
T012,巡航,S006>O01,12693.110139713752,12695.095342588054,直连,,True
T012,巡航,S006>O01,12695.095342588054,12697.080545462355,直连,,True
T012,巡航,S006>O01,12697.080545462355,12699.065748336656,直连,,True
T012,巡航,S006>O01,12699.065748336656,12701.050951210958,直连,,True
T012,巡航,S006>O01,12701.050951210958,12703.03615408526,直连,,True
T012,巡航,S006>O01,12703.03615408526,12705.02135695956,直连,,True
T012,巡航,S006>O01,12705.02135695956,12707.006559833862,直连,,True
T012,巡航,S006>O01,12707.006559833862,12708.991762708163,直连,,True
T012,巡航,S006>O01,12708.991762708163,12710.976965582464,直连,,True
T012,巡航,S006>O01,12710.976965582464,12712.962168456766,直连,,True
T012,巡航,S006>O01,12712.962168456766,12714.947371331067,直连,,True
T012,巡航,S006>O01,12714.947371331067,12716.93257420537,直连,,True
T012,巡航,S006>O01,12716.93257420537,12718.91777707967,直连,,True
T012,下降,S006>O01,12718.91777707967,12730.837669047443,直连,,True
T012,下降,S006>O01,12730.837669047443,12742.757561015218,直连,,True
T012,下降,S006>O01,12742.757561015218,12754.67745298299,直连,,True
T012,下降,S006>O01,12754.67745298299,12766.597344950766,直连,,True
T012,下降,S006>O01,12766.597344950766,12778.517236918538,直连,,True
T012,下降,S006>O01,12778.517236918538,12790.437128886311,直连,,True
T012,下降,S006>O01,12790.437128886311,12802.357020854086,直连,,True
T012,下降,S006>O01,12802.357020854086,12814.276912821859,直连,,True
T013,爬升,O01>S006,7049.0,7058.933243306477,直连,,True
T013,爬升,O01>S006,7058.933243306477,7068.866486612956,直连,,True
T013,爬升,O01>S006,7068.866486612956,7078.799729919434,直连,,True
T013,爬升,O01>S006,7078.799729919434,7088.732973225911,直连,,True
T013,爬升,O01>S006,7088.732973225911,7098.666216532389,直连,,True
T013,爬升,O01>S006,7098.666216532389,7108.599459838867,直连,,True
T013,爬升,O01>S006,7108.599459838867,7118.532703145345,直连,,True
T013,爬升,O01>S006,7118.532703145345,7128.465946451823,直连,,True
T013,巡航,O01>S006,7128.465946451823,7130.451149326124,直连,,True
T013,巡航,O01>S006,7130.451149326124,7132.436352200425,直连,,True
T013,巡航,O01>S006,7132.436352200425,7134.421555074727,直连,,True
T013,巡航,O01>S006,7134.421555074727,7136.406757949028,直连,,True
T013,巡航,O01>S006,7136.406757949028,7138.39196082333,直连,,True
T013,巡航,O01>S006,7138.39196082333,7140.377163697631,直连,,True
T013,巡航,O01>S006,7140.377163697631,7142.362366571932,直连,,True
T013,巡航,O01>S006,7142.362366571932,7144.347569446234,直连,,True
T013,巡航,O01>S006,7144.347569446234,7146.332772320536,直连,,True
T013,巡航,O01>S006,7146.332772320536,7148.317975194836,直连,,True
T013,巡航,O01>S006,7148.317975194836,7150.303178069138,直连,,True
T013,巡航,O01>S006,7150.303178069138,7152.28838094344,直连,,True
T013,巡航,O01>S006,7152.28838094344,7154.273583817741,直连,,True
T013,巡航,O01>S006,7154.273583817741,7156.258786692042,直连,,True
T013,巡航,O01>S006,7156.258786692042,7158.243989566344,直连,,True
T013,巡航,O01>S006,7158.243989566344,7160.229192440645,直连,,True
T013,巡航,O01>S006,7160.229192440645,7162.214395314947,直连,,True
T013,巡航,O01>S006,7162.214395314947,7164.199598189248,直连,,True
T013,巡航,O01>S006,7164.199598189248,7166.1848010635495,直连,,True
T013,巡航,O01>S006,7166.1848010635495,7168.170003937851,直连,,True
T013,巡航,O01>S006,7168.170003937851,7170.155206812153,直连,,True
T013,巡航,O01>S006,7170.155206812153,7172.1404096864535,直连,,True
T013,巡航,O01>S006,7172.1404096864535,7174.125612560755,直连,,True
T013,巡航,O01>S006,7174.125612560755,7176.110815435057,直连,,True
T013,巡航,O01>S006,7176.110815435057,7178.096018309358,直连,,True
T013,巡航,O01>S006,7178.096018309358,7180.081221183659,直连,,True
T013,巡航,O01>S006,7180.081221183659,7182.066424057961,直连,,True
T013,巡航,O01>S006,7182.066424057961,7184.0516269322625,直连,,True
T013,巡航,O01>S006,7184.0516269322625,7186.036829806564,直连,,True
T013,巡航,O01>S006,7186.036829806564,7188.022032680865,直连,,True
T013,巡航,O01>S006,7188.022032680865,7190.0072355551665,直连,,True
T013,巡航,O01>S006,7190.0072355551665,7191.992438429468,直连,,True
T013,巡航,O01>S006,7191.992438429468,7193.97764130377,直连,,True
T013,巡航,O01>S006,7193.97764130377,7195.962844178071,直连,,True
T013,巡航,O01>S006,7195.962844178071,7197.948047052372,直连,,True
T013,巡航,O01>S006,7197.948047052372,7199.933249926674,直连,,True
T013,巡航,O01>S006,7199.933249926674,7201.9184528009755,直连,,True
T013,巡航,O01>S006,7201.9184528009755,7203.903655675276,直连,,True
T013,巡航,O01>S006,7203.903655675276,7205.888858549578,直连,,True
T013,巡航,O01>S006,7205.888858549578,7207.8740614238795,直连,,True
T013,巡航,O01>S006,7207.8740614238795,7209.859264298181,直连,,True
T013,巡航,O01>S006,7209.859264298181,7211.844467172482,直连,,True
T013,巡航,O01>S006,7211.844467172482,7213.829670046784,直连,,True
T013,巡航,O01>S006,7213.829670046784,7215.814872921085,直连,,True
T013,巡航,O01>S006,7215.814872921085,7217.800075795387,直连,,True
T013,巡航,O01>S006,7217.800075795387,7219.785278669688,直连,,True
T013,巡航,O01>S006,7219.785278669688,7221.770481543989,直连,,True
T013,巡航,O01>S006,7221.770481543989,7223.755684418291,直连,,True
T013,巡航,O01>S006,7223.755684418291,7225.740887292593,直连,,True
T013,巡航,O01>S006,7225.740887292593,7227.726090166893,直连,,True
T013,巡航,O01>S006,7227.726090166893,7229.711293041195,直连,,True
T013,巡航,O01>S006,7229.711293041195,7231.696495915497,直连,,True
T013,巡航,O01>S006,7231.696495915497,7233.681698789798,直连,,True
T013,巡航,O01>S006,7233.681698789798,7235.666901664099,直连,,True
T013,巡航,O01>S006,7235.666901664099,7237.652104538401,直连,,True
T013,巡航,O01>S006,7237.652104538401,7239.637307412702,直连,,True
T013,巡航,O01>S006,7239.637307412702,7241.622510287004,直连,,True
T013,巡航,O01>S006,7241.622510287004,7243.607713161305,直连,,True
T013,巡航,O01>S006,7243.607713161305,7245.592916035606,直连,,True
T013,巡航,O01>S006,7245.592916035606,7247.578118909908,直连,,True
T013,巡航,O01>S006,7247.578118909908,7249.56332178421,直连,,True
T013,巡航,O01>S006,7249.56332178421,7251.54852465851,直连,,True
T013,巡航,O01>S006,7251.54852465851,7253.533727532812,直连,,True
T013,巡航,O01>S006,7253.533727532812,7255.518930407114,直连,,True
T013,巡航,O01>S006,7255.518930407114,7257.504133281415,直连,,True
T013,巡航,O01>S006,7257.504133281415,7259.489336155716,直连,,True
T013,巡航,O01>S006,7259.489336155716,7261.474539030018,直连,,True
T013,巡航,O01>S006,7261.474539030018,7263.459741904319,直连,,True
T013,巡航,O01>S006,7263.459741904319,7265.444944778621,直连,,True
T013,巡航,O01>S006,7265.444944778621,7267.430147652922,直连,,True
T013,巡航,O01>S006,7267.430147652922,7269.415350527223,直连,,True
T013,巡航,O01>S006,7269.415350527223,7271.400553401525,直连,,True
T013,巡航,O01>S006,7271.400553401525,7273.385756275827,直连,,True
T013,巡航,O01>S006,7273.385756275827,7275.370959150127,直连,,True
T013,巡航,O01>S006,7275.370959150127,7277.356162024429,直连,,True
T013,巡航,O01>S006,7277.356162024429,7279.341364898731,直连,,True
T013,巡航,O01>S006,7279.341364898731,7281.326567773032,直连,,True
T013,巡航,O01>S006,7281.326567773032,7283.311770647333,直连,,True
T013,巡航,O01>S006,7283.311770647333,7285.296973521635,直连,,True
T013,巡航,O01>S006,7285.296973521635,7287.282176395936,直连,,True
T013,巡航,O01>S006,7287.282176395936,7289.267379270238,直连,,True
T013,巡航,O01>S006,7289.267379270238,7291.252582144539,直连,,True
T013,巡航,O01>S006,7291.252582144539,7293.23778501884,直连,,True
T013,巡航,O01>S006,7293.23778501884,7295.222987893142,直连,,True
T013,巡航,O01>S006,7295.222987893142,7297.208190767444,直连,,True
T013,巡航,O01>S006,7297.208190767444,7299.1933936417445,直连,,True
T013,巡航,O01>S006,7299.1933936417445,7301.178596516046,直连,,True
T013,巡航,O01>S006,7301.178596516046,7303.163799390348,直连,,True
T013,巡航,O01>S006,7303.163799390348,7305.149002264649,直连,,True
T013,巡航,O01>S006,7305.149002264649,7307.13420513895,直连,,True
T013,巡航,O01>S006,7307.13420513895,7309.119408013252,直连,,True
T013,巡航,O01>S006,7309.119408013252,7311.1046108875535,直连,,True
T013,巡航,O01>S006,7311.1046108875535,7313.089813761855,直连,,True
T013,巡航,O01>S006,7313.089813761855,7315.075016636156,直连,,True
T013,巡航,O01>S006,7315.075016636156,7317.0602195104575,直连,,True
T013,巡航,O01>S006,7317.0602195104575,7319.045422384759,直连,,True
T013,巡航,O01>S006,7319.045422384759,7321.030625259061,直连,,True
T013,巡航,O01>S006,7321.030625259061,7323.0158281333615,直连,,True
T013,巡航,O01>S006,7323.0158281333615,7325.001031007663,直连,,True
T013,巡航,O01>S006,7325.001031007663,7326.986233881965,直连,,True
T013,巡航,O01>S006,7326.986233881965,7328.9714367562665,直连,,True
T013,巡航,O01>S006,7328.9714367562665,7330.956639630567,直连,,True
T013,巡航,O01>S006,7330.956639630567,7332.941842504869,直连,,True
T013,巡航,O01>S006,7332.941842504869,7334.9270453791705,直连,,True
T013,巡航,O01>S006,7334.9270453791705,7336.912248253471,直连,,True
T013,巡航,O01>S006,7336.912248253471,7338.897451127773,直连,,True
T013,巡航,O01>S006,7338.897451127773,7340.882654002075,直连,,True
T013,下降,O01>S006,7340.882654002075,7351.142221873168,直连,,True
T013,下降,O01>S006,7351.142221873168,7361.401789744262,直连,,True
T013,投送,S006,7361.401789744262,7571.401789744262,直连,,True
T013,爬升,S006>O01,7571.401789744262,7579.95142963684,直连,,True
T013,爬升,S006>O01,7579.95142963684,7588.501069529418,直连,,True
T013,巡航,S006>O01,7588.501069529418,7590.486272403719,直连,,True
T013,巡航,S006>O01,7590.486272403719,7592.47147527802,直连,,True
T013,巡航,S006>O01,7592.47147527802,7594.456678152322,直连,,True
T013,巡航,S006>O01,7594.456678152322,7596.441881026623,直连,,True
T013,巡航,S006>O01,7596.441881026623,7598.427083900925,直连,,True
T013,巡航,S006>O01,7598.427083900925,7600.412286775226,直连,,True
T013,巡航,S006>O01,7600.412286775226,7602.397489649527,直连,,True
T013,巡航,S006>O01,7602.397489649527,7604.382692523829,直连,,True
T013,巡航,S006>O01,7604.382692523829,7606.367895398131,直连,,True
T013,巡航,S006>O01,7606.367895398131,7608.353098272431,直连,,True
T013,巡航,S006>O01,7608.353098272431,7610.338301146733,直连,,True
T013,巡航,S006>O01,7610.338301146733,7612.323504021035,直连,,True
T013,巡航,S006>O01,7612.323504021035,7614.308706895336,直连,,True
T013,巡航,S006>O01,7614.308706895336,7616.293909769637,直连,,True
T013,巡航,S006>O01,7616.293909769637,7618.279112643939,直连,,True
T013,巡航,S006>O01,7618.279112643939,7620.26431551824,直连,,True
T013,巡航,S006>O01,7620.26431551824,7622.249518392542,直连,,True
T013,巡航,S006>O01,7622.249518392542,7624.234721266843,直连,,True
T013,巡航,S006>O01,7624.234721266843,7626.2199241411445,直连,,True
T013,巡航,S006>O01,7626.2199241411445,7628.205127015446,直连,,True
T013,巡航,S006>O01,7628.205127015446,7630.190329889748,直连,,True
T013,巡航,S006>O01,7630.190329889748,7632.1755327640485,直连,,True
T013,巡航,S006>O01,7632.1755327640485,7634.16073563835,直连,,True
T013,巡航,S006>O01,7634.16073563835,7636.145938512652,直连,,True
T013,巡航,S006>O01,7636.145938512652,7638.1311413869535,直连,,True
T013,巡航,S006>O01,7638.1311413869535,7640.116344261254,直连,,True
T013,巡航,S006>O01,7640.116344261254,7642.101547135556,直连,,True
T013,巡航,S006>O01,7642.101547135556,7644.0867500098575,直连,,True
T013,巡航,S006>O01,7644.0867500098575,7646.071952884159,直连,,True
T013,巡航,S006>O01,7646.071952884159,7648.05715575846,直连,,True
T013,巡航,S006>O01,7648.05715575846,7650.0423586327615,直连,,True
T013,巡航,S006>O01,7650.0423586327615,7652.027561507063,直连,,True
T013,巡航,S006>O01,7652.027561507063,7654.012764381365,直连,,True
T013,巡航,S006>O01,7654.012764381365,7655.997967255666,直连,,True
T013,巡航,S006>O01,7655.997967255666,7657.983170129967,直连,,True
T013,巡航,S006>O01,7657.983170129967,7659.968373004269,直连,,True
T013,巡航,S006>O01,7659.968373004269,7661.9535758785705,直连,,True
T013,巡航,S006>O01,7661.9535758785705,7663.938778752871,直连,,True
T013,巡航,S006>O01,7663.938778752871,7665.923981627173,直连,,True
T013,巡航,S006>O01,7665.923981627173,7667.909184501475,直连,,True
T013,巡航,S006>O01,7667.909184501475,7669.894387375776,直连,,True
T013,巡航,S006>O01,7669.894387375776,7671.879590250077,直连,,True
T013,巡航,S006>O01,7671.879590250077,7673.864793124379,直连,,True
T013,巡航,S006>O01,7673.864793124379,7675.84999599868,直连,,True
T013,巡航,S006>O01,7675.84999599868,7677.835198872982,直连,,True
T013,巡航,S006>O01,7677.835198872982,7679.820401747283,直连,,True
T013,巡航,S006>O01,7679.820401747283,7681.805604621584,直连,,True
T013,巡航,S006>O01,7681.805604621584,7683.790807495886,直连,,True
T013,巡航,S006>O01,7683.790807495886,7685.776010370188,直连,,True
T013,巡航,S006>O01,7685.776010370188,7687.761213244488,直连,,True
T013,巡航,S006>O01,7687.761213244488,7689.74641611879,直连,,True
T013,巡航,S006>O01,7689.74641611879,7691.731618993092,直连,,True
T013,巡航,S006>O01,7691.731618993092,7693.716821867393,直连,,True
T013,巡航,S006>O01,7693.716821867393,7695.702024741694,直连,,True
T013,巡航,S006>O01,7695.702024741694,7697.687227615996,直连,,True
T013,巡航,S006>O01,7697.687227615996,7699.672430490297,直连,,True
T013,巡航,S006>O01,7699.672430490297,7701.657633364599,直连,,True
T013,巡航,S006>O01,7701.657633364599,7703.6428362389,直连,,True
T013,巡航,S006>O01,7703.6428362389,7705.628039113201,直连,,True
T013,巡航,S006>O01,7705.628039113201,7707.613241987503,直连,,True
T013,巡航,S006>O01,7707.613241987503,7709.598444861805,直连,,True
T013,巡航,S006>O01,7709.598444861805,7711.583647736105,直连,,True
T013,巡航,S006>O01,7711.583647736105,7713.568850610407,直连,,True
T013,巡航,S006>O01,7713.568850610407,7715.554053484709,直连,,True
T013,巡航,S006>O01,7715.554053484709,7717.53925635901,直连,,True
T013,巡航,S006>O01,7717.53925635901,7719.524459233311,直连,,True
T013,巡航,S006>O01,7719.524459233311,7721.509662107613,直连,,True
T013,巡航,S006>O01,7721.509662107613,7723.494864981914,直连,,True
T013,巡航,S006>O01,7723.494864981914,7725.480067856216,直连,,True
T013,巡航,S006>O01,7725.480067856216,7727.465270730517,直连,,True
T013,巡航,S006>O01,7727.465270730517,7729.450473604818,直连,,True
T013,巡航,S006>O01,7729.450473604818,7731.43567647912,直连,,True
T013,巡航,S006>O01,7731.43567647912,7733.420879353422,直连,,True
T013,巡航,S006>O01,7733.420879353422,7735.406082227722,直连,,True
T013,巡航,S006>O01,7735.406082227722,7737.391285102024,直连,,True
T013,巡航,S006>O01,7737.391285102024,7739.376487976326,直连,,True
T013,巡航,S006>O01,7739.376487976326,7741.361690850627,直连,,True
T013,巡航,S006>O01,7741.361690850627,7743.346893724928,直连,,True
T013,巡航,S006>O01,7743.346893724928,7745.33209659923,直连,,True
T013,巡航,S006>O01,7745.33209659923,7747.317299473531,直连,,True
T013,巡航,S006>O01,7747.317299473531,7749.302502347833,直连,,True
T013,巡航,S006>O01,7749.302502347833,7751.287705222134,直连,,True
T013,巡航,S006>O01,7751.287705222134,7753.2729080964355,直连,,True
T013,巡航,S006>O01,7753.2729080964355,7755.258110970737,直连,,True
T013,巡航,S006>O01,7755.258110970737,7757.243313845039,直连,,True
T013,巡航,S006>O01,7757.243313845039,7759.2285167193395,直连,,True
T013,巡航,S006>O01,7759.2285167193395,7761.213719593641,直连,,True
T013,巡航,S006>O01,7761.213719593641,7763.198922467943,直连,,True
T013,巡航,S006>O01,7763.198922467943,7765.184125342244,直连,,True
T013,巡航,S006>O01,7765.184125342244,7767.169328216545,直连,,True
T013,巡航,S006>O01,7767.169328216545,7769.154531090847,直连,,True
T013,巡航,S006>O01,7769.154531090847,7771.1397339651485,直连,,True
T013,巡航,S006>O01,7771.1397339651485,7773.12493683945,直连,,True
T013,巡航,S006>O01,7773.12493683945,7775.110139713751,直连,,True
T013,巡航,S006>O01,7775.110139713751,7777.0953425880525,直连,,True
T013,巡航,S006>O01,7777.0953425880525,7779.080545462354,直连,,True
T013,巡航,S006>O01,7779.080545462354,7781.065748336656,直连,,True
T013,巡航,S006>O01,7781.065748336656,7783.050951210957,直连,,True
T013,巡航,S006>O01,7783.050951210957,7785.036154085258,直连,,True
T013,巡航,S006>O01,7785.036154085258,7787.02135695956,直连,,True
T013,巡航,S006>O01,7787.02135695956,7789.006559833861,直连,,True
T013,巡航,S006>O01,7789.006559833861,7790.991762708162,直连,,True
T013,巡航,S006>O01,7790.991762708162,7792.976965582464,直连,,True
T013,巡航,S006>O01,7792.976965582464,7794.9621684567655,直连,,True
T013,巡航,S006>O01,7794.9621684567655,7796.947371331067,直连,,True
T013,巡航,S006>O01,7796.947371331067,7798.932574205368,直连,,True
T013,巡航,S006>O01,7798.932574205368,7800.91777707967,直连,,True
T013,下降,S006>O01,7800.91777707967,7812.837669047443,直连,,True
T013,下降,S006>O01,7812.837669047443,7824.757561015216,直连,,True
T013,下降,S006>O01,7824.757561015216,7836.67745298299,直连,,True
T013,下降,S006>O01,7836.67745298299,7848.597344950764,直连,,True
T013,下降,S006>O01,7848.597344950764,7860.517236918537,直连,,True
T013,下降,S006>O01,7860.517236918537,7872.43712888631,直连,,True
T013,下降,S006>O01,7872.43712888631,7884.357020854083,直连,,True
T013,下降,S006>O01,7884.357020854083,7896.276912821857,直连,,True
T014,爬升,O01>S006,360.0,369.93324330647783,直连,,True
T014,爬升,O01>S006,369.93324330647783,379.8664866129557,直连,,True
T014,爬升,O01>S006,379.8664866129557,389.7997299194336,直连,,True
T014,爬升,O01>S006,389.7997299194336,399.73297322591145,直连,,True
T014,爬升,O01>S006,399.73297322591145,409.6662165323893,直连,,True
T014,爬升,O01>S006,409.6662165323893,419.5994598388672,直连,,True
T014,爬升,O01>S006,419.5994598388672,429.53270314534507,直连,,True
T014,爬升,O01>S006,429.53270314534507,439.4659464518229,直连,,True
T014,巡航,O01>S006,439.4659464518229,441.9474500446997,直连,,True
T014,巡航,O01>S006,441.9474500446997,444.42895363757646,直连,,True
T014,巡航,O01>S006,444.42895363757646,446.91045723045323,直连,,True
T014,巡航,O01>S006,446.91045723045323,449.39196082333,直连,,True
T014,巡航,O01>S006,449.39196082333,451.87346441620673,直连,,True
T014,巡航,O01>S006,451.87346441620673,454.3549680090835,直连,,True
T014,巡航,O01>S006,454.3549680090835,456.8364716019603,直连,,True
T014,巡航,O01>S006,456.8364716019603,459.31797519483706,直连,,True
T014,巡航,O01>S006,459.31797519483706,461.79947878771384,直连,,True
T014,巡航,O01>S006,461.79947878771384,464.2809823805906,直连,,True
T014,巡航,O01>S006,464.2809823805906,466.7624859734674,直连,,True
T014,巡航,O01>S006,466.7624859734674,469.24398956634417,直连,,True
T014,巡航,O01>S006,469.24398956634417,471.7254931592209,直连,,True
T014,巡航,O01>S006,471.7254931592209,474.20699675209767,直连,,True
T014,巡航,O01>S006,474.20699675209767,476.68850034497444,直连,,True
T014,巡航,O01>S006,476.68850034497444,479.1700039378512,直连,,True
T014,巡航,O01>S006,479.1700039378512,481.651507530728,直连,,True
T014,巡航,O01>S006,481.651507530728,484.1330111236048,直连,,True
T014,巡航,O01>S006,484.1330111236048,486.61451471648155,直连,,True
T014,巡航,O01>S006,486.61451471648155,489.0960183093583,直连,,True
T014,巡航,O01>S006,489.0960183093583,491.57752190223505,直连,,True
T014,巡航,O01>S006,491.57752190223505,494.0590254951118,直连,,True
T014,巡航,O01>S006,494.0590254951118,496.5405290879886,直连,,True
T014,巡航,O01>S006,496.5405290879886,499.0220326808654,直连,,True
T014,巡航,O01>S006,499.0220326808654,501.50353627374216,直连,,True
T014,巡航,O01>S006,501.50353627374216,503.98503986661893,直连,,True
T014,巡航,O01>S006,503.98503986661893,506.4665434594957,直连,,True
T014,巡航,O01>S006,506.4665434594957,508.94804705237243,直连,,True
T014,巡航,O01>S006,508.94804705237243,511.4295506452492,直连,,True
T014,巡航,O01>S006,511.4295506452492,513.911054238126,直连,,True
T014,巡航,O01>S006,513.911054238126,516.3925578310027,直连,,True
T014,巡航,O01>S006,516.3925578310027,518.8740614238795,直连,,True
T014,巡航,O01>S006,518.8740614238795,521.3555650167564,直连,,True
T014,巡航,O01>S006,521.3555650167564,523.8370686096331,直连,,True
T014,巡航,O01>S006,523.8370686096331,526.3185722025098,直连,,True
T014,巡航,O01>S006,526.3185722025098,528.8000757953866,直连,,True
T014,巡航,O01>S006,528.8000757953866,531.2815793882634,直连,,True
T014,巡航,O01>S006,531.2815793882634,533.7630829811402,直连,,True
T014,巡航,O01>S006,533.7630829811402,536.2445865740169,直连,,True
T014,巡航,O01>S006,536.2445865740169,538.7260901668938,直连,,True
T014,巡航,O01>S006,538.7260901668938,541.2075937597705,直连,,True
T014,巡航,O01>S006,541.2075937597705,543.6890973526472,直连,,True
T014,巡航,O01>S006,543.6890973526472,546.170600945524,直连,,True
T014,巡航,O01>S006,546.170600945524,548.6521045384007,直连,,True
T014,巡航,O01>S006,548.6521045384007,551.1336081312776,直连,,True
T014,巡航,O01>S006,551.1336081312776,553.6151117241543,直连,,True
T014,巡航,O01>S006,553.6151117241543,556.0966153170311,直连,,True
T014,巡航,O01>S006,556.0966153170311,558.5781189099079,直连,,True
T014,巡航,O01>S006,558.5781189099079,561.0596225027846,直连,,True
T014,巡航,O01>S006,561.0596225027846,563.5411260956614,直连,,True
T014,巡航,O01>S006,563.5411260956614,566.0226296885381,直连,,True
T014,巡航,O01>S006,566.0226296885381,568.504133281415,直连,,True
T014,巡航,O01>S006,568.504133281415,570.9856368742917,直连,,True
T014,巡航,O01>S006,570.9856368742917,573.4671404671685,直连,,True
T014,巡航,O01>S006,573.4671404671685,575.9486440600452,直连,,True
T014,巡航,O01>S006,575.9486440600452,578.430147652922,直连,,True
T014,巡航,O01>S006,578.430147652922,580.9116512457988,直连,,True
T014,巡航,O01>S006,580.9116512457988,583.3931548386755,直连,,True
T014,巡航,O01>S006,583.3931548386755,585.8746584315523,直连,,True
T014,巡航,O01>S006,585.8746584315523,588.3561620244291,直连,,True
T014,巡航,O01>S006,588.3561620244291,590.8376656173059,直连,,True
T014,巡航,O01>S006,590.8376656173059,593.3191692101826,直连,,True
T014,巡航,O01>S006,593.3191692101826,595.8006728030593,直连,,True
T014,巡航,O01>S006,595.8006728030593,598.2821763959362,直连,,True
T014,巡航,O01>S006,598.2821763959362,600.763679988813,直连,,True
T014,巡航,O01>S006,600.763679988813,603.2451835816897,直连,,True
T014,巡航,O01>S006,603.2451835816897,605.7266871745665,直连,,True
T014,巡航,O01>S006,605.7266871745665,608.2081907674433,直连,,True
T014,巡航,O01>S006,608.2081907674433,610.68969436032,直连,,True
T014,巡航,O01>S006,610.68969436032,613.1711979531968,直连,,True
T014,巡航,O01>S006,613.1711979531968,615.6527015460736,直连,,True
T014,巡航,O01>S006,615.6527015460736,618.1342051389504,直连,,True
T014,巡航,O01>S006,618.1342051389504,620.6157087318271,直连,,True
T014,巡航,O01>S006,620.6157087318271,623.0972123247038,直连,,True
T014,巡航,O01>S006,623.0972123247038,625.5787159175807,直连,,True
T014,巡航,O01>S006,625.5787159175807,628.0602195104574,直连,,True
T014,巡航,O01>S006,628.0602195104574,630.5417231033342,直连,,True
T014,巡航,O01>S006,630.5417231033342,633.0232266962109,直连,,True
T014,巡航,O01>S006,633.0232266962109,635.5047302890878,直连,,True
T014,巡航,O01>S006,635.5047302890878,637.9862338819645,直连,,True
T014,巡航,O01>S006,637.9862338819645,640.4677374748412,直连,,True
T014,巡航,O01>S006,640.4677374748412,642.949241067718,直连,,True
T014,巡航,O01>S006,642.949241067718,645.4307446605949,直连,,True
T014,巡航,O01>S006,645.4307446605949,647.9122482534716,直连,,True
T014,巡航,O01>S006,647.9122482534716,650.3937518463483,直连,,True
T014,巡航,O01>S006,650.3937518463483,652.8752554392252,直连,,True
T014,巡航,O01>S006,652.8752554392252,655.3567590321019,直连,,True
T014,巡航,O01>S006,655.3567590321019,657.8382626249786,直连,,True
T014,巡航,O01>S006,657.8382626249786,660.3197662178554,直连,,True
T014,巡航,O01>S006,660.3197662178554,662.8012698107323,直连,,True
T014,巡航,O01>S006,662.8012698107323,665.282773403609,直连,,True
T014,巡航,O01>S006,665.282773403609,667.7642769964857,直连,,True
T014,巡航,O01>S006,667.7642769964857,670.2457805893625,直连,,True
T014,巡航,O01>S006,670.2457805893625,672.7272841822393,直连,,True
T014,巡航,O01>S006,672.7272841822393,675.2087877751161,直连,,True
T014,巡航,O01>S006,675.2087877751161,677.6902913679928,直连,,True
T014,巡航,O01>S006,677.6902913679928,680.1717949608696,直连,,True
T014,巡航,O01>S006,680.1717949608696,682.6532985537464,直连,,True
T014,巡航,O01>S006,682.6532985537464,685.1348021466231,直连,,True
T014,巡航,O01>S006,685.1348021466231,687.6163057394999,直连,,True
T014,巡航,O01>S006,687.6163057394999,690.0978093323766,直连,,True
T014,巡航,O01>S006,690.0978093323766,692.5793129252535,直连,,True
T014,巡航,O01>S006,692.5793129252535,695.0608165181302,直连,,True
T014,巡航,O01>S006,695.0608165181302,697.542320111007,直连,,True
T014,巡航,O01>S006,697.542320111007,700.0238237038837,直连,,True
T014,巡航,O01>S006,700.0238237038837,702.5053272967605,直连,,True
T014,巡航,O01>S006,702.5053272967605,704.9868308896373,直连,,True
T014,下降,O01>S006,704.9868308896373,715.246398760731,直连,,True
T014,下降,O01>S006,715.246398760731,725.5059666318248,直连,,True
T014,投送,S006,725.5059666318248,935.5059666318248,直连,,True
T014,爬升,S006>O01,935.5059666318248,944.055606524403,直连,,True
T014,爬升,S006>O01,944.055606524403,952.605246416981,直连,,True
T014,巡航,S006>O01,952.605246416981,955.0867500098577,直连,,True
T014,巡航,S006>O01,955.0867500098577,957.5682536027346,直连,,True
T014,巡航,S006>O01,957.5682536027346,960.0497571956113,直连,,True
T014,巡航,S006>O01,960.0497571956113,962.5312607884881,直连,,True
T014,巡航,S006>O01,962.5312607884881,965.0127643813648,直连,,True
T014,巡航,S006>O01,965.0127643813648,967.4942679742417,直连,,True
T014,巡航,S006>O01,967.4942679742417,969.9757715671184,直连,,True
T014,巡航,S006>O01,969.9757715671184,972.4572751599951,直连,,True
T014,巡航,S006>O01,972.4572751599951,974.9387787528719,直连,,True
T014,巡航,S006>O01,974.9387787528719,977.4202823457487,直连,,True
T014,巡航,S006>O01,977.4202823457487,979.9017859386255,直连,,True
T014,巡航,S006>O01,979.9017859386255,982.3832895315022,直连,,True
T014,巡航,S006>O01,982.3832895315022,984.864793124379,直连,,True
T014,巡航,S006>O01,984.864793124379,987.3462967172558,直连,,True
T014,巡航,S006>O01,987.3462967172558,989.8278003101325,直连,,True
T014,巡航,S006>O01,989.8278003101325,992.3093039030093,直连,,True
T014,巡航,S006>O01,992.3093039030093,994.790807495886,直连,,True
T014,巡航,S006>O01,994.790807495886,997.2723110887629,直连,,True
T014,巡航,S006>O01,997.2723110887629,999.7538146816396,直连,,True
T014,巡航,S006>O01,999.7538146816396,1002.2353182745164,直连,,True
T014,巡航,S006>O01,1002.2353182745164,1004.7168218673932,直连,,True
T014,巡航,S006>O01,1004.7168218673932,1007.1983254602699,直连,,True
T014,巡航,S006>O01,1007.1983254602699,1009.6798290531467,直连,,True
T014,巡航,S006>O01,1009.6798290531467,1012.1613326460234,直连,,True
T014,巡航,S006>O01,1012.1613326460234,1014.6428362389003,直连,,True
T014,巡航,S006>O01,1014.6428362389003,1017.124339831777,直连,,True
T014,巡航,S006>O01,1017.124339831777,1019.6058434246538,直连,,True
T014,巡航,S006>O01,1019.6058434246538,1022.0873470175305,直连,,True
T014,巡航,S006>O01,1022.0873470175305,1024.5688506104073,直连,,True
T014,巡航,S006>O01,1024.5688506104073,1027.050354203284,直连,,True
T014,巡航,S006>O01,1027.050354203284,1029.531857796161,直连,,True
T014,巡航,S006>O01,1029.531857796161,1032.0133613890375,直连,,True
T014,巡航,S006>O01,1032.0133613890375,1034.4948649819144,直连,,True
T014,巡航,S006>O01,1034.4948649819144,1036.9763685747912,直连,,True
T014,巡航,S006>O01,1036.9763685747912,1039.457872167668,直连,,True
T014,巡航,S006>O01,1039.457872167668,1041.9393757605446,直连,,True
T014,巡航,S006>O01,1041.9393757605446,1044.4208793534215,直连,,True
T014,巡航,S006>O01,1044.4208793534215,1046.9023829462983,直连,,True
T014,巡航,S006>O01,1046.9023829462983,1049.383886539175,直连,,True
T014,巡航,S006>O01,1049.383886539175,1051.8653901320517,直连,,True
T014,巡航,S006>O01,1051.8653901320517,1054.3468937249286,直连,,True
T014,巡航,S006>O01,1054.3468937249286,1056.8283973178054,直连,,True
T014,巡航,S006>O01,1056.8283973178054,1059.309900910682,直连,,True
T014,巡航,S006>O01,1059.309900910682,1061.7914045035589,直连,,True
T014,巡航,S006>O01,1061.7914045035589,1064.2729080964357,直连,,True
T014,巡航,S006>O01,1064.2729080964357,1066.7544116893123,直连,,True
T014,巡航,S006>O01,1066.7544116893123,1069.2359152821891,直连,,True
T014,巡航,S006>O01,1069.2359152821891,1071.717418875066,直连,,True
T014,巡航,S006>O01,1071.717418875066,1074.1989224679428,直连,,True
T014,巡航,S006>O01,1074.1989224679428,1076.6804260608194,直连,,True
T014,巡航,S006>O01,1076.6804260608194,1079.1619296536962,直连,,True
T014,巡航,S006>O01,1079.1619296536962,1081.643433246573,直连,,True
T014,巡航,S006>O01,1081.643433246573,1084.1249368394497,直连,,True
T014,巡航,S006>O01,1084.1249368394497,1086.6064404323265,直连,,True
T014,巡航,S006>O01,1086.6064404323265,1089.0879440252033,直连,,True
T014,巡航,S006>O01,1089.0879440252033,1091.5694476180802,直连,,True
T014,巡航,S006>O01,1091.5694476180802,1094.0509512109568,直连,,True
T014,巡航,S006>O01,1094.0509512109568,1096.5324548038336,直连,,True
T014,巡航,S006>O01,1096.5324548038336,1099.0139583967104,直连,,True
T014,巡航,S006>O01,1099.0139583967104,1101.495461989587,直连,,True
T014,巡航,S006>O01,1101.495461989587,1103.976965582464,直连,,True
T014,巡航,S006>O01,1103.976965582464,1106.4584691753407,直连,,True
T014,巡航,S006>O01,1106.4584691753407,1108.9399727682176,直连,,True
T014,巡航,S006>O01,1108.9399727682176,1111.4214763610942,直连,,True
T014,巡航,S006>O01,1111.4214763610942,1113.902979953971,直连,,True
T014,巡航,S006>O01,1113.902979953971,1116.3844835468478,直连,,True
T014,巡航,S006>O01,1116.3844835468478,1118.8659871397244,直连,,True
T014,巡航,S006>O01,1118.8659871397244,1121.3474907326013,直连,,True
T014,巡航,S006>O01,1121.3474907326013,1123.828994325478,直连,,True
T014,巡航,S006>O01,1123.828994325478,1126.310497918355,直连,,True
T014,巡航,S006>O01,1126.310497918355,1128.7920015112315,直连,,True
T014,巡航,S006>O01,1128.7920015112315,1131.2735051041084,直连,,True
T014,巡航,S006>O01,1131.2735051041084,1133.7550086969852,直连,,True
T014,巡航,S006>O01,1133.7550086969852,1136.2365122898618,直连,,True
T014,巡航,S006>O01,1136.2365122898618,1138.7180158827387,直连,,True
T014,巡航,S006>O01,1138.7180158827387,1141.1995194756155,直连,,True
T014,巡航,S006>O01,1141.1995194756155,1143.6810230684923,直连,,True
T014,巡航,S006>O01,1143.6810230684923,1146.162526661369,直连,,True
T014,巡航,S006>O01,1146.162526661369,1148.6440302542458,直连,,True
T014,巡航,S006>O01,1148.6440302542458,1151.1255338471226,直连,,True
T014,巡航,S006>O01,1151.1255338471226,1153.6070374399992,直连,,True
T014,巡航,S006>O01,1153.6070374399992,1156.088541032876,直连,,True
T014,巡航,S006>O01,1156.088541032876,1158.5700446257529,直连,,True
T014,巡航,S006>O01,1158.5700446257529,1161.0515482186297,直连,,True
T014,巡航,S006>O01,1161.0515482186297,1163.5330518115063,直连,,True
T014,巡航,S006>O01,1163.5330518115063,1166.0145554043831,直连,,True
T014,巡航,S006>O01,1166.0145554043831,1168.49605899726,直连,,True
T014,巡航,S006>O01,1168.49605899726,1170.9775625901366,直连,,True
T014,巡航,S006>O01,1170.9775625901366,1173.4590661830134,直连,,True
T014,巡航,S006>O01,1173.4590661830134,1175.9405697758903,直连,,True
T014,巡航,S006>O01,1175.9405697758903,1178.422073368767,直连,,True
T014,巡航,S006>O01,1178.422073368767,1180.9035769616437,直连,,True
T014,巡航,S006>O01,1180.9035769616437,1183.3850805545205,直连,,True
T014,巡航,S006>O01,1183.3850805545205,1185.8665841473974,直连,,True
T014,巡航,S006>O01,1185.8665841473974,1188.348087740274,直连,,True
T014,巡航,S006>O01,1188.348087740274,1190.8295913331508,直连,,True
T014,巡航,S006>O01,1190.8295913331508,1193.3110949260276,直连,,True
T014,巡航,S006>O01,1193.3110949260276,1195.7925985189045,直连,,True
T014,巡航,S006>O01,1195.7925985189045,1198.274102111781,直连,,True
T014,巡航,S006>O01,1198.274102111781,1200.755605704658,直连,,True
T014,巡航,S006>O01,1200.755605704658,1203.2371092975347,直连,,True
T014,巡航,S006>O01,1203.2371092975347,1205.7186128904114,直连,,True
T014,巡航,S006>O01,1205.7186128904114,1208.2001164832882,直连,,True
T014,巡航,S006>O01,1208.2001164832882,1210.681620076165,直连,,True
T014,巡航,S006>O01,1210.681620076165,1213.1631236690419,直连,,True
T014,巡航,S006>O01,1213.1631236690419,1215.6446272619185,直连,,True
T014,巡航,S006>O01,1215.6446272619185,1218.1261308547953,直连,,True
T014,下降,S006>O01,1218.1261308547953,1230.0460228225688,直连,,True
T014,下降,S006>O01,1230.0460228225688,1241.9659147903421,直连,,True
T014,下降,S006>O01,1241.9659147903421,1253.8858067581157,直连,,True
T014,下降,S006>O01,1253.8858067581157,1265.8056987258892,直连,,True
T014,下降,S006>O01,1265.8056987258892,1277.7255906936625,直连,,True
T014,下降,S006>O01,1277.7255906936625,1289.645482661436,直连,,True
T014,下降,S006>O01,1289.645482661436,1301.5653746292094,直连,,True
T014,下降,S006>O01,1301.5653746292094,1313.485266596983,直连,,True
T015,爬升,O01>S007,13175.0,13184.853158334585,直连,,True
T015,爬升,O01>S007,13184.853158334585,13194.706316669171,直连,,True
T015,爬升,O01>S007,13194.706316669171,13204.559475003756,直连,,True
T015,爬升,O01>S007,13204.559475003756,13214.412633338341,直连,,True
T015,爬升,O01>S007,13214.412633338341,13224.265791672928,直连,,True
T015,爬升,O01>S007,13224.265791672928,13234.118950007512,直连,,True
T015,爬升,O01>S007,13234.118950007512,13243.972108342097,直连,,True
T015,爬升,O01>S007,13243.972108342097,13253.825266676682,直连,,True
T015,爬升,O01>S007,13253.825266676682,13263.678425011269,直连,,True
T015,爬升,O01>S007,13263.678425011269,13273.531583345854,直连,,True
T015,爬升,O01>S007,13273.531583345854,13283.384741680438,直连,,True
T015,爬升,O01>S007,13283.384741680438,13293.237900015025,直连,,True
T015,爬升,O01>S007,13293.237900015025,13303.09105834961,直连,,True
T015,巡航,O01>S007,13303.09105834961,13305.079886417861,直连,,True
T015,巡航,O01>S007,13305.079886417861,13307.068714486111,直连,,True
T015,巡航,O01>S007,13307.068714486111,13309.057542554363,直连,,True
T015,巡航,O01>S007,13309.057542554363,13311.046370622613,直连,,True
T015,巡航,O01>S007,13311.046370622613,13313.035198690864,直连,,True
T015,巡航,O01>S007,13313.035198690864,13315.024026759116,直连,,True
T015,巡航,O01>S007,13315.024026759116,13317.012854827366,直连,,True
T015,巡航,O01>S007,13317.012854827366,13319.001682895618,直连,,True
T015,巡航,O01>S007,13319.001682895618,13320.990510963868,直连,,True
T015,巡航,O01>S007,13320.990510963868,13322.97933903212,直连,,True
T015,巡航,O01>S007,13322.97933903212,13324.968167100371,直连,,True
T015,巡航,O01>S007,13324.968167100371,13326.95699516862,直连,,True
T015,巡航,O01>S007,13326.95699516862,13328.945823236872,直连,,True
T015,巡航,O01>S007,13328.945823236872,13330.934651305122,直连,,True
T015,巡航,O01>S007,13330.934651305122,13332.923479373374,直连,,True
T015,巡航,O01>S007,13332.923479373374,13334.912307441624,直连,,True
T015,巡航,O01>S007,13334.912307441624,13336.901135509876,直连,,True
T015,巡航,O01>S007,13336.901135509876,13338.889963578127,直连,,True
T015,巡航,O01>S007,13338.889963578127,13340.878791646377,直连,,True
T015,巡航,O01>S007,13340.878791646377,13342.867619714629,直连,,True
T015,巡航,O01>S007,13342.867619714629,13344.856447782879,直连,,True
T015,巡航,O01>S007,13344.856447782879,13346.84527585113,直连,,True
T015,巡航,O01>S007,13346.84527585113,13348.834103919382,直连,,True
T015,巡航,O01>S007,13348.834103919382,13350.822931987632,直连,,True
T015,巡航,O01>S007,13350.822931987632,13352.811760055883,直连,,True
T015,巡航,O01>S007,13352.811760055883,13354.800588124133,直连,,True
T015,巡航,O01>S007,13354.800588124133,13356.789416192385,直连,,True
T015,巡航,O01>S007,13356.789416192385,13358.778244260637,直连,,True
T015,巡航,O01>S007,13358.778244260637,13360.767072328887,直连,,True
T015,巡航,O01>S007,13360.767072328887,13362.755900397138,直连,,True
T015,巡航,O01>S007,13362.755900397138,13364.744728465388,直连,,True
T015,巡航,O01>S007,13364.744728465388,13366.73355653364,直连,,True
T015,巡航,O01>S007,13366.73355653364,13368.722384601891,直连,,True
T015,巡航,O01>S007,13368.722384601891,13370.711212670141,直连,,True
T015,巡航,O01>S007,13370.711212670141,13372.700040738393,直连,,True
T015,巡航,O01>S007,13372.700040738393,13374.688868806643,直连,,True
T015,巡航,O01>S007,13374.688868806643,13376.677696874895,直连,,True
T015,巡航,O01>S007,13376.677696874895,13378.666524943146,直连,,True
T015,巡航,O01>S007,13378.666524943146,13380.655353011396,直连,,True
T015,巡航,O01>S007,13380.655353011396,13382.644181079648,直连,,True
T015,巡航,O01>S007,13382.644181079648,13384.633009147898,直连,,True
T015,巡航,O01>S007,13384.633009147898,13386.62183721615,直连,,True
T015,巡航,O01>S007,13386.62183721615,13388.6106652844,直连,,True
T015,巡航,O01>S007,13388.6106652844,13390.59949335265,直连,,True
T015,巡航,O01>S007,13390.59949335265,13392.588321420903,直连,,True
T015,巡航,O01>S007,13392.588321420903,13394.577149489152,直连,,True
T015,巡航,O01>S007,13394.577149489152,13396.565977557404,直连,,True
T015,巡航,O01>S007,13396.565977557404,13398.554805625654,直连,,True
T015,巡航,O01>S007,13398.554805625654,13400.543633693906,直连,,True
T015,巡航,O01>S007,13400.543633693906,13402.532461762157,直连,,True
T015,巡航,O01>S007,13402.532461762157,13404.521289830407,直连,,True
T015,巡航,O01>S007,13404.521289830407,13406.510117898659,直连,,True
T015,巡航,O01>S007,13406.510117898659,13408.498945966909,直连,,True
T015,巡航,O01>S007,13408.498945966909,13410.48777403516,直连,,True
T015,巡航,O01>S007,13410.48777403516,13412.476602103412,直连,,True
T015,巡航,O01>S007,13412.476602103412,13414.465430171662,直连,,True
T015,巡航,O01>S007,13414.465430171662,13416.454258239914,直连,,True
T015,巡航,O01>S007,13416.454258239914,13418.443086308163,直连,,True
T015,巡航,O01>S007,13418.443086308163,13420.431914376415,直连,,True
T015,巡航,O01>S007,13420.431914376415,13422.420742444667,直连,,True
T015,巡航,O01>S007,13422.420742444667,13424.409570512917,直连,,True
T015,巡航,O01>S007,13424.409570512917,13426.398398581168,直连,,True
T015,巡航,O01>S007,13426.398398581168,13428.387226649418,直连,,True
T015,巡航,O01>S007,13428.387226649418,13430.37605471767,直连,,True
T015,巡航,O01>S007,13430.37605471767,13432.36488278592,直连,,True
T015,巡航,O01>S007,13432.36488278592,13434.353710854171,直连,,True
T015,巡航,O01>S007,13434.353710854171,13436.342538922423,直连,,True
T015,巡航,O01>S007,13436.342538922423,13438.331366990673,直连,,True
T015,巡航,O01>S007,13438.331366990673,13440.320195058925,直连,,True
T015,巡航,O01>S007,13440.320195058925,13442.309023127174,直连,,True
T015,巡航,O01>S007,13442.309023127174,13444.297851195426,直连,,True
T015,巡航,O01>S007,13444.297851195426,13446.286679263678,直连,,True
T015,巡航,O01>S007,13446.286679263678,13448.275507331928,直连,,True
T015,巡航,O01>S007,13448.275507331928,13450.26433540018,直连,,True
T015,巡航,O01>S007,13450.26433540018,13452.25316346843,直连,,True
T015,巡航,O01>S007,13452.25316346843,13454.24199153668,直连,,True
T015,巡航,O01>S007,13454.24199153668,13456.230819604933,直连,,True
T015,巡航,O01>S007,13456.230819604933,13458.219647673182,直连,,True
T015,巡航,O01>S007,13458.219647673182,13460.208475741434,直连,,True
T015,巡航,O01>S007,13460.208475741434,13462.197303809684,直连,,True
T015,巡航,O01>S007,13462.197303809684,13464.186131877936,直连,,True
T015,巡航,O01>S007,13464.186131877936,13466.174959946187,直连,,True
T015,巡航,O01>S007,13466.174959946187,13468.163788014437,直连,,True
T015,巡航,O01>S007,13468.163788014437,13470.152616082689,直连,,True
T015,巡航,O01>S007,13470.152616082689,13472.141444150939,直连,,True
T015,巡航,O01>S007,13472.141444150939,13474.13027221919,直连,,True
T015,巡航,O01>S007,13474.13027221919,13476.11910028744,直连,,True
T015,巡航,O01>S007,13476.11910028744,13478.107928355692,直连,,True
T015,巡航,O01>S007,13478.107928355692,13480.096756423944,直连,,True
T015,巡航,O01>S007,13480.096756423944,13482.085584492193,直连,,True
T015,巡航,O01>S007,13482.085584492193,13484.074412560445,直连,,True
T015,巡航,O01>S007,13484.074412560445,13486.063240628695,直连,,True
T015,巡航,O01>S007,13486.063240628695,13488.052068696947,直连,,True
T015,巡航,O01>S007,13488.052068696947,13490.040896765198,直连,,True
T015,巡航,O01>S007,13490.040896765198,13492.029724833448,直连,,True
T015,巡航,O01>S007,13492.029724833448,13494.0185529017,直连,,True
T015,巡航,O01>S007,13494.0185529017,13496.00738096995,直连,,True
T015,巡航,O01>S007,13496.00738096995,13497.996209038201,直连,,True
T015,巡航,O01>S007,13497.996209038201,13499.985037106453,直连,,True
T015,巡航,O01>S007,13499.985037106453,13501.973865174703,直连,,True
T015,巡航,O01>S007,13501.973865174703,13503.962693242955,直连,,True
T015,巡航,O01>S007,13503.962693242955,13505.951521311204,直连,,True
T015,巡航,O01>S007,13505.951521311204,13507.940349379456,直连,,True
T015,巡航,O01>S007,13507.940349379456,13509.929177447708,直连,,True
T015,巡航,O01>S007,13509.929177447708,13511.918005515958,直连,,True
T015,巡航,O01>S007,13511.918005515958,13513.90683358421,直连,,True
T015,巡航,O01>S007,13513.90683358421,13515.89566165246,直连,,True
T015,巡航,O01>S007,13515.89566165246,13517.884489720711,直连,,True
T015,巡航,O01>S007,13517.884489720711,13519.873317788963,直连,,True
T015,巡航,O01>S007,13519.873317788963,13521.862145857212,直连,,True
T015,巡航,O01>S007,13521.862145857212,13523.850973925464,直连,,True
T015,巡航,O01>S007,13523.850973925464,13525.839801993714,直连,,True
T015,巡航,O01>S007,13525.839801993714,13527.828630061966,直连,,True
T015,巡航,O01>S007,13527.828630061966,13529.817458130216,直连,,True
T015,巡航,O01>S007,13529.817458130216,13531.806286198467,直连,,True
T015,巡航,O01>S007,13531.806286198467,13533.795114266719,直连,,True
T015,巡航,O01>S007,13533.795114266719,13535.783942334969,直连,,True
T015,巡航,O01>S007,13535.783942334969,13537.77277040322,直连,,True
T015,巡航,O01>S007,13537.77277040322,13539.76159847147,直连,,True
T015,巡航,O01>S007,13539.76159847147,13541.750426539722,直连,,True
T015,巡航,O01>S007,13541.750426539722,13543.739254607974,直连,,True
T015,巡航,O01>S007,13543.739254607974,13545.728082676223,直连,,True
T015,巡航,O01>S007,13545.728082676223,13547.716910744475,直连,,True
T015,巡航,O01>S007,13547.716910744475,13549.705738812725,直连,,True
T015,巡航,O01>S007,13549.705738812725,13551.694566880977,直连,,True
T015,巡航,O01>S007,13551.694566880977,13553.683394949228,直连,,True
T015,巡航,O01>S007,13553.683394949228,13555.672223017478,直连,,True
T015,巡航,O01>S007,13555.672223017478,13557.66105108573,直连,,True
T015,巡航,O01>S007,13557.66105108573,13559.64987915398,直连,,True
T015,巡航,O01>S007,13559.64987915398,13561.638707222231,直连,,True
T015,巡航,O01>S007,13561.638707222231,13563.627535290483,直连,,True
T015,巡航,O01>S007,13563.627535290483,13565.616363358733,直连,,True
T015,巡航,O01>S007,13565.616363358733,13567.605191426985,中继兜底,R-S02,True
T015,巡航,O01>S007,13567.605191426985,13569.594019495235,中继兜底,R-S02,True
T015,巡航,O01>S007,13569.594019495235,13571.582847563486,中继兜底,R-S02,True
T015,巡航,O01>S007,13571.582847563486,13573.571675631738,中继兜底,R-S02,True
T015,巡航,O01>S007,13573.571675631738,13575.560503699988,中继兜底,R-S02,True
T015,巡航,O01>S007,13575.560503699988,13577.54933176824,中继兜底,R-S02,True
T015,巡航,O01>S007,13577.54933176824,13579.53815983649,中继兜底,R-S02,True
T015,巡航,O01>S007,13579.53815983649,13581.526987904741,中继兜底,R-S02,True
T015,巡航,O01>S007,13581.526987904741,13583.51581597299,中继兜底,R-S02,True
T015,巡航,O01>S007,13583.51581597299,13585.504644041242,中继兜底,R-S02,True
T015,巡航,O01>S007,13585.504644041242,13587.493472109494,中继兜底,R-S02,True
T015,巡航,O01>S007,13587.493472109494,13589.482300177744,中继兜底,R-S02,True
T015,巡航,O01>S007,13589.482300177744,13591.471128245996,中继兜底,R-S02,True
T015,巡航,O01>S007,13591.471128245996,13593.459956314246,中继兜底,R-S02,True
T015,巡航,O01>S007,13593.459956314246,13595.448784382497,中继兜底,R-S02,True
T015,巡航,O01>S007,13595.448784382497,13597.437612450749,中继兜底,R-S02,True
T015,巡航,O01>S007,13597.437612450749,13599.426440518999,中继兜底,R-S02,True
T015,巡航,O01>S007,13599.426440518999,13601.41526858725,中继兜底,R-S02,True
T015,巡航,O01>S007,13601.41526858725,13603.4040966555,中继兜底,R-S02,True
T015,巡航,O01>S007,13603.4040966555,13605.392924723752,中继兜底,R-S02,True
T015,下降,O01>S007,13605.392924723752,13616.291136393675,中继兜底,R-S02,True
T015,下降,O01>S007,13616.291136393675,13627.189348063595,中继兜底,R-S02,True
T015,下降,O01>S007,13627.189348063595,13638.087559733518,中继兜底,R-S02,True
T015,下降,O01>S007,13638.087559733518,13648.98577140344,中继兜底,R-S02,True
T015,下降,O01>S007,13648.98577140344,13659.883983073361,中继兜底,R-S02,True
T015,下降,O01>S007,13659.883983073361,13670.782194743284,中继兜底,R-S02,True
T015,投送,S007,13670.782194743284,13880.782194743284,中继兜底,R-S02,True
T015,爬升,S007>O01,13880.782194743284,13889.864037801552,中继兜底,R-S02,True
T015,爬升,S007>O01,13889.864037801552,13898.945880859821,中继兜底,R-S02,True
T015,爬升,S007>O01,13898.945880859821,13908.027723918089,中继兜底,R-S02,True
T015,爬升,S007>O01,13908.027723918089,13917.109566976356,中继兜底,R-S02,True
T015,爬升,S007>O01,13917.109566976356,13926.191410034626,中继兜底,R-S02,True
T015,爬升,S007>O01,13926.191410034626,13935.273253092893,中继兜底,R-S02,True
T015,巡航,S007>O01,13935.273253092893,13937.262081161145,中继兜底,R-S02,True
T015,巡航,S007>O01,13937.262081161145,13939.250909229395,中继兜底,R-S02,True
T015,巡航,S007>O01,13939.250909229395,13941.239737297647,中继兜底,R-S02,True
T015,巡航,S007>O01,13941.239737297647,13943.228565365896,中继兜底,R-S02,True
T015,巡航,S007>O01,13943.228565365896,13945.217393434148,中继兜底,R-S02,True
T015,巡航,S007>O01,13945.217393434148,13947.2062215024,中继兜底,R-S02,True
T015,巡航,S007>O01,13947.2062215024,13949.19504957065,中继兜底,R-S02,True
T015,巡航,S007>O01,13949.19504957065,13951.183877638901,中继兜底,R-S02,True
T015,巡航,S007>O01,13951.183877638901,13953.172705707151,中继兜底,R-S02,True
T015,巡航,S007>O01,13953.172705707151,13955.161533775403,中继兜底,R-S02,True
T015,巡航,S007>O01,13955.161533775403,13957.150361843655,中继兜底,R-S02,True
T015,巡航,S007>O01,13957.150361843655,13959.139189911904,中继兜底,R-S02,True
T015,巡航,S007>O01,13959.139189911904,13961.128017980156,中继兜底,R-S02,True
T015,巡航,S007>O01,13961.128017980156,13963.116846048406,中继兜底,R-S02,True
T015,巡航,S007>O01,13963.116846048406,13965.105674116658,中继兜底,R-S02,True
T015,巡航,S007>O01,13965.105674116658,13967.094502184907,中继兜底,R-S02,True
T015,巡航,S007>O01,13967.094502184907,13969.08333025316,中继兜底,R-S02,True
T015,巡航,S007>O01,13969.08333025316,13971.07215832141,中继兜底,R-S02,True
T015,巡航,S007>O01,13971.07215832141,13973.06098638966,中继兜底,R-S02,True
T015,巡航,S007>O01,13973.06098638966,13975.049814457912,中继兜底,R-S02,True
T015,巡航,S007>O01,13975.049814457912,13977.038642526162,直连,,True
T015,巡航,S007>O01,13977.038642526162,13979.027470594414,直连,,True
T015,巡航,S007>O01,13979.027470594414,13981.016298662666,直连,,True
T015,巡航,S007>O01,13981.016298662666,13983.005126730915,直连,,True
T015,巡航,S007>O01,13983.005126730915,13984.993954799167,直连,,True
T015,巡航,S007>O01,13984.993954799167,13986.982782867417,直连,,True
T015,巡航,S007>O01,13986.982782867417,13988.971610935669,直连,,True
T015,巡航,S007>O01,13988.971610935669,13990.96043900392,直连,,True
T015,巡航,S007>O01,13990.96043900392,13992.94926707217,直连,,True
T015,巡航,S007>O01,13992.94926707217,13994.938095140422,直连,,True
T015,巡航,S007>O01,13994.938095140422,13996.926923208672,直连,,True
T015,巡航,S007>O01,13996.926923208672,13998.915751276923,直连,,True
T015,巡航,S007>O01,13998.915751276923,14000.904579345175,直连,,True
T015,巡航,S007>O01,14000.904579345175,14002.893407413425,直连,,True
T015,巡航,S007>O01,14002.893407413425,14004.882235481677,直连,,True
T015,巡航,S007>O01,14004.882235481677,14006.871063549926,直连,,True
T015,巡航,S007>O01,14006.871063549926,14008.859891618178,直连,,True
T015,巡航,S007>O01,14008.859891618178,14010.84871968643,直连,,True
T015,巡航,S007>O01,14010.84871968643,14012.83754775468,直连,,True
T015,巡航,S007>O01,14012.83754775468,14014.826375822931,直连,,True
T015,巡航,S007>O01,14014.826375822931,14016.815203891181,直连,,True
T015,巡航,S007>O01,14016.815203891181,14018.804031959433,直连,,True
T015,巡航,S007>O01,14018.804031959433,14020.792860027683,直连,,True
T015,巡航,S007>O01,14020.792860027683,14022.781688095934,直连,,True
T015,巡航,S007>O01,14022.781688095934,14024.770516164186,直连,,True
T015,巡航,S007>O01,14024.770516164186,14026.759344232436,直连,,True
T015,巡航,S007>O01,14026.759344232436,14028.748172300688,直连,,True
T015,巡航,S007>O01,14028.748172300688,14030.737000368938,直连,,True
T015,巡航,S007>O01,14030.737000368938,14032.72582843719,直连,,True
T015,巡航,S007>O01,14032.72582843719,14034.71465650544,直连,,True
T015,巡航,S007>O01,14034.71465650544,14036.70348457369,直连,,True
T015,巡航,S007>O01,14036.70348457369,14038.692312641942,直连,,True
T015,巡航,S007>O01,14038.692312641942,14040.681140710192,直连,,True
T015,巡航,S007>O01,14040.681140710192,14042.669968778444,直连,,True
T015,巡航,S007>O01,14042.669968778444,14044.658796846696,直连,,True
T015,巡航,S007>O01,14044.658796846696,14046.647624914945,直连,,True
T015,巡航,S007>O01,14046.647624914945,14048.636452983197,直连,,True
T015,巡航,S007>O01,14048.636452983197,14050.625281051447,直连,,True
T015,巡航,S007>O01,14050.625281051447,14052.614109119699,直连,,True
T015,巡航,S007>O01,14052.614109119699,14054.60293718795,直连,,True
T015,巡航,S007>O01,14054.60293718795,14056.5917652562,直连,,True
T015,巡航,S007>O01,14056.5917652562,14058.580593324452,直连,,True
T015,巡航,S007>O01,14058.580593324452,14060.569421392702,直连,,True
T015,巡航,S007>O01,14060.569421392702,14062.558249460953,直连,,True
T015,巡航,S007>O01,14062.558249460953,14064.547077529203,直连,,True
T015,巡航,S007>O01,14064.547077529203,14066.535905597455,直连,,True
T015,巡航,S007>O01,14066.535905597455,14068.524733665707,直连,,True
T015,巡航,S007>O01,14068.524733665707,14070.513561733957,直连,,True
T015,巡航,S007>O01,14070.513561733957,14072.502389802208,直连,,True
T015,巡航,S007>O01,14072.502389802208,14074.491217870458,直连,,True
T015,巡航,S007>O01,14074.491217870458,14076.48004593871,直连,,True
T015,巡航,S007>O01,14076.48004593871,14078.468874006961,直连,,True
T015,巡航,S007>O01,14078.468874006961,14080.457702075211,直连,,True
T015,巡航,S007>O01,14080.457702075211,14082.446530143463,直连,,True
T015,巡航,S007>O01,14082.446530143463,14084.435358211713,直连,,True
T015,巡航,S007>O01,14084.435358211713,14086.424186279964,直连,,True
T015,巡航,S007>O01,14086.424186279964,14088.413014348216,直连,,True
T015,巡航,S007>O01,14088.413014348216,14090.401842416466,直连,,True
T015,巡航,S007>O01,14090.401842416466,14092.390670484718,直连,,True
T015,巡航,S007>O01,14092.390670484718,14094.379498552968,直连,,True
T015,巡航,S007>O01,14094.379498552968,14096.36832662122,直连,,True
T015,巡航,S007>O01,14096.36832662122,14098.357154689471,直连,,True
T015,巡航,S007>O01,14098.357154689471,14100.34598275772,直连,,True
T015,巡航,S007>O01,14100.34598275772,14102.334810825972,直连,,True
T015,巡航,S007>O01,14102.334810825972,14104.323638894222,直连,,True
T015,巡航,S007>O01,14104.323638894222,14106.312466962474,直连,,True
T015,巡航,S007>O01,14106.312466962474,14108.301295030724,直连,,True
T015,巡航,S007>O01,14108.301295030724,14110.290123098976,直连,,True
T015,巡航,S007>O01,14110.290123098976,14112.278951167227,直连,,True
T015,巡航,S007>O01,14112.278951167227,14114.267779235477,直连,,True
T015,巡航,S007>O01,14114.267779235477,14116.256607303729,直连,,True
T015,巡航,S007>O01,14116.256607303729,14118.245435371979,直连,,True
T015,巡航,S007>O01,14118.245435371979,14120.23426344023,直连,,True
T015,巡航,S007>O01,14120.23426344023,14122.223091508482,直连,,True
T015,巡航,S007>O01,14122.223091508482,14124.211919576732,直连,,True
T015,巡航,S007>O01,14124.211919576732,14126.200747644983,直连,,True
T015,巡航,S007>O01,14126.200747644983,14128.189575713233,直连,,True
T015,巡航,S007>O01,14128.189575713233,14130.178403781485,直连,,True
T015,巡航,S007>O01,14130.178403781485,14132.167231849737,直连,,True
T015,巡航,S007>O01,14132.167231849737,14134.156059917987,直连,,True
T015,巡航,S007>O01,14134.156059917987,14136.144887986238,直连,,True
T015,巡航,S007>O01,14136.144887986238,14138.133716054488,直连,,True
T015,巡航,S007>O01,14138.133716054488,14140.12254412274,直连,,True
T015,巡航,S007>O01,14140.12254412274,14142.111372190991,直连,,True
T015,巡航,S007>O01,14142.111372190991,14144.100200259241,直连,,True
T015,巡航,S007>O01,14144.100200259241,14146.089028327493,直连,,True
T015,巡航,S007>O01,14146.089028327493,14148.077856395743,直连,,True
T015,巡航,S007>O01,14148.077856395743,14150.066684463995,直连,,True
T015,巡航,S007>O01,14150.066684463995,14152.055512532246,直连,,True
T015,巡航,S007>O01,14152.055512532246,14154.044340600496,直连,,True
T015,巡航,S007>O01,14154.044340600496,14156.033168668748,直连,,True
T015,巡航,S007>O01,14156.033168668748,14158.021996736998,直连,,True
T015,巡航,S007>O01,14158.021996736998,14160.01082480525,直连,,True
T015,巡航,S007>O01,14160.01082480525,14161.9996528735,直连,,True
T015,巡航,S007>O01,14161.9996528735,14163.98848094175,直连,,True
T015,巡航,S007>O01,14163.98848094175,14165.977309010003,直连,,True
T015,巡航,S007>O01,14165.977309010003,14167.966137078252,直连,,True
T015,巡航,S007>O01,14167.966137078252,14169.954965146504,直连,,True
T015,巡航,S007>O01,14169.954965146504,14171.943793214754,直连,,True
T015,巡航,S007>O01,14171.943793214754,14173.932621283006,直连,,True
T015,巡航,S007>O01,14173.932621283006,14175.921449351257,直连,,True
T015,巡航,S007>O01,14175.921449351257,14177.910277419507,直连,,True
T015,巡航,S007>O01,14177.910277419507,14179.899105487759,直连,,True
T015,巡航,S007>O01,14179.899105487759,14181.887933556009,直连,,True
T015,巡航,S007>O01,14181.887933556009,14183.87676162426,直连,,True
T015,巡航,S007>O01,14183.87676162426,14185.865589692512,直连,,True
T015,巡航,S007>O01,14185.865589692512,14187.854417760762,直连,,True
T015,巡航,S007>O01,14187.854417760762,14189.843245829014,直连,,True
T015,巡航,S007>O01,14189.843245829014,14191.832073897263,直连,,True
T015,巡航,S007>O01,14191.832073897263,14193.820901965515,直连,,True
T015,巡航,S007>O01,14193.820901965515,14195.809730033767,直连,,True
T015,巡航,S007>O01,14195.809730033767,14197.798558102017,直连,,True
T015,巡航,S007>O01,14197.798558102017,14199.787386170268,直连,,True
T015,巡航,S007>O01,14199.787386170268,14201.776214238518,直连,,True
T015,巡航,S007>O01,14201.776214238518,14203.76504230677,直连,,True
T015,巡航,S007>O01,14203.76504230677,14205.753870375022,直连,,True
T015,巡航,S007>O01,14205.753870375022,14207.742698443271,直连,,True
T015,巡航,S007>O01,14207.742698443271,14209.731526511523,直连,,True
T015,巡航,S007>O01,14209.731526511523,14211.720354579773,直连,,True
T015,巡航,S007>O01,14211.720354579773,14213.709182648025,直连,,True
T015,巡航,S007>O01,14213.709182648025,14215.698010716274,直连,,True
T015,巡航,S007>O01,14215.698010716274,14217.686838784526,直连,,True
T015,巡航,S007>O01,14217.686838784526,14219.675666852778,直连,,True
T015,巡航,S007>O01,14219.675666852778,14221.664494921028,直连,,True
T015,巡航,S007>O01,14221.664494921028,14223.65332298928,直连,,True
T015,巡航,S007>O01,14223.65332298928,14225.64215105753,直连,,True
T015,巡航,S007>O01,14225.64215105753,14227.63097912578,直连,,True
T015,巡航,S007>O01,14227.63097912578,14229.619807194033,直连,,True
T015,巡航,S007>O01,14229.619807194033,14231.608635262282,直连,,True
T015,巡航,S007>O01,14231.608635262282,14233.597463330534,直连,,True
T015,巡航,S007>O01,14233.597463330534,14235.586291398784,直连,,True
T015,巡航,S007>O01,14235.586291398784,14237.575119467036,直连,,True
T015,下降,S007>O01,14237.575119467036,14249.398909468538,直连,,True
T015,下降,S007>O01,14249.398909468538,14261.222699470041,直连,,True
T015,下降,S007>O01,14261.222699470041,14273.046489471542,直连,,True
T015,下降,S007>O01,14273.046489471542,14284.870279473045,直连,,True
T015,下降,S007>O01,14284.870279473045,14296.694069474548,直连,,True
T015,下降,S007>O01,14296.694069474548,14308.517859476051,直连,,True
T015,下降,S007>O01,14308.517859476051,14320.341649477552,直连,,True
T015,下降,S007>O01,14320.341649477552,14332.165439479055,直连,,True
T015,下降,S007>O01,14332.165439479055,14343.989229480558,直连,,True
T015,下降,S007>O01,14343.989229480558,14355.81301948206,直连,,True
T015,下降,S007>O01,14355.81301948206,14367.636809483562,直连,,True
T015,下降,S007>O01,14367.636809483562,14379.460599485064,直连,,True
T015,下降,S007>O01,14379.460599485064,14391.284389486567,直连,,True
T016,爬升,O01>S007,1946.0,1955.8531583345853,直连,,True
T016,爬升,O01>S007,1955.8531583345853,1965.7063166691707,直连,,True
T016,爬升,O01>S007,1965.7063166691707,1975.559475003756,直连,,True
T016,爬升,O01>S007,1975.559475003756,1985.4126333383413,直连,,True
T016,爬升,O01>S007,1985.4126333383413,1995.2657916729268,直连,,True
T016,爬升,O01>S007,1995.2657916729268,2005.118950007512,直连,,True
T016,爬升,O01>S007,2005.118950007512,2014.9721083420973,直连,,True
T016,爬升,O01>S007,2014.9721083420973,2024.8252666766825,直连,,True
T016,爬升,O01>S007,2024.8252666766825,2034.678425011268,直连,,True
T016,爬升,O01>S007,2034.678425011268,2044.5315833458533,直连,,True
T016,爬升,O01>S007,2044.5315833458533,2054.3847416804388,直连,,True
T016,爬升,O01>S007,2054.3847416804388,2064.237900015024,直连,,True
T016,爬升,O01>S007,2064.237900015024,2074.0910583496093,直连,,True
T016,巡航,O01>S007,2074.0910583496093,2076.07988641786,直连,,True
T016,巡航,O01>S007,2076.07988641786,2078.0687144861113,直连,,True
T016,巡航,O01>S007,2078.0687144861113,2080.057542554362,直连,,True
T016,巡航,O01>S007,2080.057542554362,2082.046370622613,直连,,True
T016,巡航,O01>S007,2082.046370622613,2084.035198690864,直连,,True
T016,巡航,O01>S007,2084.035198690864,2086.024026759115,直连,,True
T016,巡航,O01>S007,2086.024026759115,2088.012854827366,直连,,True
T016,巡航,O01>S007,2088.012854827366,2090.001682895617,直连,,True
T016,巡航,O01>S007,2090.001682895617,2091.9905109638676,直连,,True
T016,巡航,O01>S007,2091.9905109638676,2093.979339032119,直连,,True
T016,巡航,O01>S007,2093.979339032119,2095.9681671003696,直连,,True
T016,巡航,O01>S007,2095.9681671003696,2097.956995168621,直连,,True
T016,巡航,O01>S007,2097.956995168621,2099.9458232368715,直连,,True
T016,巡航,O01>S007,2099.9458232368715,2101.9346513051223,直连,,True
T016,巡航,O01>S007,2101.9346513051223,2103.9234793733735,直连,,True
T016,巡航,O01>S007,2103.9234793733735,2105.9123074416243,直连,,True
T016,巡航,O01>S007,2105.9123074416243,2107.901135509875,直连,,True
T016,巡航,O01>S007,2107.901135509875,2109.8899635781263,直连,,True
T016,巡航,O01>S007,2109.8899635781263,2111.878791646377,直连,,True
T016,巡航,O01>S007,2111.878791646377,2113.867619714628,直连,,True
T016,巡航,O01>S007,2113.867619714628,2115.856447782879,直连,,True
T016,巡航,O01>S007,2115.856447782879,2117.84527585113,直连,,True
T016,巡航,O01>S007,2117.84527585113,2119.834103919381,直连,,True
T016,巡航,O01>S007,2119.834103919381,2121.822931987632,直连,,True
T016,巡航,O01>S007,2121.822931987632,2123.8117600558826,直连,,True
T016,巡航,O01>S007,2123.8117600558826,2125.800588124134,直连,,True
T016,巡航,O01>S007,2125.800588124134,2127.7894161923846,直连,,True
T016,巡航,O01>S007,2127.7894161923846,2129.778244260636,直连,,True
T016,巡航,O01>S007,2129.778244260636,2131.7670723288866,直连,,True
T016,巡航,O01>S007,2131.7670723288866,2133.7559003971373,直连,,True
T016,巡航,O01>S007,2133.7559003971373,2135.7447284653886,直连,,True
T016,巡航,O01>S007,2135.7447284653886,2137.7335565336393,直连,,True
T016,巡航,O01>S007,2137.7335565336393,2139.72238460189,直连,,True
T016,巡航,O01>S007,2139.72238460189,2141.7112126701413,直连,,True
T016,巡航,O01>S007,2141.7112126701413,2143.700040738392,直连,,True
T016,巡航,O01>S007,2143.700040738392,2145.688868806643,直连,,True
T016,巡航,O01>S007,2145.688868806643,2147.677696874894,直连,,True
T016,巡航,O01>S007,2147.677696874894,2149.666524943145,直连,,True
T016,巡航,O01>S007,2149.666524943145,2151.655353011396,直连,,True
T016,巡航,O01>S007,2151.655353011396,2153.644181079647,直连,,True
T016,巡航,O01>S007,2153.644181079647,2155.6330091478976,直连,,True
T016,巡航,O01>S007,2155.6330091478976,2157.621837216149,直连,,True
T016,巡航,O01>S007,2157.621837216149,2159.6106652843996,直连,,True
T016,巡航,O01>S007,2159.6106652843996,2161.599493352651,直连,,True
T016,巡航,O01>S007,2161.599493352651,2163.5883214209016,直连,,True
T016,巡航,O01>S007,2163.5883214209016,2165.5771494891524,直连,,True
T016,巡航,O01>S007,2165.5771494891524,2167.5659775574036,直连,,True
T016,巡航,O01>S007,2167.5659775574036,2169.5548056256544,直连,,True
T016,巡航,O01>S007,2169.5548056256544,2171.543633693905,直连,,True
T016,巡航,O01>S007,2171.543633693905,2173.5324617621563,直连,,True
T016,巡航,O01>S007,2173.5324617621563,2175.521289830407,直连,,True
T016,巡航,O01>S007,2175.521289830407,2177.510117898658,直连,,True
T016,巡航,O01>S007,2177.510117898658,2179.498945966909,直连,,True
T016,巡航,O01>S007,2179.498945966909,2181.48777403516,直连,,True
T016,巡航,O01>S007,2181.48777403516,2183.476602103411,直连,,True
T016,巡航,O01>S007,2183.476602103411,2185.465430171662,直连,,True
T016,巡航,O01>S007,2185.465430171662,2187.4542582399126,直连,,True
T016,巡航,O01>S007,2187.4542582399126,2189.443086308164,直连,,True
T016,巡航,O01>S007,2189.443086308164,2191.4319143764146,直连,,True
T016,巡航,O01>S007,2191.4319143764146,2193.420742444666,直连,,True
T016,巡航,O01>S007,2193.420742444666,2195.4095705129166,直连,,True
T016,巡航,O01>S007,2195.4095705129166,2197.3983985811674,直连,,True
T016,巡航,O01>S007,2197.3983985811674,2199.3872266494186,直连,,True
T016,巡航,O01>S007,2199.3872266494186,2201.3760547176694,直连,,True
T016,巡航,O01>S007,2201.3760547176694,2203.36488278592,直连,,True
T016,巡航,O01>S007,2203.36488278592,2205.3537108541714,直连,,True
T016,巡航,O01>S007,2205.3537108541714,2207.342538922422,直连,,True
T016,巡航,O01>S007,2207.342538922422,2209.331366990673,直连,,True
T016,巡航,O01>S007,2209.331366990673,2211.320195058924,直连,,True
T016,巡航,O01>S007,2211.320195058924,2213.309023127175,直连,,True
T016,巡航,O01>S007,2213.309023127175,2215.297851195426,直连,,True
T016,巡航,O01>S007,2215.297851195426,2217.286679263677,直连,,True
T016,巡航,O01>S007,2217.286679263677,2219.2755073319277,直连,,True
T016,巡航,O01>S007,2219.2755073319277,2221.264335400179,直连,,True
T016,巡航,O01>S007,2221.264335400179,2223.2531634684296,直连,,True
T016,巡航,O01>S007,2223.2531634684296,2225.241991536681,直连,,True
T016,巡航,O01>S007,2225.241991536681,2227.2308196049316,直连,,True
T016,巡航,O01>S007,2227.2308196049316,2229.2196476731824,直连,,True
T016,巡航,O01>S007,2229.2196476731824,2231.2084757414336,直连,,True
T016,巡航,O01>S007,2231.2084757414336,2233.1973038096844,直连,,True
T016,巡航,O01>S007,2233.1973038096844,2235.186131877935,直连,,True
T016,巡航,O01>S007,2235.186131877935,2237.1749599461864,直连,,True
T016,巡航,O01>S007,2237.1749599461864,2239.163788014437,直连,,True
T016,巡航,O01>S007,2239.163788014437,2241.1526160826884,直连,,True
T016,巡航,O01>S007,2241.1526160826884,2243.141444150939,直连,,True
T016,巡航,O01>S007,2243.141444150939,2245.13027221919,直连,,True
T016,巡航,O01>S007,2245.13027221919,2247.119100287441,直连,,True
T016,巡航,O01>S007,2247.119100287441,2249.107928355692,直连,,True
T016,巡航,O01>S007,2249.107928355692,2251.0967564239427,直连,,True
T016,巡航,O01>S007,2251.0967564239427,2253.085584492194,直连,,True
T016,巡航,O01>S007,2253.085584492194,2255.0744125604447,直连,,True
T016,巡航,O01>S007,2255.0744125604447,2257.063240628696,直连,,True
T016,巡航,O01>S007,2257.063240628696,2259.0520686969467,直连,,True
T016,巡航,O01>S007,2259.0520686969467,2261.0408967651974,直连,,True
T016,巡航,O01>S007,2261.0408967651974,2263.0297248334487,直连,,True
T016,巡航,O01>S007,2263.0297248334487,2265.0185529016994,直连,,True
T016,巡航,O01>S007,2265.0185529016994,2267.00738096995,直连,,True
T016,巡航,O01>S007,2267.00738096995,2268.9962090382014,直连,,True
T016,巡航,O01>S007,2268.9962090382014,2270.985037106452,直连,,True
T016,巡航,O01>S007,2270.985037106452,2272.973865174703,直连,,True
T016,巡航,O01>S007,2272.973865174703,2274.962693242954,直连,,True
T016,巡航,O01>S007,2274.962693242954,2276.951521311205,直连,,True
T016,巡航,O01>S007,2276.951521311205,2278.940349379456,直连,,True
T016,巡航,O01>S007,2278.940349379456,2280.929177447707,直连,,True
T016,巡航,O01>S007,2280.929177447707,2282.9180055159577,直连,,True
T016,巡航,O01>S007,2282.9180055159577,2284.906833584209,直连,,True
T016,巡航,O01>S007,2284.906833584209,2286.8956616524597,直连,,True
T016,巡航,O01>S007,2286.8956616524597,2288.884489720711,直连,,True
T016,巡航,O01>S007,2288.884489720711,2290.8733177889617,直连,,True
T016,巡航,O01>S007,2290.8733177889617,2292.8621458572125,直连,,True
T016,巡航,O01>S007,2292.8621458572125,2294.8509739254637,直连,,True
T016,巡航,O01>S007,2294.8509739254637,2296.8398019937144,直连,,True
T016,巡航,O01>S007,2296.8398019937144,2298.828630061965,直连,,True
T016,巡航,O01>S007,2298.828630061965,2300.8174581302164,直连,,True
T016,巡航,O01>S007,2300.8174581302164,2302.806286198467,直连,,True
T016,巡航,O01>S007,2302.806286198467,2304.795114266718,直连,,True
T016,巡航,O01>S007,2304.795114266718,2306.783942334969,直连,,True
T016,巡航,O01>S007,2306.783942334969,2308.77277040322,直连,,True
T016,巡航,O01>S007,2308.77277040322,2310.761598471471,直连,,True
T016,巡航,O01>S007,2310.761598471471,2312.750426539722,直连,,True
T016,巡航,O01>S007,2312.750426539722,2314.7392546079727,直连,,True
T016,巡航,O01>S007,2314.7392546079727,2316.728082676224,直连,,True
T016,巡航,O01>S007,2316.728082676224,2318.7169107444747,直连,,True
T016,巡航,O01>S007,2318.7169107444747,2320.705738812726,直连,,True
T016,巡航,O01>S007,2320.705738812726,2322.6945668809767,直连,,True
T016,巡航,O01>S007,2322.6945668809767,2324.6833949492275,直连,,True
T016,巡航,O01>S007,2324.6833949492275,2326.6722230174787,直连,,True
T016,巡航,O01>S007,2326.6722230174787,2328.6610510857295,直连,,True
T016,巡航,O01>S007,2328.6610510857295,2330.6498791539802,直连,,True
T016,巡航,O01>S007,2330.6498791539802,2332.6387072222315,直连,,True
T016,巡航,O01>S007,2332.6387072222315,2334.6275352904822,直连,,True
T016,巡航,O01>S007,2334.6275352904822,2336.616363358733,直连,,True
T016,巡航,O01>S007,2336.616363358733,2338.605191426984,中继兜底,R-S03,True
T016,巡航,O01>S007,2338.605191426984,2340.594019495235,中继兜底,R-S03,True
T016,巡航,O01>S007,2340.594019495235,2342.582847563486,中继兜底,R-S03,True
T016,巡航,O01>S007,2342.582847563486,2344.571675631737,中继兜底,R-S03,True
T016,巡航,O01>S007,2344.571675631737,2346.5605036999877,中继兜底,R-S03,True
T016,巡航,O01>S007,2346.5605036999877,2348.549331768239,中继兜底,R-S03,True
T016,巡航,O01>S007,2348.549331768239,2350.5381598364897,中继兜底,R-S03,True
T016,巡航,O01>S007,2350.5381598364897,2352.526987904741,中继兜底,R-S03,True
T016,巡航,O01>S007,2352.526987904741,2354.5158159729917,中继兜底,R-S03,True
T016,巡航,O01>S007,2354.5158159729917,2356.5046440412425,中继兜底,R-S03,True
T016,巡航,O01>S007,2356.5046440412425,2358.4934721094937,中继兜底,R-S03,True
T016,巡航,O01>S007,2358.4934721094937,2360.4823001777445,中继兜底,R-S03,True
T016,巡航,O01>S007,2360.4823001777445,2362.4711282459953,中继兜底,R-S03,True
T016,巡航,O01>S007,2362.4711282459953,2364.4599563142465,中继兜底,R-S03,True
T016,巡航,O01>S007,2364.4599563142465,2366.4487843824973,中继兜底,R-S03,True
T016,巡航,O01>S007,2366.4487843824973,2368.437612450748,中继兜底,R-S03,True
T016,巡航,O01>S007,2368.437612450748,2370.4264405189992,中继兜底,R-S03,True
T016,巡航,O01>S007,2370.4264405189992,2372.41526858725,中继兜底,R-S03,True
T016,巡航,O01>S007,2372.41526858725,2374.4040966555012,中继兜底,R-S03,True
T016,巡航,O01>S007,2374.4040966555012,2376.392924723752,中继兜底,R-S03,True
T016,下降,O01>S007,2376.392924723752,2387.2911363936737,中继兜底,R-S03,True
T016,下降,O01>S007,2387.2911363936737,2398.189348063596,中继兜底,R-S03,True
T016,下降,O01>S007,2398.189348063596,2409.0875597335175,中继兜底,R-S03,True
T016,下降,O01>S007,2409.0875597335175,2419.9857714034392,中继兜底,R-S03,True
T016,下降,O01>S007,2419.9857714034392,2430.8839830733614,中继兜底,R-S03,True
T016,下降,O01>S007,2430.8839830733614,2441.782194743283,中继兜底,R-S03,True
T016,投送,S007,2441.782194743283,2681.782194743283,中继兜底,R-S03,True
T016,爬升,S007>O01,2681.782194743283,2690.864037801551,中继兜底,R-S03,True
T016,爬升,S007>O01,2690.864037801551,2699.9458808598197,中继兜底,R-S03,True
T016,爬升,S007>O01,2699.9458808598197,2709.0277239180878,中继兜底,R-S03,True
T016,爬升,S007>O01,2709.0277239180878,2718.109566976356,中继兜底,R-S03,True
T016,爬升,S007>O01,2718.109566976356,2727.1914100346244,中继兜底,R-S03,True
T016,爬升,S007>O01,2727.1914100346244,2736.2732530928924,中继兜底,R-S03,True
T016,巡航,S007>O01,2736.2732530928924,2738.262081161143,中继兜底,R-S03,True
T016,巡航,S007>O01,2738.262081161143,2740.2509092293944,中继兜底,R-S03,True
T016,巡航,S007>O01,2740.2509092293944,2742.239737297645,中继兜底,R-S03,True
T016,巡航,S007>O01,2742.239737297645,2744.2285653658964,中继兜底,R-S03,True
T016,巡航,S007>O01,2744.2285653658964,2746.217393434147,中继兜底,R-S03,True
T016,巡航,S007>O01,2746.217393434147,2748.206221502398,中继兜底,R-S03,True
T016,巡航,S007>O01,2748.206221502398,2750.195049570649,中继兜底,R-S03,True
T016,巡航,S007>O01,2750.195049570649,2752.1838776389,中继兜底,R-S03,True
T016,巡航,S007>O01,2752.1838776389,2754.1727057071507,中继兜底,R-S03,True
T016,巡航,S007>O01,2754.1727057071507,2756.161533775402,中继兜底,R-S03,True
T016,巡航,S007>O01,2756.161533775402,2758.1503618436527,中继兜底,R-S03,True
T016,巡航,S007>O01,2758.1503618436527,2760.1391899119035,中继兜底,R-S03,True
T016,巡航,S007>O01,2760.1391899119035,2762.1280179801547,中继兜底,R-S03,True
T016,巡航,S007>O01,2762.1280179801547,2764.1168460484055,中继兜底,R-S03,True
T016,巡航,S007>O01,2764.1168460484055,2766.1056741166567,中继兜底,R-S03,True
T016,巡航,S007>O01,2766.1056741166567,2768.0945021849075,中继兜底,R-S03,True
T016,巡航,S007>O01,2768.0945021849075,2770.0833302531582,中继兜底,R-S03,True
T016,巡航,S007>O01,2770.0833302531582,2772.0721583214095,中继兜底,R-S03,True
T016,巡航,S007>O01,2772.0721583214095,2774.0609863896602,中继兜底,R-S03,True
T016,巡航,S007>O01,2774.0609863896602,2776.0498144579115,中继兜底,R-S03,True
T016,巡航,S007>O01,2776.0498144579115,2778.038642526162,直连,,True
T016,巡航,S007>O01,2778.038642526162,2780.027470594413,直连,,True
T016,巡航,S007>O01,2780.027470594413,2782.016298662664,直连,,True
T016,巡航,S007>O01,2782.016298662664,2784.005126730915,直连,,True
T016,巡航,S007>O01,2784.005126730915,2785.9939547991657,直连,,True
T016,巡航,S007>O01,2785.9939547991657,2787.982782867417,直连,,True
T016,巡航,S007>O01,2787.982782867417,2789.9716109356677,直连,,True
T016,巡航,S007>O01,2789.9716109356677,2791.9604390039185,直连,,True
T016,巡航,S007>O01,2791.9604390039185,2793.9492670721697,直连,,True
T016,巡航,S007>O01,2793.9492670721697,2795.9380951404205,直连,,True
T016,巡航,S007>O01,2795.9380951404205,2797.9269232086717,直连,,True
T016,巡航,S007>O01,2797.9269232086717,2799.9157512769225,直连,,True
T016,巡航,S007>O01,2799.9157512769225,2801.9045793451733,直连,,True
T016,巡航,S007>O01,2801.9045793451733,2803.8934074134245,直连,,True
T016,巡航,S007>O01,2803.8934074134245,2805.8822354816753,直连,,True
T016,巡航,S007>O01,2805.8822354816753,2807.8710635499265,直连,,True
T016,巡航,S007>O01,2807.8710635499265,2809.8598916181772,直连,,True
T016,巡航,S007>O01,2809.8598916181772,2811.848719686428,直连,,True
T016,巡航,S007>O01,2811.848719686428,2813.8375477546792,直连,,True
T016,巡航,S007>O01,2813.8375477546792,2815.82637582293,直连,,True
T016,巡航,S007>O01,2815.82637582293,2817.8152038911808,直连,,True
T016,巡航,S007>O01,2817.8152038911808,2819.804031959432,直连,,True
T016,巡航,S007>O01,2819.804031959432,2821.7928600276828,直连,,True
T016,巡航,S007>O01,2821.7928600276828,2823.7816880959335,直连,,True
T016,巡航,S007>O01,2823.7816880959335,2825.7705161641848,直连,,True
T016,巡航,S007>O01,2825.7705161641848,2827.7593442324355,直连,,True
T016,巡航,S007>O01,2827.7593442324355,2829.7481723006867,直连,,True
T016,巡航,S007>O01,2829.7481723006867,2831.7370003689375,直连,,True
T016,巡航,S007>O01,2831.7370003689375,2833.7258284371883,直连,,True
T016,巡航,S007>O01,2833.7258284371883,2835.7146565054395,直连,,True
T016,巡航,S007>O01,2835.7146565054395,2837.7034845736903,直连,,True
T016,巡航,S007>O01,2837.7034845736903,2839.6923126419415,直连,,True
T016,巡航,S007>O01,2839.6923126419415,2841.6811407101923,直连,,True
T016,巡航,S007>O01,2841.6811407101923,2843.669968778443,直连,,True
T016,巡航,S007>O01,2843.669968778443,2845.6587968466943,直连,,True
T016,巡航,S007>O01,2845.6587968466943,2847.647624914945,直连,,True
T016,巡航,S007>O01,2847.647624914945,2849.636452983196,直连,,True
T016,巡航,S007>O01,2849.636452983196,2851.625281051447,直连,,True
T016,巡航,S007>O01,2851.625281051447,2853.614109119698,直连,,True
T016,巡航,S007>O01,2853.614109119698,2855.6029371879486,直连,,True
T016,巡航,S007>O01,2855.6029371879486,2857.5917652562,直连,,True
T016,巡航,S007>O01,2857.5917652562,2859.5805933244505,直连,,True
T016,巡航,S007>O01,2859.5805933244505,2861.5694213927018,直连,,True
T016,巡航,S007>O01,2861.5694213927018,2863.5582494609525,直连,,True
T016,巡航,S007>O01,2863.5582494609525,2865.5470775292033,直连,,True
T016,巡航,S007>O01,2865.5470775292033,2867.5359055974545,直连,,True
T016,巡航,S007>O01,2867.5359055974545,2869.5247336657053,直连,,True
T016,巡航,S007>O01,2869.5247336657053,2871.5135617339565,直连,,True
T016,巡航,S007>O01,2871.5135617339565,2873.5023898022073,直连,,True
T016,巡航,S007>O01,2873.5023898022073,2875.491217870458,直连,,True
T016,巡航,S007>O01,2875.491217870458,2877.4800459387093,直连,,True
T016,巡航,S007>O01,2877.4800459387093,2879.46887400696,直连,,True
T016,巡航,S007>O01,2879.46887400696,2881.457702075211,直连,,True
T016,巡航,S007>O01,2881.457702075211,2883.446530143462,直连,,True
T016,巡航,S007>O01,2883.446530143462,2885.435358211713,直连,,True
T016,巡航,S007>O01,2885.435358211713,2887.4241862799636,直连,,True
T016,巡航,S007>O01,2887.4241862799636,2889.413014348215,直连,,True
T016,巡航,S007>O01,2889.413014348215,2891.4018424164656,直连,,True
T016,巡航,S007>O01,2891.4018424164656,2893.390670484717,直连,,True
T016,巡航,S007>O01,2893.390670484717,2895.3794985529676,直连,,True
T016,巡航,S007>O01,2895.3794985529676,2897.3683266212183,直连,,True
T016,巡航,S007>O01,2897.3683266212183,2899.3571546894696,直连,,True
T016,巡航,S007>O01,2899.3571546894696,2901.3459827577203,直连,,True
T016,巡航,S007>O01,2901.3459827577203,2903.3348108259715,直连,,True
T016,巡航,S007>O01,2903.3348108259715,2905.3236388942223,直连,,True
T016,巡航,S007>O01,2905.3236388942223,2907.312466962473,直连,,True
T016,巡航,S007>O01,2907.312466962473,2909.3012950307243,直连,,True
T016,巡航,S007>O01,2909.3012950307243,2911.290123098975,直连,,True
T016,巡航,S007>O01,2911.290123098975,2913.278951167226,直连,,True
T016,巡航,S007>O01,2913.278951167226,2915.267779235477,直连,,True
T016,巡航,S007>O01,2915.267779235477,2917.256607303728,直连,,True
T016,巡航,S007>O01,2917.256607303728,2919.2454353719786,直连,,True
T016,巡航,S007>O01,2919.2454353719786,2921.23426344023,直连,,True
T016,巡航,S007>O01,2921.23426344023,2923.2230915084806,直连,,True
T016,巡航,S007>O01,2923.2230915084806,2925.211919576732,直连,,True
T016,巡航,S007>O01,2925.211919576732,2927.2007476449826,直连,,True
T016,巡航,S007>O01,2927.2007476449826,2929.1895757132334,直连,,True
T016,巡航,S007>O01,2929.1895757132334,2931.1784037814846,直连,,True
T016,巡航,S007>O01,2931.1784037814846,2933.1672318497353,直连,,True
T016,巡航,S007>O01,2933.1672318497353,2935.1560599179866,直连,,True
T016,巡航,S007>O01,2935.1560599179866,2937.1448879862373,直连,,True
T016,巡航,S007>O01,2937.1448879862373,2939.133716054488,直连,,True
T016,巡航,S007>O01,2939.133716054488,2941.1225441227393,直连,,True
T016,巡航,S007>O01,2941.1225441227393,2943.11137219099,直连,,True
T016,巡航,S007>O01,2943.11137219099,2945.100200259241,直连,,True
T016,巡航,S007>O01,2945.100200259241,2947.089028327492,直连,,True
T016,巡航,S007>O01,2947.089028327492,2949.077856395743,直连,,True
T016,巡航,S007>O01,2949.077856395743,2951.0666844639936,直连,,True
T016,巡航,S007>O01,2951.0666844639936,2953.055512532245,直连,,True
T016,巡航,S007>O01,2953.055512532245,2955.0443406004956,直连,,True
T016,巡航,S007>O01,2955.0443406004956,2957.033168668747,直连,,True
T016,巡航,S007>O01,2957.033168668747,2959.0219967369976,直连,,True
T016,巡航,S007>O01,2959.0219967369976,2961.0108248052484,直连,,True
T016,巡航,S007>O01,2961.0108248052484,2962.9996528734996,直连,,True
T016,巡航,S007>O01,2962.9996528734996,2964.9884809417504,直连,,True
T016,巡航,S007>O01,2964.9884809417504,2966.9773090100016,直连,,True
T016,巡航,S007>O01,2966.9773090100016,2968.9661370782524,直连,,True
T016,巡航,S007>O01,2968.9661370782524,2970.954965146503,直连,,True
T016,巡航,S007>O01,2970.954965146503,2972.9437932147544,直连,,True
T016,巡航,S007>O01,2972.9437932147544,2974.932621283005,直连,,True
T016,巡航,S007>O01,2974.932621283005,2976.921449351256,直连,,True
T016,巡航,S007>O01,2976.921449351256,2978.910277419507,直连,,True
T016,巡航,S007>O01,2978.910277419507,2980.899105487758,直连,,True
T016,巡航,S007>O01,2980.899105487758,2982.8879335560086,直连,,True
T016,巡航,S007>O01,2982.8879335560086,2984.87676162426,直连,,True
T016,巡航,S007>O01,2984.87676162426,2986.8655896925106,直连,,True
T016,巡航,S007>O01,2986.8655896925106,2988.854417760762,直连,,True
T016,巡航,S007>O01,2988.854417760762,2990.8432458290126,直连,,True
T016,巡航,S007>O01,2990.8432458290126,2992.8320738972634,直连,,True
T016,巡航,S007>O01,2992.8320738972634,2994.8209019655146,直连,,True
T016,巡航,S007>O01,2994.8209019655146,2996.8097300337654,直连,,True
T016,巡航,S007>O01,2996.8097300337654,2998.7985581020166,直连,,True
T016,巡航,S007>O01,2998.7985581020166,3000.7873861702674,直连,,True
T016,巡航,S007>O01,3000.7873861702674,3002.776214238518,直连,,True
T016,巡航,S007>O01,3002.776214238518,3004.7650423067694,直连,,True
T016,巡航,S007>O01,3004.7650423067694,3006.75387037502,直连,,True
T016,巡航,S007>O01,3006.75387037502,3008.742698443271,直连,,True
T016,巡航,S007>O01,3008.742698443271,3010.731526511522,直连,,True
T016,巡航,S007>O01,3010.731526511522,3012.720354579773,直连,,True
T016,巡航,S007>O01,3012.720354579773,3014.7091826480237,直连,,True
T016,巡航,S007>O01,3014.7091826480237,3016.698010716275,直连,,True
T016,巡航,S007>O01,3016.698010716275,3018.6868387845257,直连,,True
T016,巡航,S007>O01,3018.6868387845257,3020.675666852777,直连,,True
T016,巡航,S007>O01,3020.675666852777,3022.6644949210277,直连,,True
T016,巡航,S007>O01,3022.6644949210277,3024.6533229892784,直连,,True
T016,巡航,S007>O01,3024.6533229892784,3026.6421510575296,直连,,True
T016,巡航,S007>O01,3026.6421510575296,3028.6309791257804,直连,,True
T016,巡航,S007>O01,3028.6309791257804,3030.6198071940316,直连,,True
T016,巡航,S007>O01,3030.6198071940316,3032.6086352622824,直连,,True
T016,巡航,S007>O01,3032.6086352622824,3034.597463330533,直连,,True
T016,巡航,S007>O01,3034.597463330533,3036.5862913987844,直连,,True
T016,巡航,S007>O01,3036.5862913987844,3038.575119467035,直连,,True
T016,下降,S007>O01,3038.575119467035,3050.3989094685376,直连,,True
T016,下降,S007>O01,3050.3989094685376,3062.22269947004,直连,,True
T016,下降,S007>O01,3062.22269947004,3074.0464894715424,直连,,True
T016,下降,S007>O01,3074.0464894715424,3085.870279473045,直连,,True
T016,下降,S007>O01,3085.870279473045,3097.694069474547,直连,,True
T016,下降,S007>O01,3097.694069474547,3109.5178594760496,直连,,True
T016,下降,S007>O01,3109.5178594760496,3121.341649477552,直连,,True
T016,下降,S007>O01,3121.341649477552,3133.1654394790544,直连,,True
T016,下降,S007>O01,3133.1654394790544,3144.989229480557,直连,,True
T016,下降,S007>O01,3144.989229480557,3156.813019482059,直连,,True
T016,下降,S007>O01,3156.813019482059,3168.6368094835616,直连,,True
T016,下降,S007>O01,3168.6368094835616,3180.460599485064,直连,,True
T016,下降,S007>O01,3180.460599485064,3192.2843894865664,直连,,True
T017,爬升,O01>S008,2426.0,2436.898192545573,直连,,True
T017,爬升,O01>S008,2436.898192545573,2447.796385091146,直连,,True
T017,爬升,O01>S008,2447.796385091146,2458.694577636719,直连,,True
T017,爬升,O01>S008,2458.694577636719,2469.5927701822916,直连,,True
T017,爬升,O01>S008,2469.5927701822916,2480.490962727865,直连,,True
T017,爬升,O01>S008,2480.490962727865,2491.3891552734376,直连,,True
T017,爬升,O01>S008,2491.3891552734376,2502.2873478190104,直连,,True
T017,爬升,O01>S008,2502.2873478190104,2513.1855403645836,直连,,True
T017,爬升,O01>S008,2513.1855403645836,2524.0837329101564,直连,,True
T017,巡航,O01>S008,2524.0837329101564,2526.078576033298,直连,,True
T017,巡航,O01>S008,2526.078576033298,2528.0734191564397,直连,,True
T017,巡航,O01>S008,2528.0734191564397,2530.068262279581,直连,,True
T017,巡航,O01>S008,2530.068262279581,2532.063105402723,直连,,True
T017,巡航,O01>S008,2532.063105402723,2534.0579485258645,直连,,True
T017,巡航,O01>S008,2534.0579485258645,2536.052791649006,直连,,True
T017,巡航,O01>S008,2536.052791649006,2538.047634772148,直连,,True
T017,巡航,O01>S008,2538.047634772148,2540.0424778952893,直连,,True
T017,巡航,O01>S008,2540.0424778952893,2542.0373210184307,直连,,True
T017,巡航,O01>S008,2542.0373210184307,2544.0321641415726,直连,,True
T017,巡航,O01>S008,2544.0321641415726,2546.027007264714,直连,,True
T017,巡航,O01>S008,2546.027007264714,2548.021850387856,直连,,True
T017,巡航,O01>S008,2548.021850387856,2550.0166935109974,直连,,True
T017,巡航,O01>S008,2550.0166935109974,2552.011536634139,直连,,True
T017,巡航,O01>S008,2552.011536634139,2554.0063797572807,直连,,True
T017,巡航,O01>S008,2554.0063797572807,2556.001222880422,直连,,True
T017,巡航,O01>S008,2556.001222880422,2557.996066003564,直连,,True
T017,巡航,O01>S008,2557.996066003564,2559.9909091267054,直连,,True
T017,巡航,O01>S008,2559.9909091267054,2561.985752249847,直连,,True
T017,巡航,O01>S008,2561.985752249847,2563.980595372989,直连,,True
T017,巡航,O01>S008,2563.980595372989,2565.97543849613,直连,,True
T017,巡航,O01>S008,2565.97543849613,2567.970281619272,直连,,True
T017,巡航,O01>S008,2567.970281619272,2569.9651247424135,直连,,True
T017,巡航,O01>S008,2569.9651247424135,2571.959967865555,直连,,True
T017,巡航,O01>S008,2571.959967865555,2573.954810988697,直连,,True
T017,巡航,O01>S008,2573.954810988697,2575.9496541118383,直连,,True
T017,巡航,O01>S008,2575.9496541118383,2577.94449723498,直连,,True
T017,巡航,O01>S008,2577.94449723498,2579.9393403581216,直连,,True
T017,巡航,O01>S008,2579.9393403581216,2581.934183481263,直连,,True
T017,巡航,O01>S008,2581.934183481263,2583.929026604405,直连,,True
T017,巡航,O01>S008,2583.929026604405,2585.9238697275464,直连,,True
T017,巡航,O01>S008,2585.9238697275464,2587.918712850688,直连,,True
T017,巡航,O01>S008,2587.918712850688,2589.9135559738297,直连,,True
T017,巡航,O01>S008,2589.9135559738297,2591.908399096971,直连,,True
T017,巡航,O01>S008,2591.908399096971,2593.903242220113,直连,,True
T017,巡航,O01>S008,2593.903242220113,2595.8980853432545,直连,,True
T017,巡航,O01>S008,2595.8980853432545,2597.892928466396,直连,,True
T017,巡航,O01>S008,2597.892928466396,2599.887771589538,直连,,True
T017,巡航,O01>S008,2599.887771589538,2601.8826147126792,直连,,True
T017,巡航,O01>S008,2601.8826147126792,2603.877457835821,直连,,True
T017,巡航,O01>S008,2603.877457835821,2605.8723009589626,直连,,True
T017,巡航,O01>S008,2605.8723009589626,2607.867144082104,直连,,True
T017,巡航,O01>S008,2607.867144082104,2609.861987205246,直连,,True
T017,巡航,O01>S008,2609.861987205246,2611.8568303283873,直连,,True
T017,巡航,O01>S008,2611.8568303283873,2613.8516734515288,直连,,True
T017,巡航,O01>S008,2613.8516734515288,2615.8465165746707,直连,,True
T017,巡航,O01>S008,2615.8465165746707,2617.841359697812,直连,,True
T017,巡航,O01>S008,2617.841359697812,2619.836202820954,直连,,True
T017,巡航,O01>S008,2619.836202820954,2621.8310459440954,直连,,True
T017,巡航,O01>S008,2621.8310459440954,2623.825889067237,直连,,True
T017,巡航,O01>S008,2623.825889067237,2625.8207321903787,直连,,True
T017,巡航,O01>S008,2625.8207321903787,2627.81557531352,直连,,True
T017,巡航,O01>S008,2627.81557531352,2629.810418436662,直连,,True
T017,巡航,O01>S008,2629.810418436662,2631.8052615598035,直连,,True
T017,巡航,O01>S008,2631.8052615598035,2633.800104682945,直连,,True
T017,巡航,O01>S008,2633.800104682945,2635.794947806087,直连,,True
T017,巡航,O01>S008,2635.794947806087,2637.7897909292283,直连,,True
T017,巡航,O01>S008,2637.7897909292283,2639.78463405237,直连,,True
T017,巡航,O01>S008,2639.78463405237,2641.7794771755116,直连,,True
T017,巡航,O01>S008,2641.7794771755116,2643.774320298653,直连,,True
T017,巡航,O01>S008,2643.774320298653,2645.769163421795,直连,,True
T017,巡航,O01>S008,2645.769163421795,2647.7640065449364,直连,,True
T017,巡航,O01>S008,2647.7640065449364,2649.7588496680783,直连,,True
T017,巡航,O01>S008,2649.7588496680783,2651.7536927912197,直连,,True
T017,巡航,O01>S008,2651.7536927912197,2653.748535914361,直连,,True
T017,巡航,O01>S008,2653.748535914361,2655.743379037503,直连,,True
T017,巡航,O01>S008,2655.743379037503,2657.7382221606445,直连,,True
T017,巡航,O01>S008,2657.7382221606445,2659.733065283786,直连,,True
T017,巡航,O01>S008,2659.733065283786,2661.727908406928,直连,,True
T017,巡航,O01>S008,2661.727908406928,2663.722751530069,直连,,True
T017,巡航,O01>S008,2663.722751530069,2665.717594653211,直连,,True
T017,巡航,O01>S008,2665.717594653211,2667.7124377763525,直连,,True
T017,巡航,O01>S008,2667.7124377763525,2669.707280899494,直连,,True
T017,巡航,O01>S008,2669.707280899494,2671.702124022636,直连,,True
T017,巡航,O01>S008,2671.702124022636,2673.6969671457773,直连,,True
T017,巡航,O01>S008,2673.6969671457773,2675.691810268919,直连,,True
T017,巡航,O01>S008,2675.691810268919,2677.6866533920606,直连,,True
T017,巡航,O01>S008,2677.6866533920606,2679.681496515202,直连,,True
T017,巡航,O01>S008,2679.681496515202,2681.676339638344,直连,,True
T017,巡航,O01>S008,2681.676339638344,2683.6711827614854,直连,,True
T017,巡航,O01>S008,2683.6711827614854,2685.666025884627,直连,,True
T017,巡航,O01>S008,2685.666025884627,2687.6608690077687,直连,,True
T017,巡航,O01>S008,2687.6608690077687,2689.65571213091,直连,,True
T017,巡航,O01>S008,2689.65571213091,2691.650555254052,直连,,True
T017,巡航,O01>S008,2691.650555254052,2693.6453983771935,直连,,True
T017,巡航,O01>S008,2693.6453983771935,2695.640241500335,直连,,True
T017,巡航,O01>S008,2695.640241500335,2697.635084623477,直连,,True
T017,巡航,O01>S008,2697.635084623477,2699.6299277466183,直连,,True
T017,巡航,O01>S008,2699.6299277466183,2701.62477086976,直连,,True
T017,巡航,O01>S008,2701.62477086976,2703.6196139929016,直连,,True
T017,巡航,O01>S008,2703.6196139929016,2705.614457116043,直连,,True
T017,巡航,O01>S008,2705.614457116043,2707.609300239185,直连,,True
T017,巡航,O01>S008,2707.609300239185,2709.6041433623263,直连,,True
T017,巡航,O01>S008,2709.6041433623263,2711.5989864854682,直连,,True
T017,巡航,O01>S008,2711.5989864854682,2713.5938296086097,直连,,True
T017,巡航,O01>S008,2713.5938296086097,2715.588672731751,直连,,True
T017,巡航,O01>S008,2715.588672731751,2717.583515854893,直连,,True
T017,巡航,O01>S008,2717.583515854893,2719.5783589780344,直连,,True
T017,巡航,O01>S008,2719.5783589780344,2721.5732021011763,直连,,True
T017,巡航,O01>S008,2721.5732021011763,2723.5680452243178,直连,,True
T017,巡航,O01>S008,2723.5680452243178,2725.562888347459,直连,,True
T017,巡航,O01>S008,2725.562888347459,2727.557731470601,直连,,True
T017,巡航,O01>S008,2727.557731470601,2729.5525745937425,直连,,True
T017,巡航,O01>S008,2729.5525745937425,2731.547417716884,直连,,True
T017,巡航,O01>S008,2731.547417716884,2733.542260840026,直连,,True
T017,巡航,O01>S008,2733.542260840026,2735.5371039631673,直连,,True
T017,巡航,O01>S008,2735.5371039631673,2737.531947086309,直连,,True
T017,巡航,O01>S008,2737.531947086309,2739.5267902094506,直连,,True
T017,巡航,O01>S008,2739.5267902094506,2741.521633332592,直连,,True
T017,巡航,O01>S008,2741.521633332592,2743.516476455734,直连,,True
T017,巡航,O01>S008,2743.516476455734,2745.5113195788754,直连,,True
T017,巡航,O01>S008,2745.5113195788754,2747.5061627020173,直连,,True
T017,巡航,O01>S008,2747.5061627020173,2749.5010058251587,直连,,True
T017,巡航,O01>S008,2749.5010058251587,2751.4958489483,直连,,True
T017,巡航,O01>S008,2751.4958489483,2753.490692071442,直连,,True
T017,巡航,O01>S008,2753.490692071442,2755.4855351945835,直连,,True
T017,巡航,O01>S008,2755.4855351945835,2757.480378317725,直连,,True
T017,巡航,O01>S008,2757.480378317725,2759.475221440867,直连,,True
T017,巡航,O01>S008,2759.475221440867,2761.470064564008,直连,,True
T017,巡航,O01>S008,2761.470064564008,2763.46490768715,直连,,True
T017,巡航,O01>S008,2763.46490768715,2765.4597508102916,直连,,True
T017,巡航,O01>S008,2765.4597508102916,2767.454593933433,直连,,True
T017,巡航,O01>S008,2767.454593933433,2769.449437056575,直连,,True
T017,巡航,O01>S008,2769.449437056575,2771.4442801797163,直连,,True
T017,巡航,O01>S008,2771.4442801797163,2773.439123302858,直连,,True
T017,巡航,O01>S008,2773.439123302858,2775.4339664259996,直连,,True
T017,巡航,O01>S008,2775.4339664259996,2777.428809549141,直连,,True
T017,巡航,O01>S008,2777.428809549141,2779.423652672283,直连,,True
T017,巡航,O01>S008,2779.423652672283,2781.4184957954244,直连,,True
T017,巡航,O01>S008,2781.4184957954244,2783.4133389185663,直连,,True
T017,巡航,O01>S008,2783.4133389185663,2785.4081820417077,直连,,True
T017,巡航,O01>S008,2785.4081820417077,2787.403025164849,直连,,True
T017,巡航,O01>S008,2787.403025164849,2789.397868287991,直连,,True
T017,巡航,O01>S008,2789.397868287991,2791.3927114111325,直连,,True
T017,巡航,O01>S008,2791.3927114111325,2793.3875545342744,直连,,True
T017,巡航,O01>S008,2793.3875545342744,2795.382397657416,直连,,True
T017,巡航,O01>S008,2795.382397657416,2797.3772407805573,直连,,True
T017,巡航,O01>S008,2797.3772407805573,2799.372083903699,直连,,True
T017,巡航,O01>S008,2799.372083903699,2801.3669270268406,直连,,True
T017,巡航,O01>S008,2801.3669270268406,2803.361770149982,直连,,True
T017,巡航,O01>S008,2803.361770149982,2805.356613273124,直连,,True
T017,巡航,O01>S008,2805.356613273124,2807.3514563962653,直连,,True
T017,巡航,O01>S008,2807.3514563962653,2809.3462995194072,直连,,True
T017,巡航,O01>S008,2809.3462995194072,2811.3411426425487,直连,,True
T017,巡航,O01>S008,2811.3411426425487,2813.3359857656906,中继兜底,R-S03,True
T017,巡航,O01>S008,2813.3359857656906,2815.330828888832,中继兜底,R-S03,True
T017,巡航,O01>S008,2815.330828888832,2817.3256720119734,中继兜底,R-S03,True
T017,巡航,O01>S008,2817.3256720119734,2819.3205151351153,中继兜底,R-S03,True
T017,巡航,O01>S008,2819.3205151351153,2821.3153582582568,中继兜底,R-S03,True
T017,巡航,O01>S008,2821.3153582582568,2823.310201381398,中继兜底,R-S03,True
T017,巡航,O01>S008,2823.310201381398,2825.30504450454,中继兜底,R-S03,True
T017,巡航,O01>S008,2825.30504450454,2827.2998876276815,中继兜底,R-S03,True
T017,巡航,O01>S008,2827.2998876276815,2829.294730750823,中继兜底,R-S03,True
T017,巡航,O01>S008,2829.294730750823,2831.289573873965,中继兜底,R-S03,True
T017,巡航,O01>S008,2831.289573873965,2833.2844169971063,中继兜底,R-S03,True
T017,巡航,O01>S008,2833.2844169971063,2835.279260120248,中继兜底,R-S03,True
T017,巡航,O01>S008,2835.279260120248,2837.2741032433896,中继兜底,R-S03,True
T017,巡航,O01>S008,2837.2741032433896,2839.268946366531,中继兜底,R-S03,True
T017,巡航,O01>S008,2839.268946366531,2841.263789489673,中继兜底,R-S03,True
T017,巡航,O01>S008,2841.263789489673,2843.2586326128144,中继兜底,R-S03,True
T017,巡航,O01>S008,2843.2586326128144,2845.2534757359563,中继兜底,R-S03,True
T017,巡航,O01>S008,2845.2534757359563,2847.2483188590977,中继兜底,R-S03,True
T017,巡航,O01>S008,2847.2483188590977,2849.243161982239,中继兜底,R-S03,True
T017,巡航,O01>S008,2849.243161982239,2851.238005105381,中继兜底,R-S03,True
T017,巡航,O01>S008,2851.238005105381,2853.2328482285225,中继兜底,R-S03,True
T017,巡航,O01>S008,2853.2328482285225,2855.2276913516644,中继兜底,R-S03,True
T017,巡航,O01>S008,2855.2276913516644,2857.222534474806,中继兜底,R-S03,True
T017,巡航,O01>S008,2857.222534474806,2859.2173775979472,中继兜底,R-S03,True
T017,巡航,O01>S008,2859.2173775979472,2861.212220721089,中继兜底,R-S03,True
T017,巡航,O01>S008,2861.212220721089,2863.2070638442306,中继兜底,R-S03,True
T017,巡航,O01>S008,2863.2070638442306,2865.2019069673725,中继兜底,R-S03,True
T017,巡航,O01>S008,2865.2019069673725,2867.196750090514,中继兜底,R-S03,True
T017,巡航,O01>S008,2867.196750090514,2869.1915932136553,中继兜底,R-S03,True
T017,巡航,O01>S008,2869.1915932136553,2871.186436336797,中继兜底,R-S03,True
T017,巡航,O01>S008,2871.186436336797,2873.1812794599387,中继兜底,R-S03,True
T017,巡航,O01>S008,2873.1812794599387,2875.1761225830805,中继兜底,R-S03,True
T017,巡航,O01>S008,2875.1761225830805,2877.170965706222,中继兜底,R-S03,True
T017,巡航,O01>S008,2877.170965706222,2879.1658088293634,中继兜底,R-S03,True
T017,巡航,O01>S008,2879.1658088293634,2881.1606519525053,中继兜底,R-S03,True
T017,巡航,O01>S008,2881.1606519525053,2883.1554950756467,中继兜底,R-S03,True
T017,巡航,O01>S008,2883.1554950756467,2885.150338198788,中继兜底,R-S03,True
T017,巡航,O01>S008,2885.150338198788,2887.14518132193,中继兜底,R-S03,True
T017,巡航,O01>S008,2887.14518132193,2889.1400244450715,中继兜底,R-S03,True
T017,巡航,O01>S008,2889.1400244450715,2891.134867568213,中继兜底,R-S03,True
T017,巡航,O01>S008,2891.134867568213,2893.129710691355,中继兜底,R-S03,True
T017,巡航,O01>S008,2893.129710691355,2895.1245538144963,中继兜底,R-S03,True
T017,巡航,O01>S008,2895.1245538144963,2897.119396937638,中继兜底,R-S03,True
T017,巡航,O01>S008,2897.119396937638,2899.1142400607796,中继兜底,R-S03,True
T017,巡航,O01>S008,2899.1142400607796,2901.109083183921,中继兜底,R-S03,True
T017,巡航,O01>S008,2901.109083183921,2903.103926307063,中继兜底,R-S03,True
T017,巡航,O01>S008,2903.103926307063,2905.0987694302044,中继兜底,R-S03,True
T017,巡航,O01>S008,2905.0987694302044,2907.0936125533462,中继兜底,R-S03,True
T017,巡航,O01>S008,2907.0936125533462,2909.0884556764877,中继兜底,R-S03,True
T017,巡航,O01>S008,2909.0884556764877,2911.083298799629,中继兜底,R-S03,True
T017,巡航,O01>S008,2911.083298799629,2913.078141922771,中继兜底,R-S03,True
T017,巡航,O01>S008,2913.078141922771,2915.0729850459124,中继兜底,R-S03,True
T017,巡航,O01>S008,2915.0729850459124,2917.0678281690543,中继兜底,R-S03,True
T017,巡航,O01>S008,2917.0678281690543,2919.062671292196,中继兜底,R-S03,True
T017,巡航,O01>S008,2919.062671292196,2921.057514415337,中继兜底,R-S03,True
T017,巡航,O01>S008,2921.057514415337,2923.052357538479,中继兜底,R-S03,True
T017,巡航,O01>S008,2923.052357538479,2925.0472006616205,中继兜底,R-S03,True
T017,巡航,O01>S008,2925.0472006616205,2927.0420437847624,中继兜底,R-S03,True
T017,巡航,O01>S008,2927.0420437847624,2929.036886907904,中继兜底,R-S03,True
T017,巡航,O01>S008,2929.036886907904,2931.0317300310453,中继兜底,R-S03,True
T017,巡航,O01>S008,2931.0317300310453,2933.026573154187,中继兜底,R-S03,True
T017,巡航,O01>S008,2933.026573154187,2935.0214162773286,中继兜底,R-S03,True
T017,巡航,O01>S008,2935.0214162773286,2937.0162594004705,中继兜底,R-S03,True
T017,巡航,O01>S008,2937.0162594004705,2939.011102523612,中继兜底,R-S03,True
T017,巡航,O01>S008,2939.011102523612,2941.0059456467534,中继兜底,R-S03,True
T017,巡航,O01>S008,2941.0059456467534,2943.0007887698953,中继兜底,R-S03,True
T017,巡航,O01>S008,2943.0007887698953,2944.9956318930367,中继兜底,R-S03,True
T017,巡航,O01>S008,2944.9956318930367,2946.9904750161786,中继兜底,R-S03,True
T017,巡航,O01>S008,2946.9904750161786,2948.98531813932,中继兜底,R-S03,True
T017,巡航,O01>S008,2948.98531813932,2950.9801612624615,中继兜底,R-S03,True
T017,巡航,O01>S008,2950.9801612624615,2952.9750043856034,中继兜底,R-S03,True
T017,巡航,O01>S008,2952.9750043856034,2954.969847508745,中继兜底,R-S03,True
T017,巡航,O01>S008,2954.969847508745,2956.9646906318862,中继兜底,R-S03,True
T017,巡航,O01>S008,2956.9646906318862,2958.959533755028,中继兜底,R-S03,True
T017,巡航,O01>S008,2958.959533755028,2960.9543768781696,中继兜底,R-S03,True
T017,巡航,O01>S008,2960.9543768781696,2962.949220001311,中继兜底,R-S03,True
T017,巡航,O01>S008,2962.949220001311,2964.944063124453,中继兜底,R-S03,True
T017,巡航,O01>S008,2964.944063124453,2966.9389062475943,中继兜底,R-S03,True
T017,巡航,O01>S008,2966.9389062475943,2968.933749370736,中继兜底,R-S03,True
T017,巡航,O01>S008,2968.933749370736,2970.9285924938777,中继兜底,R-S03,True
T017,巡航,O01>S008,2970.9285924938777,2972.923435617019,中继兜底,R-S03,True
T017,巡航,O01>S008,2972.923435617019,2974.918278740161,中继兜底,R-S03,True
T017,巡航,O01>S008,2974.918278740161,2976.9131218633024,中继兜底,R-S03,True
T017,巡航,O01>S008,2976.9131218633024,2978.9079649864443,中继兜底,R-S03,True
T017,巡航,O01>S008,2978.9079649864443,2980.9028081095857,中继兜底,R-S03,True
T017,巡航,O01>S008,2980.9028081095857,2982.897651232727,中继兜底,R-S03,True
T017,巡航,O01>S008,2982.897651232727,2984.892494355869,中继兜底,R-S03,True
T017,巡航,O01>S008,2984.892494355869,2986.8873374790105,中继兜底,R-S03,True
T017,巡航,O01>S008,2986.8873374790105,2988.8821806021524,中继兜底,R-S03,True
T017,巡航,O01>S008,2988.8821806021524,2990.877023725294,中继兜底,R-S03,True
T017,巡航,O01>S008,2990.877023725294,2992.8718668484353,中继兜底,R-S03,True
T017,巡航,O01>S008,2992.8718668484353,2994.866709971577,中继兜底,R-S03,True
T017,巡航,O01>S008,2994.866709971577,2996.8615530947186,中继兜底,R-S03,True
T017,巡航,O01>S008,2996.8615530947186,2998.8563962178605,中继兜底,R-S03,True
T017,巡航,O01>S008,2998.8563962178605,3000.851239341002,中继兜底,R-S03,True
T017,巡航,O01>S008,3000.851239341002,3002.8460824641434,中继兜底,R-S03,True
T017,巡航,O01>S008,3002.8460824641434,3004.8409255872853,中继兜底,R-S03,True
T017,巡航,O01>S008,3004.8409255872853,3006.8357687104267,中继兜底,R-S03,True
T017,巡航,O01>S008,3006.8357687104267,3008.8306118335686,中继兜底,R-S03,True
T017,巡航,O01>S008,3008.8306118335686,3010.82545495671,中继兜底,R-S03,True
T017,巡航,O01>S008,3010.82545495671,3012.8202980798515,中继兜底,R-S03,True
T017,巡航,O01>S008,3012.8202980798515,3014.8151412029933,中继兜底,R-S03,True
T017,巡航,O01>S008,3014.8151412029933,3016.809984326135,中继兜底,R-S03,True
T017,巡航,O01>S008,3016.809984326135,3018.804827449276,中继兜底,R-S03,True
T017,巡航,O01>S008,3018.804827449276,3020.799670572418,中继兜底,R-S03,True
T017,巡航,O01>S008,3020.799670572418,3022.7945136955595,中继兜底,R-S03,True
T017,巡航,O01>S008,3022.7945136955595,3024.789356818701,中继兜底,R-S03,True
T017,巡航,O01>S008,3024.789356818701,3026.784199941843,中继兜底,R-S03,True
T017,巡航,O01>S008,3026.784199941843,3028.7790430649843,中继兜底,R-S03,True
T017,巡航,O01>S008,3028.7790430649843,3030.773886188126,中继兜底,R-S03,True
T017,巡航,O01>S008,3030.773886188126,3032.7687293112676,中继兜底,R-S03,True
T017,巡航,O01>S008,3032.7687293112676,3034.7635724344095,中继兜底,R-S03,True
T017,巡航,O01>S008,3034.7635724344095,3036.758415557551,中继兜底,R-S03,True
T017,巡航,O01>S008,3036.758415557551,3038.753258680693,中继兜底,R-S03,True
T017,巡航,O01>S008,3038.753258680693,3040.7481018038343,中继兜底,R-S03,True
T017,巡航,O01>S008,3040.7481018038343,3042.7429449269757,中继兜底,R-S03,True
T017,巡航,O01>S008,3042.7429449269757,3044.737788050117,中继兜底,R-S03,True
T017,巡航,O01>S008,3044.737788050117,3046.732631173259,中继兜底,R-S03,True
T017,巡航,O01>S008,3046.732631173259,3048.7274742964005,中继兜底,R-S03,True
T017,巡航,O01>S008,3048.7274742964005,3050.7223174195424,中继兜底,R-S03,True
T017,巡航,O01>S008,3050.7223174195424,3052.717160542684,中继兜底,R-S03,True
T017,巡航,O01>S008,3052.717160542684,3054.7120036658253,中继兜底,R-S03,True
T017,巡航,O01>S008,3054.7120036658253,3056.706846788967,中继兜底,R-S03,True
T017,巡航,O01>S008,3056.706846788967,3058.7016899121086,中继兜底,R-S03,True
T017,巡航,O01>S008,3058.7016899121086,3060.6965330352505,中继兜底,R-S03,True
T017,巡航,O01>S008,3060.6965330352505,3062.691376158392,中继兜底,R-S03,True
T017,下降,O01>S008,3062.691376158392,3075.4425426928156,中继兜底,R-S03,True
T017,下降,O01>S008,3075.4425426928156,3088.1937092272397,中继兜底,R-S03,True
T017,下降,O01>S008,3088.1937092272397,3100.9448757616638,中继兜底,R-S03,True
T017,下降,O01>S008,3100.9448757616638,3113.6960422960874,中继兜底,R-S03,True
T017,投送,S008,3113.6960422960874,3473.6960422960874,中继兜底,R-S03,True
T017,爬升,S008>O01,3473.6960422960874,3483.8969755236267,中继兜底,R-S03,True
T017,爬升,S008>O01,3483.8969755236267,3494.0979087511655,中继兜底,R-S03,True
T017,爬升,S008>O01,3494.0979087511655,3504.2988419787043,中继兜底,R-S03,True
T017,爬升,S008>O01,3504.2988419787043,3514.4997752062436,中继兜底,R-S03,True
T017,巡航,S008>O01,3514.4997752062436,3516.494618329385,中继兜底,R-S03,True
T017,巡航,S008>O01,3516.494618329385,3518.489461452527,中继兜底,R-S03,True
T017,巡航,S008>O01,3518.489461452527,3520.4843045756684,中继兜底,R-S03,True
T017,巡航,S008>O01,3520.4843045756684,3522.4791476988103,中继兜底,R-S03,True
T017,巡航,S008>O01,3522.4791476988103,3524.4739908219517,中继兜底,R-S03,True
T017,巡航,S008>O01,3524.4739908219517,3526.468833945093,中继兜底,R-S03,True
T017,巡航,S008>O01,3526.468833945093,3528.463677068235,中继兜底,R-S03,True
T017,巡航,S008>O01,3528.463677068235,3530.4585201913765,中继兜底,R-S03,True
T017,巡航,S008>O01,3530.4585201913765,3532.4533633145184,中继兜底,R-S03,True
T017,巡航,S008>O01,3532.4533633145184,3534.44820643766,中继兜底,R-S03,True
T017,巡航,S008>O01,3534.44820643766,3536.4430495608012,中继兜底,R-S03,True
T017,巡航,S008>O01,3536.4430495608012,3538.437892683943,中继兜底,R-S03,True
T017,巡航,S008>O01,3538.437892683943,3540.4327358070846,中继兜底,R-S03,True
T017,巡航,S008>O01,3540.4327358070846,3542.427578930226,中继兜底,R-S03,True
T017,巡航,S008>O01,3542.427578930226,3544.422422053368,中继兜底,R-S03,True
T017,巡航,S008>O01,3544.422422053368,3546.4172651765093,中继兜底,R-S03,True
T017,巡航,S008>O01,3546.4172651765093,3548.412108299651,中继兜底,R-S03,True
T017,巡航,S008>O01,3548.412108299651,3550.4069514227926,中继兜底,R-S03,True
T017,巡航,S008>O01,3550.4069514227926,3552.401794545934,中继兜底,R-S03,True
T017,巡航,S008>O01,3552.401794545934,3554.396637669076,中继兜底,R-S03,True
T017,巡航,S008>O01,3554.396637669076,3556.3914807922174,中继兜底,R-S03,True
T017,巡航,S008>O01,3556.3914807922174,3558.3863239153593,中继兜底,R-S03,True
T017,巡航,S008>O01,3558.3863239153593,3560.3811670385007,中继兜底,R-S03,True
T017,巡航,S008>O01,3560.3811670385007,3562.376010161642,中继兜底,R-S03,True
T017,巡航,S008>O01,3562.376010161642,3564.370853284784,中继兜底,R-S03,True
T017,巡航,S008>O01,3564.370853284784,3566.3656964079255,中继兜底,R-S03,True
T017,巡航,S008>O01,3566.3656964079255,3568.360539531067,中继兜底,R-S03,True
T017,巡航,S008>O01,3568.360539531067,3570.355382654209,中继兜底,R-S03,True
T017,巡航,S008>O01,3570.355382654209,3572.3502257773503,中继兜底,R-S03,True
T017,巡航,S008>O01,3572.3502257773503,3574.345068900492,中继兜底,R-S03,True
T017,巡航,S008>O01,3574.345068900492,3576.3399120236336,中继兜底,R-S03,True
T017,巡航,S008>O01,3576.3399120236336,3578.334755146775,中继兜底,R-S03,True
T017,巡航,S008>O01,3578.334755146775,3580.329598269917,中继兜底,R-S03,True
T017,巡航,S008>O01,3580.329598269917,3582.3244413930584,中继兜底,R-S03,True
T017,巡航,S008>O01,3582.3244413930584,3584.3192845162002,中继兜底,R-S03,True
T017,巡航,S008>O01,3584.3192845162002,3586.3141276393417,中继兜底,R-S03,True
T017,巡航,S008>O01,3586.3141276393417,3588.308970762483,中继兜底,R-S03,True
T017,巡航,S008>O01,3588.308970762483,3590.303813885625,中继兜底,R-S03,True
T017,巡航,S008>O01,3590.303813885625,3592.2986570087664,中继兜底,R-S03,True
T017,巡航,S008>O01,3592.2986570087664,3594.2935001319083,中继兜底,R-S03,True
T017,巡航,S008>O01,3594.2935001319083,3596.2883432550498,中继兜底,R-S03,True
T017,巡航,S008>O01,3596.2883432550498,3598.283186378191,中继兜底,R-S03,True
T017,巡航,S008>O01,3598.283186378191,3600.278029501333,中继兜底,R-S03,True
T017,巡航,S008>O01,3600.278029501333,3602.2728726244745,中继兜底,R-S03,True
T017,巡航,S008>O01,3602.2728726244745,3604.2677157476164,中继兜底,R-S03,True
T017,巡航,S008>O01,3604.2677157476164,3606.262558870758,中继兜底,R-S03,True
T017,巡航,S008>O01,3606.262558870758,3608.2574019938993,中继兜底,R-S03,True
T017,巡航,S008>O01,3608.2574019938993,3610.252245117041,中继兜底,R-S03,True
T017,巡航,S008>O01,3610.252245117041,3612.2470882401826,中继兜底,R-S03,True
T017,巡航,S008>O01,3612.2470882401826,3614.241931363324,中继兜底,R-S03,True
T017,巡航,S008>O01,3614.241931363324,3616.236774486466,中继兜底,R-S03,True
T017,巡航,S008>O01,3616.236774486466,3618.2316176096074,中继兜底,R-S03,True
T017,巡航,S008>O01,3618.2316176096074,3620.2264607327493,中继兜底,R-S03,True
T017,巡航,S008>O01,3620.2264607327493,3622.2213038558907,中继兜底,R-S03,True
T017,巡航,S008>O01,3622.2213038558907,3624.216146979032,中继兜底,R-S03,True
T017,巡航,S008>O01,3624.216146979032,3626.210990102174,中继兜底,R-S03,True
T017,巡航,S008>O01,3626.210990102174,3628.2058332253155,中继兜底,R-S03,True
T017,巡航,S008>O01,3628.2058332253155,3630.2006763484574,中继兜底,R-S03,True
T017,巡航,S008>O01,3630.2006763484574,3632.195519471599,中继兜底,R-S03,True
T017,巡航,S008>O01,3632.195519471599,3634.1903625947402,中继兜底,R-S03,True
T017,巡航,S008>O01,3634.1903625947402,3636.185205717882,中继兜底,R-S03,True
T017,巡航,S008>O01,3636.185205717882,3638.1800488410236,中继兜底,R-S03,True
T017,巡航,S008>O01,3638.1800488410236,3640.174891964165,中继兜底,R-S03,True
T017,巡航,S008>O01,3640.174891964165,3642.169735087307,中继兜底,R-S03,True
T017,巡航,S008>O01,3642.169735087307,3644.1645782104483,中继兜底,R-S03,True
T017,巡航,S008>O01,3644.1645782104483,3646.15942133359,中继兜底,R-S03,True
T017,巡航,S008>O01,3646.15942133359,3648.1542644567317,中继兜底,R-S03,True
T017,巡航,S008>O01,3648.1542644567317,3650.149107579873,中继兜底,R-S03,True
T017,巡航,S008>O01,3650.149107579873,3652.143950703015,中继兜底,R-S03,True
T017,巡航,S008>O01,3652.143950703015,3654.1387938261564,中继兜底,R-S03,True
T017,巡航,S008>O01,3654.1387938261564,3656.1336369492983,中继兜底,R-S03,True
T017,巡航,S008>O01,3656.1336369492983,3658.1284800724397,中继兜底,R-S03,True
T017,巡航,S008>O01,3658.1284800724397,3660.123323195581,中继兜底,R-S03,True
T017,巡航,S008>O01,3660.123323195581,3662.118166318723,中继兜底,R-S03,True
T017,巡航,S008>O01,3662.118166318723,3664.1130094418645,中继兜底,R-S03,True
T017,巡航,S008>O01,3664.1130094418645,3666.1078525650064,中继兜底,R-S03,True
T017,巡航,S008>O01,3666.1078525650064,3668.102695688148,中继兜底,R-S03,True
T017,巡航,S008>O01,3668.102695688148,3670.0975388112893,中继兜底,R-S03,True
T017,巡航,S008>O01,3670.0975388112893,3672.092381934431,中继兜底,R-S03,True
T017,巡航,S008>O01,3672.092381934431,3674.0872250575726,中继兜底,R-S03,True
T017,巡航,S008>O01,3674.0872250575726,3676.0820681807145,中继兜底,R-S03,True
T017,巡航,S008>O01,3676.0820681807145,3678.076911303856,中继兜底,R-S03,True
T017,巡航,S008>O01,3678.076911303856,3680.0717544269974,中继兜底,R-S03,True
T017,巡航,S008>O01,3680.0717544269974,3682.0665975501392,中继兜底,R-S03,True
T017,巡航,S008>O01,3682.0665975501392,3684.0614406732807,中继兜底,R-S03,True
T017,巡航,S008>O01,3684.0614406732807,3686.056283796422,中继兜底,R-S03,True
T017,巡航,S008>O01,3686.056283796422,3688.051126919564,中继兜底,R-S03,True
T017,巡航,S008>O01,3688.051126919564,3690.0459700427054,中继兜底,R-S03,True
T017,巡航,S008>O01,3690.0459700427054,3692.0408131658473,中继兜底,R-S03,True
T017,巡航,S008>O01,3692.0408131658473,3694.035656288989,中继兜底,R-S03,True
T017,巡航,S008>O01,3694.035656288989,3696.03049941213,中继兜底,R-S03,True
T017,巡航,S008>O01,3696.03049941213,3698.025342535272,中继兜底,R-S03,True
T017,巡航,S008>O01,3698.025342535272,3700.0201856584135,中继兜底,R-S03,True
T017,巡航,S008>O01,3700.0201856584135,3702.0150287815554,中继兜底,R-S03,True
T017,巡航,S008>O01,3702.0150287815554,3704.009871904697,中继兜底,R-S03,True
T017,巡航,S008>O01,3704.009871904697,3706.0047150278383,中继兜底,R-S03,True
T017,巡航,S008>O01,3706.0047150278383,3707.99955815098,中继兜底,R-S03,True
T017,巡航,S008>O01,3707.99955815098,3709.9944012741216,中继兜底,R-S03,True
T017,巡航,S008>O01,3709.9944012741216,3711.989244397263,中继兜底,R-S03,True
T017,巡航,S008>O01,3711.989244397263,3713.984087520405,中继兜底,R-S03,True
T017,巡航,S008>O01,3713.984087520405,3715.9789306435464,中继兜底,R-S03,True
T017,巡航,S008>O01,3715.9789306435464,3717.9737737666883,中继兜底,R-S03,True
T017,巡航,S008>O01,3717.9737737666883,3719.9686168898297,中继兜底,R-S03,True
T017,巡航,S008>O01,3719.9686168898297,3721.963460012971,中继兜底,R-S03,True
T017,巡航,S008>O01,3721.963460012971,3723.958303136113,中继兜底,R-S03,True
T017,巡航,S008>O01,3723.958303136113,3725.9531462592545,中继兜底,R-S03,True
T017,巡航,S008>O01,3725.9531462592545,3727.9479893823964,中继兜底,R-S03,True
T017,巡航,S008>O01,3727.9479893823964,3729.942832505538,中继兜底,R-S03,True
T017,巡航,S008>O01,3729.942832505538,3731.9376756286792,中继兜底,R-S03,True
T017,巡航,S008>O01,3731.9376756286792,3733.932518751821,中继兜底,R-S03,True
T017,巡航,S008>O01,3733.932518751821,3735.9273618749626,中继兜底,R-S03,True
T017,巡航,S008>O01,3735.9273618749626,3737.9222049981045,中继兜底,R-S03,True
T017,巡航,S008>O01,3737.9222049981045,3739.917048121246,中继兜底,R-S03,True
T017,巡航,S008>O01,3739.917048121246,3741.9118912443873,中继兜底,R-S03,True
T017,巡航,S008>O01,3741.9118912443873,3743.906734367529,中继兜底,R-S03,True
T017,巡航,S008>O01,3743.906734367529,3745.9015774906707,中继兜底,R-S03,True
T017,巡航,S008>O01,3745.9015774906707,3747.8964206138126,中继兜底,R-S03,True
T017,巡航,S008>O01,3747.8964206138126,3749.891263736954,中继兜底,R-S03,True
T017,巡航,S008>O01,3749.891263736954,3751.8861068600954,中继兜底,R-S03,True
T017,巡航,S008>O01,3751.8861068600954,3753.8809499832373,中继兜底,R-S03,True
T017,巡航,S008>O01,3753.8809499832373,3755.8757931063788,中继兜底,R-S03,True
T017,巡航,S008>O01,3755.8757931063788,3757.87063622952,中继兜底,R-S03,True
T017,巡航,S008>O01,3757.87063622952,3759.865479352662,中继兜底,R-S03,True
T017,巡航,S008>O01,3759.865479352662,3761.8603224758035,中继兜底,R-S03,True
T017,巡航,S008>O01,3761.8603224758035,3763.8551655989454,中继兜底,R-S03,True
T017,巡航,S008>O01,3763.8551655989454,3765.850008722087,中继兜底,R-S03,True
T017,巡航,S008>O01,3765.850008722087,3767.8448518452283,直连,,True
T017,巡航,S008>O01,3767.8448518452283,3769.83969496837,直连,,True
T017,巡航,S008>O01,3769.83969496837,3771.8345380915116,直连,,True
T017,巡航,S008>O01,3771.8345380915116,3773.829381214653,直连,,True
T017,巡航,S008>O01,3773.829381214653,3775.824224337795,直连,,True
T017,巡航,S008>O01,3775.824224337795,3777.8190674609364,直连,,True
T017,巡航,S008>O01,3777.8190674609364,3779.8139105840783,直连,,True
T017,巡航,S008>O01,3779.8139105840783,3781.8087537072197,直连,,True
T017,巡航,S008>O01,3781.8087537072197,3783.803596830361,直连,,True
T017,巡航,S008>O01,3783.803596830361,3785.798439953503,直连,,True
T017,巡航,S008>O01,3785.798439953503,3787.7932830766445,直连,,True
T017,巡航,S008>O01,3787.7932830766445,3789.7881261997863,直连,,True
T017,巡航,S008>O01,3789.7881261997863,3791.782969322928,直连,,True
T017,巡航,S008>O01,3791.782969322928,3793.777812446069,直连,,True
T017,巡航,S008>O01,3793.777812446069,3795.772655569211,直连,,True
T017,巡航,S008>O01,3795.772655569211,3797.7674986923525,直连,,True
T017,巡航,S008>O01,3797.7674986923525,3799.7623418154944,直连,,True
T017,巡航,S008>O01,3799.7623418154944,3801.757184938636,直连,,True
T017,巡航,S008>O01,3801.757184938636,3803.7520280617773,直连,,True
T017,巡航,S008>O01,3803.7520280617773,3805.746871184919,直连,,True
T017,巡航,S008>O01,3805.746871184919,3807.7417143080606,直连,,True
T017,巡航,S008>O01,3807.7417143080606,3809.7365574312025,直连,,True
T017,巡航,S008>O01,3809.7365574312025,3811.731400554344,直连,,True
T017,巡航,S008>O01,3811.731400554344,3813.7262436774854,直连,,True
T017,巡航,S008>O01,3813.7262436774854,3815.7210868006273,直连,,True
T017,巡航,S008>O01,3815.7210868006273,3817.7159299237687,直连,,True
T017,巡航,S008>O01,3817.7159299237687,3819.7107730469106,直连,,True
T017,巡航,S008>O01,3819.7107730469106,3821.705616170052,直连,,True
T017,巡航,S008>O01,3821.705616170052,3823.7004592931935,直连,,True
T017,巡航,S008>O01,3823.7004592931935,3825.6953024163354,直连,,True
T017,巡航,S008>O01,3825.6953024163354,3827.690145539477,直连,,True
T017,巡航,S008>O01,3827.690145539477,3829.6849886626183,直连,,True
T017,巡航,S008>O01,3829.6849886626183,3831.67983178576,直连,,True
T017,巡航,S008>O01,3831.67983178576,3833.6746749089016,直连,,True
T017,巡航,S008>O01,3833.6746749089016,3835.6695180320435,直连,,True
T017,巡航,S008>O01,3835.6695180320435,3837.664361155185,直连,,True
T017,巡航,S008>O01,3837.664361155185,3839.6592042783263,直连,,True
T017,巡航,S008>O01,3839.6592042783263,3841.6540474014682,直连,,True
T017,巡航,S008>O01,3841.6540474014682,3843.6488905246097,直连,,True
T017,巡航,S008>O01,3843.6488905246097,3845.643733647751,直连,,True
T017,巡航,S008>O01,3845.643733647751,3847.638576770893,直连,,True
T017,巡航,S008>O01,3847.638576770893,3849.6334198940344,直连,,True
T017,巡航,S008>O01,3849.6334198940344,3851.6282630171763,直连,,True
T017,巡航,S008>O01,3851.6282630171763,3853.6231061403178,直连,,True
T017,巡航,S008>O01,3853.6231061403178,3855.617949263459,直连,,True
T017,巡航,S008>O01,3855.617949263459,3857.612792386601,直连,,True
T017,巡航,S008>O01,3857.612792386601,3859.6076355097425,直连,,True
T017,巡航,S008>O01,3859.6076355097425,3861.6024786328844,直连,,True
T017,巡航,S008>O01,3861.6024786328844,3863.597321756026,直连,,True
T017,巡航,S008>O01,3863.597321756026,3865.5921648791673,直连,,True
T017,巡航,S008>O01,3865.5921648791673,3867.587008002309,直连,,True
T017,巡航,S008>O01,3867.587008002309,3869.5818511254506,直连,,True
T017,巡航,S008>O01,3869.5818511254506,3871.5766942485925,直连,,True
T017,巡航,S008>O01,3871.5766942485925,3873.571537371734,直连,,True
T017,巡航,S008>O01,3873.571537371734,3875.5663804948754,直连,,True
T017,巡航,S008>O01,3875.5663804948754,3877.5612236180173,直连,,True
T017,巡航,S008>O01,3877.5612236180173,3879.5560667411587,直连,,True
T017,巡航,S008>O01,3879.5560667411587,3881.5509098643006,直连,,True
T017,巡航,S008>O01,3881.5509098643006,3883.545752987442,直连,,True
T017,巡航,S008>O01,3883.545752987442,3885.5405961105835,直连,,True
T017,巡航,S008>O01,3885.5405961105835,3887.5354392337254,直连,,True
T017,巡航,S008>O01,3887.5354392337254,3889.530282356867,直连,,True
T017,巡航,S008>O01,3889.530282356867,3891.5251254800087,直连,,True
T017,巡航,S008>O01,3891.5251254800087,3893.51996860315,直连,,True
T017,巡航,S008>O01,3893.51996860315,3895.5148117262916,直连,,True
T017,巡航,S008>O01,3895.5148117262916,3897.5096548494334,直连,,True
T017,巡航,S008>O01,3897.5096548494334,3899.504497972575,直连,,True
T017,巡航,S008>O01,3899.504497972575,3901.4993410957168,直连,,True
T017,巡航,S008>O01,3901.4993410957168,3903.494184218858,直连,,True
T017,巡航,S008>O01,3903.494184218858,3905.4890273419996,直连,,True
T017,巡航,S008>O01,3905.4890273419996,3907.4838704651415,直连,,True
T017,巡航,S008>O01,3907.4838704651415,3909.478713588283,直连,,True
T017,巡航,S008>O01,3909.478713588283,3911.4735567114244,直连,,True
T017,巡航,S008>O01,3911.4735567114244,3913.4683998345663,直连,,True
T017,巡航,S008>O01,3913.4683998345663,3915.4632429577077,直连,,True
T017,巡航,S008>O01,3915.4632429577077,3917.458086080849,直连,,True
T017,巡航,S008>O01,3917.458086080849,3919.452929203991,直连,,True
T017,巡航,S008>O01,3919.452929203991,3921.4477723271325,直连,,True
T017,巡航,S008>O01,3921.4477723271325,3923.4426154502744,直连,,True
T017,巡航,S008>O01,3923.4426154502744,3925.437458573416,直连,,True
T017,巡航,S008>O01,3925.437458573416,3927.4323016965573,直连,,True
T017,巡航,S008>O01,3927.4323016965573,3929.427144819699,直连,,True
T017,巡航,S008>O01,3929.427144819699,3931.4219879428406,直连,,True
T017,巡航,S008>O01,3931.4219879428406,3933.4168310659825,直连,,True
T017,巡航,S008>O01,3933.4168310659825,3935.411674189124,直连,,True
T017,巡航,S008>O01,3935.411674189124,3937.4065173122654,直连,,True
T017,巡航,S008>O01,3937.4065173122654,3939.4013604354072,直连,,True
T017,巡航,S008>O01,3939.4013604354072,3941.3962035585487,直连,,True
T017,巡航,S008>O01,3941.3962035585487,3943.3910466816906,直连,,True
T017,巡航,S008>O01,3943.3910466816906,3945.385889804832,直连,,True
T017,巡航,S008>O01,3945.385889804832,3947.3807329279734,直连,,True
T017,巡航,S008>O01,3947.3807329279734,3949.3755760511153,直连,,True
T017,巡航,S008>O01,3949.3755760511153,3951.3704191742568,直连,,True
T017,巡航,S008>O01,3951.3704191742568,3953.3652622973987,直连,,True
T017,巡航,S008>O01,3953.3652622973987,3955.36010542054,直连,,True
T017,巡航,S008>O01,3955.36010542054,3957.3549485436815,直连,,True
T017,巡航,S008>O01,3957.3549485436815,3959.3497916668234,直连,,True
T017,巡航,S008>O01,3959.3497916668234,3961.344634789965,直连,,True
T017,巡航,S008>O01,3961.344634789965,3963.3394779131067,直连,,True
T017,巡航,S008>O01,3963.3394779131067,3965.334321036248,直连,,True
T017,巡航,S008>O01,3965.334321036248,3967.3291641593896,直连,,True
T017,巡航,S008>O01,3967.3291641593896,3969.3240072825315,直连,,True
T017,巡航,S008>O01,3969.3240072825315,3971.318850405673,直连,,True
T017,巡航,S008>O01,3971.318850405673,3973.313693528815,直连,,True
T017,巡航,S008>O01,3973.313693528815,3975.3085366519563,直连,,True
T017,巡航,S008>O01,3975.3085366519563,3977.3033797750977,直连,,True
T017,巡航,S008>O01,3977.3033797750977,3979.2982228982396,直连,,True
T017,巡航,S008>O01,3979.2982228982396,3981.293066021381,直连,,True
T017,巡航,S008>O01,3981.293066021381,3983.2879091445225,直连,,True
T017,巡航,S008>O01,3983.2879091445225,3985.2827522676644,直连,,True
T017,巡航,S008>O01,3985.2827522676644,3987.277595390806,直连,,True
T017,巡航,S008>O01,3987.277595390806,3989.2724385139477,直连,,True
T017,巡航,S008>O01,3989.2724385139477,3991.267281637089,直连,,True
T017,巡航,S008>O01,3991.267281637089,3993.2621247602306,直连,,True
T017,巡航,S008>O01,3993.2621247602306,3995.2569678833725,直连,,True
T017,巡航,S008>O01,3995.2569678833725,3997.251811006514,直连,,True
T017,巡航,S008>O01,3997.251811006514,3999.2466541296553,直连,,True
T017,巡航,S008>O01,3999.2466541296553,4001.241497252797,直连,,True
T017,巡航,S008>O01,4001.241497252797,4003.2363403759387,直连,,True
T017,巡航,S008>O01,4003.2363403759387,4005.2311834990805,直连,,True
T017,巡航,S008>O01,4005.2311834990805,4007.226026622222,直连,,True
T017,巡航,S008>O01,4007.226026622222,4009.2208697453634,直连,,True
T017,巡航,S008>O01,4009.2208697453634,4011.2157128685053,直连,,True
T017,巡航,S008>O01,4011.2157128685053,4013.2105559916467,直连,,True
T017,巡航,S008>O01,4013.2105559916467,4015.2053991147886,直连,,True
T017,巡航,S008>O01,4015.2053991147886,4017.20024223793,直连,,True
T017,巡航,S008>O01,4017.20024223793,4019.1950853610715,直连,,True
T017,巡航,S008>O01,4019.1950853610715,4021.1899284842134,直连,,True
T017,巡航,S008>O01,4021.1899284842134,4023.184771607355,直连,,True
T017,巡航,S008>O01,4023.184771607355,4025.1796147304967,直连,,True
T017,巡航,S008>O01,4025.1796147304967,4027.174457853638,直连,,True
T017,巡航,S008>O01,4027.174457853638,4029.1693009767796,直连,,True
T017,巡航,S008>O01,4029.1693009767796,4031.1641440999215,直连,,True
T017,巡航,S008>O01,4031.1641440999215,4033.158987223063,直连,,True
T017,巡航,S008>O01,4033.158987223063,4035.153830346205,直连,,True
T017,巡航,S008>O01,4035.153830346205,4037.1486734693462,直连,,True
T017,巡航,S008>O01,4037.1486734693462,4039.1435165924877,直连,,True
T017,巡航,S008>O01,4039.1435165924877,4041.1383597156296,直连,,True
T017,巡航,S008>O01,4041.1383597156296,4043.133202838771,直连,,True
T017,巡航,S008>O01,4043.133202838771,4045.128045961913,直连,,True
T017,巡航,S008>O01,4045.128045961913,4047.1228890850543,直连,,True
T017,巡航,S008>O01,4047.1228890850543,4049.117732208196,直连,,True
T017,巡航,S008>O01,4049.117732208196,4051.1125753313377,直连,,True
T017,巡航,S008>O01,4051.1125753313377,4053.107418454479,直连,,True
T017,下降,S008>O01,4053.107418454479,4066.7301591364453,直连,,True
T017,下降,S008>O01,4066.7301591364453,4080.3528998184115,直连,,True
T017,下降,S008>O01,4080.3528998184115,4093.9756405003777,直连,,True
T017,下降,S008>O01,4093.9756405003777,4107.5983811823435,直连,,True
T017,下降,S008>O01,4107.5983811823435,4121.22112186431,直连,,True
T017,下降,S008>O01,4121.22112186431,4134.843862546276,直连,,True
T017,下降,S008>O01,4134.843862546276,4148.466603228242,直连,,True
T017,下降,S008>O01,4148.466603228242,4162.089343910208,直连,,True
T017,下降,S008>O01,4162.089343910208,4175.7120845921745,直连,,True
T018,爬升,O01>S009,5412.0,5421.196050686306,直连,,True
T018,爬升,O01>S009,5421.196050686306,5430.392101372613,直连,,True
T018,爬升,O01>S009,5430.392101372613,5439.588152058919,直连,,True
T018,爬升,O01>S009,5439.588152058919,5448.784202745225,直连,,True
T018,爬升,O01>S009,5448.784202745225,5457.980253431532,直连,,True
T018,爬升,O01>S009,5457.980253431532,5467.176304117838,直连,,True
T018,巡航,O01>S009,5467.176304117838,5469.167630058351,直连,,True
T018,巡航,O01>S009,5469.167630058351,5471.158955998864,直连,,True
T018,巡航,O01>S009,5471.158955998864,5473.150281939377,直连,,True
T018,巡航,O01>S009,5473.150281939377,5475.14160787989,直连,,True
T018,巡航,O01>S009,5475.14160787989,5477.132933820402,直连,,True
T018,巡航,O01>S009,5477.132933820402,5479.124259760915,直连,,True
T018,巡航,O01>S009,5479.124259760915,5481.115585701428,直连,,True
T018,巡航,O01>S009,5481.115585701428,5483.106911641941,直连,,True
T018,巡航,O01>S009,5483.106911641941,5485.098237582454,直连,,True
T018,巡航,O01>S009,5485.098237582454,5487.089563522967,直连,,True
T018,巡航,O01>S009,5487.089563522967,5489.08088946348,直连,,True
T018,巡航,O01>S009,5489.08088946348,5491.072215403993,直连,,True
T018,巡航,O01>S009,5491.072215403993,5493.063541344505,直连,,True
T018,巡航,O01>S009,5493.063541344505,5495.054867285018,直连,,True
T018,巡航,O01>S009,5495.054867285018,5497.046193225531,直连,,True
T018,巡航,O01>S009,5497.046193225531,5499.037519166044,直连,,True
T018,巡航,O01>S009,5499.037519166044,5501.028845106557,直连,,True
T018,巡航,O01>S009,5501.028845106557,5503.02017104707,直连,,True
T018,巡航,O01>S009,5503.02017104707,5505.011496987583,直连,,True
T018,巡航,O01>S009,5505.011496987583,5507.002822928096,直连,,True
T018,巡航,O01>S009,5507.002822928096,5508.994148868608,直连,,True
T018,巡航,O01>S009,5508.994148868608,5510.985474809121,直连,,True
T018,巡航,O01>S009,5510.985474809121,5512.976800749634,直连,,True
T018,巡航,O01>S009,5512.976800749634,5514.968126690147,直连,,True
T018,巡航,O01>S009,5514.968126690147,5516.95945263066,直连,,True
T018,巡航,O01>S009,5516.95945263066,5518.950778571173,直连,,True
T018,巡航,O01>S009,5518.950778571173,5520.942104511686,直连,,True
T018,巡航,O01>S009,5520.942104511686,5522.933430452199,直连,,True
T018,巡航,O01>S009,5522.933430452199,5524.924756392712,直连,,True
T018,巡航,O01>S009,5524.924756392712,5526.916082333224,直连,,True
T018,巡航,O01>S009,5526.916082333224,5528.907408273737,直连,,True
T018,巡航,O01>S009,5528.907408273737,5530.89873421425,直连,,True
T018,巡航,O01>S009,5530.89873421425,5532.890060154763,直连,,True
T018,巡航,O01>S009,5532.890060154763,5534.881386095276,直连,,True
T018,巡航,O01>S009,5534.881386095276,5536.872712035789,直连,,True
T018,巡航,O01>S009,5536.872712035789,5538.864037976302,直连,,True
T018,巡航,O01>S009,5538.864037976302,5540.855363916815,直连,,True
T018,巡航,O01>S009,5540.855363916815,5542.846689857327,直连,,True
T018,巡航,O01>S009,5542.846689857327,5544.83801579784,直连,,True
T018,巡航,O01>S009,5544.83801579784,5546.829341738353,直连,,True
T018,巡航,O01>S009,5546.829341738353,5548.820667678866,直连,,True
T018,巡航,O01>S009,5548.820667678866,5550.811993619379,直连,,True
T018,巡航,O01>S009,5550.811993619379,5552.803319559892,直连,,True
T018,巡航,O01>S009,5552.803319559892,5554.794645500405,直连,,True
T018,巡航,O01>S009,5554.794645500405,5556.785971440918,直连,,True
T018,巡航,O01>S009,5556.785971440918,5558.77729738143,直连,,True
T018,巡航,O01>S009,5558.77729738143,5560.768623321943,直连,,True
T018,巡航,O01>S009,5560.768623321943,5562.759949262456,直连,,True
T018,巡航,O01>S009,5562.759949262456,5564.751275202969,直连,,True
T018,巡航,O01>S009,5564.751275202969,5566.742601143482,直连,,True
T018,巡航,O01>S009,5566.742601143482,5568.733927083995,直连,,True
T018,巡航,O01>S009,5568.733927083995,5570.725253024508,直连,,True
T018,巡航,O01>S009,5570.725253024508,5572.716578965021,直连,,True
T018,巡航,O01>S009,5572.716578965021,5574.707904905534,直连,,True
T018,巡航,O01>S009,5574.707904905534,5576.699230846046,直连,,True
T018,巡航,O01>S009,5576.699230846046,5578.690556786559,直连,,True
T018,巡航,O01>S009,5578.690556786559,5580.681882727072,直连,,True
T018,巡航,O01>S009,5580.681882727072,5582.673208667585,直连,,True
T018,巡航,O01>S009,5582.673208667585,5584.664534608098,直连,,True
T018,巡航,O01>S009,5584.664534608098,5586.655860548611,直连,,True
T018,巡航,O01>S009,5586.655860548611,5588.647186489124,直连,,True
T018,巡航,O01>S009,5588.647186489124,5590.638512429637,直连,,True
T018,巡航,O01>S009,5590.638512429637,5592.629838370149,直连,,True
T018,巡航,O01>S009,5592.629838370149,5594.621164310662,直连,,True
T018,巡航,O01>S009,5594.621164310662,5596.612490251175,直连,,True
T018,巡航,O01>S009,5596.612490251175,5598.603816191688,直连,,True
T018,巡航,O01>S009,5598.603816191688,5600.595142132201,直连,,True
T018,巡航,O01>S009,5600.595142132201,5602.586468072714,直连,,True
T018,巡航,O01>S009,5602.586468072714,5604.577794013227,直连,,True
T018,巡航,O01>S009,5604.577794013227,5606.56911995374,直连,,True
T018,巡航,O01>S009,5606.56911995374,5608.560445894252,直连,,True
T018,巡航,O01>S009,5608.560445894252,5610.551771834765,直连,,True
T018,巡航,O01>S009,5610.551771834765,5612.543097775278,直连,,True
T018,巡航,O01>S009,5612.543097775278,5614.534423715791,直连,,True
T018,巡航,O01>S009,5614.534423715791,5616.525749656304,直连,,True
T018,巡航,O01>S009,5616.525749656304,5618.5170755968165,直连,,True
T018,巡航,O01>S009,5618.5170755968165,5620.5084015373295,直连,,True
T018,巡航,O01>S009,5620.5084015373295,5622.4997274778425,直连,,True
T018,巡航,O01>S009,5622.4997274778425,5624.491053418355,直连,,True
T018,巡航,O01>S009,5624.491053418355,5626.482379358868,直连,,True
T018,巡航,O01>S009,5626.482379358868,5628.4737052993805,直连,,True
T018,巡航,O01>S009,5628.4737052993805,5630.4650312398935,直连,,True
T018,巡航,O01>S009,5630.4650312398935,5632.4563571804065,直连,,True
T018,巡航,O01>S009,5632.4563571804065,5634.4476831209195,直连,,True
T018,巡航,O01>S009,5634.4476831209195,5636.439009061432,直连,,True
T018,巡航,O01>S009,5636.439009061432,5638.430335001945,直连,,True
T018,巡航,O01>S009,5638.430335001945,5640.421660942458,直连,,True
T018,巡航,O01>S009,5640.421660942458,5642.4129868829705,直连,,True
T018,巡航,O01>S009,5642.4129868829705,5644.404312823483,直连,,True
T018,巡航,O01>S009,5644.404312823483,5646.395638763996,直连,,True
T018,巡航,O01>S009,5646.395638763996,5648.386964704509,直连,,True
T018,巡航,O01>S009,5648.386964704509,5650.378290645022,直连,,True
T018,巡航,O01>S009,5650.378290645022,5652.369616585535,直连,,True
T018,巡航,O01>S009,5652.369616585535,5654.360942526048,直连,,True
T018,巡航,O01>S009,5654.360942526048,5656.352268466561,直连,,True
T018,巡航,O01>S009,5656.352268466561,5658.343594407073,直连,,True
T018,巡航,O01>S009,5658.343594407073,5660.334920347586,直连,,True
T018,巡航,O01>S009,5660.334920347586,5662.326246288099,直连,,True
T018,巡航,O01>S009,5662.326246288099,5664.317572228612,直连,,True
T018,巡航,O01>S009,5664.317572228612,5666.308898169125,直连,,True
T018,巡航,O01>S009,5666.308898169125,5668.300224109638,直连,,True
T018,巡航,O01>S009,5668.300224109638,5670.291550050151,直连,,True
T018,巡航,O01>S009,5670.291550050151,5672.282875990664,直连,,True
T018,巡航,O01>S009,5672.282875990664,5674.274201931177,直连,,True
T018,巡航,O01>S009,5674.274201931177,5676.265527871689,直连,,True
T018,巡航,O01>S009,5676.265527871689,5678.256853812202,直连,,True
T018,巡航,O01>S009,5678.256853812202,5680.248179752715,直连,,True
T018,巡航,O01>S009,5680.248179752715,5682.239505693228,直连,,True
T018,巡航,O01>S009,5682.239505693228,5684.230831633741,直连,,True
T018,巡航,O01>S009,5684.230831633741,5686.222157574254,直连,,True
T018,巡航,O01>S009,5686.222157574254,5688.213483514767,直连,,True
T018,巡航,O01>S009,5688.213483514767,5690.204809455279,直连,,True
T018,巡航,O01>S009,5690.204809455279,5692.196135395792,直连,,True
T018,巡航,O01>S009,5692.196135395792,5694.187461336305,直连,,True
T018,巡航,O01>S009,5694.187461336305,5696.178787276818,直连,,True
T018,巡航,O01>S009,5696.178787276818,5698.170113217331,直连,,True
T018,巡航,O01>S009,5698.170113217331,5700.161439157844,直连,,True
T018,巡航,O01>S009,5700.161439157844,5702.152765098357,直连,,True
T018,巡航,O01>S009,5702.152765098357,5704.14409103887,直连,,True
T018,巡航,O01>S009,5704.14409103887,5706.135416979383,直连,,True
T018,巡航,O01>S009,5706.135416979383,5708.126742919895,直连,,True
T018,巡航,O01>S009,5708.126742919895,5710.118068860408,直连,,True
T018,巡航,O01>S009,5710.118068860408,5712.109394800921,直连,,True
T018,巡航,O01>S009,5712.109394800921,5714.100720741434,直连,,True
T018,巡航,O01>S009,5714.100720741434,5716.092046681947,直连,,True
T018,巡航,O01>S009,5716.092046681947,5718.08337262246,直连,,True
T018,巡航,O01>S009,5718.08337262246,5720.074698562973,直连,,True
T018,巡航,O01>S009,5720.074698562973,5722.066024503486,直连,,True
T018,巡航,O01>S009,5722.066024503486,5724.057350443998,直连,,True
T018,巡航,O01>S009,5724.057350443998,5726.048676384511,直连,,True
T018,巡航,O01>S009,5726.048676384511,5728.040002325024,直连,,True
T018,巡航,O01>S009,5728.040002325024,5730.031328265537,直连,,True
T018,巡航,O01>S009,5730.031328265537,5732.02265420605,中继兜底,R-S05,True
T018,巡航,O01>S009,5732.02265420605,5734.013980146563,中继兜底,R-S05,True
T018,巡航,O01>S009,5734.013980146563,5736.005306087076,中继兜底,R-S05,True
T018,巡航,O01>S009,5736.005306087076,5737.996632027589,中继兜底,R-S05,True
T018,巡航,O01>S009,5737.996632027589,5739.987957968102,中继兜底,R-S05,True
T018,巡航,O01>S009,5739.987957968102,5741.979283908614,中继兜底,R-S05,True
T018,巡航,O01>S009,5741.979283908614,5743.970609849127,中继兜底,R-S05,True
T018,巡航,O01>S009,5743.970609849127,5745.96193578964,中继兜底,R-S05,True
T018,巡航,O01>S009,5745.96193578964,5747.953261730153,中继兜底,R-S05,True
T018,巡航,O01>S009,5747.953261730153,5749.944587670666,中继兜底,R-S05,True
T018,巡航,O01>S009,5749.944587670666,5751.935913611179,中继兜底,R-S05,True
T018,巡航,O01>S009,5751.935913611179,5753.927239551692,中继兜底,R-S05,True
T018,巡航,O01>S009,5753.927239551692,5755.918565492204,中继兜底,R-S05,True
T018,巡航,O01>S009,5755.918565492204,5757.909891432717,中继兜底,R-S05,True
T018,巡航,O01>S009,5757.909891432717,5759.90121737323,中继兜底,R-S05,True
T018,巡航,O01>S009,5759.90121737323,5761.892543313743,中继兜底,R-S05,True
T018,巡航,O01>S009,5761.892543313743,5763.883869254256,中继兜底,R-S05,True
T018,巡航,O01>S009,5763.883869254256,5765.875195194769,中继兜底,R-S05,True
T018,巡航,O01>S009,5765.875195194769,5767.866521135282,中继兜底,R-S05,True
T018,巡航,O01>S009,5767.866521135282,5769.857847075795,中继兜底,R-S05,True
T018,巡航,O01>S009,5769.857847075795,5771.849173016308,中继兜底,R-S05,True
T018,巡航,O01>S009,5771.849173016308,5773.84049895682,中继兜底,R-S05,True
T018,巡航,O01>S009,5773.84049895682,5775.831824897333,中继兜底,R-S05,True
T018,巡航,O01>S009,5775.831824897333,5777.823150837846,中继兜底,R-S05,True
T018,巡航,O01>S009,5777.823150837846,5779.814476778359,中继兜底,R-S05,True
T018,巡航,O01>S009,5779.814476778359,5781.805802718872,中继兜底,R-S05,True
T018,巡航,O01>S009,5781.805802718872,5783.797128659385,中继兜底,R-S05,True
T018,巡航,O01>S009,5783.797128659385,5785.788454599898,中继兜底,R-S05,True
T018,巡航,O01>S009,5785.788454599898,5787.779780540411,中继兜底,R-S05,True
T018,巡航,O01>S009,5787.779780540411,5789.771106480923,中继兜底,R-S05,True
T018,巡航,O01>S009,5789.771106480923,5791.762432421436,中继兜底,R-S05,True
T018,巡航,O01>S009,5791.762432421436,5793.753758361949,中继兜底,R-S05,True
T018,巡航,O01>S009,5793.753758361949,5795.745084302462,中继兜底,R-S05,True
T018,巡航,O01>S009,5795.745084302462,5797.736410242975,中继兜底,R-S05,True
T018,巡航,O01>S009,5797.736410242975,5799.727736183488,中继兜底,R-S05,True
T018,巡航,O01>S009,5799.727736183488,5801.719062124001,中继兜底,R-S05,True
T018,巡航,O01>S009,5801.719062124001,5803.710388064514,中继兜底,R-S05,True
T018,巡航,O01>S009,5803.710388064514,5805.701714005027,中继兜底,R-S05,True
T018,巡航,O01>S009,5805.701714005027,5807.693039945539,中继兜底,R-S05,True
T018,巡航,O01>S009,5807.693039945539,5809.684365886052,中继兜底,R-S05,True
T018,巡航,O01>S009,5809.684365886052,5811.675691826565,中继兜底,R-S05,True
T018,巡航,O01>S009,5811.675691826565,5813.667017767078,中继兜底,R-S05,True
T018,巡航,O01>S009,5813.667017767078,5815.658343707591,中继兜底,R-S05,True
T018,巡航,O01>S009,5815.658343707591,5817.649669648104,中继兜底,R-S05,True
T018,巡航,O01>S009,5817.649669648104,5819.6409955886165,中继兜底,R-S05,True
T018,巡航,O01>S009,5819.6409955886165,5821.6323215291295,中继兜底,R-S05,True
T018,巡航,O01>S009,5821.6323215291295,5823.623647469642,中继兜底,R-S05,True
T018,巡航,O01>S009,5823.623647469642,5825.614973410155,中继兜底,R-S05,True
T018,巡航,O01>S009,5825.614973410155,5827.6062993506675,中继兜底,R-S05,True
T018,巡航,O01>S009,5827.6062993506675,5829.5976252911805,中继兜底,R-S05,True
T018,巡航,O01>S009,5829.5976252911805,5831.5889512316935,中继兜底,R-S05,True
T018,巡航,O01>S009,5831.5889512316935,5833.5802771722065,中继兜底,R-S05,True
T018,巡航,O01>S009,5833.5802771722065,5835.5716031127195,中继兜底,R-S05,True
T018,巡航,O01>S009,5835.5716031127195,5837.562929053232,中继兜底,R-S05,True
T018,巡航,O01>S009,5837.562929053232,5839.554254993745,中继兜底,R-S05,True
T018,巡航,O01>S009,5839.554254993745,5841.5455809342575,中继兜底,R-S05,True
T018,巡航,O01>S009,5841.5455809342575,5843.5369068747705,中继兜底,R-S05,True
T018,巡航,O01>S009,5843.5369068747705,5845.528232815283,中继兜底,R-S05,True
T018,巡航,O01>S009,5845.528232815283,5847.519558755796,中继兜底,R-S05,True
T018,下降,O01>S009,5847.519558755796,5855.950080402932,中继兜底,R-S05,True
T018,下降,O01>S009,5855.950080402932,5864.380602050067,中继兜底,R-S05,True
T018,下降,O01>S009,5864.380602050067,5872.811123697203,中继兜底,R-S05,True
T018,投送,S009,5872.811123697203,6112.811123697203,中继兜底,R-S05,True
T018,爬升,S009>O01,6112.811123697203,6119.836558403149,中继兜底,R-S05,True
T018,爬升,S009>O01,6119.836558403149,6126.861993109095,中继兜底,R-S05,True
T018,爬升,S009>O01,6126.861993109095,6133.8874278150415,中继兜底,R-S05,True
T018,巡航,S009>O01,6133.8874278150415,6135.8787537555545,中继兜底,R-S05,True
T018,巡航,S009>O01,6135.8787537555545,6137.8700796960675,中继兜底,R-S05,True
T018,巡航,S009>O01,6137.8700796960675,6139.8614056365805,中继兜底,R-S05,True
T018,巡航,S009>O01,6139.8614056365805,6141.852731577093,中继兜底,R-S05,True
T018,巡航,S009>O01,6141.852731577093,6143.8440575176055,中继兜底,R-S05,True
T018,巡航,S009>O01,6143.8440575176055,6145.8353834581185,中继兜底,R-S05,True
T018,巡航,S009>O01,6145.8353834581185,6147.8267093986315,中继兜底,R-S05,True
T018,巡航,S009>O01,6147.8267093986315,6149.818035339144,中继兜底,R-S05,True
T018,巡航,S009>O01,6149.818035339144,6151.809361279657,中继兜底,R-S05,True
T018,巡航,S009>O01,6151.809361279657,6153.80068722017,中继兜底,R-S05,True
T018,巡航,S009>O01,6153.80068722017,6155.792013160683,中继兜底,R-S05,True
T018,巡航,S009>O01,6155.792013160683,6157.783339101196,中继兜底,R-S05,True
T018,巡航,S009>O01,6157.783339101196,6159.774665041708,中继兜底,R-S05,True
T018,巡航,S009>O01,6159.774665041708,6161.765990982221,中继兜底,R-S05,True
T018,巡航,S009>O01,6161.765990982221,6163.757316922734,中继兜底,R-S05,True
T018,巡航,S009>O01,6163.757316922734,6165.748642863247,中继兜底,R-S05,True
T018,巡航,S009>O01,6165.748642863247,6167.73996880376,中继兜底,R-S05,True
T018,巡航,S009>O01,6167.73996880376,6169.731294744273,中继兜底,R-S05,True
T018,巡航,S009>O01,6169.731294744273,6171.722620684786,中继兜底,R-S05,True
T018,巡航,S009>O01,6171.722620684786,6173.713946625299,中继兜底,R-S05,True
T018,巡航,S009>O01,6173.713946625299,6175.705272565811,中继兜底,R-S05,True
T018,巡航,S009>O01,6175.705272565811,6177.696598506324,中继兜底,R-S05,True
T018,巡航,S009>O01,6177.696598506324,6179.687924446837,中继兜底,R-S05,True
T018,巡航,S009>O01,6179.687924446837,6181.67925038735,中继兜底,R-S05,True
T018,巡航,S009>O01,6181.67925038735,6183.670576327863,中继兜底,R-S05,True
T018,巡航,S009>O01,6183.670576327863,6185.661902268376,中继兜底,R-S05,True
T018,巡航,S009>O01,6185.661902268376,6187.653228208889,中继兜底,R-S05,True
T018,巡航,S009>O01,6187.653228208889,6189.644554149402,中继兜底,R-S05,True
T018,巡航,S009>O01,6189.644554149402,6191.635880089915,中继兜底,R-S05,True
T018,巡航,S009>O01,6191.635880089915,6193.627206030427,中继兜底,R-S05,True
T018,巡航,S009>O01,6193.627206030427,6195.61853197094,中继兜底,R-S05,True
T018,巡航,S009>O01,6195.61853197094,6197.609857911453,中继兜底,R-S05,True
T018,巡航,S009>O01,6197.609857911453,6199.601183851966,中继兜底,R-S05,True
T018,巡航,S009>O01,6199.601183851966,6201.592509792479,中继兜底,R-S05,True
T018,巡航,S009>O01,6201.592509792479,6203.583835732992,中继兜底,R-S05,True
T018,巡航,S009>O01,6203.583835732992,6205.575161673505,中继兜底,R-S05,True
T018,巡航,S009>O01,6205.575161673505,6207.566487614018,中继兜底,R-S05,True
T018,巡航,S009>O01,6207.566487614018,6209.55781355453,中继兜底,R-S05,True
T018,巡航,S009>O01,6209.55781355453,6211.549139495043,中继兜底,R-S05,True
T018,巡航,S009>O01,6211.549139495043,6213.540465435556,中继兜底,R-S05,True
T018,巡航,S009>O01,6213.540465435556,6215.531791376069,中继兜底,R-S05,True
T018,巡航,S009>O01,6215.531791376069,6217.523117316582,中继兜底,R-S05,True
T018,巡航,S009>O01,6217.523117316582,6219.514443257095,中继兜底,R-S05,True
T018,巡航,S009>O01,6219.514443257095,6221.505769197608,中继兜底,R-S05,True
T018,巡航,S009>O01,6221.505769197608,6223.497095138121,中继兜底,R-S05,True
T018,巡航,S009>O01,6223.497095138121,6225.488421078633,中继兜底,R-S05,True
T018,巡航,S009>O01,6225.488421078633,6227.479747019146,中继兜底,R-S05,True
T018,巡航,S009>O01,6227.479747019146,6229.471072959659,中继兜底,R-S05,True
T018,巡航,S009>O01,6229.471072959659,6231.462398900172,中继兜底,R-S05,True
T018,巡航,S009>O01,6231.462398900172,6233.453724840685,中继兜底,R-S05,True
T018,巡航,S009>O01,6233.453724840685,6235.445050781198,中继兜底,R-S05,True
T018,巡航,S009>O01,6235.445050781198,6237.436376721711,中继兜底,R-S05,True
T018,巡航,S009>O01,6237.436376721711,6239.427702662224,中继兜底,R-S05,True
T018,巡航,S009>O01,6239.427702662224,6241.419028602737,中继兜底,R-S05,True
T018,巡航,S009>O01,6241.419028602737,6243.410354543249,中继兜底,R-S05,True
T018,巡航,S009>O01,6243.410354543249,6245.401680483762,中继兜底,R-S05,True
T018,巡航,S009>O01,6245.401680483762,6247.393006424275,中继兜底,R-S05,True
T018,巡航,S009>O01,6247.393006424275,6249.384332364788,中继兜底,R-S05,True
T018,巡航,S009>O01,6249.384332364788,6251.375658305301,中继兜底,R-S05,True
T018,巡航,S009>O01,6251.375658305301,6253.366984245814,直连,,True
T018,巡航,S009>O01,6253.366984245814,6255.358310186327,直连,,True
T018,巡航,S009>O01,6255.358310186327,6257.34963612684,直连,,True
T018,巡航,S009>O01,6257.34963612684,6259.340962067352,直连,,True
T018,巡航,S009>O01,6259.340962067352,6261.332288007865,直连,,True
T018,巡航,S009>O01,6261.332288007865,6263.323613948378,直连,,True
T018,巡航,S009>O01,6263.323613948378,6265.314939888891,直连,,True
T018,巡航,S009>O01,6265.314939888891,6267.306265829404,直连,,True
T018,巡航,S009>O01,6267.306265829404,6269.297591769917,直连,,True
T018,巡航,S009>O01,6269.297591769917,6271.28891771043,直连,,True
T018,巡航,S009>O01,6271.28891771043,6273.280243650943,直连,,True
T018,巡航,S009>O01,6273.280243650943,6275.271569591455,直连,,True
T018,巡航,S009>O01,6275.271569591455,6277.262895531968,直连,,True
T018,巡航,S009>O01,6277.262895531968,6279.254221472481,直连,,True
T018,巡航,S009>O01,6279.254221472481,6281.245547412994,直连,,True
T018,巡航,S009>O01,6281.245547412994,6283.236873353507,直连,,True
T018,巡航,S009>O01,6283.236873353507,6285.22819929402,直连,,True
T018,巡航,S009>O01,6285.22819929402,6287.219525234533,直连,,True
T018,巡航,S009>O01,6287.219525234533,6289.210851175046,直连,,True
T018,巡航,S009>O01,6289.210851175046,6291.202177115558,直连,,True
T018,巡航,S009>O01,6291.202177115558,6293.193503056071,直连,,True
T018,巡航,S009>O01,6293.193503056071,6295.184828996584,直连,,True
T018,巡航,S009>O01,6295.184828996584,6297.176154937097,直连,,True
T018,巡航,S009>O01,6297.176154937097,6299.16748087761,直连,,True
T018,巡航,S009>O01,6299.16748087761,6301.158806818123,直连,,True
T018,巡航,S009>O01,6301.158806818123,6303.150132758636,直连,,True
T018,巡航,S009>O01,6303.150132758636,6305.141458699149,直连,,True
T018,巡航,S009>O01,6305.141458699149,6307.132784639662,直连,,True
T018,巡航,S009>O01,6307.132784639662,6309.124110580174,直连,,True
T018,巡航,S009>O01,6309.124110580174,6311.115436520687,直连,,True
T018,巡航,S009>O01,6311.115436520687,6313.1067624612,直连,,True
T018,巡航,S009>O01,6313.1067624612,6315.098088401713,直连,,True
T018,巡航,S009>O01,6315.098088401713,6317.089414342226,直连,,True
T018,巡航,S009>O01,6317.089414342226,6319.080740282739,直连,,True
T018,巡航,S009>O01,6319.080740282739,6321.072066223252,直连,,True
T018,巡航,S009>O01,6321.072066223252,6323.063392163765,直连,,True
T018,巡航,S009>O01,6323.063392163765,6325.054718104277,直连,,True
T018,巡航,S009>O01,6325.054718104277,6327.04604404479,直连,,True
T018,巡航,S009>O01,6327.04604404479,6329.037369985303,直连,,True
T018,巡航,S009>O01,6329.037369985303,6331.028695925816,直连,,True
T018,巡航,S009>O01,6331.028695925816,6333.0200218663285,直连,,True
T018,巡航,S009>O01,6333.0200218663285,6335.0113478068415,直连,,True
T018,巡航,S009>O01,6335.0113478068415,6337.0026737473545,直连,,True
T018,巡航,S009>O01,6337.0026737473545,6338.9939996878675,直连,,True
T018,巡航,S009>O01,6338.9939996878675,6340.98532562838,直连,,True
T018,巡航,S009>O01,6340.98532562838,6342.9766515688925,直连,,True
T018,巡航,S009>O01,6342.9766515688925,6344.9679775094055,直连,,True
T018,巡航,S009>O01,6344.9679775094055,6346.9593034499185,直连,,True
T018,巡航,S009>O01,6346.9593034499185,6348.9506293904315,直连,,True
T018,巡航,S009>O01,6348.9506293904315,6350.941955330944,直连,,True
T018,巡航,S009>O01,6350.941955330944,6352.933281271457,直连,,True
T018,巡航,S009>O01,6352.933281271457,6354.92460721197,直连,,True
T018,巡航,S009>O01,6354.92460721197,6356.9159331524825,直连,,True
T018,巡航,S009>O01,6356.9159331524825,6358.907259092995,直连,,True
T018,巡航,S009>O01,6358.907259092995,6360.898585033508,直连,,True
T018,巡航,S009>O01,6360.898585033508,6362.889910974021,直连,,True
T018,巡航,S009>O01,6362.889910974021,6364.881236914534,直连,,True
T018,巡航,S009>O01,6364.881236914534,6366.872562855047,直连,,True
T018,巡航,S009>O01,6366.872562855047,6368.86388879556,直连,,True
T018,巡航,S009>O01,6368.86388879556,6370.855214736073,直连,,True
T018,巡航,S009>O01,6370.855214736073,6372.846540676586,直连,,True
T018,巡航,S009>O01,6372.846540676586,6374.837866617098,直连,,True
T018,巡航,S009>O01,6374.837866617098,6376.829192557611,直连,,True
T018,巡航,S009>O01,6376.829192557611,6378.820518498124,直连,,True
T018,巡航,S009>O01,6378.820518498124,6380.811844438637,直连,,True
T018,巡航,S009>O01,6380.811844438637,6382.80317037915,直连,,True
T018,巡航,S009>O01,6382.80317037915,6384.794496319663,直连,,True
T018,巡航,S009>O01,6384.794496319663,6386.785822260176,直连,,True
T018,巡航,S009>O01,6386.785822260176,6388.777148200689,直连,,True
T018,巡航,S009>O01,6388.777148200689,6390.768474141201,直连,,True
T018,巡航,S009>O01,6390.768474141201,6392.759800081714,直连,,True
T018,巡航,S009>O01,6392.759800081714,6394.751126022227,直连,,True
T018,巡航,S009>O01,6394.751126022227,6396.74245196274,直连,,True
T018,巡航,S009>O01,6396.74245196274,6398.733777903253,直连,,True
T018,巡航,S009>O01,6398.733777903253,6400.725103843766,直连,,True
T018,巡航,S009>O01,6400.725103843766,6402.716429784279,直连,,True
T018,巡航,S009>O01,6402.716429784279,6404.707755724792,直连,,True
T018,巡航,S009>O01,6404.707755724792,6406.699081665305,直连,,True
T018,巡航,S009>O01,6406.699081665305,6408.690407605817,直连,,True
T018,巡航,S009>O01,6408.690407605817,6410.68173354633,直连,,True
T018,巡航,S009>O01,6410.68173354633,6412.673059486843,直连,,True
T018,巡航,S009>O01,6412.673059486843,6414.664385427356,直连,,True
T018,巡航,S009>O01,6414.664385427356,6416.655711367869,直连,,True
T018,巡航,S009>O01,6416.655711367869,6418.647037308382,直连,,True
T018,巡航,S009>O01,6418.647037308382,6420.638363248895,直连,,True
T018,巡航,S009>O01,6420.638363248895,6422.629689189407,直连,,True
T018,巡航,S009>O01,6422.629689189407,6424.62101512992,直连,,True
T018,巡航,S009>O01,6424.62101512992,6426.612341070433,直连,,True
T018,巡航,S009>O01,6426.612341070433,6428.603667010946,直连,,True
T018,巡航,S009>O01,6428.603667010946,6430.594992951459,直连,,True
T018,巡航,S009>O01,6430.594992951459,6432.586318891972,直连,,True
T018,巡航,S009>O01,6432.586318891972,6434.577644832485,直连,,True
T018,巡航,S009>O01,6434.577644832485,6436.568970772998,直连,,True
T018,巡航,S009>O01,6436.568970772998,6438.560296713511,直连,,True
T018,巡航,S009>O01,6438.560296713511,6440.551622654023,直连,,True
T018,巡航,S009>O01,6440.551622654023,6442.542948594536,直连,,True
T018,巡航,S009>O01,6442.542948594536,6444.534274535049,直连,,True
T018,巡航,S009>O01,6444.534274535049,6446.525600475562,直连,,True
T018,巡航,S009>O01,6446.525600475562,6448.516926416075,直连,,True
T018,巡航,S009>O01,6448.516926416075,6450.508252356588,直连,,True
T018,巡航,S009>O01,6450.508252356588,6452.499578297101,直连,,True
T018,巡航,S009>O01,6452.499578297101,6454.490904237614,直连,,True
T018,巡航,S009>O01,6454.490904237614,6456.482230178126,直连,,True
T018,巡航,S009>O01,6456.482230178126,6458.473556118639,直连,,True
T018,巡航,S009>O01,6458.473556118639,6460.464882059152,直连,,True
T018,巡航,S009>O01,6460.464882059152,6462.456207999665,直连,,True
T018,巡航,S009>O01,6462.456207999665,6464.447533940178,直连,,True
T018,巡航,S009>O01,6464.447533940178,6466.438859880691,直连,,True
T018,巡航,S009>O01,6466.438859880691,6468.430185821204,直连,,True
T018,巡航,S009>O01,6468.430185821204,6470.421511761717,直连,,True
T018,巡航,S009>O01,6470.421511761717,6472.41283770223,直连,,True
T018,巡航,S009>O01,6472.41283770223,6474.404163642742,直连,,True
T018,巡航,S009>O01,6474.404163642742,6476.395489583255,直连,,True
T018,巡航,S009>O01,6476.395489583255,6478.386815523768,直连,,True
T018,巡航,S009>O01,6478.386815523768,6480.378141464281,直连,,True
T018,巡航,S009>O01,6480.378141464281,6482.369467404794,直连,,True
T018,巡航,S009>O01,6482.369467404794,6484.360793345307,直连,,True
T018,巡航,S009>O01,6484.360793345307,6486.35211928582,直连,,True
T018,巡航,S009>O01,6486.35211928582,6488.343445226333,直连,,True
T018,巡航,S009>O01,6488.343445226333,6490.334771166845,直连,,True
T018,巡航,S009>O01,6490.334771166845,6492.326097107358,直连,,True
T018,巡航,S009>O01,6492.326097107358,6494.317423047871,直连,,True
T018,巡航,S009>O01,6494.317423047871,6496.308748988384,直连,,True
T018,巡航,S009>O01,6496.308748988384,6498.300074928897,直连,,True
T018,巡航,S009>O01,6498.300074928897,6500.29140086941,直连,,True
T018,巡航,S009>O01,6500.29140086941,6502.282726809923,直连,,True
T018,巡航,S009>O01,6502.282726809923,6504.274052750436,直连,,True
T018,巡航,S009>O01,6504.274052750436,6506.265378690949,直连,,True
T018,巡航,S009>O01,6506.265378690949,6508.256704631461,直连,,True
T018,巡航,S009>O01,6508.256704631461,6510.248030571974,直连,,True
T018,巡航,S009>O01,6510.248030571974,6512.239356512487,直连,,True
T018,巡航,S009>O01,6512.239356512487,6514.230682453,直连,,True
T018,下降,S009>O01,6514.230682453,6525.265943276568,直连,,True
T018,下降,S009>O01,6525.265943276568,6536.301204100135,直连,,True
T018,下降,S009>O01,6536.301204100135,6547.336464923703,直连,,True
T018,下降,S009>O01,6547.336464923703,6558.371725747271,直连,,True
T018,下降,S009>O01,6558.371725747271,6569.406986570838,直连,,True
T018,下降,S009>O01,6569.406986570838,6580.442247394406,直连,,True
T019,爬升,O01>S010,390.0,399.3314101710464,直连,,True
T019,爬升,O01>S010,399.3314101710464,408.6628203420928,直连,,True
T019,爬升,O01>S010,408.6628203420928,417.9942305131392,直连,,True
T019,爬升,O01>S010,417.9942305131392,427.3256406841856,直连,,True
T019,爬升,O01>S010,427.3256406841856,436.657050855232,直连,,True
T019,爬升,O01>S010,436.657050855232,445.9884610262784,直连,,True
T019,爬升,O01>S010,445.9884610262784,455.3198711973248,直连,,True
T019,爬升,O01>S010,455.3198711973248,464.6512813683712,直连,,True
T019,爬升,O01>S010,464.6512813683712,473.9826915394176,直连,,True
T019,爬升,O01>S010,473.9826915394176,483.314101710464,直连,,True
T019,爬升,O01>S010,483.314101710464,492.6455118815104,直连,,True
T019,巡航,O01>S010,492.6455118815104,494.63904307995114,直连,,True
T019,巡航,O01>S010,494.63904307995114,496.6325742783918,直连,,True
T019,巡航,O01>S010,496.6325742783918,498.62610547683255,直连,,True
T019,巡航,O01>S010,498.62610547683255,500.6196366752732,直连,,True
T019,巡航,O01>S010,500.6196366752732,502.61316787371396,直连,,True
T019,巡航,O01>S010,502.61316787371396,504.60669907215464,直连,,True
T019,巡航,O01>S010,504.60669907215464,506.6002302705954,直连,,True
T019,巡航,O01>S010,506.6002302705954,508.59376146903605,直连,,True
T019,巡航,O01>S010,508.59376146903605,510.5872926674768,直连,,True
T019,巡航,O01>S010,510.5872926674768,512.5808238659175,直连,,True
T019,巡航,O01>S010,512.5808238659175,514.5743550643582,直连,,True
T019,巡航,O01>S010,514.5743550643582,516.5678862627989,直连,,True
T019,巡航,O01>S010,516.5678862627989,518.5614174612396,直连,,True
T019,巡航,O01>S010,518.5614174612396,520.5549486596803,直连,,True
T019,巡航,O01>S010,520.5549486596803,522.548479858121,直连,,True
T019,巡航,O01>S010,522.548479858121,524.5420110565617,直连,,True
T019,巡航,O01>S010,524.5420110565617,526.5355422550024,直连,,True
T019,巡航,O01>S010,526.5355422550024,528.5290734534432,直连,,True
T019,巡航,O01>S010,528.5290734534432,530.5226046518839,直连,,True
T019,巡航,O01>S010,530.5226046518839,532.5161358503245,直连,,True
T019,巡航,O01>S010,532.5161358503245,534.5096670487653,直连,,True
T019,巡航,O01>S010,534.5096670487653,536.503198247206,直连,,True
T019,巡航,O01>S010,536.503198247206,538.4967294456467,直连,,True
T019,巡航,O01>S010,538.4967294456467,540.4902606440874,直连,,True
T019,巡航,O01>S010,540.4902606440874,542.4837918425281,直连,,True
T019,巡航,O01>S010,542.4837918425281,544.4773230409688,直连,,True
T019,巡航,O01>S010,544.4773230409688,546.4708542394095,直连,,True
T019,巡航,O01>S010,546.4708542394095,548.4643854378502,直连,,True
T019,巡航,O01>S010,548.4643854378502,550.457916636291,直连,,True
T019,巡航,O01>S010,550.457916636291,552.4514478347317,直连,,True
T019,巡航,O01>S010,552.4514478347317,554.4449790331723,直连,,True
T019,巡航,O01>S010,554.4449790331723,556.438510231613,直连,,True
T019,巡航,O01>S010,556.438510231613,558.4320414300538,直连,,True
T019,巡航,O01>S010,558.4320414300538,560.4255726284945,直连,,True
T019,巡航,O01>S010,560.4255726284945,562.4191038269352,直连,,True
T019,巡航,O01>S010,562.4191038269352,564.412635025376,直连,,True
T019,巡航,O01>S010,564.412635025376,566.4061662238166,直连,,True
T019,巡航,O01>S010,566.4061662238166,568.3996974222573,直连,,True
T019,巡航,O01>S010,568.3996974222573,570.393228620698,直连,,True
T019,巡航,O01>S010,570.393228620698,572.3867598191387,直连,,True
T019,巡航,O01>S010,572.3867598191387,574.3802910175795,直连,,True
T019,巡航,O01>S010,574.3802910175795,576.3738222160201,直连,,True
T019,巡航,O01>S010,576.3738222160201,578.3673534144608,直连,,True
T019,巡航,O01>S010,578.3673534144608,580.3608846129016,直连,,True
T019,巡航,O01>S010,580.3608846129016,582.3544158113423,直连,,True
T019,巡航,O01>S010,582.3544158113423,584.347947009783,直连,,True
T019,巡航,O01>S010,584.347947009783,586.3414782082236,直连,,True
T019,巡航,O01>S010,586.3414782082236,588.3350094066644,直连,,True
T019,巡航,O01>S010,588.3350094066644,590.3285406051051,直连,,True
T019,巡航,O01>S010,590.3285406051051,592.3220718035458,直连,,True
T019,巡航,O01>S010,592.3220718035458,594.3156030019865,直连,,True
T019,巡航,O01>S010,594.3156030019865,596.3091342004273,直连,,True
T019,巡航,O01>S010,596.3091342004273,598.3026653988679,直连,,True
T019,巡航,O01>S010,598.3026653988679,600.2961965973086,直连,,True
T019,巡航,O01>S010,600.2961965973086,602.2897277957493,直连,,True
T019,巡航,O01>S010,602.2897277957493,604.2832589941901,直连,,True
T019,巡航,O01>S010,604.2832589941901,606.2767901926308,直连,,True
T019,巡航,O01>S010,606.2767901926308,608.2703213910714,直连,,True
T019,巡航,O01>S010,608.2703213910714,610.2638525895122,直连,,True
T019,巡航,O01>S010,610.2638525895122,612.2573837879529,直连,,True
T019,巡航,O01>S010,612.2573837879529,614.2509149863936,直连,,True
T019,巡航,O01>S010,614.2509149863936,616.2444461848343,直连,,True
T019,巡航,O01>S010,616.2444461848343,618.2379773832749,直连,,True
T019,巡航,O01>S010,618.2379773832749,620.2315085817157,直连,,True
T019,巡航,O01>S010,620.2315085817157,622.2250397801564,直连,,True
T019,巡航,O01>S010,622.2250397801564,624.2185709785971,直连,,True
T019,巡航,O01>S010,624.2185709785971,626.2121021770379,直连,,True
T019,巡航,O01>S010,626.2121021770379,628.2056333754786,直连,,True
T019,巡航,O01>S010,628.2056333754786,630.1991645739192,直连,,True
T019,巡航,O01>S010,630.1991645739192,632.1926957723599,直连,,True
T019,巡航,O01>S010,632.1926957723599,634.1862269708006,直连,,True
T019,巡航,O01>S010,634.1862269708006,636.1797581692414,直连,,True
T019,巡航,O01>S010,636.1797581692414,638.1732893676821,直连,,True
T019,巡航,O01>S010,638.1732893676821,640.1668205661229,直连,,True
T019,巡航,O01>S010,640.1668205661229,642.1603517645635,直连,,True
T019,巡航,O01>S010,642.1603517645635,644.1538829630042,直连,,True
T019,巡航,O01>S010,644.1538829630042,646.1474141614449,直连,,True
T019,巡航,O01>S010,646.1474141614449,648.1409453598856,直连,,True
T019,巡航,O01>S010,648.1409453598856,650.1344765583264,直连,,True
T019,巡航,O01>S010,650.1344765583264,652.128007756767,直连,,True
T019,巡航,O01>S010,652.128007756767,654.1215389552077,直连,,True
T019,巡航,O01>S010,654.1215389552077,656.1150701536485,直连,,True
T019,巡航,O01>S010,656.1150701536485,658.1086013520892,直连,,True
T019,巡航,O01>S010,658.1086013520892,660.1021325505299,直连,,True
T019,巡航,O01>S010,660.1021325505299,662.0956637489705,直连,,True
T019,巡航,O01>S010,662.0956637489705,664.0891949474112,直连,,True
T019,巡航,O01>S010,664.0891949474112,666.082726145852,直连,,True
T019,巡航,O01>S010,666.082726145852,668.0762573442927,直连,,True
T019,巡航,O01>S010,668.0762573442927,670.0697885427335,直连,,True
T019,巡航,O01>S010,670.0697885427335,672.0633197411742,直连,,True
T019,巡航,O01>S010,672.0633197411742,674.0568509396148,直连,,True
T019,巡航,O01>S010,674.0568509396148,676.0503821380555,直连,,True
T019,巡航,O01>S010,676.0503821380555,678.0439133364962,直连,,True
T019,巡航,O01>S010,678.0439133364962,680.037444534937,直连,,True
T019,巡航,O01>S010,680.037444534937,682.0309757333777,直连,,True
T019,巡航,O01>S010,682.0309757333777,684.0245069318183,直连,,True
T019,巡航,O01>S010,684.0245069318183,686.018038130259,直连,,True
T019,巡航,O01>S010,686.018038130259,688.0115693286998,直连,,True
T019,巡航,O01>S010,688.0115693286998,690.0051005271405,直连,,True
T019,巡航,O01>S010,690.0051005271405,691.9986317255812,直连,,True
T019,巡航,O01>S010,691.9986317255812,693.9921629240218,直连,,True
T019,巡航,O01>S010,693.9921629240218,695.9856941224626,直连,,True
T019,巡航,O01>S010,695.9856941224626,697.9792253209033,直连,,True
T019,巡航,O01>S010,697.9792253209033,699.972756519344,直连,,True
T019,巡航,O01>S010,699.972756519344,701.9662877177848,直连,,True
T019,巡航,O01>S010,701.9662877177848,703.9598189162255,直连,,True
T019,巡航,O01>S010,703.9598189162255,705.9533501146661,直连,,True
T019,巡航,O01>S010,705.9533501146661,707.9468813131068,直连,,True
T019,巡航,O01>S010,707.9468813131068,709.9404125115476,直连,,True
T019,巡航,O01>S010,709.9404125115476,711.9339437099883,直连,,True
T019,巡航,O01>S010,711.9339437099883,713.927474908429,直连,,True
T019,巡航,O01>S010,713.927474908429,715.9210061068696,直连,,True
T019,巡航,O01>S010,715.9210061068696,717.9145373053104,直连,,True
T019,巡航,O01>S010,717.9145373053104,719.9080685037511,直连,,True
T019,巡航,O01>S010,719.9080685037511,721.9015997021918,直连,,True
T019,巡航,O01>S010,721.9015997021918,723.8951309006325,直连,,True
T019,巡航,O01>S010,723.8951309006325,725.8886620990731,直连,,True
T019,巡航,O01>S010,725.8886620990731,727.8821932975139,直连,,True
T019,巡航,O01>S010,727.8821932975139,729.8757244959546,直连,,True
T019,巡航,O01>S010,729.8757244959546,731.8692556943954,直连,,True
T019,巡航,O01>S010,731.8692556943954,733.8627868928361,直连,,True
T019,巡航,O01>S010,733.8627868928361,735.8563180912768,直连,,True
T019,巡航,O01>S010,735.8563180912768,737.8498492897174,直连,,True
T019,巡航,O01>S010,737.8498492897174,739.8433804881581,直连,,True
T019,巡航,O01>S010,739.8433804881581,741.8369116865989,直连,,True
T019,巡航,O01>S010,741.8369116865989,743.8304428850396,直连,,True
T019,巡航,O01>S010,743.8304428850396,745.8239740834803,直连,,True
T019,巡航,O01>S010,745.8239740834803,747.8175052819211,直连,,True
T019,巡航,O01>S010,747.8175052819211,749.8110364803617,直连,,True
T019,巡航,O01>S010,749.8110364803617,751.8045676788024,直连,,True
T019,巡航,O01>S010,751.8045676788024,753.7980988772431,直连,,True
T019,巡航,O01>S010,753.7980988772431,755.7916300756838,中继兜底,R-S04,True
T019,巡航,O01>S010,755.7916300756838,757.7851612741246,中继兜底,R-S04,True
T019,巡航,O01>S010,757.7851612741246,759.7786924725652,中继兜底,R-S04,True
T019,巡航,O01>S010,759.7786924725652,761.772223671006,中继兜底,R-S04,True
T019,巡航,O01>S010,761.772223671006,763.7657548694467,中继兜底,R-S04,True
T019,巡航,O01>S010,763.7657548694467,765.7592860678874,中继兜底,R-S04,True
T019,巡航,O01>S010,765.7592860678874,767.7528172663281,中继兜底,R-S04,True
T019,巡航,O01>S010,767.7528172663281,769.7463484647687,中继兜底,R-S04,True
T019,巡航,O01>S010,769.7463484647687,771.7398796632095,中继兜底,R-S04,True
T019,巡航,O01>S010,771.7398796632095,773.7334108616502,中继兜底,R-S04,True
T019,巡航,O01>S010,773.7334108616502,775.7269420600909,中继兜底,R-S04,True
T019,巡航,O01>S010,775.7269420600909,777.7204732585317,中继兜底,R-S04,True
T019,巡航,O01>S010,777.7204732585317,779.7140044569724,中继兜底,R-S04,True
T019,巡航,O01>S010,779.7140044569724,781.707535655413,中继兜底,R-S04,True
T019,巡航,O01>S010,781.707535655413,783.7010668538537,中继兜底,R-S04,True
T019,巡航,O01>S010,783.7010668538537,785.6945980522944,中继兜底,R-S04,True
T019,巡航,O01>S010,785.6945980522944,787.6881292507352,中继兜底,R-S04,True
T019,巡航,O01>S010,787.6881292507352,789.6816604491759,中继兜底,R-S04,True
T019,巡航,O01>S010,789.6816604491759,791.6751916476167,中继兜底,R-S04,True
T019,巡航,O01>S010,791.6751916476167,793.6687228460573,中继兜底,R-S04,True
T019,巡航,O01>S010,793.6687228460573,795.662254044498,中继兜底,R-S04,True
T019,巡航,O01>S010,795.662254044498,797.6557852429387,中继兜底,R-S04,True
T019,巡航,O01>S010,797.6557852429387,799.6493164413794,中继兜底,R-S04,True
T019,巡航,O01>S010,799.6493164413794,801.64284763982,中继兜底,R-S04,True
T019,巡航,O01>S010,801.64284763982,803.6363788382608,中继兜底,R-S04,True
T019,巡航,O01>S010,803.6363788382608,805.6299100367015,中继兜底,R-S04,True
T019,巡航,O01>S010,805.6299100367015,807.6234412351423,中继兜底,R-S04,True
T019,巡航,O01>S010,807.6234412351423,809.616972433583,中继兜底,R-S04,True
T019,巡航,O01>S010,809.616972433583,811.6105036320237,中继兜底,R-S04,True
T019,下降,O01>S010,811.6105036320237,822.8153750512945,中继兜底,R-S04,True
T019,下降,O01>S010,822.8153750512945,834.0202464705653,中继兜底,R-S04,True
T019,下降,O01>S010,834.0202464705653,845.2251178898362,中继兜底,R-S04,True
T019,投送,S010,845.2251178898362,1085.2251178898362,中继兜底,R-S04,True
T019,爬升,S010>O01,1085.2251178898362,1094.5625107392286,中继兜底,R-S04,True
T019,爬升,S010>O01,1094.5625107392286,1103.8999035886209,中继兜底,R-S04,True
T019,爬升,S010>O01,1103.8999035886209,1113.2372964380133,中继兜底,R-S04,True
T019,巡航,S010>O01,1113.2372964380133,1115.230827636454,中继兜底,R-S04,True
T019,巡航,S010>O01,1115.230827636454,1117.2243588348947,中继兜底,R-S04,True
T019,巡航,S010>O01,1117.2243588348947,1119.2178900333354,中继兜底,R-S04,True
T019,巡航,S010>O01,1119.2178900333354,1121.2114212317763,中继兜底,R-S04,True
T019,巡航,S010>O01,1121.2114212317763,1123.204952430217,中继兜底,R-S04,True
T019,巡航,S010>O01,1123.204952430217,1125.1984836286576,中继兜底,R-S04,True
T019,巡航,S010>O01,1125.1984836286576,1127.1920148270983,中继兜底,R-S04,True
T019,巡航,S010>O01,1127.1920148270983,1129.185546025539,中继兜底,R-S04,True
T019,巡航,S010>O01,1129.185546025539,1131.1790772239797,中继兜底,R-S04,True
T019,巡航,S010>O01,1131.1790772239797,1133.1726084224204,中继兜底,R-S04,True
T019,巡航,S010>O01,1133.1726084224204,1135.166139620861,中继兜底,R-S04,True
T019,巡航,S010>O01,1135.166139620861,1137.159670819302,中继兜底,R-S04,True
T019,巡航,S010>O01,1137.159670819302,1139.1532020177426,中继兜底,R-S04,True
T019,巡航,S010>O01,1139.1532020177426,1141.1467332161833,中继兜底,R-S04,True
T019,巡航,S010>O01,1141.1467332161833,1143.140264414624,中继兜底,R-S04,True
T019,巡航,S010>O01,1143.140264414624,1145.1337956130646,中继兜底,R-S04,True
T019,巡航,S010>O01,1145.1337956130646,1147.1273268115053,中继兜底,R-S04,True
T019,巡航,S010>O01,1147.1273268115053,1149.120858009946,中继兜底,R-S04,True
T019,巡航,S010>O01,1149.120858009946,1151.114389208387,中继兜底,R-S04,True
T019,巡航,S010>O01,1151.114389208387,1153.1079204068276,中继兜底,R-S04,True
T019,巡航,S010>O01,1153.1079204068276,1155.1014516052683,中继兜底,R-S04,True
T019,巡航,S010>O01,1155.1014516052683,1157.094982803709,中继兜底,R-S04,True
T019,巡航,S010>O01,1157.094982803709,1159.0885140021496,中继兜底,R-S04,True
T019,巡航,S010>O01,1159.0885140021496,1161.0820452005903,中继兜底,R-S04,True
T019,巡航,S010>O01,1161.0820452005903,1163.075576399031,中继兜底,R-S04,True
T019,巡航,S010>O01,1163.075576399031,1165.0691075974717,中继兜底,R-S04,True
T019,巡航,S010>O01,1165.0691075974717,1167.0626387959126,中继兜底,R-S04,True
T019,巡航,S010>O01,1167.0626387959126,1169.0561699943532,中继兜底,R-S04,True
T019,巡航,S010>O01,1169.0561699943532,1171.049701192794,中继兜底,R-S04,True
T019,巡航,S010>O01,1171.049701192794,1173.0432323912346,直连,,True
T019,巡航,S010>O01,1173.0432323912346,1175.0367635896753,直连,,True
T019,巡航,S010>O01,1175.0367635896753,1177.030294788116,直连,,True
T019,巡航,S010>O01,1177.030294788116,1179.0238259865566,直连,,True
T019,巡航,S010>O01,1179.0238259865566,1181.0173571849973,直连,,True
T019,巡航,S010>O01,1181.0173571849973,1183.0108883834382,直连,,True
T019,巡航,S010>O01,1183.0108883834382,1185.004419581879,直连,,True
T019,巡航,S010>O01,1185.004419581879,1186.9979507803196,直连,,True
T019,巡航,S010>O01,1186.9979507803196,1188.9914819787602,直连,,True
T019,巡航,S010>O01,1188.9914819787602,1190.985013177201,直连,,True
T019,巡航,S010>O01,1190.985013177201,1192.9785443756416,直连,,True
T019,巡航,S010>O01,1192.9785443756416,1194.9720755740823,直连,,True
T019,巡航,S010>O01,1194.9720755740823,1196.9656067725232,直连,,True
T019,巡航,S010>O01,1196.9656067725232,1198.9591379709639,直连,,True
T019,巡航,S010>O01,1198.9591379709639,1200.9526691694045,直连,,True
T019,巡航,S010>O01,1200.9526691694045,1202.9462003678452,直连,,True
T019,巡航,S010>O01,1202.9462003678452,1204.939731566286,直连,,True
T019,巡航,S010>O01,1204.939731566286,1206.9332627647266,直连,,True
T019,巡航,S010>O01,1206.9332627647266,1208.9267939631673,直连,,True
T019,巡航,S010>O01,1208.9267939631673,1210.920325161608,直连,,True
T019,巡航,S010>O01,1210.920325161608,1212.9138563600488,直连,,True
T019,巡航,S010>O01,1212.9138563600488,1214.9073875584895,直连,,True
T019,巡航,S010>O01,1214.9073875584895,1216.9009187569302,直连,,True
T019,巡航,S010>O01,1216.9009187569302,1218.8944499553709,直连,,True
T019,巡航,S010>O01,1218.8944499553709,1220.8879811538116,直连,,True
T019,巡航,S010>O01,1220.8879811538116,1222.8815123522522,直连,,True
T019,巡航,S010>O01,1222.8815123522522,1224.875043550693,直连,,True
T019,巡航,S010>O01,1224.875043550693,1226.8685747491336,直连,,True
T019,巡航,S010>O01,1226.8685747491336,1228.8621059475745,直连,,True
T019,巡航,S010>O01,1228.8621059475745,1230.8556371460152,直连,,True
T019,巡航,S010>O01,1230.8556371460152,1232.8491683444558,直连,,True
T019,巡航,S010>O01,1232.8491683444558,1234.8426995428965,直连,,True
T019,巡航,S010>O01,1234.8426995428965,1236.8362307413372,直连,,True
T019,巡航,S010>O01,1236.8362307413372,1238.8297619397779,直连,,True
T019,巡航,S010>O01,1238.8297619397779,1240.8232931382186,直连,,True
T019,巡航,S010>O01,1240.8232931382186,1242.8168243366595,直连,,True
T019,巡航,S010>O01,1242.8168243366595,1244.8103555351001,直连,,True
T019,巡航,S010>O01,1244.8103555351001,1246.8038867335408,直连,,True
T019,巡航,S010>O01,1246.8038867335408,1248.7974179319815,直连,,True
T019,巡航,S010>O01,1248.7974179319815,1250.7909491304222,直连,,True
T019,巡航,S010>O01,1250.7909491304222,1252.7844803288629,直连,,True
T019,巡航,S010>O01,1252.7844803288629,1254.7780115273035,直连,,True
T019,巡航,S010>O01,1254.7780115273035,1256.7715427257444,直连,,True
T019,巡航,S010>O01,1256.7715427257444,1258.7650739241851,直连,,True
T019,巡航,S010>O01,1258.7650739241851,1260.7586051226258,直连,,True
T019,巡航,S010>O01,1260.7586051226258,1262.7521363210665,直连,,True
T019,巡航,S010>O01,1262.7521363210665,1264.7456675195072,直连,,True
T019,巡航,S010>O01,1264.7456675195072,1266.7391987179478,直连,,True
T019,巡航,S010>O01,1266.7391987179478,1268.7327299163885,直连,,True
T019,巡航,S010>O01,1268.7327299163885,1270.7262611148292,直连,,True
T019,巡航,S010>O01,1270.7262611148292,1272.7197923132699,直连,,True
T019,巡航,S010>O01,1272.7197923132699,1274.7133235117108,直连,,True
T019,巡航,S010>O01,1274.7133235117108,1276.7068547101514,直连,,True
T019,巡航,S010>O01,1276.7068547101514,1278.7003859085921,直连,,True
T019,巡航,S010>O01,1278.7003859085921,1280.6939171070328,直连,,True
T019,巡航,S010>O01,1280.6939171070328,1282.6874483054735,直连,,True
T019,巡航,S010>O01,1282.6874483054735,1284.6809795039142,直连,,True
T019,巡航,S010>O01,1284.6809795039142,1286.6745107023548,直连,,True
T019,巡航,S010>O01,1286.6745107023548,1288.6680419007957,直连,,True
T019,巡航,S010>O01,1288.6680419007957,1290.6615730992364,直连,,True
T019,巡航,S010>O01,1290.6615730992364,1292.655104297677,直连,,True
T019,巡航,S010>O01,1292.655104297677,1294.6486354961178,直连,,True
T019,巡航,S010>O01,1294.6486354961178,1296.6421666945585,直连,,True
T019,巡航,S010>O01,1296.6421666945585,1298.6356978929991,直连,,True
T019,巡航,S010>O01,1298.6356978929991,1300.6292290914398,直连,,True
T019,巡航,S010>O01,1300.6292290914398,1302.6227602898807,直连,,True
T019,巡航,S010>O01,1302.6227602898807,1304.6162914883214,直连,,True
T019,巡航,S010>O01,1304.6162914883214,1306.609822686762,直连,,True
T019,巡航,S010>O01,1306.609822686762,1308.6033538852028,直连,,True
T019,巡航,S010>O01,1308.6033538852028,1310.5968850836434,直连,,True
T019,巡航,S010>O01,1310.5968850836434,1312.590416282084,直连,,True
T019,巡航,S010>O01,1312.590416282084,1314.5839474805248,直连,,True
T019,巡航,S010>O01,1314.5839474805248,1316.5774786789655,直连,,True
T019,巡航,S010>O01,1316.5774786789655,1318.5710098774064,直连,,True
T019,巡航,S010>O01,1318.5710098774064,1320.564541075847,直连,,True
T019,巡航,S010>O01,1320.564541075847,1322.5580722742877,直连,,True
T019,巡航,S010>O01,1322.5580722742877,1324.5516034727284,直连,,True
T019,巡航,S010>O01,1324.5516034727284,1326.545134671169,直连,,True
T019,巡航,S010>O01,1326.545134671169,1328.5386658696098,直连,,True
T019,巡航,S010>O01,1328.5386658696098,1330.5321970680504,直连,,True
T019,巡航,S010>O01,1330.5321970680504,1332.5257282664911,直连,,True
T019,巡航,S010>O01,1332.5257282664911,1334.519259464932,直连,,True
T019,巡航,S010>O01,1334.519259464932,1336.5127906633727,直连,,True
T019,巡航,S010>O01,1336.5127906633727,1338.5063218618134,直连,,True
T019,巡航,S010>O01,1338.5063218618134,1340.499853060254,直连,,True
T019,巡航,S010>O01,1340.499853060254,1342.4933842586947,直连,,True
T019,巡航,S010>O01,1342.4933842586947,1344.4869154571354,直连,,True
T019,巡航,S010>O01,1344.4869154571354,1346.480446655576,直连,,True
T019,巡航,S010>O01,1346.480446655576,1348.473977854017,直连,,True
T019,巡航,S010>O01,1348.473977854017,1350.4675090524577,直连,,True
T019,巡航,S010>O01,1350.4675090524577,1352.4610402508983,直连,,True
T019,巡航,S010>O01,1352.4610402508983,1354.454571449339,直连,,True
T019,巡航,S010>O01,1354.454571449339,1356.4481026477797,直连,,True
T019,巡航,S010>O01,1356.4481026477797,1358.4416338462204,直连,,True
T019,巡航,S010>O01,1358.4416338462204,1360.435165044661,直连,,True
T019,巡航,S010>O01,1360.435165044661,1362.4286962431017,直连,,True
T019,巡航,S010>O01,1362.4286962431017,1364.4222274415424,直连,,True
T019,巡航,S010>O01,1364.4222274415424,1366.4157586399833,直连,,True
T019,巡航,S010>O01,1366.4157586399833,1368.409289838424,直连,,True
T019,巡航,S010>O01,1368.409289838424,1370.4028210368647,直连,,True
T019,巡航,S010>O01,1370.4028210368647,1372.3963522353054,直连,,True
T019,巡航,S010>O01,1372.3963522353054,1374.389883433746,直连,,True
T019,巡航,S010>O01,1374.389883433746,1376.3834146321867,直连,,True
T019,巡航,S010>O01,1376.3834146321867,1378.3769458306274,直连,,True
T019,巡航,S010>O01,1378.3769458306274,1380.3704770290683,直连,,True
T019,巡航,S010>O01,1380.3704770290683,1382.364008227509,直连,,True
T019,巡航,S010>O01,1382.364008227509,1384.3575394259497,直连,,True
T019,巡航,S010>O01,1384.3575394259497,1386.3510706243903,直连,,True
T019,巡航,S010>O01,1386.3510706243903,1388.344601822831,直连,,True
T019,巡航,S010>O01,1388.344601822831,1390.3381330212717,直连,,True
T019,巡航,S010>O01,1390.3381330212717,1392.3316642197124,直连,,True
T019,巡航,S010>O01,1392.3316642197124,1394.3251954181533,直连,,True
T019,巡航,S010>O01,1394.3251954181533,1396.3187266165937,直连,,True
T019,巡航,S010>O01,1396.3187266165937,1398.3122578150346,直连,,True
T019,巡航,S010>O01,1398.3122578150346,1400.3057890134753,直连,,True
T019,巡航,S010>O01,1400.3057890134753,1402.299320211916,直连,,True
T019,巡航,S010>O01,1402.299320211916,1404.2928514103567,直连,,True
T019,巡航,S010>O01,1404.2928514103567,1406.2863826087973,直连,,True
T019,巡航,S010>O01,1406.2863826087973,1408.2799138072382,直连,,True
T019,巡航,S010>O01,1408.2799138072382,1410.2734450056787,直连,,True
T019,巡航,S010>O01,1410.2734450056787,1412.2669762041196,直连,,True
T019,巡航,S010>O01,1412.2669762041196,1414.2605074025603,直连,,True
T019,巡航,S010>O01,1414.2605074025603,1416.254038601001,直连,,True
T019,巡航,S010>O01,1416.254038601001,1418.2475697994416,直连,,True
T019,巡航,S010>O01,1418.2475697994416,1420.2411009978823,直连,,True
T019,巡航,S010>O01,1420.2411009978823,1422.234632196323,直连,,True
T019,巡航,S010>O01,1422.234632196323,1424.2281633947637,直连,,True
T019,巡航,S010>O01,1424.2281633947637,1426.2216945932046,直连,,True
T019,巡航,S010>O01,1426.2216945932046,1428.2152257916453,直连,,True
T019,巡航,S010>O01,1428.2152257916453,1430.208756990086,直连,,True
T019,巡航,S010>O01,1430.208756990086,1432.2022881885266,直连,,True
T019,下降,S010>O01,1432.2022881885266,1443.3999803937822,直连,,True
T019,下降,S010>O01,1443.3999803937822,1454.5976725990379,直连,,True
T019,下降,S010>O01,1454.5976725990379,1465.7953648042937,直连,,True
T019,下降,S010>O01,1465.7953648042937,1476.9930570095494,直连,,True
T019,下降,S010>O01,1476.9930570095494,1488.190749214805,直连,,True
T019,下降,S010>O01,1488.190749214805,1499.3884414200606,直连,,True
T019,下降,S010>O01,1499.3884414200606,1510.5861336253163,直连,,True
T019,下降,S010>O01,1510.5861336253163,1521.783825830572,直连,,True
T019,下降,S010>O01,1521.783825830572,1532.9815180358278,直连,,True
T019,下降,S010>O01,1532.9815180358278,1544.1792102410834,直连,,True
T019,下降,S010>O01,1544.1792102410834,1555.376902446339,直连,,True
T020,爬升,O01>S011,10157.0,10166.314541965061,直连,,True
T020,爬升,O01>S011,10166.314541965061,10175.629083930122,直连,,True
T020,爬升,O01>S011,10175.629083930122,10184.943625895183,直连,,True
T020,爬升,O01>S011,10184.943625895183,10194.258167860242,直连,,True
T020,爬升,O01>S011,10194.258167860242,10203.572709825303,直连,,True
T020,爬升,O01>S011,10203.572709825303,10212.887251790364,直连,,True
T020,巡航,O01>S011,10212.887251790364,10214.878810702956,直连,,True
T020,巡航,O01>S011,10214.878810702956,10216.870369615548,直连,,True
T020,巡航,O01>S011,10216.870369615548,10218.861928528142,直连,,True
T020,巡航,O01>S011,10218.861928528142,10220.853487440734,直连,,True
T020,巡航,O01>S011,10220.853487440734,10222.845046353326,直连,,True
T020,巡航,O01>S011,10222.845046353326,10224.836605265918,直连,,True
T020,巡航,O01>S011,10224.836605265918,10226.82816417851,直连,,True
T020,巡航,O01>S011,10226.82816417851,10228.819723091103,直连,,True
T020,巡航,O01>S011,10228.819723091103,10230.811282003697,直连,,True
T020,巡航,O01>S011,10230.811282003697,10232.802840916289,直连,,True
T020,巡航,O01>S011,10232.802840916289,10234.794399828881,直连,,True
T020,巡航,O01>S011,10234.794399828881,10236.785958741473,直连,,True
T020,巡航,O01>S011,10236.785958741473,10238.777517654065,直连,,True
T020,巡航,O01>S011,10238.777517654065,10240.76907656666,直连,,True
T020,巡航,O01>S011,10240.76907656666,10242.760635479252,直连,,True
T020,巡航,O01>S011,10242.760635479252,10244.752194391844,直连,,True
T020,巡航,O01>S011,10244.752194391844,10246.743753304436,直连,,True
T020,巡航,O01>S011,10246.743753304436,10248.735312217028,直连,,True
T020,巡航,O01>S011,10248.735312217028,10250.72687112962,直连,,True
T020,巡航,O01>S011,10250.72687112962,10252.718430042214,直连,,True
T020,巡航,O01>S011,10252.718430042214,10254.709988954806,直连,,True
T020,巡航,O01>S011,10254.709988954806,10256.701547867398,直连,,True
T020,巡航,O01>S011,10256.701547867398,10258.69310677999,直连,,True
T020,巡航,O01>S011,10258.69310677999,10260.684665692583,直连,,True
T020,巡航,O01>S011,10260.684665692583,10262.676224605177,直连,,True
T020,巡航,O01>S011,10262.676224605177,10264.667783517769,直连,,True
T020,巡航,O01>S011,10264.667783517769,10266.659342430361,直连,,True
T020,巡航,O01>S011,10266.659342430361,10268.650901342953,直连,,True
T020,巡航,O01>S011,10268.650901342953,10270.642460255545,直连,,True
T020,巡航,O01>S011,10270.642460255545,10272.634019168137,直连,,True
T020,巡航,O01>S011,10272.634019168137,10274.625578080731,直连,,True
T020,巡航,O01>S011,10274.625578080731,10276.617136993324,直连,,True
T020,巡航,O01>S011,10276.617136993324,10278.608695905916,直连,,True
T020,巡航,O01>S011,10278.608695905916,10280.600254818508,直连,,True
T020,巡航,O01>S011,10280.600254818508,10282.5918137311,直连,,True
T020,巡航,O01>S011,10282.5918137311,10284.583372643694,直连,,True
T020,巡航,O01>S011,10284.583372643694,10286.574931556286,直连,,True
T020,巡航,O01>S011,10286.574931556286,10288.566490468878,直连,,True
T020,巡航,O01>S011,10288.566490468878,10290.55804938147,直连,,True
T020,巡航,O01>S011,10290.55804938147,10292.549608294063,直连,,True
T020,巡航,O01>S011,10292.549608294063,10294.541167206655,直连,,True
T020,巡航,O01>S011,10294.541167206655,10296.532726119249,直连,,True
T020,巡航,O01>S011,10296.532726119249,10298.524285031841,直连,,True
T020,巡航,O01>S011,10298.524285031841,10300.515843944433,直连,,True
T020,巡航,O01>S011,10300.515843944433,10302.507402857025,直连,,True
T020,巡航,O01>S011,10302.507402857025,10304.498961769617,直连,,True
T020,巡航,O01>S011,10304.498961769617,10306.490520682211,直连,,True
T020,巡航,O01>S011,10306.490520682211,10308.482079594804,直连,,True
T020,巡航,O01>S011,10308.482079594804,10310.473638507396,直连,,True
T020,巡航,O01>S011,10310.473638507396,10312.465197419988,直连,,True
T020,巡航,O01>S011,10312.465197419988,10314.45675633258,直连,,True
T020,巡航,O01>S011,10314.45675633258,10316.448315245172,直连,,True
T020,巡航,O01>S011,10316.448315245172,10318.439874157766,直连,,True
T020,巡航,O01>S011,10318.439874157766,10320.431433070358,直连,,True
T020,巡航,O01>S011,10320.431433070358,10322.42299198295,直连,,True
T020,巡航,O01>S011,10322.42299198295,10324.414550895543,直连,,True
T020,巡航,O01>S011,10324.414550895543,10326.406109808135,直连,,True
T020,巡航,O01>S011,10326.406109808135,10328.397668720727,直连,,True
T020,巡航,O01>S011,10328.397668720727,10330.38922763332,直连,,True
T020,巡航,O01>S011,10330.38922763332,10332.380786545913,直连,,True
T020,巡航,O01>S011,10332.380786545913,10334.372345458505,直连,,True
T020,巡航,O01>S011,10334.372345458505,10336.363904371097,直连,,True
T020,巡航,O01>S011,10336.363904371097,10338.35546328369,直连,,True
T020,巡航,O01>S011,10338.35546328369,10340.347022196283,直连,,True
T020,巡航,O01>S011,10340.347022196283,10342.338581108876,直连,,True
T020,巡航,O01>S011,10342.338581108876,10344.330140021468,直连,,True
T020,巡航,O01>S011,10344.330140021468,10346.32169893406,直连,,True
T020,巡航,O01>S011,10346.32169893406,10348.313257846652,直连,,True
T020,巡航,O01>S011,10348.313257846652,10350.304816759244,直连,,True
T020,巡航,O01>S011,10350.304816759244,10352.296375671838,直连,,True
T020,巡航,O01>S011,10352.296375671838,10354.28793458443,直连,,True
T020,巡航,O01>S011,10354.28793458443,10356.279493497022,直连,,True
T020,巡航,O01>S011,10356.279493497022,10358.271052409615,直连,,True
T020,巡航,O01>S011,10358.271052409615,10360.262611322207,直连,,True
T020,巡航,O01>S011,10360.262611322207,10362.2541702348,直连,,True
T020,巡航,O01>S011,10362.2541702348,10364.245729147393,直连,,True
T020,巡航,O01>S011,10364.245729147393,10366.237288059985,直连,,True
T020,巡航,O01>S011,10366.237288059985,10368.228846972577,直连,,True
T020,巡航,O01>S011,10368.228846972577,10370.22040588517,直连,,True
T020,巡航,O01>S011,10370.22040588517,10372.211964797762,直连,,True
T020,巡航,O01>S011,10372.211964797762,10374.203523710356,直连,,True
T020,巡航,O01>S011,10374.203523710356,10376.195082622948,直连,,True
T020,巡航,O01>S011,10376.195082622948,10378.18664153554,直连,,True
T020,巡航,O01>S011,10378.18664153554,10380.178200448132,直连,,True
T020,巡航,O01>S011,10380.178200448132,10382.169759360724,直连,,True
T020,巡航,O01>S011,10382.169759360724,10384.161318273318,直连,,True
T020,巡航,O01>S011,10384.161318273318,10386.15287718591,直连,,True
T020,巡航,O01>S011,10386.15287718591,10388.144436098502,直连,,True
T020,巡航,O01>S011,10388.144436098502,10390.135995011095,直连,,True
T020,巡航,O01>S011,10390.135995011095,10392.127553923687,直连,,True
T020,巡航,O01>S011,10392.127553923687,10394.119112836279,直连,,True
T020,巡航,O01>S011,10394.119112836279,10396.110671748873,直连,,True
T020,巡航,O01>S011,10396.110671748873,10398.102230661465,直连,,True
T020,巡航,O01>S011,10398.102230661465,10400.093789574057,直连,,True
T020,下降,O01>S011,10400.093789574057,10411.19535695687,直连,,True
T020,下降,O01>S011,10411.19535695687,10422.296924339682,直连,,True
T020,下降,O01>S011,10422.296924339682,10433.398491722495,直连,,True
T020,投送,S011,10433.398491722495,10673.398491722495,直连,,True
T020,爬升,S011>O01,10673.398491722495,10682.64979787484,直连,,True
T020,爬升,S011>O01,10682.64979787484,10691.901104027182,直连,,True
T020,爬升,S011>O01,10691.901104027182,10701.152410179526,直连,,True
T020,巡航,S011>O01,10701.152410179526,10703.143969092118,直连,,True
T020,巡航,S011>O01,10703.143969092118,10705.13552800471,直连,,True
T020,巡航,S011>O01,10705.13552800471,10707.127086917304,直连,,True
T020,巡航,S011>O01,10707.127086917304,10709.118645829896,直连,,True
T020,巡航,S011>O01,10709.118645829896,10711.110204742488,直连,,True
T020,巡航,S011>O01,10711.110204742488,10713.10176365508,直连,,True
T020,巡航,S011>O01,10713.10176365508,10715.093322567673,直连,,True
T020,巡航,S011>O01,10715.093322567673,10717.084881480265,直连,,True
T020,巡航,S011>O01,10717.084881480265,10719.076440392859,直连,,True
T020,巡航,S011>O01,10719.076440392859,10721.067999305451,直连,,True
T020,巡航,S011>O01,10721.067999305451,10723.059558218043,直连,,True
T020,巡航,S011>O01,10723.059558218043,10725.051117130635,直连,,True
T020,巡航,S011>O01,10725.051117130635,10727.042676043227,直连,,True
T020,巡航,S011>O01,10727.042676043227,10729.034234955821,直连,,True
T020,巡航,S011>O01,10729.034234955821,10731.025793868414,直连,,True
T020,巡航,S011>O01,10731.025793868414,10733.017352781006,直连,,True
T020,巡航,S011>O01,10733.017352781006,10735.008911693598,直连,,True
T020,巡航,S011>O01,10735.008911693598,10737.00047060619,直连,,True
T020,巡航,S011>O01,10737.00047060619,10738.992029518782,直连,,True
T020,巡航,S011>O01,10738.992029518782,10740.983588431376,直连,,True
T020,巡航,S011>O01,10740.983588431376,10742.975147343968,直连,,True
T020,巡航,S011>O01,10742.975147343968,10744.96670625656,直连,,True
T020,巡航,S011>O01,10744.96670625656,10746.958265169153,直连,,True
T020,巡航,S011>O01,10746.958265169153,10748.949824081745,直连,,True
T020,巡航,S011>O01,10748.949824081745,10750.941382994339,直连,,True
T020,巡航,S011>O01,10750.941382994339,10752.93294190693,直连,,True
T020,巡航,S011>O01,10752.93294190693,10754.924500819523,直连,,True
T020,巡航,S011>O01,10754.924500819523,10756.916059732115,直连,,True
T020,巡航,S011>O01,10756.916059732115,10758.907618644707,直连,,True
T020,巡航,S011>O01,10758.907618644707,10760.8991775573,直连,,True
T020,巡航,S011>O01,10760.8991775573,10762.890736469893,直连,,True
T020,巡航,S011>O01,10762.890736469893,10764.882295382486,直连,,True
T020,巡航,S011>O01,10764.882295382486,10766.873854295078,直连,,True
T020,巡航,S011>O01,10766.873854295078,10768.86541320767,直连,,True
T020,巡航,S011>O01,10768.86541320767,10770.856972120262,直连,,True
T020,巡航,S011>O01,10770.856972120262,10772.848531032856,直连,,True
T020,巡航,S011>O01,10772.848531032856,10774.840089945448,直连,,True
T020,巡航,S011>O01,10774.840089945448,10776.83164885804,直连,,True
T020,巡航,S011>O01,10776.83164885804,10778.823207770633,直连,,True
T020,巡航,S011>O01,10778.823207770633,10780.814766683225,直连,,True
T020,巡航,S011>O01,10780.814766683225,10782.806325595817,直连,,True
T020,巡航,S011>O01,10782.806325595817,10784.79788450841,直连,,True
T020,巡航,S011>O01,10784.79788450841,10786.789443421003,直连,,True
T020,巡航,S011>O01,10786.789443421003,10788.781002333595,直连,,True
T020,巡航,S011>O01,10788.781002333595,10790.772561246187,直连,,True
T020,巡航,S011>O01,10790.772561246187,10792.76412015878,直连,,True
T020,巡航,S011>O01,10792.76412015878,10794.755679071372,直连,,True
T020,巡航,S011>O01,10794.755679071372,10796.747237983966,直连,,True
T020,巡航,S011>O01,10796.747237983966,10798.738796896558,直连,,True
T020,巡航,S011>O01,10798.738796896558,10800.73035580915,直连,,True
T020,巡航,S011>O01,10800.73035580915,10802.721914721742,直连,,True
T020,巡航,S011>O01,10802.721914721742,10804.713473634334,直连,,True
T020,巡航,S011>O01,10804.713473634334,10806.705032546928,直连,,True
T020,巡航,S011>O01,10806.705032546928,10808.69659145952,直连,,True
T020,巡航,S011>O01,10808.69659145952,10810.688150372112,直连,,True
T020,巡航,S011>O01,10810.688150372112,10812.679709284705,直连,,True
T020,巡航,S011>O01,10812.679709284705,10814.671268197297,直连,,True
T020,巡航,S011>O01,10814.671268197297,10816.662827109889,直连,,True
T020,巡航,S011>O01,10816.662827109889,10818.654386022483,直连,,True
T020,巡航,S011>O01,10818.654386022483,10820.645944935075,直连,,True
T020,巡航,S011>O01,10820.645944935075,10822.637503847667,直连,,True
T020,巡航,S011>O01,10822.637503847667,10824.62906276026,直连,,True
T020,巡航,S011>O01,10824.62906276026,10826.620621672851,直连,,True
T020,巡航,S011>O01,10826.620621672851,10828.612180585445,直连,,True
T020,巡航,S011>O01,10828.612180585445,10830.603739498038,直连,,True
T020,巡航,S011>O01,10830.603739498038,10832.59529841063,直连,,True
T020,巡航,S011>O01,10832.59529841063,10834.586857323222,直连,,True
T020,巡航,S011>O01,10834.586857323222,10836.578416235814,直连,,True
T020,巡航,S011>O01,10836.578416235814,10838.569975148406,直连,,True
T020,巡航,S011>O01,10838.569975148406,10840.561534061,直连,,True
T020,巡航,S011>O01,10840.561534061,10842.553092973592,直连,,True
T020,巡航,S011>O01,10842.553092973592,10844.544651886185,直连,,True
T020,巡航,S011>O01,10844.544651886185,10846.536210798777,直连,,True
T020,巡航,S011>O01,10846.536210798777,10848.527769711369,直连,,True
T020,巡航,S011>O01,10848.527769711369,10850.519328623963,直连,,True
T020,巡航,S011>O01,10850.519328623963,10852.510887536555,直连,,True
T020,巡航,S011>O01,10852.510887536555,10854.502446449147,直连,,True
T020,巡航,S011>O01,10854.502446449147,10856.49400536174,直连,,True
T020,巡航,S011>O01,10856.49400536174,10858.485564274331,直连,,True
T020,巡航,S011>O01,10858.485564274331,10860.477123186924,直连,,True
T020,巡航,S011>O01,10860.477123186924,10862.468682099518,直连,,True
T020,巡航,S011>O01,10862.468682099518,10864.46024101211,直连,,True
T020,巡航,S011>O01,10864.46024101211,10866.451799924702,直连,,True
T020,巡航,S011>O01,10866.451799924702,10868.443358837294,直连,,True
T020,巡航,S011>O01,10868.443358837294,10870.434917749886,直连,,True
T020,巡航,S011>O01,10870.434917749886,10872.42647666248,直连,,True
T020,巡航,S011>O01,10872.42647666248,10874.418035575072,直连,,True
T020,巡航,S011>O01,10874.418035575072,10876.409594487664,直连,,True
T020,巡航,S011>O01,10876.409594487664,10878.401153400257,直连,,True
T020,巡航,S011>O01,10878.401153400257,10880.392712312849,直连,,True
T020,巡航,S011>O01,10880.392712312849,10882.38427122544,直连,,True
T020,巡航,S011>O01,10882.38427122544,10884.375830138035,直连,,True
T020,巡航,S011>O01,10884.375830138035,10886.367389050627,直连,,True
T020,巡航,S011>O01,10886.367389050627,10888.35894796322,直连,,True
T020,下降,S011>O01,10888.35894796322,10899.536398321292,直连,,True
T020,下降,S011>O01,10899.536398321292,10910.713848679365,直连,,True
T020,下降,S011>O01,10910.713848679365,10921.891299037437,直连,,True
T020,下降,S011>O01,10921.891299037437,10933.068749395512,直连,,True
T020,下降,S011>O01,10933.068749395512,10944.246199753585,直连,,True
T020,下降,S011>O01,10944.246199753585,10955.423650111657,直连,,True
T021,爬升,O01>S012,390.0,399.5200331624349,直连,,True
T021,爬升,O01>S012,399.5200331624349,409.04006632486977,直连,,True
T021,爬升,O01>S012,409.04006632486977,418.5600994873047,直连,,True
T021,爬升,O01>S012,418.5600994873047,428.0801326497396,直连,,True
T021,爬升,O01>S012,428.0801326497396,437.6001658121745,直连,,True
T021,爬升,O01>S012,437.6001658121745,447.12019897460937,直连,,True
T021,爬升,O01>S012,447.12019897460937,456.6402321370443,直连,,True
T021,爬升,O01>S012,456.6402321370443,466.1602652994792,直连,,True
T021,爬升,O01>S012,466.1602652994792,475.68029846191405,直连,,True
T021,爬升,O01>S012,475.68029846191405,485.20033162434896,直连,,True
T021,巡航,O01>S012,485.20033162434896,487.19505449241154,直连,,True
T021,巡航,O01>S012,487.19505449241154,489.18977736047407,直连,,True
T021,巡航,O01>S012,489.18977736047407,491.18450022853665,直连,,True
T021,巡航,O01>S012,491.18450022853665,493.17922309659923,直连,,True
T021,巡航,O01>S012,493.17922309659923,495.17394596466175,直连,,True
T021,巡航,O01>S012,495.17394596466175,497.16866883272434,直连,,True
T021,巡航,O01>S012,497.16866883272434,499.1633917007869,直连,,True
T021,巡航,O01>S012,499.1633917007869,501.15811456884944,直连,,True
T021,巡航,O01>S012,501.15811456884944,503.152837436912,直连,,True
T021,巡航,O01>S012,503.152837436912,505.1475603049746,直连,,True
T021,巡航,O01>S012,505.1475603049746,507.14228317303713,直连,,True
T021,巡航,O01>S012,507.14228317303713,509.1370060410997,直连,,True
T021,巡航,O01>S012,509.1370060410997,511.13172890916223,直连,,True
T021,巡航,O01>S012,511.13172890916223,513.1264517772248,直连,,True
T021,巡航,O01>S012,513.1264517772248,515.1211746452874,直连,,True
T021,巡航,O01>S012,515.1211746452874,517.11589751335,直连,,True
T021,巡航,O01>S012,517.11589751335,519.1106203814124,直连,,True
T021,巡航,O01>S012,519.1106203814124,521.105343249475,直连,,True
T021,巡航,O01>S012,521.105343249475,523.1000661175376,直连,,True
T021,巡航,O01>S012,523.1000661175376,525.0947889856002,直连,,True
T021,巡航,O01>S012,525.0947889856002,527.0895118536628,直连,,True
T021,巡航,O01>S012,527.0895118536628,529.0842347217254,直连,,True
T021,巡航,O01>S012,529.0842347217254,531.0789575897878,直连,,True
T021,巡航,O01>S012,531.0789575897878,533.0736804578504,直连,,True
T021,巡航,O01>S012,533.0736804578504,535.068403325913,直连,,True
T021,巡航,O01>S012,535.068403325913,537.0631261939756,直连,,True
T021,巡航,O01>S012,537.0631261939756,539.0578490620381,直连,,True
T021,巡航,O01>S012,539.0578490620381,541.0525719301007,直连,,True
T021,巡航,O01>S012,541.0525719301007,543.0472947981632,直连,,True
T021,巡航,O01>S012,543.0472947981632,545.0420176662258,直连,,True
T021,巡航,O01>S012,545.0420176662258,547.0367405342884,直连,,True
T021,巡航,O01>S012,547.0367405342884,549.0314634023509,直连,,True
T021,巡航,O01>S012,549.0314634023509,551.0261862704135,直连,,True
T021,巡航,O01>S012,551.0261862704135,553.0209091384761,直连,,True
T021,巡航,O01>S012,553.0209091384761,555.0156320065386,直连,,True
T021,巡航,O01>S012,555.0156320065386,557.0103548746011,直连,,True
T021,巡航,O01>S012,557.0103548746011,559.0050777426637,直连,,True
T021,巡航,O01>S012,559.0050777426637,560.9998006107263,直连,,True
T021,巡航,O01>S012,560.9998006107263,562.9945234787889,直连,,True
T021,巡航,O01>S012,562.9945234787889,564.9892463468514,直连,,True
T021,巡航,O01>S012,564.9892463468514,566.9839692149139,直连,,True
T021,巡航,O01>S012,566.9839692149139,568.9786920829765,直连,,True
T021,巡航,O01>S012,568.9786920829765,570.9734149510391,直连,,True
T021,巡航,O01>S012,570.9734149510391,572.9681378191017,直连,,True
T021,巡航,O01>S012,572.9681378191017,574.9628606871643,直连,,True
T021,巡航,O01>S012,574.9628606871643,576.9575835552267,直连,,True
T021,巡航,O01>S012,576.9575835552267,578.9523064232893,直连,,True
T021,巡航,O01>S012,578.9523064232893,580.9470292913519,直连,,True
T021,巡航,O01>S012,580.9470292913519,582.9417521594145,直连,,True
T021,巡航,O01>S012,582.9417521594145,584.9364750274771,直连,,True
T021,巡航,O01>S012,584.9364750274771,586.9311978955395,直连,,True
T021,巡航,O01>S012,586.9311978955395,588.9259207636021,直连,,True
T021,巡航,O01>S012,588.9259207636021,590.9206436316647,直连,,True
T021,巡航,O01>S012,590.9206436316647,592.9153664997273,直连,,True
T021,巡航,O01>S012,592.9153664997273,594.9100893677899,直连,,True
T021,巡航,O01>S012,594.9100893677899,596.9048122358524,直连,,True
T021,巡航,O01>S012,596.9048122358524,598.899535103915,直连,,True
T021,巡航,O01>S012,598.899535103915,600.8942579719775,直连,,True
T021,巡航,O01>S012,600.8942579719775,602.8889808400401,直连,,True
T021,巡航,O01>S012,602.8889808400401,604.8837037081026,直连,,True
T021,巡航,O01>S012,604.8837037081026,606.8784265761652,直连,,True
T021,巡航,O01>S012,606.8784265761652,608.8731494442277,直连,,True
T021,巡航,O01>S012,608.8731494442277,610.8678723122903,直连,,True
T021,巡航,O01>S012,610.8678723122903,612.8625951803529,直连,,True
T021,巡航,O01>S012,612.8625951803529,614.8573180484154,直连,,True
T021,巡航,O01>S012,614.8573180484154,616.852040916478,直连,,True
T021,巡航,O01>S012,616.852040916478,618.8467637845406,直连,,True
T021,巡航,O01>S012,618.8467637845406,620.8414866526032,直连,,True
T021,巡航,O01>S012,620.8414866526032,622.8362095206658,直连,,True
T021,巡航,O01>S012,622.8362095206658,624.8309323887282,直连,,True
T021,巡航,O01>S012,624.8309323887282,626.8256552567908,直连,,True
T021,巡航,O01>S012,626.8256552567908,628.8203781248534,直连,,True
T021,巡航,O01>S012,628.8203781248534,630.815100992916,直连,,True
T021,巡航,O01>S012,630.815100992916,632.8098238609784,直连,,True
T021,巡航,O01>S012,632.8098238609784,634.804546729041,直连,,True
T021,巡航,O01>S012,634.804546729041,636.7992695971036,直连,,True
T021,巡航,O01>S012,636.7992695971036,638.7939924651662,直连,,True
T021,巡航,O01>S012,638.7939924651662,640.7887153332288,直连,,True
T021,巡航,O01>S012,640.7887153332288,642.7834382012913,直连,,True
T021,巡航,O01>S012,642.7834382012913,644.7781610693539,直连,,True
T021,巡航,O01>S012,644.7781610693539,646.7728839374164,直连,,True
T021,巡航,O01>S012,646.7728839374164,648.767606805479,直连,,True
T021,巡航,O01>S012,648.767606805479,650.7623296735416,直连,,True
T021,巡航,O01>S012,650.7623296735416,652.7570525416041,直连,,True
T021,巡航,O01>S012,652.7570525416041,654.7517754096666,直连,,True
T021,巡航,O01>S012,654.7517754096666,656.7464982777292,直连,,True
T021,巡航,O01>S012,656.7464982777292,658.7412211457918,直连,,True
T021,巡航,O01>S012,658.7412211457918,660.7359440138544,直连,,True
T021,巡航,O01>S012,660.7359440138544,662.7306668819169,直连,,True
T021,巡航,O01>S012,662.7306668819169,664.7253897499795,直连,,True
T021,巡航,O01>S012,664.7253897499795,666.7201126180421,直连,,True
T021,巡航,O01>S012,666.7201126180421,668.7148354861046,直连,,True
T021,巡航,O01>S012,668.7148354861046,670.7095583541671,直连,,True
T021,巡航,O01>S012,670.7095583541671,672.7042812222297,直连,,True
T021,巡航,O01>S012,672.7042812222297,674.6990040902923,直连,,True
T021,巡航,O01>S012,674.6990040902923,676.6937269583548,直连,,True
T021,巡航,O01>S012,676.6937269583548,678.6884498264174,直连,,True
T021,巡航,O01>S012,678.6884498264174,680.6831726944799,直连,,True
T021,巡航,O01>S012,680.6831726944799,682.6778955625425,直连,,True
T021,巡航,O01>S012,682.6778955625425,684.6726184306051,直连,,True
T021,巡航,O01>S012,684.6726184306051,686.6673412986677,直连,,True
T021,巡航,O01>S012,686.6673412986677,688.6620641667303,直连,,True
T021,巡航,O01>S012,688.6620641667303,690.6567870347927,直连,,True
T021,巡航,O01>S012,690.6567870347927,692.6515099028553,直连,,True
T021,巡航,O01>S012,692.6515099028553,694.6462327709179,直连,,True
T021,巡航,O01>S012,694.6462327709179,696.6409556389805,直连,,True
T021,巡航,O01>S012,696.6409556389805,698.6356785070429,直连,,True
T021,巡航,O01>S012,698.6356785070429,700.6304013751055,直连,,True
T021,巡航,O01>S012,700.6304013751055,702.6251242431681,直连,,True
T021,巡航,O01>S012,702.6251242431681,704.6198471112307,直连,,True
T021,巡航,O01>S012,704.6198471112307,706.6145699792933,直连,,True
T021,巡航,O01>S012,706.6145699792933,708.6092928473558,直连,,True
T021,巡航,O01>S012,708.6092928473558,710.6040157154184,直连,,True
T021,巡航,O01>S012,710.6040157154184,712.598738583481,直连,,True
T021,巡航,O01>S012,712.598738583481,714.5934614515435,直连,,True
T021,巡航,O01>S012,714.5934614515435,716.5881843196061,直连,,True
T021,巡航,O01>S012,716.5881843196061,718.5829071876686,直连,,True
T021,巡航,O01>S012,718.5829071876686,720.5776300557312,直连,,True
T021,巡航,O01>S012,720.5776300557312,722.5723529237937,直连,,True
T021,巡航,O01>S012,722.5723529237937,724.5670757918563,直连,,True
T021,巡航,O01>S012,724.5670757918563,726.5617986599188,直连,,True
T021,巡航,O01>S012,726.5617986599188,728.5565215279814,直连,,True
T021,巡航,O01>S012,728.5565215279814,730.551244396044,直连,,True
T021,巡航,O01>S012,730.551244396044,732.5459672641066,直连,,True
T021,巡航,O01>S012,732.5459672641066,734.5406901321692,直连,,True
T021,巡航,O01>S012,734.5406901321692,736.5354130002318,直连,,True
T021,巡航,O01>S012,736.5354130002318,738.5301358682942,直连,,True
T021,巡航,O01>S012,738.5301358682942,740.5248587363568,直连,,True
T021,巡航,O01>S012,740.5248587363568,742.5195816044194,直连,,True
T021,巡航,O01>S012,742.5195816044194,744.5143044724819,直连,,True
T021,巡航,O01>S012,744.5143044724819,746.5090273405444,直连,,True
T021,巡航,O01>S012,746.5090273405444,748.503750208607,中继兜底,R-S04,True
T021,巡航,O01>S012,748.503750208607,750.4984730766696,中继兜底,R-S04,True
T021,巡航,O01>S012,750.4984730766696,752.4931959447322,中继兜底,R-S04,True
T021,巡航,O01>S012,752.4931959447322,754.4879188127948,中继兜底,R-S04,True
T021,巡航,O01>S012,754.4879188127948,756.4826416808573,中继兜底,R-S04,True
T021,巡航,O01>S012,756.4826416808573,758.4773645489199,中继兜底,R-S04,True
T021,巡航,O01>S012,758.4773645489199,760.4720874169825,中继兜底,R-S04,True
T021,巡航,O01>S012,760.4720874169825,762.466810285045,中继兜底,R-S04,True
T021,巡航,O01>S012,762.466810285045,764.4615331531076,中继兜底,R-S04,True
T021,巡航,O01>S012,764.4615331531076,766.45625602117,中继兜底,R-S04,True
T021,巡航,O01>S012,766.45625602117,768.4509788892326,中继兜底,R-S04,True
T021,巡航,O01>S012,768.4509788892326,770.4457017572952,中继兜底,R-S04,True
T021,巡航,O01>S012,770.4457017572952,772.4404246253578,中继兜底,R-S04,True
T021,巡航,O01>S012,772.4404246253578,774.4351474934203,中继兜底,R-S04,True
T021,巡航,O01>S012,774.4351474934203,776.4298703614829,中继兜底,R-S04,True
T021,巡航,O01>S012,776.4298703614829,778.4245932295455,中继兜底,R-S04,True
T021,巡航,O01>S012,778.4245932295455,780.4193160976081,中继兜底,R-S04,True
T021,巡航,O01>S012,780.4193160976081,782.4140389656707,中继兜底,R-S04,True
T021,巡航,O01>S012,782.4140389656707,784.4087618337331,中继兜底,R-S04,True
T021,巡航,O01>S012,784.4087618337331,786.4034847017957,中继兜底,R-S04,True
T021,巡航,O01>S012,786.4034847017957,788.3982075698583,中继兜底,R-S04,True
T021,巡航,O01>S012,788.3982075698583,790.3929304379208,中继兜底,R-S04,True
T021,巡航,O01>S012,790.3929304379208,792.3876533059833,中继兜底,R-S04,True
T021,巡航,O01>S012,792.3876533059833,794.3823761740459,中继兜底,R-S04,True
T021,巡航,O01>S012,794.3823761740459,796.3770990421085,中继兜底,R-S04,True
T021,巡航,O01>S012,796.3770990421085,798.3718219101711,中继兜底,R-S04,True
T021,巡航,O01>S012,798.3718219101711,800.3665447782337,中继兜底,R-S04,True
T021,巡航,O01>S012,800.3665447782337,802.3612676462963,中继兜底,R-S04,True
T021,巡航,O01>S012,802.3612676462963,804.3559905143588,中继兜底,R-S04,True
T021,巡航,O01>S012,804.3559905143588,806.3507133824214,中继兜底,R-S04,True
T021,巡航,O01>S012,806.3507133824214,808.3454362504839,中继兜底,R-S04,True
T021,巡航,O01>S012,808.3454362504839,810.3401591185465,中继兜底,R-S04,True
T021,巡航,O01>S012,810.3401591185465,812.334881986609,中继兜底,R-S04,True
T021,巡航,O01>S012,812.334881986609,814.3296048546715,中继兜底,R-S04,True
T021,巡航,O01>S012,814.3296048546715,816.3243277227341,中继兜底,R-S04,True
T021,巡航,O01>S012,816.3243277227341,818.3190505907967,中继兜底,R-S04,True
T021,巡航,O01>S012,818.3190505907967,820.3137734588593,中继兜底,R-S04,True
T021,巡航,O01>S012,820.3137734588593,822.3084963269218,中继兜底,R-S04,True
T021,巡航,O01>S012,822.3084963269218,824.3032191949844,中继兜底,R-S04,True
T021,巡航,O01>S012,824.3032191949844,826.297942063047,中继兜底,R-S04,True
T021,巡航,O01>S012,826.297942063047,828.2926649311096,中继兜底,R-S04,True
T021,巡航,O01>S012,828.2926649311096,830.287387799172,中继兜底,R-S04,True
T021,巡航,O01>S012,830.287387799172,832.2821106672346,中继兜底,R-S04,True
T021,巡航,O01>S012,832.2821106672346,834.2768335352972,中继兜底,R-S04,True
T021,巡航,O01>S012,834.2768335352972,836.2715564033597,中继兜底,R-S04,True
T021,巡航,O01>S012,836.2715564033597,838.2662792714223,中继兜底,R-S04,True
T021,巡航,O01>S012,838.2662792714223,840.2610021394848,中继兜底,R-S04,True
T021,巡航,O01>S012,840.2610021394848,842.2557250075474,中继兜底,R-S04,True
T021,巡航,O01>S012,842.2557250075474,844.25044787561,中继兜底,R-S04,True
T021,巡航,O01>S012,844.25044787561,846.2451707436726,中继兜底,R-S04,True
T021,巡航,O01>S012,846.2451707436726,848.2398936117352,中继兜底,R-S04,True
T021,巡航,O01>S012,848.2398936117352,850.2346164797978,中继兜底,R-S04,True
T021,巡航,O01>S012,850.2346164797978,852.2293393478602,中继兜底,R-S04,True
T021,巡航,O01>S012,852.2293393478602,854.2240622159228,中继兜底,R-S04,True
T021,巡航,O01>S012,854.2240622159228,856.2187850839853,中继兜底,R-S04,True
T021,巡航,O01>S012,856.2187850839853,858.2135079520478,中继兜底,R-S04,True
T021,巡航,O01>S012,858.2135079520478,860.2082308201104,中继兜底,R-S04,True
T021,巡航,O01>S012,860.2082308201104,862.202953688173,中继兜底,R-S04,True
T021,巡航,O01>S012,862.202953688173,864.1976765562356,中继兜底,R-S04,True
T021,巡航,O01>S012,864.1976765562356,866.1923994242982,中继兜底,R-S04,True
T021,巡航,O01>S012,866.1923994242982,868.1871222923608,中继兜底,R-S04,True
T021,巡航,O01>S012,868.1871222923608,870.1818451604233,中继兜底,R-S04,True
T021,巡航,O01>S012,870.1818451604233,872.1765680284858,中继兜底,R-S04,True
T021,巡航,O01>S012,872.1765680284858,874.1712908965484,中继兜底,R-S04,True
T021,巡航,O01>S012,874.1712908965484,876.166013764611,中继兜底,R-S04,True
T021,巡航,O01>S012,876.166013764611,878.1607366326734,中继兜底,R-S04,True
T021,巡航,O01>S012,878.1607366326734,880.155459500736,中继兜底,R-S04,True
T021,巡航,O01>S012,880.155459500736,882.1501823687986,中继兜底,R-S04,True
T021,巡航,O01>S012,882.1501823687986,884.1449052368612,中继兜底,R-S04,True
T021,巡航,O01>S012,884.1449052368612,886.1396281049238,中继兜底,R-S04,True
T021,巡航,O01>S012,886.1396281049238,888.1343509729863,中继兜底,R-S04,True
T021,巡航,O01>S012,888.1343509729863,890.1290738410489,中继兜底,R-S04,True
T021,巡航,O01>S012,890.1290738410489,892.1237967091115,中继兜底,R-S04,True
T021,巡航,O01>S012,892.1237967091115,894.118519577174,中继兜底,R-S04,True
T021,巡航,O01>S012,894.118519577174,896.1132424452366,中继兜底,R-S04,True
T021,巡航,O01>S012,896.1132424452366,898.1079653132991,中继兜底,R-S04,True
T021,巡航,O01>S012,898.1079653132991,900.1026881813616,中继兜底,R-S04,True
T021,巡航,O01>S012,900.1026881813616,902.0974110494242,中继兜底,R-S04,True
T021,巡航,O01>S012,902.0974110494242,904.0921339174868,中继兜底,R-S04,True
T021,巡航,O01>S012,904.0921339174868,906.0868567855493,中继兜底,R-S04,True
T021,巡航,O01>S012,906.0868567855493,908.0815796536119,中继兜底,R-S04,True
T021,巡航,O01>S012,908.0815796536119,910.0763025216745,中继兜底,R-S04,True
T021,巡航,O01>S012,910.0763025216745,912.0710253897371,中继兜底,R-S04,True
T021,巡航,O01>S012,912.0710253897371,914.0657482577997,中继兜底,R-S04,True
T021,巡航,O01>S012,914.0657482577997,916.0604711258623,中继兜底,R-S04,True
T021,巡航,O01>S012,916.0604711258623,918.0551939939247,中继兜底,R-S04,True
T021,巡航,O01>S012,918.0551939939247,920.0499168619873,中继兜底,R-S04,True
T021,巡航,O01>S012,920.0499168619873,922.0446397300499,中继兜底,R-S04,True
T021,巡航,O01>S012,922.0446397300499,924.0393625981123,中继兜底,R-S04,True
T021,巡航,O01>S012,924.0393625981123,926.0340854661749,中继兜底,R-S04,True
T021,巡航,O01>S012,926.0340854661749,928.0288083342375,中继兜底,R-S04,True
T021,巡航,O01>S012,928.0288083342375,930.0235312023001,中继兜底,R-S04,True
T021,巡航,O01>S012,930.0235312023001,932.0182540703627,中继兜底,R-S04,True
T021,巡航,O01>S012,932.0182540703627,934.0129769384253,中继兜底,R-S04,True
T021,巡航,O01>S012,934.0129769384253,936.0076998064878,中继兜底,R-S04,True
T021,巡航,O01>S012,936.0076998064878,938.0024226745504,中继兜底,R-S04,True
T021,巡航,O01>S012,938.0024226745504,939.997145542613,中继兜底,R-S04,True
T021,巡航,O01>S012,939.997145542613,941.9918684106755,中继兜底,R-S04,True
T021,巡航,O01>S012,941.9918684106755,943.986591278738,中继兜底,R-S04,True
T021,巡航,O01>S012,943.986591278738,945.9813141468006,中继兜底,R-S04,True
T021,巡航,O01>S012,945.9813141468006,947.9760370148631,中继兜底,R-S04,True
T021,巡航,O01>S012,947.9760370148631,949.9707598829257,中继兜底,R-S04,True
T021,巡航,O01>S012,949.9707598829257,951.9654827509883,中继兜底,R-S04,True
T021,巡航,O01>S012,951.9654827509883,953.9602056190508,中继兜底,R-S04,True
T021,巡航,O01>S012,953.9602056190508,955.9549284871134,中继兜底,R-S04,True
T021,巡航,O01>S012,955.9549284871134,957.949651355176,中继兜底,R-S04,True
T021,巡航,O01>S012,957.949651355176,959.9443742232386,中继兜底,R-S04,True
T021,巡航,O01>S012,959.9443742232386,961.9390970913012,中继兜底,R-S04,True
T021,巡航,O01>S012,961.9390970913012,963.9338199593636,中继兜底,R-S04,True
T021,巡航,O01>S012,963.9338199593636,965.9285428274262,中继兜底,R-S04,True
T021,巡航,O01>S012,965.9285428274262,967.9232656954888,中继兜底,R-S04,True
T021,巡航,O01>S012,967.9232656954888,969.9179885635513,中继兜底,R-S04,True
T021,巡航,O01>S012,969.9179885635513,971.9127114316138,中继兜底,R-S04,True
T021,巡航,O01>S012,971.9127114316138,973.9074342996764,中继兜底,R-S04,True
T021,巡航,O01>S012,973.9074342996764,975.902157167739,中继兜底,R-S04,True
T021,巡航,O01>S012,975.902157167739,977.8968800358016,中继兜底,R-S04,True
T021,下降,O01>S012,977.8968800358016,988.5769596256454,中继兜底,R-S04,True
T021,下降,O01>S012,988.5769596256454,999.2570392154892,中继兜底,R-S04,True
T021,下降,O01>S012,999.2570392154892,1009.9371188053328,中继兜底,R-S04,True
T021,下降,O01>S012,1009.9371188053328,1020.6171983951766,中继兜底,R-S04,True
T021,下降,O01>S012,1020.6171983951766,1031.2972779850204,中继兜底,R-S04,True
T021,投送,S012,1031.2972779850204,1271.2972779850204,中继兜底,R-S04,True
T021,爬升,S012>O01,1271.2972779850204,1280.1973443098902,中继兜底,R-S04,True
T021,爬升,S012>O01,1280.1973443098902,1289.09741063476,中继兜底,R-S04,True
T021,爬升,S012>O01,1289.09741063476,1297.9974769596297,中继兜底,R-S04,True
T021,爬升,S012>O01,1297.9974769596297,1306.8975432844995,中继兜底,R-S04,True
T021,爬升,S012>O01,1306.8975432844995,1315.7976096093694,中继兜底,R-S04,True
T021,巡航,S012>O01,1315.7976096093694,1317.792332477432,中继兜底,R-S04,True
T021,巡航,S012>O01,1317.792332477432,1319.7870553454945,中继兜底,R-S04,True
T021,巡航,S012>O01,1319.7870553454945,1321.7817782135571,中继兜底,R-S04,True
T021,巡航,S012>O01,1321.7817782135571,1323.7765010816197,中继兜底,R-S04,True
T021,巡航,S012>O01,1323.7765010816197,1325.7712239496823,中继兜底,R-S04,True
T021,巡航,S012>O01,1325.7712239496823,1327.7659468177446,中继兜底,R-S04,True
T021,巡航,S012>O01,1327.7659468177446,1329.7606696858072,中继兜底,R-S04,True
T021,巡航,S012>O01,1329.7606696858072,1331.7553925538698,中继兜底,R-S04,True
T021,巡航,S012>O01,1331.7553925538698,1333.7501154219324,中继兜底,R-S04,True
T021,巡航,S012>O01,1333.7501154219324,1335.744838289995,中继兜底,R-S04,True
T021,巡航,S012>O01,1335.744838289995,1337.7395611580575,中继兜底,R-S04,True
T021,巡航,S012>O01,1337.7395611580575,1339.7342840261201,中继兜底,R-S04,True
T021,巡航,S012>O01,1339.7342840261201,1341.7290068941827,中继兜底,R-S04,True
T021,巡航,S012>O01,1341.7290068941827,1343.7237297622453,中继兜底,R-S04,True
T021,巡航,S012>O01,1343.7237297622453,1345.7184526303079,中继兜底,R-S04,True
T021,巡航,S012>O01,1345.7184526303079,1347.7131754983704,中继兜底,R-S04,True
T021,巡航,S012>O01,1347.7131754983704,1349.7078983664328,中继兜底,R-S04,True
T021,巡航,S012>O01,1349.7078983664328,1351.7026212344954,中继兜底,R-S04,True
T021,巡航,S012>O01,1351.7026212344954,1353.697344102558,中继兜底,R-S04,True
T021,巡航,S012>O01,1353.697344102558,1355.6920669706205,中继兜底,R-S04,True
T021,巡航,S012>O01,1355.6920669706205,1357.6867898386831,中继兜底,R-S04,True
T021,巡航,S012>O01,1357.6867898386831,1359.6815127067457,中继兜底,R-S04,True
T021,巡航,S012>O01,1359.6815127067457,1361.6762355748083,中继兜底,R-S04,True
T021,巡航,S012>O01,1361.6762355748083,1363.6709584428709,中继兜底,R-S04,True
T021,巡航,S012>O01,1363.6709584428709,1365.6656813109335,中继兜底,R-S04,True
T021,巡航,S012>O01,1365.6656813109335,1367.660404178996,中继兜底,R-S04,True
T021,巡航,S012>O01,1367.660404178996,1369.6551270470586,中继兜底,R-S04,True
T021,巡航,S012>O01,1369.6551270470586,1371.6498499151212,中继兜底,R-S04,True
T021,巡航,S012>O01,1371.6498499151212,1373.6445727831835,中继兜底,R-S04,True
T021,巡航,S012>O01,1373.6445727831835,1375.6392956512461,中继兜底,R-S04,True
T021,巡航,S012>O01,1375.6392956512461,1377.6340185193087,中继兜底,R-S04,True
T021,巡航,S012>O01,1377.6340185193087,1379.6287413873713,中继兜底,R-S04,True
T021,巡航,S012>O01,1379.6287413873713,1381.6234642554339,中继兜底,R-S04,True
T021,巡航,S012>O01,1381.6234642554339,1383.6181871234965,中继兜底,R-S04,True
T021,巡航,S012>O01,1383.6181871234965,1385.612909991559,中继兜底,R-S04,True
T021,巡航,S012>O01,1385.612909991559,1387.6076328596216,中继兜底,R-S04,True
T021,巡航,S012>O01,1387.6076328596216,1389.6023557276842,中继兜底,R-S04,True
T021,巡航,S012>O01,1389.6023557276842,1391.5970785957468,中继兜底,R-S04,True
T021,巡航,S012>O01,1391.5970785957468,1393.5918014638091,中继兜底,R-S04,True
T021,巡航,S012>O01,1393.5918014638091,1395.5865243318717,中继兜底,R-S04,True
T021,巡航,S012>O01,1395.5865243318717,1397.5812471999343,中继兜底,R-S04,True
T021,巡航,S012>O01,1397.5812471999343,1399.5759700679969,中继兜底,R-S04,True
T021,巡航,S012>O01,1399.5759700679969,1401.5706929360595,中继兜底,R-S04,True
T021,巡航,S012>O01,1401.5706929360595,1403.565415804122,中继兜底,R-S04,True
T021,巡航,S012>O01,1403.565415804122,1405.5601386721846,中继兜底,R-S04,True
T021,巡航,S012>O01,1405.5601386721846,1407.5548615402472,中继兜底,R-S04,True
T021,巡航,S012>O01,1407.5548615402472,1409.5495844083098,中继兜底,R-S04,True
T021,巡航,S012>O01,1409.5495844083098,1411.5443072763724,中继兜底,R-S04,True
T021,巡航,S012>O01,1411.5443072763724,1413.539030144435,中继兜底,R-S04,True
T021,巡航,S012>O01,1413.539030144435,1415.5337530124975,中继兜底,R-S04,True
T021,巡航,S012>O01,1415.5337530124975,1417.52847588056,中继兜底,R-S04,True
T021,巡航,S012>O01,1417.52847588056,1419.5231987486225,中继兜底,R-S04,True
T021,巡航,S012>O01,1419.5231987486225,1421.517921616685,中继兜底,R-S04,True
T021,巡航,S012>O01,1421.517921616685,1423.5126444847476,中继兜底,R-S04,True
T021,巡航,S012>O01,1423.5126444847476,1425.5073673528102,中继兜底,R-S04,True
T021,巡航,S012>O01,1425.5073673528102,1427.5020902208728,中继兜底,R-S04,True
T021,巡航,S012>O01,1427.5020902208728,1429.4968130889354,中继兜底,R-S04,True
T021,巡航,S012>O01,1429.4968130889354,1431.491535956998,中继兜底,R-S04,True
T021,巡航,S012>O01,1431.491535956998,1433.4862588250605,中继兜底,R-S04,True
T021,巡航,S012>O01,1433.4862588250605,1435.480981693123,中继兜底,R-S04,True
T021,巡航,S012>O01,1435.480981693123,1437.4757045611857,中继兜底,R-S04,True
T021,巡航,S012>O01,1437.4757045611857,1439.470427429248,中继兜底,R-S04,True
T021,巡航,S012>O01,1439.470427429248,1441.4651502973106,中继兜底,R-S04,True
T021,巡航,S012>O01,1441.4651502973106,1443.4598731653732,中继兜底,R-S04,True
T021,巡航,S012>O01,1443.4598731653732,1445.4545960334358,中继兜底,R-S04,True
T021,巡航,S012>O01,1445.4545960334358,1447.4493189014984,中继兜底,R-S04,True
T021,巡航,S012>O01,1447.4493189014984,1449.444041769561,中继兜底,R-S04,True
T021,巡航,S012>O01,1449.444041769561,1451.4387646376235,中继兜底,R-S04,True
T021,巡航,S012>O01,1451.4387646376235,1453.4334875056861,中继兜底,R-S04,True
T021,巡航,S012>O01,1453.4334875056861,1455.4282103737487,中继兜底,R-S04,True
T021,巡航,S012>O01,1455.4282103737487,1457.4229332418113,中继兜底,R-S04,True
T021,巡航,S012>O01,1457.4229332418113,1459.4176561098739,中继兜底,R-S04,True
T021,巡航,S012>O01,1459.4176561098739,1461.4123789779364,中继兜底,R-S04,True
T021,巡航,S012>O01,1461.4123789779364,1463.4071018459988,中继兜底,R-S04,True
T021,巡航,S012>O01,1463.4071018459988,1465.4018247140614,中继兜底,R-S04,True
T021,巡航,S012>O01,1465.4018247140614,1467.396547582124,中继兜底,R-S04,True
T021,巡航,S012>O01,1467.396547582124,1469.3912704501865,中继兜底,R-S04,True
T021,巡航,S012>O01,1469.3912704501865,1471.3859933182491,中继兜底,R-S04,True
T021,巡航,S012>O01,1471.3859933182491,1473.3807161863117,中继兜底,R-S04,True
T021,巡航,S012>O01,1473.3807161863117,1475.3754390543743,中继兜底,R-S04,True
T021,巡航,S012>O01,1475.3754390543743,1477.3701619224369,中继兜底,R-S04,True
T021,巡航,S012>O01,1477.3701619224369,1479.3648847904994,中继兜底,R-S04,True
T021,巡航,S012>O01,1479.3648847904994,1481.359607658562,中继兜底,R-S04,True
T021,巡航,S012>O01,1481.359607658562,1483.3543305266244,中继兜底,R-S04,True
T021,巡航,S012>O01,1483.3543305266244,1485.349053394687,中继兜底,R-S04,True
T021,巡航,S012>O01,1485.349053394687,1487.3437762627495,中继兜底,R-S04,True
T021,巡航,S012>O01,1487.3437762627495,1489.3384991308121,中继兜底,R-S04,True
T021,巡航,S012>O01,1489.3384991308121,1491.3332219988747,中继兜底,R-S04,True
T021,巡航,S012>O01,1491.3332219988747,1493.3279448669373,中继兜底,R-S04,True
T021,巡航,S012>O01,1493.3279448669373,1495.3226677349999,中继兜底,R-S04,True
T021,巡航,S012>O01,1495.3226677349999,1497.3173906030624,中继兜底,R-S04,True
T021,巡航,S012>O01,1497.3173906030624,1499.312113471125,中继兜底,R-S04,True
T021,巡航,S012>O01,1499.312113471125,1501.3068363391876,中继兜底,R-S04,True
T021,巡航,S012>O01,1501.3068363391876,1503.3015592072502,中继兜底,R-S04,True
T021,巡航,S012>O01,1503.3015592072502,1505.2962820753128,中继兜底,R-S04,True
T021,巡航,S012>O01,1505.2962820753128,1507.2910049433754,中继兜底,R-S04,True
T021,巡航,S012>O01,1507.2910049433754,1509.2857278114377,中继兜底,R-S04,True
T021,巡航,S012>O01,1509.2857278114377,1511.2804506795003,中继兜底,R-S04,True
T021,巡航,S012>O01,1511.2804506795003,1513.2751735475629,中继兜底,R-S04,True
T021,巡航,S012>O01,1513.2751735475629,1515.2698964156255,中继兜底,R-S04,True
T021,巡航,S012>O01,1515.2698964156255,1517.264619283688,中继兜底,R-S04,True
T021,巡航,S012>O01,1517.264619283688,1519.2593421517506,中继兜底,R-S04,True
T021,巡航,S012>O01,1519.2593421517506,1521.2540650198132,中继兜底,R-S04,True
T021,巡航,S012>O01,1521.2540650198132,1523.2487878878758,中继兜底,R-S04,True
T021,巡航,S012>O01,1523.2487878878758,1525.2435107559384,中继兜底,R-S04,True
T021,巡航,S012>O01,1525.2435107559384,1527.2382336240007,中继兜底,R-S04,True
T021,巡航,S012>O01,1527.2382336240007,1529.2329564920633,中继兜底,R-S04,True
T021,巡航,S012>O01,1529.2329564920633,1531.2276793601259,中继兜底,R-S04,True
T021,巡航,S012>O01,1531.2276793601259,1533.2224022281885,中继兜底,R-S04,True
T021,巡航,S012>O01,1533.2224022281885,1535.217125096251,中继兜底,R-S04,True
T021,巡航,S012>O01,1535.217125096251,1537.2118479643136,中继兜底,R-S04,True
T021,巡航,S012>O01,1537.2118479643136,1539.2065708323762,中继兜底,R-S04,True
T021,巡航,S012>O01,1539.2065708323762,1541.2012937004388,中继兜底,R-S04,True
T021,巡航,S012>O01,1541.2012937004388,1543.1960165685014,中继兜底,R-S04,True
T021,巡航,S012>O01,1543.1960165685014,1545.190739436564,中继兜底,R-S04,True
T021,巡航,S012>O01,1545.190739436564,1547.1854623046265,中继兜底,R-S04,True
T021,巡航,S012>O01,1547.1854623046265,1549.180185172689,直连,,True
T021,巡航,S012>O01,1549.180185172689,1551.1749080407517,直连,,True
T021,巡航,S012>O01,1551.1749080407517,1553.169630908814,直连,,True
T021,巡航,S012>O01,1553.169630908814,1555.1643537768766,直连,,True
T021,巡航,S012>O01,1555.1643537768766,1557.1590766449392,直连,,True
T021,巡航,S012>O01,1557.1590766449392,1559.1537995130018,直连,,True
T021,巡航,S012>O01,1559.1537995130018,1561.1485223810644,直连,,True
T021,巡航,S012>O01,1561.1485223810644,1563.143245249127,直连,,True
T021,巡航,S012>O01,1563.143245249127,1565.1379681171895,直连,,True
T021,巡航,S012>O01,1565.1379681171895,1567.132690985252,直连,,True
T021,巡航,S012>O01,1567.132690985252,1569.1274138533147,直连,,True
T021,巡航,S012>O01,1569.1274138533147,1571.1221367213773,直连,,True
T021,巡航,S012>O01,1571.1221367213773,1573.1168595894396,直连,,True
T021,巡航,S012>O01,1573.1168595894396,1575.1115824575022,直连,,True
T021,巡航,S012>O01,1575.1115824575022,1577.1063053255648,直连,,True
T021,巡航,S012>O01,1577.1063053255648,1579.1010281936274,直连,,True
T021,巡航,S012>O01,1579.1010281936274,1581.09575106169,直连,,True
T021,巡航,S012>O01,1581.09575106169,1583.0904739297525,直连,,True
T021,巡航,S012>O01,1583.0904739297525,1585.0851967978151,直连,,True
T021,巡航,S012>O01,1585.0851967978151,1587.0799196658777,直连,,True
T021,巡航,S012>O01,1587.0799196658777,1589.0746425339403,直连,,True
T021,巡航,S012>O01,1589.0746425339403,1591.0693654020029,直连,,True
T021,巡航,S012>O01,1591.0693654020029,1593.0640882700654,直连,,True
T021,巡航,S012>O01,1593.0640882700654,1595.058811138128,直连,,True
T021,巡航,S012>O01,1595.058811138128,1597.0535340061904,直连,,True
T021,巡航,S012>O01,1597.0535340061904,1599.048256874253,直连,,True
T021,巡航,S012>O01,1599.048256874253,1601.0429797423155,直连,,True
T021,巡航,S012>O01,1601.0429797423155,1603.0377026103781,直连,,True
T021,巡航,S012>O01,1603.0377026103781,1605.0324254784407,直连,,True
T021,巡航,S012>O01,1605.0324254784407,1607.0271483465033,直连,,True
T021,巡航,S012>O01,1607.0271483465033,1609.0218712145659,直连,,True
T021,巡航,S012>O01,1609.0218712145659,1611.0165940826284,直连,,True
T021,巡航,S012>O01,1611.0165940826284,1613.011316950691,直连,,True
T021,巡航,S012>O01,1613.011316950691,1615.0060398187534,直连,,True
T021,巡航,S012>O01,1615.0060398187534,1617.000762686816,直连,,True
T021,巡航,S012>O01,1617.000762686816,1618.9954855548785,直连,,True
T021,巡航,S012>O01,1618.9954855548785,1620.9902084229411,直连,,True
T021,巡航,S012>O01,1620.9902084229411,1622.9849312910037,直连,,True
T021,巡航,S012>O01,1622.9849312910037,1624.9796541590663,直连,,True
T021,巡航,S012>O01,1624.9796541590663,1626.9743770271289,直连,,True
T021,巡航,S012>O01,1626.9743770271289,1628.9690998951914,直连,,True
T021,巡航,S012>O01,1628.9690998951914,1630.963822763254,直连,,True
T021,巡航,S012>O01,1630.963822763254,1632.9585456313166,直连,,True
T021,巡航,S012>O01,1632.9585456313166,1634.9532684993792,直连,,True
T021,巡航,S012>O01,1634.9532684993792,1636.9479913674418,直连,,True
T021,巡航,S012>O01,1636.9479913674418,1638.9427142355044,直连,,True
T021,巡航,S012>O01,1638.9427142355044,1640.937437103567,直连,,True
T021,巡航,S012>O01,1640.937437103567,1642.9321599716295,直连,,True
T021,巡航,S012>O01,1642.9321599716295,1644.9268828396919,直连,,True
T021,巡航,S012>O01,1644.9268828396919,1646.9216057077545,直连,,True
T021,巡航,S012>O01,1646.9216057077545,1648.916328575817,直连,,True
T021,巡航,S012>O01,1648.916328575817,1650.9110514438796,直连,,True
T021,巡航,S012>O01,1650.9110514438796,1652.9057743119422,直连,,True
T021,巡航,S012>O01,1652.9057743119422,1654.9004971800048,直连,,True
T021,巡航,S012>O01,1654.9004971800048,1656.8952200480674,直连,,True
T021,巡航,S012>O01,1656.8952200480674,1658.88994291613,直连,,True
T021,巡航,S012>O01,1658.88994291613,1660.8846657841923,直连,,True
T021,巡航,S012>O01,1660.8846657841923,1662.8793886522549,直连,,True
T021,巡航,S012>O01,1662.8793886522549,1664.8741115203175,直连,,True
T021,巡航,S012>O01,1664.8741115203175,1666.86883438838,直连,,True
T021,巡航,S012>O01,1666.86883438838,1668.8635572564426,直连,,True
T021,巡航,S012>O01,1668.8635572564426,1670.8582801245052,直连,,True
T021,巡航,S012>O01,1670.8582801245052,1672.8530029925678,直连,,True
T021,巡航,S012>O01,1672.8530029925678,1674.8477258606304,直连,,True
T021,巡航,S012>O01,1674.8477258606304,1676.842448728693,直连,,True
T021,巡航,S012>O01,1676.842448728693,1678.8371715967555,直连,,True
T021,巡航,S012>O01,1678.8371715967555,1680.831894464818,直连,,True
T021,巡航,S012>O01,1680.831894464818,1682.8266173328807,直连,,True
T021,巡航,S012>O01,1682.8266173328807,1684.8213402009433,直连,,True
T021,巡航,S012>O01,1684.8213402009433,1686.8160630690058,直连,,True
T021,巡航,S012>O01,1686.8160630690058,1688.8107859370684,直连,,True
T021,巡航,S012>O01,1688.8107859370684,1690.8055088051308,直连,,True
T021,巡航,S012>O01,1690.8055088051308,1692.8002316731934,直连,,True
T021,巡航,S012>O01,1692.8002316731934,1694.794954541256,直连,,True
T021,巡航,S012>O01,1694.794954541256,1696.7896774093185,直连,,True
T021,巡航,S012>O01,1696.7896774093185,1698.784400277381,直连,,True
T021,巡航,S012>O01,1698.784400277381,1700.7791231454437,直连,,True
T021,巡航,S012>O01,1700.7791231454437,1702.7738460135063,直连,,True
T021,巡航,S012>O01,1702.7738460135063,1704.7685688815689,直连,,True
T021,巡航,S012>O01,1704.7685688815689,1706.7632917496314,直连,,True
T021,巡航,S012>O01,1706.7632917496314,1708.7580146176938,直连,,True
T021,巡航,S012>O01,1708.7580146176938,1710.7527374857564,直连,,True
T021,巡航,S012>O01,1710.7527374857564,1712.747460353819,直连,,True
T021,巡航,S012>O01,1712.747460353819,1714.7421832218815,直连,,True
T021,巡航,S012>O01,1714.7421832218815,1716.7369060899441,直连,,True
T021,巡航,S012>O01,1716.7369060899441,1718.7316289580067,直连,,True
T021,巡航,S012>O01,1718.7316289580067,1720.7263518260693,直连,,True
T021,巡航,S012>O01,1720.7263518260693,1722.7210746941319,直连,,True
T021,巡航,S012>O01,1722.7210746941319,1724.7157975621944,直连,,True
T021,巡航,S012>O01,1724.7157975621944,1726.710520430257,直连,,True
T021,巡航,S012>O01,1726.710520430257,1728.7052432983196,直连,,True
T021,巡航,S012>O01,1728.7052432983196,1730.699966166382,直连,,True
T021,巡航,S012>O01,1730.699966166382,1732.6946890344445,直连,,True
T021,巡航,S012>O01,1732.6946890344445,1734.6894119025071,直连,,True
T021,巡航,S012>O01,1734.6894119025071,1736.6841347705697,直连,,True
T021,巡航,S012>O01,1736.6841347705697,1738.6788576386323,直连,,True
T021,巡航,S012>O01,1738.6788576386323,1740.6735805066949,直连,,True
T021,巡航,S012>O01,1740.6735805066949,1742.6683033747574,直连,,True
T021,巡航,S012>O01,1742.6683033747574,1744.66302624282,直连,,True
T021,巡航,S012>O01,1744.66302624282,1746.6577491108826,直连,,True
T021,巡航,S012>O01,1746.6577491108826,1748.652471978945,直连,,True
T021,巡航,S012>O01,1748.652471978945,1750.6471948470075,直连,,True
T021,巡航,S012>O01,1750.6471948470075,1752.6419177150701,直连,,True
T021,巡航,S012>O01,1752.6419177150701,1754.6366405831327,直连,,True
T021,巡航,S012>O01,1754.6366405831327,1756.6313634511953,直连,,True
T021,巡航,S012>O01,1756.6313634511953,1758.6260863192579,直连,,True
T021,巡航,S012>O01,1758.6260863192579,1760.6208091873204,直连,,True
T021,巡航,S012>O01,1760.6208091873204,1762.615532055383,直连,,True
T021,巡航,S012>O01,1762.615532055383,1764.6102549234456,直连,,True
T021,巡航,S012>O01,1764.6102549234456,1766.6049777915082,直连,,True
T021,巡航,S012>O01,1766.6049777915082,1768.5997006595708,直连,,True
T021,巡航,S012>O01,1768.5997006595708,1770.5944235276334,直连,,True
T021,巡航,S012>O01,1770.5944235276334,1772.589146395696,直连,,True
T021,巡航,S012>O01,1772.589146395696,1774.5838692637585,直连,,True
T021,巡航,S012>O01,1774.5838692637585,1776.578592131821,直连,,True
T021,巡航,S012>O01,1776.578592131821,1778.5733149998835,直连,,True
T021,巡航,S012>O01,1778.5733149998835,1780.568037867946,直连,,True
T021,巡航,S012>O01,1780.568037867946,1782.5627607360086,直连,,True
T021,巡航,S012>O01,1782.5627607360086,1784.5574836040712,直连,,True
T021,巡航,S012>O01,1784.5574836040712,1786.5522064721338,直连,,True
T021,巡航,S012>O01,1786.5522064721338,1788.5469293401964,直连,,True
T021,巡航,S012>O01,1788.5469293401964,1790.541652208259,直连,,True
T021,巡航,S012>O01,1790.541652208259,1792.5363750763215,直连,,True
T021,巡航,S012>O01,1792.5363750763215,1794.5310979443839,直连,,True
T021,巡航,S012>O01,1794.5310979443839,1796.5258208124465,直连,,True
T021,巡航,S012>O01,1796.5258208124465,1798.520543680509,直连,,True
T021,巡航,S012>O01,1798.520543680509,1800.5152665485716,直连,,True
T021,巡航,S012>O01,1800.5152665485716,1802.5099894166342,直连,,True
T021,巡航,S012>O01,1802.5099894166342,1804.5047122846968,直连,,True
T021,巡航,S012>O01,1804.5047122846968,1806.4994351527594,直连,,True
T021,巡航,S012>O01,1806.4994351527594,1808.494158020822,直连,,True
T021,下降,S012>O01,1808.494158020822,1819.9181978157437,直连,,True
T021,下降,S012>O01,1819.9181978157437,1831.3422376106657,直连,,True
T021,下降,S012>O01,1831.3422376106657,1842.7662774055875,直连,,True
T021,下降,S012>O01,1842.7662774055875,1854.1903172005095,直连,,True
T021,下降,S012>O01,1854.1903172005095,1865.6143569954313,直连,,True
T021,下降,S012>O01,1865.6143569954313,1877.038396790353,直连,,True
T021,下降,S012>O01,1877.038396790353,1888.462436585275,直连,,True
T021,下降,S012>O01,1888.462436585275,1899.8864763801969,直连,,True
T021,下降,S012>O01,1899.8864763801969,1911.310516175119,直连,,True
T021,下降,S012>O01,1911.310516175119,1922.7345559700407,直连,,True
T022,爬升,O01>S013,390.0,400.85927294921873,直连,,True
T022,爬升,O01>S013,400.85927294921873,411.7185458984375,直连,,True
T022,爬升,O01>S013,411.7185458984375,422.57781884765626,直连,,True
T022,爬升,O01>S013,422.57781884765626,433.437091796875,直连,,True
T022,爬升,O01>S013,433.437091796875,444.2963647460938,直连,,True
T022,爬升,O01>S013,444.2963647460938,455.1556376953125,直连,,True
T022,爬升,O01>S013,455.1556376953125,466.01491064453126,直连,,True
T022,爬升,O01>S013,466.01491064453126,476.87418359375,直连,,True
T022,爬升,O01>S013,476.87418359375,487.7334565429688,直连,,True
T022,爬升,O01>S013,487.7334565429688,498.5927294921875,直连,,True
T022,巡航,O01>S013,498.5927294921875,500.58829617579323,直连,,True
T022,巡航,O01>S013,500.58829617579323,502.583862859399,直连,,True
T022,巡航,O01>S013,502.583862859399,504.5794295430047,直连,,True
T022,巡航,O01>S013,504.5794295430047,506.57499622661044,直连,,True
T022,巡航,O01>S013,506.57499622661044,508.57056291021615,直连,,True
T022,巡航,O01>S013,508.57056291021615,510.5661295938219,直连,,True
T022,巡航,O01>S013,510.5661295938219,512.5616962774276,直连,,True
T022,巡航,O01>S013,512.5616962774276,514.5572629610334,直连,,True
T022,巡航,O01>S013,514.5572629610334,516.5528296446391,直连,,True
T022,巡航,O01>S013,516.5528296446391,518.5483963282448,直连,,True
T022,巡航,O01>S013,518.5483963282448,520.5439630118506,直连,,True
T022,巡航,O01>S013,520.5439630118506,522.5395296954563,直连,,True
T022,巡航,O01>S013,522.5395296954563,524.535096379062,直连,,True
T022,巡航,O01>S013,524.535096379062,526.5306630626677,直连,,True
T022,巡航,O01>S013,526.5306630626677,528.5262297462734,直连,,True
T022,巡航,O01>S013,528.5262297462734,530.5217964298793,直连,,True
T022,巡航,O01>S013,530.5217964298793,532.517363113485,直连,,True
T022,巡航,O01>S013,532.517363113485,534.5129297970907,直连,,True
T022,巡航,O01>S013,534.5129297970907,536.5084964806964,直连,,True
T022,巡航,O01>S013,536.5084964806964,538.5040631643021,直连,,True
T022,巡航,O01>S013,538.5040631643021,540.4996298479078,直连,,True
T022,巡航,O01>S013,540.4996298479078,542.4951965315136,直连,,True
T022,巡航,O01>S013,542.4951965315136,544.4907632151194,直连,,True
T022,巡航,O01>S013,544.4907632151194,546.4863298987251,直连,,True
T022,巡航,O01>S013,546.4863298987251,548.4818965823308,直连,,True
T022,巡航,O01>S013,548.4818965823308,550.4774632659365,直连,,True
T022,巡航,O01>S013,550.4774632659365,552.4730299495423,直连,,True
T022,巡航,O01>S013,552.4730299495423,554.468596633148,直连,,True
T022,巡航,O01>S013,554.468596633148,556.4641633167537,直连,,True
T022,巡航,O01>S013,556.4641633167537,558.4597300003594,直连,,True
T022,巡航,O01>S013,558.4597300003594,560.4552966839652,直连,,True
T022,巡航,O01>S013,560.4552966839652,562.450863367571,直连,,True
T022,巡航,O01>S013,562.450863367571,564.4464300511767,直连,,True
T022,巡航,O01>S013,564.4464300511767,566.4419967347824,直连,,True
T022,巡航,O01>S013,566.4419967347824,568.4375634183881,直连,,True
T022,巡航,O01>S013,568.4375634183881,570.4331301019938,直连,,True
T022,巡航,O01>S013,570.4331301019938,572.4286967855995,直连,,True
T022,巡航,O01>S013,572.4286967855995,574.4242634692052,直连,,True
T022,巡航,O01>S013,574.4242634692052,576.4198301528111,直连,,True
T022,巡航,O01>S013,576.4198301528111,578.4153968364168,直连,,True
T022,巡航,O01>S013,578.4153968364168,580.4109635200225,直连,,True
T022,巡航,O01>S013,580.4109635200225,582.4065302036282,直连,,True
T022,巡航,O01>S013,582.4065302036282,584.4020968872339,直连,,True
T022,巡航,O01>S013,584.4020968872339,586.3976635708397,直连,,True
T022,巡航,O01>S013,586.3976635708397,588.3932302544454,直连,,True
T022,巡航,O01>S013,588.3932302544454,590.3887969380512,直连,,True
T022,巡航,O01>S013,590.3887969380512,592.3843636216569,直连,,True
T022,巡航,O01>S013,592.3843636216569,594.3799303052626,直连,,True
T022,巡航,O01>S013,594.3799303052626,596.3754969888683,直连,,True
T022,巡航,O01>S013,596.3754969888683,598.3710636724741,直连,,True
T022,巡航,O01>S013,598.3710636724741,600.3666303560798,直连,,True
T022,巡航,O01>S013,600.3666303560798,602.3621970396855,直连,,True
T022,巡航,O01>S013,602.3621970396855,604.3577637232913,直连,,True
T022,巡航,O01>S013,604.3577637232913,606.353330406897,直连,,True
T022,巡航,O01>S013,606.353330406897,608.3488970905028,直连,,True
T022,巡航,O01>S013,608.3488970905028,610.3444637741085,直连,,True
T022,巡航,O01>S013,610.3444637741085,612.3400304577142,直连,,True
T022,巡航,O01>S013,612.3400304577142,614.3355971413199,直连,,True
T022,巡航,O01>S013,614.3355971413199,616.3311638249256,直连,,True
T022,巡航,O01>S013,616.3311638249256,618.3267305085313,直连,,True
T022,巡航,O01>S013,618.3267305085313,620.3222971921372,直连,,True
T022,巡航,O01>S013,620.3222971921372,622.3178638757429,直连,,True
T022,巡航,O01>S013,622.3178638757429,624.3134305593486,直连,,True
T022,巡航,O01>S013,624.3134305593486,626.3089972429543,直连,,True
T022,巡航,O01>S013,626.3089972429543,628.30456392656,直连,,True
T022,巡航,O01>S013,628.30456392656,630.3001306101658,直连,,True
T022,巡航,O01>S013,630.3001306101658,632.2956972937716,直连,,True
T022,巡航,O01>S013,632.2956972937716,634.2912639773772,直连,,True
T022,巡航,O01>S013,634.2912639773772,636.286830660983,直连,,True
T022,巡航,O01>S013,636.286830660983,638.2823973445887,直连,,True
T022,巡航,O01>S013,638.2823973445887,640.2779640281944,直连,,True
T022,巡航,O01>S013,640.2779640281944,642.2735307118002,直连,,True
T022,巡航,O01>S013,642.2735307118002,644.2690973954059,直连,,True
T022,巡航,O01>S013,644.2690973954059,646.2646640790116,直连,,True
T022,巡航,O01>S013,646.2646640790116,648.2602307626173,直连,,True
T022,巡航,O01>S013,648.2602307626173,650.2557974462231,直连,,True
T022,巡航,O01>S013,650.2557974462231,652.2513641298289,直连,,True
T022,巡航,O01>S013,652.2513641298289,654.2469308134346,直连,,True
T022,巡航,O01>S013,654.2469308134346,656.2424974970403,直连,,True
T022,巡航,O01>S013,656.2424974970403,658.238064180646,直连,,True
T022,巡航,O01>S013,658.238064180646,660.2336308642517,直连,,True
T022,巡航,O01>S013,660.2336308642517,662.2291975478574,直连,,True
T022,巡航,O01>S013,662.2291975478574,664.2247642314633,直连,,True
T022,巡航,O01>S013,664.2247642314633,666.2203309150689,直连,,True
T022,巡航,O01>S013,666.2203309150689,668.2158975986747,直连,,True
T022,巡航,O01>S013,668.2158975986747,670.2114642822804,直连,,True
T022,巡航,O01>S013,670.2114642822804,672.2070309658861,直连,,True
T022,巡航,O01>S013,672.2070309658861,674.2025976494918,直连,,True
T022,巡航,O01>S013,674.2025976494918,676.1981643330976,直连,,True
T022,巡航,O01>S013,676.1981643330976,678.1937310167034,直连,,True
T022,巡航,O01>S013,678.1937310167034,680.1892977003091,直连,,True
T022,巡航,O01>S013,680.1892977003091,682.1848643839148,直连,,True
T022,巡航,O01>S013,682.1848643839148,684.1804310675205,直连,,True
T022,巡航,O01>S013,684.1804310675205,686.1759977511263,直连,,True
T022,巡航,O01>S013,686.1759977511263,688.171564434732,直连,,True
T022,巡航,O01>S013,688.171564434732,690.1671311183377,直连,,True
T022,巡航,O01>S013,690.1671311183377,692.1626978019434,直连,,True
T022,巡航,O01>S013,692.1626978019434,694.1582644855491,直连,,True
T022,巡航,O01>S013,694.1582644855491,696.153831169155,直连,,True
T022,巡航,O01>S013,696.153831169155,698.1493978527607,直连,,True
T022,巡航,O01>S013,698.1493978527607,700.1449645363664,直连,,True
T022,巡航,O01>S013,700.1449645363664,702.1405312199721,直连,,True
T022,巡航,O01>S013,702.1405312199721,704.1360979035778,直连,,True
T022,巡航,O01>S013,704.1360979035778,706.1316645871835,直连,,True
T022,巡航,O01>S013,706.1316645871835,708.1272312707893,直连,,True
T022,巡航,O01>S013,708.1272312707893,710.1227979543951,直连,,True
T022,巡航,O01>S013,710.1227979543951,712.1183646380008,直连,,True
T022,巡航,O01>S013,712.1183646380008,714.1139313216065,直连,,True
T022,巡航,O01>S013,714.1139313216065,716.1094980052122,直连,,True
T022,巡航,O01>S013,716.1094980052122,718.105064688818,直连,,True
T022,巡航,O01>S013,718.105064688818,720.1006313724237,直连,,True
T022,巡航,O01>S013,720.1006313724237,722.0961980560294,直连,,True
T022,巡航,O01>S013,722.0961980560294,724.0917647396352,直连,,True
T022,巡航,O01>S013,724.0917647396352,726.0873314232409,直连,,True
T022,巡航,O01>S013,726.0873314232409,728.0828981068466,直连,,True
T022,巡航,O01>S013,728.0828981068466,730.0784647904524,直连,,True
T022,巡航,O01>S013,730.0784647904524,732.0740314740581,直连,,True
T022,巡航,O01>S013,732.0740314740581,734.0695981576638,直连,,True
T022,巡航,O01>S013,734.0695981576638,736.0651648412695,直连,,True
T022,巡航,O01>S013,736.0651648412695,738.0607315248752,直连,,True
T022,巡航,O01>S013,738.0607315248752,740.0562982084809,直连,,True
T022,巡航,O01>S013,740.0562982084809,742.0518648920868,直连,,True
T022,巡航,O01>S013,742.0518648920868,744.0474315756925,直连,,True
T022,巡航,O01>S013,744.0474315756925,746.0429982592982,直连,,True
T022,巡航,O01>S013,746.0429982592982,748.0385649429039,直连,,True
T022,巡航,O01>S013,748.0385649429039,750.0341316265096,直连,,True
T022,巡航,O01>S013,750.0341316265096,752.0296983101155,直连,,True
T022,巡航,O01>S013,752.0296983101155,754.0252649937211,直连,,True
T022,巡航,O01>S013,754.0252649937211,756.0208316773269,直连,,True
T022,巡航,O01>S013,756.0208316773269,758.0163983609326,直连,,True
T022,巡航,O01>S013,758.0163983609326,760.0119650445383,直连,,True
T022,巡航,O01>S013,760.0119650445383,762.007531728144,中继兜底,R-S04,True
T022,巡航,O01>S013,762.007531728144,764.0030984117498,中继兜底,R-S04,True
T022,巡航,O01>S013,764.0030984117498,765.9986650953556,中继兜底,R-S04,True
T022,巡航,O01>S013,765.9986650953556,767.9942317789612,中继兜底,R-S04,True
T022,巡航,O01>S013,767.9942317789612,769.989798462567,中继兜底,R-S04,True
T022,巡航,O01>S013,769.989798462567,771.9853651461726,中继兜底,R-S04,True
T022,巡航,O01>S013,771.9853651461726,773.9809318297785,中继兜底,R-S04,True
T022,巡航,O01>S013,773.9809318297785,775.9764985133842,中继兜底,R-S04,True
T022,巡航,O01>S013,775.9764985133842,777.9720651969899,中继兜底,R-S04,True
T022,巡航,O01>S013,777.9720651969899,779.9676318805956,中继兜底,R-S04,True
T022,巡航,O01>S013,779.9676318805956,781.9631985642013,中继兜底,R-S04,True
T022,巡航,O01>S013,781.9631985642013,783.9587652478072,中继兜底,R-S04,True
T022,巡航,O01>S013,783.9587652478072,785.9543319314128,中继兜底,R-S04,True
T022,巡航,O01>S013,785.9543319314128,787.9498986150186,中继兜底,R-S04,True
T022,巡航,O01>S013,787.9498986150186,789.9454652986243,中继兜底,R-S04,True
T022,巡航,O01>S013,789.9454652986243,791.94103198223,中继兜底,R-S04,True
T022,巡航,O01>S013,791.94103198223,793.9365986658357,中继兜底,R-S04,True
T022,巡航,O01>S013,793.9365986658357,795.9321653494414,中继兜底,R-S04,True
T022,巡航,O01>S013,795.9321653494414,797.9277320330473,中继兜底,R-S04,True
T022,巡航,O01>S013,797.9277320330473,799.9232987166529,中继兜底,R-S04,True
T022,巡航,O01>S013,799.9232987166529,801.9188654002587,中继兜底,R-S04,True
T022,巡航,O01>S013,801.9188654002587,803.9144320838643,中继兜底,R-S04,True
T022,巡航,O01>S013,803.9144320838643,805.9099987674701,中继兜底,R-S04,True
T022,巡航,O01>S013,805.9099987674701,807.9055654510759,中继兜底,R-S04,True
T022,巡航,O01>S013,807.9055654510759,809.9011321346816,中继兜底,R-S04,True
T022,巡航,O01>S013,809.9011321346816,811.8966988182874,中继兜底,R-S04,True
T022,巡航,O01>S013,811.8966988182874,813.892265501893,中继兜底,R-S04,True
T022,巡航,O01>S013,813.892265501893,815.8878321854988,中继兜底,R-S04,True
T022,巡航,O01>S013,815.8878321854988,817.8833988691044,中继兜底,R-S04,True
T022,巡航,O01>S013,817.8833988691044,819.8789655527103,中继兜底,R-S04,True
T022,巡航,O01>S013,819.8789655527103,821.874532236316,中继兜底,R-S04,True
T022,下降,O01>S013,821.874532236316,833.7449881689331,中继兜底,R-S04,True
T022,下降,O01>S013,833.7449881689331,845.6154441015503,中继兜底,R-S04,True
T022,投送,S013,845.6154441015503,1133.6154441015503,中继兜底,R-S04,True
T022,爬升,S013>O01,1133.6154441015503,1143.1118088476442,中继兜底,R-S04,True
T022,爬升,S013>O01,1143.1118088476442,1152.6081735937378,中继兜底,R-S04,True
T022,巡航,S013>O01,1152.6081735937378,1154.6037402773436,中继兜底,R-S04,True
T022,巡航,S013>O01,1154.6037402773436,1156.5993069609492,中继兜底,R-S04,True
T022,巡航,S013>O01,1156.5993069609492,1158.594873644555,中继兜底,R-S04,True
T022,巡航,S013>O01,1158.594873644555,1160.5904403281606,中继兜底,R-S04,True
T022,巡航,S013>O01,1160.5904403281606,1162.5860070117665,中继兜底,R-S04,True
T022,巡航,S013>O01,1162.5860070117665,1164.581573695372,中继兜底,R-S04,True
T022,巡航,S013>O01,1164.581573695372,1166.577140378978,中继兜底,R-S04,True
T022,巡航,S013>O01,1166.577140378978,1168.5727070625837,中继兜底,R-S04,True
T022,巡航,S013>O01,1168.5727070625837,1170.5682737461893,中继兜底,R-S04,True
T022,巡航,S013>O01,1170.5682737461893,1172.5638404297952,中继兜底,R-S04,True
T022,巡航,S013>O01,1172.5638404297952,1174.5594071134008,中继兜底,R-S04,True
T022,巡航,S013>O01,1174.5594071134008,1176.5549737970066,中继兜底,R-S04,True
T022,巡航,S013>O01,1176.5549737970066,1178.5505404806122,中继兜底,R-S04,True
T022,巡航,S013>O01,1178.5505404806122,1180.546107164218,中继兜底,R-S04,True
T022,巡航,S013>O01,1180.546107164218,1182.5416738478239,中继兜底,R-S04,True
T022,巡航,S013>O01,1182.5416738478239,1184.5372405314295,中继兜底,R-S04,True
T022,巡航,S013>O01,1184.5372405314295,1186.5328072150353,中继兜底,R-S04,True
T022,巡航,S013>O01,1186.5328072150353,1188.528373898641,中继兜底,R-S04,True
T022,巡航,S013>O01,1188.528373898641,1190.5239405822467,中继兜底,R-S04,True
T022,巡航,S013>O01,1190.5239405822467,1192.5195072658523,中继兜底,R-S04,True
T022,巡航,S013>O01,1192.5195072658523,1194.5150739494582,中继兜底,R-S04,True
T022,巡航,S013>O01,1194.5150739494582,1196.5106406330638,中继兜底,R-S04,True
T022,巡航,S013>O01,1196.5106406330638,1198.5062073166696,中继兜底,R-S04,True
T022,巡航,S013>O01,1198.5062073166696,1200.5017740002754,中继兜底,R-S04,True
T022,巡航,S013>O01,1200.5017740002754,1202.497340683881,中继兜底,R-S04,True
T022,巡航,S013>O01,1202.497340683881,1204.4929073674869,中继兜底,R-S04,True
T022,巡航,S013>O01,1204.4929073674869,1206.4884740510925,中继兜底,R-S04,True
T022,巡航,S013>O01,1206.4884740510925,1208.4840407346983,中继兜底,R-S04,True
T022,巡航,S013>O01,1208.4840407346983,1210.4796074183039,中继兜底,R-S04,True
T022,巡航,S013>O01,1210.4796074183039,1212.4751741019097,中继兜底,R-S04,True
T022,巡航,S013>O01,1212.4751741019097,1214.4707407855155,中继兜底,R-S04,True
T022,巡航,S013>O01,1214.4707407855155,1216.4663074691211,直连,,True
T022,巡航,S013>O01,1216.4663074691211,1218.461874152727,直连,,True
T022,巡航,S013>O01,1218.461874152727,1220.4574408363326,直连,,True
T022,巡航,S013>O01,1220.4574408363326,1222.4530075199384,直连,,True
T022,巡航,S013>O01,1222.4530075199384,1224.448574203544,直连,,True
T022,巡航,S013>O01,1224.448574203544,1226.4441408871498,直连,,True
T022,巡航,S013>O01,1226.4441408871498,1228.4397075707557,直连,,True
T022,巡航,S013>O01,1228.4397075707557,1230.4352742543613,直连,,True
T022,巡航,S013>O01,1230.4352742543613,1232.430840937967,直连,,True
T022,巡航,S013>O01,1232.430840937967,1234.4264076215727,直连,,True
T022,巡航,S013>O01,1234.4264076215727,1236.4219743051785,直连,,True
T022,巡航,S013>O01,1236.4219743051785,1238.4175409887841,直连,,True
T022,巡航,S013>O01,1238.4175409887841,1240.41310767239,直连,,True
T022,巡航,S013>O01,1240.41310767239,1242.4086743559958,直连,,True
T022,巡航,S013>O01,1242.4086743559958,1244.4042410396014,直连,,True
T022,巡航,S013>O01,1244.4042410396014,1246.3998077232072,直连,,True
T022,巡航,S013>O01,1246.3998077232072,1248.3953744068128,直连,,True
T022,巡航,S013>O01,1248.3953744068128,1250.3909410904187,直连,,True
T022,巡航,S013>O01,1250.3909410904187,1252.3865077740243,直连,,True
T022,巡航,S013>O01,1252.3865077740243,1254.38207445763,直连,,True
T022,巡航,S013>O01,1254.38207445763,1256.377641141236,直连,,True
T022,巡航,S013>O01,1256.377641141236,1258.3732078248415,直连,,True
T022,巡航,S013>O01,1258.3732078248415,1260.3687745084474,直连,,True
T022,巡航,S013>O01,1260.3687745084474,1262.364341192053,直连,,True
T022,巡航,S013>O01,1262.364341192053,1264.3599078756588,直连,,True
T022,巡航,S013>O01,1264.3599078756588,1266.3554745592644,直连,,True
T022,巡航,S013>O01,1266.3554745592644,1268.3510412428702,直连,,True
T022,巡航,S013>O01,1268.3510412428702,1270.3466079264758,直连,,True
T022,巡航,S013>O01,1270.3466079264758,1272.3421746100817,直连,,True
T022,巡航,S013>O01,1272.3421746100817,1274.3377412936875,直连,,True
T022,巡航,S013>O01,1274.3377412936875,1276.333307977293,直连,,True
T022,巡航,S013>O01,1276.333307977293,1278.328874660899,直连,,True
T022,巡航,S013>O01,1278.328874660899,1280.3244413445045,直连,,True
T022,巡航,S013>O01,1280.3244413445045,1282.3200080281104,直连,,True
T022,巡航,S013>O01,1282.3200080281104,1284.3155747117162,直连,,True
T022,巡航,S013>O01,1284.3155747117162,1286.3111413953218,直连,,True
T022,巡航,S013>O01,1286.3111413953218,1288.3067080789276,直连,,True
T022,巡航,S013>O01,1288.3067080789276,1290.3022747625332,直连,,True
T022,巡航,S013>O01,1290.3022747625332,1292.297841446139,直连,,True
T022,巡航,S013>O01,1292.297841446139,1294.2934081297446,直连,,True
T022,巡航,S013>O01,1294.2934081297446,1296.2889748133505,直连,,True
T022,巡航,S013>O01,1296.2889748133505,1298.284541496956,直连,,True
T022,巡航,S013>O01,1298.284541496956,1300.280108180562,直连,,True
T022,巡航,S013>O01,1300.280108180562,1302.2756748641677,直连,,True
T022,巡航,S013>O01,1302.2756748641677,1304.2712415477733,直连,,True
T022,巡航,S013>O01,1304.2712415477733,1306.2668082313792,直连,,True
T022,巡航,S013>O01,1306.2668082313792,1308.2623749149848,直连,,True
T022,巡航,S013>O01,1308.2623749149848,1310.2579415985906,直连,,True
T022,巡航,S013>O01,1310.2579415985906,1312.2535082821962,直连,,True
T022,巡航,S013>O01,1312.2535082821962,1314.249074965802,直连,,True
T022,巡航,S013>O01,1314.249074965802,1316.2446416494079,直连,,True
T022,巡航,S013>O01,1316.2446416494079,1318.2402083330135,直连,,True
T022,巡航,S013>O01,1318.2402083330135,1320.2357750166193,直连,,True
T022,巡航,S013>O01,1320.2357750166193,1322.231341700225,直连,,True
T022,巡航,S013>O01,1322.231341700225,1324.2269083838307,直连,,True
T022,巡航,S013>O01,1324.2269083838307,1326.2224750674363,直连,,True
T022,巡航,S013>O01,1326.2224750674363,1328.2180417510422,直连,,True
T022,巡航,S013>O01,1328.2180417510422,1330.213608434648,直连,,True
T022,巡航,S013>O01,1330.213608434648,1332.2091751182536,直连,,True
T022,巡航,S013>O01,1332.2091751182536,1334.2047418018594,直连,,True
T022,巡航,S013>O01,1334.2047418018594,1336.200308485465,直连,,True
T022,巡航,S013>O01,1336.200308485465,1338.1958751690709,直连,,True
T022,巡航,S013>O01,1338.1958751690709,1340.1914418526765,直连,,True
T022,巡航,S013>O01,1340.1914418526765,1342.1870085362823,直连,,True
T022,巡航,S013>O01,1342.1870085362823,1344.182575219888,直连,,True
T022,巡航,S013>O01,1344.182575219888,1346.1781419034937,直连,,True
T022,巡航,S013>O01,1346.1781419034937,1348.1737085870996,直连,,True
T022,巡航,S013>O01,1348.1737085870996,1350.1692752707052,直连,,True
T022,巡航,S013>O01,1350.1692752707052,1352.164841954311,直连,,True
T022,巡航,S013>O01,1352.164841954311,1354.1604086379166,直连,,True
T022,巡航,S013>O01,1354.1604086379166,1356.1559753215224,直连,,True
T022,巡航,S013>O01,1356.1559753215224,1358.1515420051282,直连,,True
T022,巡航,S013>O01,1358.1515420051282,1360.1471086887339,直连,,True
T022,巡航,S013>O01,1360.1471086887339,1362.1426753723397,直连,,True
T022,巡航,S013>O01,1362.1426753723397,1364.1382420559453,直连,,True
T022,巡航,S013>O01,1364.1382420559453,1366.1338087395511,直连,,True
T022,巡航,S013>O01,1366.1338087395511,1368.1293754231567,直连,,True
T022,巡航,S013>O01,1368.1293754231567,1370.1249421067625,直连,,True
T022,巡航,S013>O01,1370.1249421067625,1372.1205087903681,直连,,True
T022,巡航,S013>O01,1372.1205087903681,1374.116075473974,直连,,True
T022,巡航,S013>O01,1374.116075473974,1376.1116421575798,直连,,True
T022,巡航,S013>O01,1376.1116421575798,1378.1072088411854,直连,,True
T022,巡航,S013>O01,1378.1072088411854,1380.1027755247912,直连,,True
T022,巡航,S013>O01,1380.1027755247912,1382.0983422083968,直连,,True
T022,巡航,S013>O01,1382.0983422083968,1384.0939088920027,直连,,True
T022,巡航,S013>O01,1384.0939088920027,1386.0894755756083,直连,,True
T022,巡航,S013>O01,1386.0894755756083,1388.085042259214,直连,,True
T022,巡航,S013>O01,1388.085042259214,1390.08060894282,直连,,True
T022,巡航,S013>O01,1390.08060894282,1392.0761756264255,直连,,True
T022,巡航,S013>O01,1392.0761756264255,1394.0717423100314,直连,,True
T022,巡航,S013>O01,1394.0717423100314,1396.067308993637,直连,,True
T022,巡航,S013>O01,1396.067308993637,1398.0628756772428,直连,,True
T022,巡航,S013>O01,1398.0628756772428,1400.0584423608484,直连,,True
T022,巡航,S013>O01,1400.0584423608484,1402.0540090444542,直连,,True
T022,巡航,S013>O01,1402.0540090444542,1404.04957572806,直连,,True
T022,巡航,S013>O01,1404.04957572806,1406.0451424116657,直连,,True
T022,巡航,S013>O01,1406.0451424116657,1408.0407090952715,直连,,True
T022,巡航,S013>O01,1408.0407090952715,1410.036275778877,直连,,True
T022,巡航,S013>O01,1410.036275778877,1412.031842462483,直连,,True
T022,巡航,S013>O01,1412.031842462483,1414.0274091460888,直连,,True
T022,巡航,S013>O01,1414.0274091460888,1416.0229758296944,直连,,True
T022,巡航,S013>O01,1416.0229758296944,1418.0185425133,直连,,True
T022,巡航,S013>O01,1418.0185425133,1420.0141091969058,直连,,True
T022,巡航,S013>O01,1420.0141091969058,1422.0096758805116,直连,,True
T022,巡航,S013>O01,1422.0096758805116,1424.0052425641172,直连,,True
T022,巡航,S013>O01,1424.0052425641172,1426.000809247723,直连,,True
T022,巡航,S013>O01,1426.000809247723,1427.9963759313287,直连,,True
T022,巡航,S013>O01,1427.9963759313287,1429.9919426149345,直连,,True
T022,巡航,S013>O01,1429.9919426149345,1431.9875092985403,直连,,True
T022,巡航,S013>O01,1431.9875092985403,1433.983075982146,直连,,True
T022,巡航,S013>O01,1433.983075982146,1435.9786426657517,直连,,True
T022,巡航,S013>O01,1435.9786426657517,1437.9742093493574,直连,,True
T022,巡航,S013>O01,1437.9742093493574,1439.9697760329632,直连,,True
T022,巡航,S013>O01,1439.9697760329632,1441.9653427165688,直连,,True
T022,巡航,S013>O01,1441.9653427165688,1443.9609094001746,直连,,True
T022,巡航,S013>O01,1443.9609094001746,1445.9564760837802,直连,,True
T022,巡航,S013>O01,1445.9564760837802,1447.952042767386,直连,,True
T022,巡航,S013>O01,1447.952042767386,1449.9476094509919,直连,,True
T022,巡航,S013>O01,1449.9476094509919,1451.9431761345975,直连,,True
T022,巡航,S013>O01,1451.9431761345975,1453.9387428182033,直连,,True
T022,巡航,S013>O01,1453.9387428182033,1455.934309501809,直连,,True
T022,巡航,S013>O01,1455.934309501809,1457.9298761854147,直连,,True
T022,巡航,S013>O01,1457.9298761854147,1459.9254428690206,直连,,True
T022,巡航,S013>O01,1459.9254428690206,1461.9210095526262,直连,,True
T022,巡航,S013>O01,1461.9210095526262,1463.9165762362318,直连,,True
T022,巡航,S013>O01,1463.9165762362318,1465.9121429198376,直连,,True
T022,巡航,S013>O01,1465.9121429198376,1467.9077096034434,直连,,True
T022,巡航,S013>O01,1467.9077096034434,1469.903276287049,直连,,True
T022,巡航,S013>O01,1469.903276287049,1471.8988429706549,直连,,True
T022,巡航,S013>O01,1471.8988429706549,1473.8944096542605,直连,,True
T022,巡航,S013>O01,1473.8944096542605,1475.8899763378663,直连,,True
T022,下降,S013>O01,1475.8899763378663,1489.4640675243897,直连,,True
T022,下降,S013>O01,1489.4640675243897,1503.0381587109132,直连,,True
T022,下降,S013>O01,1503.0381587109132,1516.6122498974366,直连,,True
T022,下降,S013>O01,1516.6122498974366,1530.18634108396,直连,,True
T022,下降,S013>O01,1530.18634108396,1543.7604322704835,直连,,True
T022,下降,S013>O01,1543.7604322704835,1557.334523457007,直连,,True
T022,下降,S013>O01,1557.334523457007,1570.9086146435304,直连,,True
T022,下降,S013>O01,1570.9086146435304,1584.4827058300539,直连,,True
T022,下降,S013>O01,1584.4827058300539,1598.0567970165773,直连,,True
T022,下降,S013>O01,1598.0567970165773,1611.6308882031008,直连,,True
T023,爬升,O01>S014,2313.0,2322.6718205769857,直连,,True
T023,爬升,O01>S014,2322.6718205769857,2332.3436411539715,直连,,True
T023,爬升,O01>S014,2332.3436411539715,2342.015461730957,直连,,True
T023,爬升,O01>S014,2342.015461730957,2351.687282307943,直连,,True
T023,爬升,O01>S014,2351.687282307943,2361.3591028849282,直连,,True
T023,爬升,O01>S014,2361.3591028849282,2371.030923461914,直连,,True
T023,爬升,O01>S014,2371.030923461914,2380.7027440388997,直连,,True
T023,爬升,O01>S014,2380.7027440388997,2390.3745646158854,直连,,True
T023,爬升,O01>S014,2390.3745646158854,2400.046385192871,直连,,True
T023,爬升,O01>S014,2400.046385192871,2409.718205769857,直连,,True
T023,爬升,O01>S014,2409.718205769857,2419.3900263468427,直连,,True
T023,爬升,O01>S014,2419.3900263468427,2429.061846923828,直连,,True
T023,爬升,O01>S014,2429.061846923828,2438.7336675008137,直连,,True
T023,爬升,O01>S014,2438.7336675008137,2448.4054880777994,直连,,True
T023,爬升,O01>S014,2448.4054880777994,2458.077308654785,直连,,True
T023,爬升,O01>S014,2458.077308654785,2467.749129231771,直连,,True
T023,巡航,O01>S014,2467.749129231771,2469.7452876829657,直连,,True
T023,巡航,O01>S014,2469.7452876829657,2471.741446134161,直连,,True
T023,巡航,O01>S014,2471.741446134161,2473.7376045853557,直连,,True
T023,巡航,O01>S014,2473.7376045853557,2475.7337630365505,直连,,True
T023,巡航,O01>S014,2475.7337630365505,2477.7299214877453,直连,,True
T023,巡航,O01>S014,2477.7299214877453,2479.7260799389405,直连,,True
T023,巡航,O01>S014,2479.7260799389405,2481.7222383901353,直连,,True
T023,巡航,O01>S014,2481.7222383901353,2483.71839684133,直连,,True
T023,巡航,O01>S014,2483.71839684133,2485.714555292525,直连,,True
T023,巡航,O01>S014,2485.714555292525,2487.71071374372,直连,,True
T023,巡航,O01>S014,2487.71071374372,2489.706872194915,直连,,True
T023,巡航,O01>S014,2489.706872194915,2491.7030306461097,直连,,True
T023,巡航,O01>S014,2491.7030306461097,2493.699189097305,直连,,True
T023,巡航,O01>S014,2493.699189097305,2495.6953475484997,直连,,True
T023,巡航,O01>S014,2495.6953475484997,2497.6915059996945,直连,,True
T023,巡航,O01>S014,2497.6915059996945,2499.6876644508893,直连,,True
T023,巡航,O01>S014,2499.6876644508893,2501.6838229020846,直连,,True
T023,巡航,O01>S014,2501.6838229020846,2503.6799813532793,直连,,True
T023,巡航,O01>S014,2503.6799813532793,2505.676139804474,直连,,True
T023,巡航,O01>S014,2505.676139804474,2507.672298255669,直连,,True
T023,巡航,O01>S014,2507.672298255669,2509.668456706864,直连,,True
T023,巡航,O01>S014,2509.668456706864,2511.664615158059,直连,,True
T023,巡航,O01>S014,2511.664615158059,2513.6607736092537,直连,,True
T023,巡航,O01>S014,2513.6607736092537,2515.6569320604485,直连,,True
T023,巡航,O01>S014,2515.6569320604485,2517.6530905116438,直连,,True
T023,巡航,O01>S014,2517.6530905116438,2519.6492489628386,直连,,True
T023,巡航,O01>S014,2519.6492489628386,2521.6454074140333,直连,,True
T023,巡航,O01>S014,2521.6454074140333,2523.6415658652286,直连,,True
T023,巡航,O01>S014,2523.6415658652286,2525.6377243164234,直连,,True
T023,巡航,O01>S014,2525.6377243164234,2527.633882767618,直连,,True
T023,巡航,O01>S014,2527.633882767618,2529.630041218813,直连,,True
T023,巡航,O01>S014,2529.630041218813,2531.626199670008,直连,,True
T023,巡航,O01>S014,2531.626199670008,2533.622358121203,直连,,True
T023,巡航,O01>S014,2533.622358121203,2535.6185165723978,直连,,True
T023,巡航,O01>S014,2535.6185165723978,2537.6146750235926,直连,,True
T023,巡航,O01>S014,2537.6146750235926,2539.610833474788,直连,,True
T023,巡航,O01>S014,2539.610833474788,2541.6069919259826,直连,,True
T023,巡航,O01>S014,2541.6069919259826,2543.6031503771774,直连,,True
T023,巡航,O01>S014,2543.6031503771774,2545.5993088283726,直连,,True
T023,巡航,O01>S014,2545.5993088283726,2547.5954672795674,直连,,True
T023,巡航,O01>S014,2547.5954672795674,2549.591625730762,直连,,True
T023,巡航,O01>S014,2549.591625730762,2551.587784181957,直连,,True
T023,巡航,O01>S014,2551.587784181957,2553.583942633152,直连,,True
T023,巡航,O01>S014,2553.583942633152,2555.580101084347,直连,,True
T023,巡航,O01>S014,2555.580101084347,2557.576259535542,直连,,True
T023,巡航,O01>S014,2557.576259535542,2559.5724179867366,直连,,True
T023,巡航,O01>S014,2559.5724179867366,2561.568576437932,直连,,True
T023,巡航,O01>S014,2561.568576437932,2563.5647348891266,直连,,True
T023,巡航,O01>S014,2563.5647348891266,2565.5608933403214,直连,,True
T023,巡航,O01>S014,2565.5608933403214,2567.5570517915166,直连,,True
T023,巡航,O01>S014,2567.5570517915166,2569.5532102427114,直连,,True
T023,巡航,O01>S014,2569.5532102427114,2571.549368693906,直连,,True
T023,巡航,O01>S014,2571.549368693906,2573.545527145101,直连,,True
T023,巡航,O01>S014,2573.545527145101,2575.5416855962962,直连,,True
T023,巡航,O01>S014,2575.5416855962962,2577.537844047491,直连,,True
T023,巡航,O01>S014,2577.537844047491,2579.534002498686,直连,,True
T023,巡航,O01>S014,2579.534002498686,2581.5301609498806,直连,,True
T023,巡航,O01>S014,2581.5301609498806,2583.526319401076,直连,,True
T023,巡航,O01>S014,2583.526319401076,2585.5224778522706,直连,,True
T023,巡航,O01>S014,2585.5224778522706,2587.5186363034654,直连,,True
T023,巡航,O01>S014,2587.5186363034654,2589.5147947546607,直连,,True
T023,巡航,O01>S014,2589.5147947546607,2591.5109532058555,直连,,True
T023,巡航,O01>S014,2591.5109532058555,2593.5071116570502,直连,,True
T023,巡航,O01>S014,2593.5071116570502,2595.503270108245,直连,,True
T023,巡航,O01>S014,2595.503270108245,2597.4994285594403,直连,,True
T023,巡航,O01>S014,2597.4994285594403,2599.495587010635,直连,,True
T023,巡航,O01>S014,2599.495587010635,2601.49174546183,直连,,True
T023,巡航,O01>S014,2601.49174546183,2603.4879039130246,直连,,True
T023,巡航,O01>S014,2603.4879039130246,2605.48406236422,直连,,True
T023,巡航,O01>S014,2605.48406236422,2607.4802208154147,直连,,True
T023,巡航,O01>S014,2607.4802208154147,2609.4763792666095,直连,,True
T023,巡航,O01>S014,2609.4763792666095,2611.4725377178047,直连,,True
T023,巡航,O01>S014,2611.4725377178047,2613.4686961689995,直连,,True
T023,巡航,O01>S014,2613.4686961689995,2615.4648546201943,直连,,True
T023,巡航,O01>S014,2615.4648546201943,2617.461013071389,直连,,True
T023,巡航,O01>S014,2617.461013071389,2619.4571715225843,直连,,True
T023,巡航,O01>S014,2619.4571715225843,2621.453329973779,直连,,True
T023,巡航,O01>S014,2621.453329973779,2623.449488424974,直连,,True
T023,巡航,O01>S014,2623.449488424974,2625.4456468761687,直连,,True
T023,巡航,O01>S014,2625.4456468761687,2627.441805327364,直连,,True
T023,巡航,O01>S014,2627.441805327364,2629.4379637785587,直连,,True
T023,巡航,O01>S014,2629.4379637785587,2631.4341222297535,直连,,True
T023,巡航,O01>S014,2631.4341222297535,2633.4302806809483,直连,,True
T023,巡航,O01>S014,2633.4302806809483,2635.4264391321435,直连,,True
T023,巡航,O01>S014,2635.4264391321435,2637.4225975833383,直连,,True
T023,巡航,O01>S014,2637.4225975833383,2639.418756034533,直连,,True
T023,巡航,O01>S014,2639.418756034533,2641.4149144857283,直连,,True
T023,巡航,O01>S014,2641.4149144857283,2643.411072936923,直连,,True
T023,巡航,O01>S014,2643.411072936923,2645.407231388118,直连,,True
T023,巡航,O01>S014,2645.407231388118,2647.4033898393127,直连,,True
T023,巡航,O01>S014,2647.4033898393127,2649.399548290508,直连,,True
T023,巡航,O01>S014,2649.399548290508,2651.3957067417027,直连,,True
T023,巡航,O01>S014,2651.3957067417027,2653.3918651928975,直连,,True
T023,巡航,O01>S014,2653.3918651928975,2655.3880236440923,直连,,True
T023,巡航,O01>S014,2655.3880236440923,2657.3841820952875,直连,,True
T023,巡航,O01>S014,2657.3841820952875,2659.3803405464823,直连,,True
T023,巡航,O01>S014,2659.3803405464823,2661.376498997677,直连,,True
T023,巡航,O01>S014,2661.376498997677,2663.372657448872,直连,,True
T023,巡航,O01>S014,2663.372657448872,2665.368815900067,直连,,True
T023,巡航,O01>S014,2665.368815900067,2667.364974351262,直连,,True
T023,巡航,O01>S014,2667.364974351262,2669.3611328024567,直连,,True
T023,巡航,O01>S014,2669.3611328024567,2671.357291253652,直连,,True
T023,巡航,O01>S014,2671.357291253652,2673.3534497048468,直连,,True
T023,巡航,O01>S014,2673.3534497048468,2675.3496081560415,直连,,True
T023,巡航,O01>S014,2675.3496081560415,2677.3457666072363,直连,,True
T023,巡航,O01>S014,2677.3457666072363,2679.3419250584316,直连,,True
T023,巡航,O01>S014,2679.3419250584316,2681.3380835096264,直连,,True
T023,巡航,O01>S014,2681.3380835096264,2683.334241960821,直连,,True
T023,巡航,O01>S014,2683.334241960821,2685.3304004120164,直连,,True
T023,巡航,O01>S014,2685.3304004120164,2687.326558863211,直连,,True
T023,巡航,O01>S014,2687.326558863211,2689.322717314406,直连,,True
T023,巡航,O01>S014,2689.322717314406,2691.3188757656008,直连,,True
T023,巡航,O01>S014,2691.3188757656008,2693.315034216796,直连,,True
T023,巡航,O01>S014,2693.315034216796,2695.311192667991,直连,,True
T023,巡航,O01>S014,2695.311192667991,2697.3073511191856,直连,,True
T023,巡航,O01>S014,2697.3073511191856,2699.3035095703804,直连,,True
T023,巡航,O01>S014,2699.3035095703804,2701.2996680215756,直连,,True
T023,巡航,O01>S014,2701.2996680215756,2703.2958264727704,直连,,True
T023,巡航,O01>S014,2703.2958264727704,2705.291984923965,直连,,True
T023,巡航,O01>S014,2705.291984923965,2707.28814337516,直连,,True
T023,巡航,O01>S014,2707.28814337516,2709.284301826355,直连,,True
T023,巡航,O01>S014,2709.284301826355,2711.28046027755,直连,,True
T023,巡航,O01>S014,2711.28046027755,2713.276618728745,直连,,True
T023,巡航,O01>S014,2713.276618728745,2715.27277717994,直连,,True
T023,巡航,O01>S014,2715.27277717994,2717.268935631135,直连,,True
T023,巡航,O01>S014,2717.268935631135,2719.2650940823296,直连,,True
T023,巡航,O01>S014,2719.2650940823296,2721.2612525335244,直连,,True
T023,巡航,O01>S014,2721.2612525335244,2723.2574109847196,直连,,True
T023,巡航,O01>S014,2723.2574109847196,2725.2535694359144,直连,,True
T023,巡航,O01>S014,2725.2535694359144,2727.249727887109,直连,,True
T023,巡航,O01>S014,2727.249727887109,2729.2458863383044,直连,,True
T023,巡航,O01>S014,2729.2458863383044,2731.2420447894992,中继兜底,R-S04,True
T023,巡航,O01>S014,2731.2420447894992,2733.238203240694,中继兜底,R-S04,True
T023,巡航,O01>S014,2733.238203240694,2735.234361691889,中继兜底,R-S04,True
T023,巡航,O01>S014,2735.234361691889,2737.2305201430836,中继兜底,R-S04,True
T023,巡航,O01>S014,2737.2305201430836,2739.226678594279,中继兜底,R-S04,True
T023,巡航,O01>S014,2739.226678594279,2741.2228370454736,中继兜底,R-S04,True
T023,巡航,O01>S014,2741.2228370454736,2743.2189954966684,中继兜底,R-S04,True
T023,巡航,O01>S014,2743.2189954966684,2745.2151539478637,中继兜底,R-S04,True
T023,巡航,O01>S014,2745.2151539478637,2747.2113123990584,中继兜底,R-S04,True
T023,巡航,O01>S014,2747.2113123990584,2749.2074708502532,中继兜底,R-S04,True
T023,巡航,O01>S014,2749.2074708502532,2751.203629301448,中继兜底,R-S04,True
T023,巡航,O01>S014,2751.203629301448,2753.1997877526433,中继兜底,R-S04,True
T023,巡航,O01>S014,2753.1997877526433,2755.195946203838,中继兜底,R-S04,True
T023,巡航,O01>S014,2755.195946203838,2757.192104655033,中继兜底,R-S04,True
T023,巡航,O01>S014,2757.192104655033,2759.188263106228,中继兜底,R-S04,True
T023,巡航,O01>S014,2759.188263106228,2761.184421557423,中继兜底,R-S04,True
T023,巡航,O01>S014,2761.184421557423,2763.1805800086177,中继兜底,R-S04,True
T023,巡航,O01>S014,2763.1805800086177,2765.1767384598124,中继兜底,R-S04,True
T023,巡航,O01>S014,2765.1767384598124,2767.1728969110077,中继兜底,R-S04,True
T023,巡航,O01>S014,2767.1728969110077,2769.1690553622025,中继兜底,R-S04,True
T023,巡航,O01>S014,2769.1690553622025,2771.1652138133973,中继兜底,R-S04,True
T023,巡航,O01>S014,2771.1652138133973,2773.161372264592,中继兜底,R-S04,True
T023,巡航,O01>S014,2773.161372264592,2775.1575307157873,中继兜底,R-S04,True
T023,巡航,O01>S014,2775.1575307157873,2777.153689166982,中继兜底,R-S04,True
T023,巡航,O01>S014,2777.153689166982,2779.149847618177,中继兜底,R-S04,True
T023,巡航,O01>S014,2779.149847618177,2781.1460060693717,中继兜底,R-S04,True
T023,巡航,O01>S014,2781.1460060693717,2783.142164520567,中继兜底,R-S04,True
T023,巡航,O01>S014,2783.142164520567,2785.1383229717617,中继兜底,R-S04,True
T023,巡航,O01>S014,2785.1383229717617,2787.1344814229565,中继兜底,R-S04,True
T023,巡航,O01>S014,2787.1344814229565,2789.1306398741517,中继兜底,R-S04,True
T023,巡航,O01>S014,2789.1306398741517,2791.1267983253465,中继兜底,R-S04,True
T023,巡航,O01>S014,2791.1267983253465,2793.1229567765413,中继兜底,R-S04,True
T023,巡航,O01>S014,2793.1229567765413,2795.119115227736,中继兜底,R-S04,True
T023,巡航,O01>S014,2795.119115227736,2797.1152736789313,中继兜底,R-S04,True
T023,巡航,O01>S014,2797.1152736789313,2799.111432130126,中继兜底,R-S04,True
T023,巡航,O01>S014,2799.111432130126,2801.107590581321,中继兜底,R-S04,True
T023,巡航,O01>S014,2801.107590581321,2803.103749032516,中继兜底,R-S04,True
T023,巡航,O01>S014,2803.103749032516,2805.099907483711,中继兜底,R-S04,True
T023,巡航,O01>S014,2805.099907483711,2807.0960659349057,中继兜底,R-S04,True
T023,巡航,O01>S014,2807.0960659349057,2809.0922243861005,中继兜底,R-S04,True
T023,巡航,O01>S014,2809.0922243861005,2811.0883828372957,中继兜底,R-S04,True
T023,巡航,O01>S014,2811.0883828372957,2813.0845412884905,中继兜底,R-S04,True
T023,巡航,O01>S014,2813.0845412884905,2815.0806997396853,中继兜底,R-S04,True
T023,巡航,O01>S014,2815.0806997396853,2817.07685819088,中继兜底,R-S04,True
T023,巡航,O01>S014,2817.07685819088,2819.0730166420753,中继兜底,R-S04,True
T023,巡航,O01>S014,2819.0730166420753,2821.06917509327,中继兜底,R-S04,True
T023,巡航,O01>S014,2821.06917509327,2823.065333544465,中继兜底,R-S04,True
T023,巡航,O01>S014,2823.065333544465,2825.0614919956597,中继兜底,R-S04,True
T023,巡航,O01>S014,2825.0614919956597,2827.057650446855,中继兜底,R-S04,True
T023,巡航,O01>S014,2827.057650446855,2829.0538088980497,中继兜底,R-S04,True
T023,下降,O01>S014,2829.0538088980497,2839.762581684508,中继兜底,R-S04,True
T023,下降,O01>S014,2839.762581684508,2850.471354470966,中继兜底,R-S04,True
T023,下降,O01>S014,2850.471354470966,2861.180127257425,中继兜底,R-S04,True
T023,下降,O01>S014,2861.180127257425,2871.888900043883,中继兜底,R-S04,True
T023,下降,O01>S014,2871.888900043883,2882.5976728303413,中继兜底,R-S04,True
T023,下降,O01>S014,2882.5976728303413,2893.3064456167995,中继兜底,R-S04,True
T023,下降,O01>S014,2893.3064456167995,2904.015218403258,中继兜底,R-S04,True
T023,下降,O01>S014,2904.015218403258,2914.7239911897163,中继兜底,R-S04,True
T023,下降,O01>S014,2914.7239911897163,2925.4327639761746,中继兜底,R-S04,True
T023,投送,S014,2925.4327639761746,3165.4327639761746,中继兜底,R-S04,True
T023,爬升,S014>O01,3165.4327639761746,3174.3567412982234,中继兜底,R-S04,True
T023,爬升,S014>O01,3174.3567412982234,3183.2807186202717,中继兜底,R-S04,True
T023,爬升,S014>O01,3183.2807186202717,3192.2046959423205,中继兜底,R-S04,True
T023,爬升,S014>O01,3192.2046959423205,3201.128673264369,中继兜底,R-S04,True
T023,爬升,S014>O01,3201.128673264369,3210.0526505864177,中继兜底,R-S04,True
T023,爬升,S014>O01,3210.0526505864177,3218.976627908466,中继兜底,R-S04,True
T023,爬升,S014>O01,3218.976627908466,3227.900605230515,中继兜底,R-S04,True
T023,爬升,S014>O01,3227.900605230515,3236.8245825525632,中继兜底,R-S04,True
T023,爬升,S014>O01,3236.8245825525632,3245.748559874612,中继兜底,R-S04,True
T023,巡航,S014>O01,3245.748559874612,3247.744718325807,中继兜底,R-S04,True
T023,巡航,S014>O01,3247.744718325807,3249.740876777002,中继兜底,R-S04,True
T023,巡航,S014>O01,3249.740876777002,3251.737035228197,中继兜底,R-S04,True
T023,巡航,S014>O01,3251.737035228197,3253.7331936793917,中继兜底,R-S04,True
T023,巡航,S014>O01,3253.7331936793917,3255.7293521305864,中继兜底,R-S04,True
T023,巡航,S014>O01,3255.7293521305864,3257.7255105817817,中继兜底,R-S04,True
T023,巡航,S014>O01,3257.7255105817817,3259.7216690329765,中继兜底,R-S04,True
T023,巡航,S014>O01,3259.7216690329765,3261.7178274841713,中继兜底,R-S04,True
T023,巡航,S014>O01,3261.7178274841713,3263.713985935366,中继兜底,R-S04,True
T023,巡航,S014>O01,3263.713985935366,3265.7101443865613,中继兜底,R-S04,True
T023,巡航,S014>O01,3265.7101443865613,3267.706302837756,中继兜底,R-S04,True
T023,巡航,S014>O01,3267.706302837756,3269.702461288951,中继兜底,R-S04,True
T023,巡航,S014>O01,3269.702461288951,3271.698619740146,中继兜底,R-S04,True
T023,巡航,S014>O01,3271.698619740146,3273.694778191341,中继兜底,R-S04,True
T023,巡航,S014>O01,3273.694778191341,3275.6909366425357,中继兜底,R-S04,True
T023,巡航,S014>O01,3275.6909366425357,3277.6870950937305,中继兜底,R-S04,True
T023,巡航,S014>O01,3277.6870950937305,3279.6832535449257,中继兜底,R-S04,True
T023,巡航,S014>O01,3279.6832535449257,3281.6794119961205,中继兜底,R-S04,True
T023,巡航,S014>O01,3281.6794119961205,3283.6755704473153,中继兜底,R-S04,True
T023,巡航,S014>O01,3283.6755704473153,3285.67172889851,中继兜底,R-S04,True
T023,巡航,S014>O01,3285.67172889851,3287.6678873497053,中继兜底,R-S04,True
T023,巡航,S014>O01,3287.6678873497053,3289.6640458009,中继兜底,R-S04,True
T023,巡航,S014>O01,3289.6640458009,3291.660204252095,中继兜底,R-S04,True
T023,巡航,S014>O01,3291.660204252095,3293.65636270329,中继兜底,R-S04,True
T023,巡航,S014>O01,3293.65636270329,3295.652521154485,中继兜底,R-S04,True
T023,巡航,S014>O01,3295.652521154485,3297.6486796056797,中继兜底,R-S04,True
T023,巡航,S014>O01,3297.6486796056797,3299.6448380568745,中继兜底,R-S04,True
T023,巡航,S014>O01,3299.6448380568745,3301.6409965080697,中继兜底,R-S04,True
T023,巡航,S014>O01,3301.6409965080697,3303.6371549592645,中继兜底,R-S04,True
T023,巡航,S014>O01,3303.6371549592645,3305.6333134104593,中继兜底,R-S04,True
T023,巡航,S014>O01,3305.6333134104593,3307.629471861654,中继兜底,R-S04,True
T023,巡航,S014>O01,3307.629471861654,3309.6256303128494,中继兜底,R-S04,True
T023,巡航,S014>O01,3309.6256303128494,3311.621788764044,中继兜底,R-S04,True
T023,巡航,S014>O01,3311.621788764044,3313.617947215239,中继兜底,R-S04,True
T023,巡航,S014>O01,3313.617947215239,3315.6141056664337,中继兜底,R-S04,True
T023,巡航,S014>O01,3315.6141056664337,3317.610264117629,中继兜底,R-S04,True
T023,巡航,S014>O01,3317.610264117629,3319.6064225688237,中继兜底,R-S04,True
T023,巡航,S014>O01,3319.6064225688237,3321.6025810200185,中继兜底,R-S04,True
T023,巡航,S014>O01,3321.6025810200185,3323.598739471214,中继兜底,R-S04,True
T023,巡航,S014>O01,3323.598739471214,3325.5948979224086,中继兜底,R-S04,True
T023,巡航,S014>O01,3325.5948979224086,3327.5910563736034,中继兜底,R-S04,True
T023,巡航,S014>O01,3327.5910563736034,3329.587214824798,中继兜底,R-S04,True
T023,巡航,S014>O01,3329.587214824798,3331.5833732759934,中继兜底,R-S04,True
T023,巡航,S014>O01,3331.5833732759934,3333.579531727188,中继兜底,R-S04,True
T023,巡航,S014>O01,3333.579531727188,3335.575690178383,中继兜底,R-S04,True
T023,巡航,S014>O01,3335.575690178383,3337.5718486295777,中继兜底,R-S04,True
T023,巡航,S014>O01,3337.5718486295777,3339.568007080773,中继兜底,R-S04,True
T023,巡航,S014>O01,3339.568007080773,3341.564165531968,中继兜底,R-S04,True
T023,巡航,S014>O01,3341.564165531968,3343.5603239831626,中继兜底,R-S04,True
T023,巡航,S014>O01,3343.5603239831626,3345.556482434358,中继兜底,R-S04,True
T023,巡航,S014>O01,3345.556482434358,3347.5526408855526,直连,,True
T023,巡航,S014>O01,3347.5526408855526,3349.5487993367474,直连,,True
T023,巡航,S014>O01,3349.5487993367474,3351.544957787942,直连,,True
T023,巡航,S014>O01,3351.544957787942,3353.5411162391374,直连,,True
T023,巡航,S014>O01,3353.5411162391374,3355.537274690332,直连,,True
T023,巡航,S014>O01,3355.537274690332,3357.533433141527,直连,,True
T023,巡航,S014>O01,3357.533433141527,3359.5295915927218,直连,,True
T023,巡航,S014>O01,3359.5295915927218,3361.525750043917,直连,,True
T023,巡航,S014>O01,3361.525750043917,3363.521908495112,直连,,True
T023,巡航,S014>O01,3363.521908495112,3365.5180669463066,直连,,True
T023,巡航,S014>O01,3365.5180669463066,3367.514225397502,直连,,True
T023,巡航,S014>O01,3367.514225397502,3369.5103838486966,直连,,True
T023,巡航,S014>O01,3369.5103838486966,3371.5065422998914,直连,,True
T023,巡航,S014>O01,3371.5065422998914,3373.502700751086,直连,,True
T023,巡航,S014>O01,3373.502700751086,3375.4988592022814,直连,,True
T023,巡航,S014>O01,3375.4988592022814,3377.495017653476,直连,,True
T023,巡航,S014>O01,3377.495017653476,3379.491176104671,直连,,True
T023,巡航,S014>O01,3379.491176104671,3381.487334555866,直连,,True
T023,巡航,S014>O01,3381.487334555866,3383.483493007061,直连,,True
T023,巡航,S014>O01,3383.483493007061,3385.479651458256,直连,,True
T023,巡航,S014>O01,3385.479651458256,3387.4758099094506,直连,,True
T023,巡航,S014>O01,3387.4758099094506,3389.4719683606454,直连,,True
T023,巡航,S014>O01,3389.4719683606454,3391.4681268118406,直连,,True
T023,巡航,S014>O01,3391.4681268118406,3393.4642852630354,直连,,True
T023,巡航,S014>O01,3393.4642852630354,3395.46044371423,直连,,True
T023,巡航,S014>O01,3395.46044371423,3397.4566021654255,直连,,True
T023,巡航,S014>O01,3397.4566021654255,3399.4527606166203,直连,,True
T023,巡航,S014>O01,3399.4527606166203,3401.448919067815,直连,,True
T023,巡航,S014>O01,3401.448919067815,3403.44507751901,直连,,True
T023,巡航,S014>O01,3403.44507751901,3405.441235970205,直连,,True
T023,巡航,S014>O01,3405.441235970205,3407.4373944214,直连,,True
T023,巡航,S014>O01,3407.4373944214,3409.4335528725946,直连,,True
T023,巡航,S014>O01,3409.4335528725946,3411.4297113237894,直连,,True
T023,巡航,S014>O01,3411.4297113237894,3413.4258697749847,直连,,True
T023,巡航,S014>O01,3413.4258697749847,3415.4220282261795,直连,,True
T023,巡航,S014>O01,3415.4220282261795,3417.4181866773743,直连,,True
T023,巡航,S014>O01,3417.4181866773743,3419.4143451285695,直连,,True
T023,巡航,S014>O01,3419.4143451285695,3421.4105035797643,直连,,True
T023,巡航,S014>O01,3421.4105035797643,3423.406662030959,直连,,True
T023,巡航,S014>O01,3423.406662030959,3425.402820482154,直连,,True
T023,巡航,S014>O01,3425.402820482154,3427.398978933349,直连,,True
T023,巡航,S014>O01,3427.398978933349,3429.395137384544,直连,,True
T023,巡航,S014>O01,3429.395137384544,3431.3912958357387,直连,,True
T023,巡航,S014>O01,3431.3912958357387,3433.3874542869335,直连,,True
T023,巡航,S014>O01,3433.3874542869335,3435.3836127381287,直连,,True
T023,巡航,S014>O01,3435.3836127381287,3437.3797711893235,直连,,True
T023,巡航,S014>O01,3437.3797711893235,3439.3759296405183,直连,,True
T023,巡航,S014>O01,3439.3759296405183,3441.3720880917135,直连,,True
T023,巡航,S014>O01,3441.3720880917135,3443.3682465429083,直连,,True
T023,巡航,S014>O01,3443.3682465429083,3445.364404994103,直连,,True
T023,巡航,S014>O01,3445.364404994103,3447.360563445298,直连,,True
T023,巡航,S014>O01,3447.360563445298,3449.356721896493,直连,,True
T023,巡航,S014>O01,3449.356721896493,3451.352880347688,直连,,True
T023,巡航,S014>O01,3451.352880347688,3453.3490387988827,直连,,True
T023,巡航,S014>O01,3453.3490387988827,3455.3451972500775,直连,,True
T023,巡航,S014>O01,3455.3451972500775,3457.3413557012727,直连,,True
T023,巡航,S014>O01,3457.3413557012727,3459.3375141524675,直连,,True
T023,巡航,S014>O01,3459.3375141524675,3461.3336726036623,直连,,True
T023,巡航,S014>O01,3461.3336726036623,3463.329831054857,直连,,True
T023,巡航,S014>O01,3463.329831054857,3465.3259895060523,直连,,True
T023,巡航,S014>O01,3465.3259895060523,3467.322147957247,直连,,True
T023,巡航,S014>O01,3467.322147957247,3469.318306408442,直连,,True
T023,巡航,S014>O01,3469.318306408442,3471.314464859637,直连,,True
T023,巡航,S014>O01,3471.314464859637,3473.310623310832,直连,,True
T023,巡航,S014>O01,3473.310623310832,3475.3067817620267,直连,,True
T023,巡航,S014>O01,3475.3067817620267,3477.3029402132215,直连,,True
T023,巡航,S014>O01,3477.3029402132215,3479.2990986644168,直连,,True
T023,巡航,S014>O01,3479.2990986644168,3481.2952571156115,直连,,True
T023,巡航,S014>O01,3481.2952571156115,3483.2914155668063,直连,,True
T023,巡航,S014>O01,3483.2914155668063,3485.287574018001,直连,,True
T023,巡航,S014>O01,3485.287574018001,3487.2837324691964,直连,,True
T023,巡航,S014>O01,3487.2837324691964,3489.279890920391,直连,,True
T023,巡航,S014>O01,3489.279890920391,3491.276049371586,直连,,True
T023,巡航,S014>O01,3491.276049371586,3493.272207822781,直连,,True
T023,巡航,S014>O01,3493.272207822781,3495.268366273976,直连,,True
T023,巡航,S014>O01,3495.268366273976,3497.2645247251708,直连,,True
T023,巡航,S014>O01,3497.2645247251708,3499.2606831763655,直连,,True
T023,巡航,S014>O01,3499.2606831763655,3501.256841627561,直连,,True
T023,巡航,S014>O01,3501.256841627561,3503.2530000787556,直连,,True
T023,巡航,S014>O01,3503.2530000787556,3505.2491585299504,直连,,True
T023,巡航,S014>O01,3505.2491585299504,3507.245316981145,直连,,True
T023,巡航,S014>O01,3507.245316981145,3509.2414754323404,直连,,True
T023,巡航,S014>O01,3509.2414754323404,3511.237633883535,直连,,True
T023,巡航,S014>O01,3511.237633883535,3513.23379233473,直连,,True
T023,巡航,S014>O01,3513.23379233473,3515.229950785925,直连,,True
T023,巡航,S014>O01,3515.229950785925,3517.22610923712,直连,,True
T023,巡航,S014>O01,3517.22610923712,3519.222267688315,直连,,True
T023,巡航,S014>O01,3519.222267688315,3521.2184261395096,直连,,True
T023,巡航,S014>O01,3521.2184261395096,3523.214584590705,直连,,True
T023,巡航,S014>O01,3523.214584590705,3525.2107430418996,直连,,True
T023,巡航,S014>O01,3525.2107430418996,3527.2069014930944,直连,,True
T023,巡航,S014>O01,3527.2069014930944,3529.2030599442896,直连,,True
T023,巡航,S014>O01,3529.2030599442896,3531.1992183954844,直连,,True
T023,巡航,S014>O01,3531.1992183954844,3533.195376846679,直连,,True
T023,巡航,S014>O01,3533.195376846679,3535.191535297874,直连,,True
T023,巡航,S014>O01,3535.191535297874,3537.1876937490692,直连,,True
T023,巡航,S014>O01,3537.1876937490692,3539.183852200264,直连,,True
T023,巡航,S014>O01,3539.183852200264,3541.180010651459,直连,,True
T023,巡航,S014>O01,3541.180010651459,3543.1761691026536,直连,,True
T023,巡航,S014>O01,3543.1761691026536,3545.172327553849,直连,,True
T023,巡航,S014>O01,3545.172327553849,3547.1684860050436,直连,,True
T023,巡航,S014>O01,3547.1684860050436,3549.1646444562384,直连,,True
T023,巡航,S014>O01,3549.1646444562384,3551.160802907433,直连,,True
T023,巡航,S014>O01,3551.160802907433,3553.1569613586285,直连,,True
T023,巡航,S014>O01,3553.1569613586285,3555.1531198098232,直连,,True
T023,巡航,S014>O01,3555.1531198098232,3557.149278261018,直连,,True
T023,巡航,S014>O01,3557.149278261018,3559.1454367122133,直连,,True
T023,巡航,S014>O01,3559.1454367122133,3561.141595163408,直连,,True
T023,巡航,S014>O01,3561.141595163408,3563.137753614603,直连,,True
T023,巡航,S014>O01,3563.137753614603,3565.1339120657976,直连,,True
T023,巡航,S014>O01,3565.1339120657976,3567.1300705169924,直连,,True
T023,巡航,S014>O01,3567.1300705169924,3569.1262289681877,直连,,True
T023,巡航,S014>O01,3569.1262289681877,3571.1223874193824,直连,,True
T023,巡航,S014>O01,3571.1223874193824,3573.1185458705772,直连,,True
T023,巡航,S014>O01,3573.1185458705772,3575.1147043217725,直连,,True
T023,巡航,S014>O01,3575.1147043217725,3577.1108627729673,直连,,True
T023,巡航,S014>O01,3577.1108627729673,3579.107021224162,直连,,True
T023,巡航,S014>O01,3579.107021224162,3581.103179675357,直连,,True
T023,巡航,S014>O01,3581.103179675357,3583.099338126552,直连,,True
T023,巡航,S014>O01,3583.099338126552,3585.095496577747,直连,,True
T023,巡航,S014>O01,3585.095496577747,3587.0916550289417,直连,,True
T023,巡航,S014>O01,3587.0916550289417,3589.087813480137,直连,,True
T023,巡航,S014>O01,3589.087813480137,3591.0839719313317,直连,,True
T023,巡航,S014>O01,3591.0839719313317,3593.0801303825265,直连,,True
T023,巡航,S014>O01,3593.0801303825265,3595.0762888337213,直连,,True
T023,巡航,S014>O01,3595.0762888337213,3597.0724472849165,直连,,True
T023,巡航,S014>O01,3597.0724472849165,3599.0686057361113,直连,,True
T023,巡航,S014>O01,3599.0686057361113,3601.064764187306,直连,,True
T023,巡航,S014>O01,3601.064764187306,3603.0609226385013,直连,,True
T023,巡航,S014>O01,3603.0609226385013,3605.057081089696,直连,,True
T023,巡航,S014>O01,3605.057081089696,3607.053239540891,直连,,True
T023,下降,S014>O01,3607.053239540891,3618.6594242332735,直连,,True
T023,下降,S014>O01,3618.6594242332735,3630.2656089256566,直连,,True
T023,下降,S014>O01,3630.2656089256566,3641.871793618039,直连,,True
T023,下降,S014>O01,3641.871793618039,3653.4779783104223,直连,,True
T023,下降,S014>O01,3653.4779783104223,3665.084163002805,直连,,True
T023,下降,S014>O01,3665.084163002805,3676.690347695188,直连,,True
T023,下降,S014>O01,3676.690347695188,3688.2965323875706,直连,,True
T023,下降,S014>O01,3688.2965323875706,3699.9027170799536,直连,,True
T023,下降,S014>O01,3699.9027170799536,3711.5089017723362,直连,,True
T023,下降,S014>O01,3711.5089017723362,3723.115086464719,直连,,True
T023,下降,S014>O01,3723.115086464719,3734.721271157102,直连,,True
T023,下降,S014>O01,3734.721271157102,3746.3274558494845,直连,,True
T023,下降,S014>O01,3746.3274558494845,3757.9336405418676,直连,,True
T023,下降,S014>O01,3757.9336405418676,3769.53982523425,直连,,True
T023,下降,S014>O01,3769.53982523425,3781.1460099266333,直连,,True
T023,下降,S014>O01,3781.1460099266333,3792.752194619016,直连,,True
T024,爬升,O01>S015,3583.0,3592.86887234158,直连,,True
T024,爬升,O01>S015,3592.86887234158,3602.7377446831597,直连,,True
T024,爬升,O01>S015,3602.7377446831597,3612.6066170247395,直连,,True
T024,爬升,O01>S015,3612.6066170247395,3622.4754893663194,直连,,True
T024,爬升,O01>S015,3622.4754893663194,3632.344361707899,直连,,True
T024,爬升,O01>S015,3632.344361707899,3642.213234049479,直连,,True
T024,爬升,O01>S015,3642.213234049479,3652.082106391059,直连,,True
T024,爬升,O01>S015,3652.082106391059,3661.950978732639,直连,,True
T024,爬升,O01>S015,3661.950978732639,3671.819851074219,直连,,True
T024,爬升,O01>S015,3671.819851074219,3681.688723415799,直连,,True
T024,爬升,O01>S015,3681.688723415799,3691.5575957573787,直连,,True
T024,爬升,O01>S015,3691.5575957573787,3701.4264680989586,直连,,True
T024,爬升,O01>S015,3701.4264680989586,3711.2953404405384,直连,,True
T024,爬升,O01>S015,3711.2953404405384,3721.1642127821183,直连,,True
T024,爬升,O01>S015,3721.1642127821183,3731.033085123698,直连,,True
T024,巡航,O01>S015,3731.033085123698,3733.0262766895594,直连,,True
T024,巡航,O01>S015,3733.0262766895594,3735.0194682554206,直连,,True
T024,巡航,O01>S015,3735.0194682554206,3737.0126598212814,直连,,True
T024,巡航,O01>S015,3737.0126598212814,3739.0058513871427,直连,,True
T024,巡航,O01>S015,3739.0058513871427,3740.999042953004,直连,,True
T024,巡航,O01>S015,3740.999042953004,3742.992234518865,直连,,True
T024,巡航,O01>S015,3742.992234518865,3744.985426084726,直连,,True
T024,巡航,O01>S015,3744.985426084726,3746.9786176505872,直连,,True
T024,巡航,O01>S015,3746.9786176505872,3748.9718092164485,直连,,True
T024,巡航,O01>S015,3748.9718092164485,3750.9650007823097,直连,,True
T024,巡航,O01>S015,3750.9650007823097,3752.9581923481705,直连,,True
T024,巡航,O01>S015,3752.9581923481705,3754.951383914032,直连,,True
T024,巡航,O01>S015,3754.951383914032,3756.944575479893,直连,,True
T024,巡航,O01>S015,3756.944575479893,3758.9377670457543,直连,,True
T024,巡航,O01>S015,3758.9377670457543,3760.930958611615,直连,,True
T024,巡航,O01>S015,3760.930958611615,3762.9241501774763,直连,,True
T024,巡航,O01>S015,3762.9241501774763,3764.9173417433376,直连,,True
T024,巡航,O01>S015,3764.9173417433376,3766.910533309199,直连,,True
T024,巡航,O01>S015,3766.910533309199,3768.9037248750597,直连,,True
T024,巡航,O01>S015,3768.9037248750597,3770.896916440921,直连,,True
T024,巡航,O01>S015,3770.896916440921,3772.890108006782,直连,,True
T024,巡航,O01>S015,3772.890108006782,3774.8832995726434,直连,,True
T024,巡航,O01>S015,3774.8832995726434,3776.8764911385047,直连,,True
T024,巡航,O01>S015,3776.8764911385047,3778.8696827043655,直连,,True
T024,巡航,O01>S015,3778.8696827043655,3780.8628742702267,直连,,True
T024,巡航,O01>S015,3780.8628742702267,3782.856065836088,直连,,True
T024,巡航,O01>S015,3782.856065836088,3784.849257401949,直连,,True
T024,巡航,O01>S015,3784.849257401949,3786.84244896781,直连,,True
T024,巡航,O01>S015,3786.84244896781,3788.8356405336713,直连,,True
T024,巡航,O01>S015,3788.8356405336713,3790.8288320995325,直连,,True
T024,巡航,O01>S015,3790.8288320995325,3792.8220236653938,直连,,True
T024,巡航,O01>S015,3792.8220236653938,3794.8152152312546,直连,,True
T024,巡航,O01>S015,3794.8152152312546,3796.808406797116,直连,,True
T024,巡航,O01>S015,3796.808406797116,3798.801598362977,直连,,True
T024,巡航,O01>S015,3798.801598362977,3800.7947899288383,直连,,True
T024,巡航,O01>S015,3800.7947899288383,3802.787981494699,直连,,True
T024,巡航,O01>S015,3802.787981494699,3804.7811730605604,直连,,True
T024,巡航,O01>S015,3804.7811730605604,3806.7743646264216,直连,,True
T024,巡航,O01>S015,3806.7743646264216,3808.767556192283,直连,,True
T024,巡航,O01>S015,3808.767556192283,3810.7607477581437,直连,,True
T024,巡航,O01>S015,3810.7607477581437,3812.753939324005,直连,,True
T024,巡航,O01>S015,3812.753939324005,3814.747130889866,直连,,True
T024,巡航,O01>S015,3814.747130889866,3816.7403224557274,直连,,True
T024,巡航,O01>S015,3816.7403224557274,3818.7335140215882,直连,,True
T024,巡航,O01>S015,3818.7335140215882,3820.7267055874495,直连,,True
T024,巡航,O01>S015,3820.7267055874495,3822.7198971533107,直连,,True
T024,巡航,O01>S015,3822.7198971533107,3824.713088719172,直连,,True
T024,巡航,O01>S015,3824.713088719172,3826.7062802850332,直连,,True
T024,巡航,O01>S015,3826.7062802850332,3828.699471850894,直连,,True
T024,巡航,O01>S015,3828.699471850894,3830.6926634167553,直连,,True
T024,巡航,O01>S015,3830.6926634167553,3832.6858549826165,直连,,True
T024,巡航,O01>S015,3832.6858549826165,3834.679046548478,直连,,True
T024,巡航,O01>S015,3834.679046548478,3836.6722381143386,直连,,True
T024,巡航,O01>S015,3836.6722381143386,3838.6654296802,直连,,True
T024,巡航,O01>S015,3838.6654296802,3840.658621246061,直连,,True
T024,巡航,O01>S015,3840.658621246061,3842.6518128119224,直连,,True
T024,巡航,O01>S015,3842.6518128119224,3844.645004377783,直连,,True
T024,巡航,O01>S015,3844.645004377783,3846.6381959436444,直连,,True
T024,巡航,O01>S015,3846.6381959436444,3848.6313875095057,直连,,True
T024,巡航,O01>S015,3848.6313875095057,3850.624579075367,直连,,True
T024,巡航,O01>S015,3850.624579075367,3852.6177706412277,直连,,True
T024,巡航,O01>S015,3852.6177706412277,3854.610962207089,直连,,True
T024,巡航,O01>S015,3854.610962207089,3856.60415377295,直连,,True
T024,巡航,O01>S015,3856.60415377295,3858.5973453388115,直连,,True
T024,巡航,O01>S015,3858.5973453388115,3860.5905369046723,直连,,True
T024,巡航,O01>S015,3860.5905369046723,3862.5837284705335,直连,,True
T024,巡航,O01>S015,3862.5837284705335,3864.5769200363948,直连,,True
T024,巡航,O01>S015,3864.5769200363948,3866.570111602256,直连,,True
T024,巡航,O01>S015,3866.570111602256,3868.5633031681173,直连,,True
T024,巡航,O01>S015,3868.5633031681173,3870.556494733978,直连,,True
T024,巡航,O01>S015,3870.556494733978,3872.5496862998393,直连,,True
T024,巡航,O01>S015,3872.5496862998393,3874.5428778657006,直连,,True
T024,巡航,O01>S015,3874.5428778657006,3876.536069431562,直连,,True
T024,巡航,O01>S015,3876.536069431562,3878.5292609974226,直连,,True
T024,巡航,O01>S015,3878.5292609974226,3880.522452563284,直连,,True
T024,巡航,O01>S015,3880.522452563284,3882.515644129145,直连,,True
T024,巡航,O01>S015,3882.515644129145,3884.5088356950064,直连,,True
T024,巡航,O01>S015,3884.5088356950064,3886.502027260867,直连,,True
T024,巡航,O01>S015,3886.502027260867,3888.4952188267284,直连,,True
T024,巡航,O01>S015,3888.4952188267284,3890.4884103925897,直连,,True
T024,巡航,O01>S015,3890.4884103925897,3892.481601958451,直连,,True
T024,巡航,O01>S015,3892.481601958451,3894.4747935243117,直连,,True
T024,巡航,O01>S015,3894.4747935243117,3896.467985090173,直连,,True
T024,巡航,O01>S015,3896.467985090173,3898.4611766560342,直连,,True
T024,巡航,O01>S015,3898.4611766560342,3900.4543682218955,直连,,True
T024,巡航,O01>S015,3900.4543682218955,3902.4475597877563,直连,,True
T024,巡航,O01>S015,3902.4475597877563,3904.4407513536175,直连,,True
T024,巡航,O01>S015,3904.4407513536175,3906.433942919479,直连,,True
T024,巡航,O01>S015,3906.433942919479,3908.42713448534,直连,,True
T024,巡航,O01>S015,3908.42713448534,3910.4203260512013,直连,,True
T024,巡航,O01>S015,3910.4203260512013,3912.413517617062,直连,,True
T024,巡航,O01>S015,3912.413517617062,3914.4067091829234,直连,,True
T024,巡航,O01>S015,3914.4067091829234,3916.3999007487846,直连,,True
T024,巡航,O01>S015,3916.3999007487846,3918.393092314646,直连,,True
T024,巡航,O01>S015,3918.393092314646,3920.3862838805067,直连,,True
T024,巡航,O01>S015,3920.3862838805067,3922.379475446368,直连,,True
T024,巡航,O01>S015,3922.379475446368,3924.372667012229,直连,,True
T024,巡航,O01>S015,3924.372667012229,3926.3658585780904,直连,,True
T024,巡航,O01>S015,3926.3658585780904,3928.359050143951,直连,,True
T024,巡航,O01>S015,3928.359050143951,3930.3522417098125,直连,,True
T024,巡航,O01>S015,3930.3522417098125,3932.3454332756737,直连,,True
T024,巡航,O01>S015,3932.3454332756737,3934.338624841535,直连,,True
T024,巡航,O01>S015,3934.338624841535,3936.3318164073958,直连,,True
T024,巡航,O01>S015,3936.3318164073958,3938.325007973257,直连,,True
T024,巡航,O01>S015,3938.325007973257,3940.3181995391183,直连,,True
T024,巡航,O01>S015,3940.3181995391183,3942.3113911049795,直连,,True
T024,巡航,O01>S015,3942.3113911049795,3944.3045826708403,直连,,True
T024,巡航,O01>S015,3944.3045826708403,3946.2977742367016,直连,,True
T024,巡航,O01>S015,3946.2977742367016,3948.290965802563,直连,,True
T024,巡航,O01>S015,3948.290965802563,3950.284157368424,直连,,True
T024,巡航,O01>S015,3950.284157368424,3952.2773489342853,直连,,True
T024,巡航,O01>S015,3952.2773489342853,3954.270540500146,直连,,True
T024,巡航,O01>S015,3954.270540500146,3956.2637320660074,直连,,True
T024,巡航,O01>S015,3956.2637320660074,3958.2569236318686,直连,,True
T024,巡航,O01>S015,3958.2569236318686,3960.2501151977294,直连,,True
T024,巡航,O01>S015,3960.2501151977294,3962.2433067635907,直连,,True
T024,巡航,O01>S015,3962.2433067635907,3964.236498329452,直连,,True
T024,巡航,O01>S015,3964.236498329452,3966.229689895313,直连,,True
T024,巡航,O01>S015,3966.229689895313,3968.2228814611744,直连,,True
T024,巡航,O01>S015,3968.2228814611744,3970.2160730270352,直连,,True
T024,巡航,O01>S015,3970.2160730270352,3972.2092645928965,直连,,True
T024,巡航,O01>S015,3972.2092645928965,3974.2024561587577,直连,,True
T024,巡航,O01>S015,3974.2024561587577,3976.195647724619,直连,,True
T024,巡航,O01>S015,3976.195647724619,3978.18883929048,直连,,True
T024,巡航,O01>S015,3978.18883929048,3980.182030856341,直连,,True
T024,巡航,O01>S015,3980.182030856341,3982.1752224222023,直连,,True
T024,巡航,O01>S015,3982.1752224222023,3984.1684139880635,直连,,True
T024,巡航,O01>S015,3984.1684139880635,3986.1616055539243,直连,,True
T024,巡航,O01>S015,3986.1616055539243,3988.1547971197856,直连,,True
T024,巡航,O01>S015,3988.1547971197856,3990.147988685647,直连,,True
T024,巡航,O01>S015,3990.147988685647,3992.141180251508,直连,,True
T024,巡航,O01>S015,3992.141180251508,3994.1343718173694,中继兜底,R-S03,True
T024,巡航,O01>S015,3994.1343718173694,3996.12756338323,中继兜底,R-S03,True
T024,巡航,O01>S015,3996.12756338323,3998.1207549490914,中继兜底,R-S03,True
T024,巡航,O01>S015,3998.1207549490914,4000.1139465149527,中继兜底,R-S03,True
T024,巡航,O01>S015,4000.1139465149527,4002.1071380808135,中继兜底,R-S03,True
T024,巡航,O01>S015,4002.1071380808135,4004.1003296466747,中继兜底,R-S03,True
T024,巡航,O01>S015,4004.1003296466747,4006.093521212536,中继兜底,R-S03,True
T024,巡航,O01>S015,4006.093521212536,4008.086712778397,中继兜底,R-S03,True
T024,巡航,O01>S015,4008.086712778397,4010.0799043442585,中继兜底,R-S03,True
T024,巡航,O01>S015,4010.0799043442585,4012.0730959101193,中继兜底,R-S03,True
T024,巡航,O01>S015,4012.0730959101193,4014.0662874759805,中继兜底,R-S03,True
T024,巡航,O01>S015,4014.0662874759805,4016.0594790418418,中继兜底,R-S03,True
T024,巡航,O01>S015,4016.0594790418418,4018.052670607703,中继兜底,R-S03,True
T024,巡航,O01>S015,4018.052670607703,4020.045862173564,中继兜底,R-S03,True
T024,巡航,O01>S015,4020.045862173564,4022.039053739425,中继兜底,R-S03,True
T024,巡航,O01>S015,4022.039053739425,4024.0322453052863,中继兜底,R-S03,True
T024,巡航,O01>S015,4024.0322453052863,4026.0254368711476,中继兜底,R-S03,True
T024,巡航,O01>S015,4026.0254368711476,4028.0186284370084,中继兜底,R-S03,True
T024,巡航,O01>S015,4028.0186284370084,4030.0118200028696,中继兜底,R-S03,True
T024,巡航,O01>S015,4030.0118200028696,4032.005011568731,中继兜底,R-S03,True
T024,巡航,O01>S015,4032.005011568731,4033.998203134592,中继兜底,R-S03,True
T024,巡航,O01>S015,4033.998203134592,4035.9913947004534,中继兜底,R-S03,True
T024,巡航,O01>S015,4035.9913947004534,4037.984586266314,中继兜底,R-S03,True
T024,巡航,O01>S015,4037.984586266314,4039.9777778321754,中继兜底,R-S03,True
T024,巡航,O01>S015,4039.9777778321754,4041.9709693980367,中继兜底,R-S03,True
T024,巡航,O01>S015,4041.9709693980367,4043.9641609638975,中继兜底,R-S03,True
T024,巡航,O01>S015,4043.9641609638975,4045.9573525297587,中继兜底,R-S03,True
T024,巡航,O01>S015,4045.9573525297587,4047.95054409562,中继兜底,R-S03,True
T024,巡航,O01>S015,4047.95054409562,4049.9437356614812,中继兜底,R-S03,True
T024,巡航,O01>S015,4049.9437356614812,4051.9369272273425,中继兜底,R-S03,True
T024,巡航,O01>S015,4051.9369272273425,4053.9301187932033,中继兜底,R-S03,True
T024,巡航,O01>S015,4053.9301187932033,4055.9233103590645,中继兜底,R-S03,True
T024,巡航,O01>S015,4055.9233103590645,4057.916501924926,中继兜底,R-S03,True
T024,巡航,O01>S015,4057.916501924926,4059.909693490787,中继兜底,R-S03,True
T024,巡航,O01>S015,4059.909693490787,4061.902885056648,中继兜底,R-S03,True
T024,巡航,O01>S015,4061.902885056648,4063.896076622509,中继兜底,R-S03,True
T024,巡航,O01>S015,4063.896076622509,4065.8892681883704,中继兜底,R-S03,True
T024,巡航,O01>S015,4065.8892681883704,4067.8824597542316,中继兜底,R-S03,True
T024,巡航,O01>S015,4067.8824597542316,4069.8756513200924,中继兜底,R-S03,True
T024,巡航,O01>S015,4069.8756513200924,4071.8688428859537,中继兜底,R-S03,True
T024,巡航,O01>S015,4071.8688428859537,4073.862034451815,中继兜底,R-S03,True
T024,巡航,O01>S015,4073.862034451815,4075.855226017676,中继兜底,R-S03,True
T024,巡航,O01>S015,4075.855226017676,4077.848417583537,中继兜底,R-S03,True
T024,巡航,O01>S015,4077.848417583537,4079.841609149398,中继兜底,R-S03,True
T024,巡航,O01>S015,4079.841609149398,4081.8348007152595,中继兜底,R-S03,True
T024,巡航,O01>S015,4081.8348007152595,4083.8279922811207,中继兜底,R-S03,True
T024,巡航,O01>S015,4083.8279922811207,4085.8211838469815,中继兜底,R-S03,True
T024,巡航,O01>S015,4085.8211838469815,4087.8143754128428,中继兜底,R-S03,True
T024,巡航,O01>S015,4087.8143754128428,4089.807566978704,中继兜底,R-S03,True
T024,巡航,O01>S015,4089.807566978704,4091.8007585445653,中继兜底,R-S03,True
T024,巡航,O01>S015,4091.8007585445653,4093.7939501104265,中继兜底,R-S03,True
T024,巡航,O01>S015,4093.7939501104265,4095.7871416762873,中继兜底,R-S03,True
T024,巡航,O01>S015,4095.7871416762873,4097.780333242149,中继兜底,R-S03,True
T024,巡航,O01>S015,4097.780333242149,4099.77352480801,中继兜底,R-S03,True
T024,巡航,O01>S015,4099.77352480801,4101.766716373871,中继兜底,R-S03,True
T024,巡航,O01>S015,4101.766716373871,4103.759907939732,中继兜底,R-S03,True
T024,巡航,O01>S015,4103.759907939732,4105.753099505593,中继兜底,R-S03,True
T024,巡航,O01>S015,4105.753099505593,4107.746291071454,中继兜底,R-S03,True
T024,巡航,O01>S015,4107.746291071454,4109.739482637316,中继兜底,R-S03,True
T024,巡航,O01>S015,4109.739482637316,4111.732674203176,中继兜底,R-S03,True
T024,巡航,O01>S015,4111.732674203176,4113.725865769038,中继兜底,R-S03,True
T024,巡航,O01>S015,4113.725865769038,4115.719057334899,中继兜底,R-S03,True
T024,巡航,O01>S015,4115.719057334899,4117.71224890076,中继兜底,R-S03,True
T024,巡航,O01>S015,4117.71224890076,4119.705440466621,中继兜底,R-S03,True
T024,巡航,O01>S015,4119.705440466621,4121.698632032482,中继兜底,R-S03,True
T024,巡航,O01>S015,4121.698632032482,4123.691823598343,中继兜底,R-S03,True
T024,巡航,O01>S015,4123.691823598343,4125.685015164205,中继兜底,R-S03,True
T024,巡航,O01>S015,4125.685015164205,4127.6782067300655,中继兜底,R-S03,True
T024,巡航,O01>S015,4127.6782067300655,4129.671398295927,中继兜底,R-S03,True
T024,巡航,O01>S015,4129.671398295927,4131.664589861788,中继兜底,R-S03,True
T024,下降,O01>S015,4131.664589861788,4141.394515398897,中继兜底,R-S03,True
T024,下降,O01>S015,4141.394515398897,4151.124440936007,中继兜底,R-S03,True
T024,下降,O01>S015,4151.124440936007,4160.854366473117,中继兜底,R-S03,True
T024,下降,O01>S015,4160.854366473117,4170.584292010226,中继兜底,R-S03,True
T024,投送,S015,4170.584292010226,4410.584292010226,中继兜底,R-S03,True
T024,爬升,S015>O01,4410.584292010226,4418.692563291151,中继兜底,R-S03,True
T024,爬升,S015>O01,4418.692563291151,4426.8008345720755,中继兜底,R-S03,True
T024,爬升,S015>O01,4426.8008345720755,4434.909105852999,中继兜底,R-S03,True
T024,爬升,S015>O01,4434.909105852999,4443.017377133924,中继兜底,R-S03,True
T024,巡航,S015>O01,4443.017377133924,4445.010568699785,中继兜底,R-S03,True
T024,巡航,S015>O01,4445.010568699785,4447.003760265647,中继兜底,R-S03,True
T024,巡航,S015>O01,4447.003760265647,4448.996951831507,中继兜底,R-S03,True
T024,巡航,S015>O01,4448.996951831507,4450.990143397369,中继兜底,R-S03,True
T024,巡航,S015>O01,4450.990143397369,4452.98333496323,中继兜底,R-S03,True
T024,巡航,S015>O01,4452.98333496323,4454.976526529091,中继兜底,R-S03,True
T024,巡航,S015>O01,4454.976526529091,4456.969718094952,中继兜底,R-S03,True
T024,巡航,S015>O01,4456.969718094952,4458.962909660813,中继兜底,R-S03,True
T024,巡航,S015>O01,4458.962909660813,4460.956101226674,中继兜底,R-S03,True
T024,巡航,S015>O01,4460.956101226674,4462.949292792536,中继兜底,R-S03,True
T024,巡航,S015>O01,4462.949292792536,4464.9424843583965,中继兜底,R-S03,True
T024,巡航,S015>O01,4464.9424843583965,4466.935675924258,中继兜底,R-S03,True
T024,巡航,S015>O01,4466.935675924258,4468.928867490119,中继兜底,R-S03,True
T024,巡航,S015>O01,4468.928867490119,4470.92205905598,中继兜底,R-S03,True
T024,巡航,S015>O01,4470.92205905598,4472.915250621842,中继兜底,R-S03,True
T024,巡航,S015>O01,4472.915250621842,4474.908442187702,中继兜底,R-S03,True
T024,巡航,S015>O01,4474.908442187702,4476.901633753563,中继兜底,R-S03,True
T024,巡航,S015>O01,4476.901633753563,4478.894825319425,中继兜底,R-S03,True
T024,巡航,S015>O01,4478.894825319425,4480.888016885286,中继兜底,R-S03,True
T024,巡航,S015>O01,4480.888016885286,4482.881208451147,中继兜底,R-S03,True
T024,巡航,S015>O01,4482.881208451147,4484.874400017008,中继兜底,R-S03,True
T024,巡航,S015>O01,4484.874400017008,4486.867591582869,中继兜底,R-S03,True
T024,巡航,S015>O01,4486.867591582869,4488.860783148731,中继兜底,R-S03,True
T024,巡航,S015>O01,4488.860783148731,4490.8539747145915,中继兜底,R-S03,True
T024,巡航,S015>O01,4490.8539747145915,4492.847166280452,中继兜底,R-S03,True
T024,巡航,S015>O01,4492.847166280452,4494.840357846314,中继兜底,R-S03,True
T024,巡航,S015>O01,4494.840357846314,4496.833549412175,中继兜底,R-S03,True
T024,巡航,S015>O01,4496.833549412175,4498.8267409780365,中继兜底,R-S03,True
T024,巡航,S015>O01,4498.8267409780365,4500.819932543897,中继兜底,R-S03,True
T024,巡航,S015>O01,4500.819932543897,4502.813124109758,中继兜底,R-S03,True
T024,巡航,S015>O01,4502.813124109758,4504.80631567562,中继兜底,R-S03,True
T024,巡航,S015>O01,4504.80631567562,4506.799507241481,中继兜底,R-S03,True
T024,巡航,S015>O01,4506.799507241481,4508.792698807341,中继兜底,R-S03,True
T024,巡航,S015>O01,4508.792698807341,4510.785890373203,中继兜底,R-S03,True
T024,巡航,S015>O01,4510.785890373203,4512.779081939064,中继兜底,R-S03,True
T024,巡航,S015>O01,4512.779081939064,4514.772273504926,中继兜底,R-S03,True
T024,巡航,S015>O01,4514.772273504926,4516.765465070786,中继兜底,R-S03,True
T024,巡航,S015>O01,4516.765465070786,4518.758656636647,中继兜底,R-S03,True
T024,巡航,S015>O01,4518.758656636647,4520.751848202509,中继兜底,R-S03,True
T024,巡航,S015>O01,4520.751848202509,4522.74503976837,中继兜底,R-S03,True
T024,巡航,S015>O01,4522.74503976837,4524.738231334231,中继兜底,R-S03,True
T024,巡航,S015>O01,4524.738231334231,4526.731422900092,中继兜底,R-S03,True
T024,巡航,S015>O01,4526.731422900092,4528.724614465953,中继兜底,R-S03,True
T024,巡航,S015>O01,4528.724614465953,4530.717806031815,中继兜底,R-S03,True
T024,巡航,S015>O01,4530.717806031815,4532.7109975976755,中继兜底,R-S03,True
T024,巡航,S015>O01,4532.7109975976755,4534.704189163536,中继兜底,R-S03,True
T024,巡航,S015>O01,4534.704189163536,4536.697380729398,中继兜底,R-S03,True
T024,巡航,S015>O01,4536.697380729398,4538.690572295259,中继兜底,R-S03,True
T024,巡航,S015>O01,4538.690572295259,4540.6837638611205,中继兜底,R-S03,True
T024,巡航,S015>O01,4540.6837638611205,4542.676955426981,中继兜底,R-S03,True
T024,巡航,S015>O01,4542.676955426981,4544.670146992842,中继兜底,R-S03,True
T024,巡航,S015>O01,4544.670146992842,4546.663338558704,中继兜底,R-S03,True
T024,巡航,S015>O01,4546.663338558704,4548.656530124565,中继兜底,R-S03,True
T024,巡航,S015>O01,4548.656530124565,4550.649721690425,中继兜底,R-S03,True
T024,巡航,S015>O01,4550.649721690425,4552.642913256287,中继兜底,R-S03,True
T024,巡航,S015>O01,4552.642913256287,4554.636104822148,中继兜底,R-S03,True
T024,巡航,S015>O01,4554.636104822148,4556.62929638801,中继兜底,R-S03,True
T024,巡航,S015>O01,4556.62929638801,4558.62248795387,中继兜底,R-S03,True
T024,巡航,S015>O01,4558.62248795387,4560.615679519731,中继兜底,R-S03,True
T024,巡航,S015>O01,4560.615679519731,4562.608871085593,中继兜底,R-S03,True
T024,巡航,S015>O01,4562.608871085593,4564.602062651454,中继兜底,R-S03,True
T024,巡航,S015>O01,4564.602062651454,4566.5952542173145,中继兜底,R-S03,True
T024,巡航,S015>O01,4566.5952542173145,4568.588445783176,中继兜底,R-S03,True
T024,巡航,S015>O01,4568.588445783176,4570.581637349037,中继兜底,R-S03,True
T024,巡航,S015>O01,4570.581637349037,4572.574828914899,中继兜底,R-S03,True
T024,巡航,S015>O01,4572.574828914899,4574.5680204807595,中继兜底,R-S03,True
T024,巡航,S015>O01,4574.5680204807595,4576.56121204662,中继兜底,R-S03,True
T024,巡航,S015>O01,4576.56121204662,4578.554403612482,中继兜底,R-S03,True
T024,巡航,S015>O01,4578.554403612482,4580.547595178343,中继兜底,R-S03,True
T024,巡航,S015>O01,4580.547595178343,4582.540786744204,中继兜底,R-S03,True
T024,巡航,S015>O01,4582.540786744204,4584.533978310065,直连,,True
T024,巡航,S015>O01,4584.533978310065,4586.527169875926,直连,,True
T024,巡航,S015>O01,4586.527169875926,4588.520361441788,直连,,True
T024,巡航,S015>O01,4588.520361441788,4590.513553007649,直连,,True
T024,巡航,S015>O01,4590.513553007649,4592.506744573509,直连,,True
T024,巡航,S015>O01,4592.506744573509,4594.499936139371,直连,,True
T024,巡航,S015>O01,4594.499936139371,4596.493127705232,直连,,True
T024,巡航,S015>O01,4596.493127705232,4598.486319271093,直连,,True
T024,巡航,S015>O01,4598.486319271093,4600.479510836954,直连,,True
T024,巡航,S015>O01,4600.479510836954,4602.472702402815,直连,,True
T024,巡航,S015>O01,4602.472702402815,4604.465893968677,直连,,True
T024,巡航,S015>O01,4604.465893968677,4606.459085534538,直连,,True
T024,巡航,S015>O01,4606.459085534538,4608.4522771003985,直连,,True
T024,巡航,S015>O01,4608.4522771003985,4610.44546866626,直连,,True
T024,巡航,S015>O01,4610.44546866626,4612.438660232121,直连,,True
T024,巡航,S015>O01,4612.438660232121,4614.431851797983,直连,,True
T024,巡航,S015>O01,4614.431851797983,4616.4250433638435,直连,,True
T024,巡航,S015>O01,4616.4250433638435,4618.418234929704,直连,,True
T024,巡航,S015>O01,4618.418234929704,4620.411426495566,直连,,True
T024,巡航,S015>O01,4620.411426495566,4622.404618061427,直连,,True
T024,巡航,S015>O01,4622.404618061427,4624.397809627288,直连,,True
T024,巡航,S015>O01,4624.397809627288,4626.391001193149,直连,,True
T024,巡航,S015>O01,4626.391001193149,4628.38419275901,直连,,True
T024,巡航,S015>O01,4628.38419275901,4630.377384324872,直连,,True
T024,巡航,S015>O01,4630.377384324872,4632.370575890733,直连,,True
T024,巡航,S015>O01,4632.370575890733,4634.363767456593,直连,,True
T024,巡航,S015>O01,4634.363767456593,4636.356959022455,直连,,True
T024,巡航,S015>O01,4636.356959022455,4638.350150588316,直连,,True
T024,巡航,S015>O01,4638.350150588316,4640.343342154177,直连,,True
T024,巡航,S015>O01,4640.343342154177,4642.3365337200385,直连,,True
T024,巡航,S015>O01,4642.3365337200385,4644.329725285899,直连,,True
T024,巡航,S015>O01,4644.329725285899,4646.322916851761,直连,,True
T024,巡航,S015>O01,4646.322916851761,4648.316108417622,直连,,True
T024,巡航,S015>O01,4648.316108417622,4650.309299983483,直连,,True
T024,巡航,S015>O01,4650.309299983483,4652.302491549344,直连,,True
T024,巡航,S015>O01,4652.302491549344,4654.295683115205,直连,,True
T024,巡航,S015>O01,4654.295683115205,4656.288874681066,直连,,True
T024,巡航,S015>O01,4656.288874681066,4658.282066246928,直连,,True
T024,巡航,S015>O01,4658.282066246928,4660.275257812788,直连,,True
T024,巡航,S015>O01,4660.275257812788,4662.26844937865,直连,,True
T024,巡航,S015>O01,4662.26844937865,4664.261640944511,直连,,True
T024,巡航,S015>O01,4664.261640944511,4666.254832510372,直连,,True
T024,巡航,S015>O01,4666.254832510372,4668.248024076233,直连,,True
T024,巡航,S015>O01,4668.248024076233,4670.241215642094,直连,,True
T024,巡航,S015>O01,4670.241215642094,4672.234407207955,直连,,True
T024,巡航,S015>O01,4672.234407207955,4674.227598773817,直连,,True
T024,巡航,S015>O01,4674.227598773817,4676.2207903396775,直连,,True
T024,巡航,S015>O01,4676.2207903396775,4678.213981905539,直连,,True
T024,巡航,S015>O01,4678.213981905539,4680.2071734714,直连,,True
T024,巡航,S015>O01,4680.2071734714,4682.200365037261,直连,,True
T024,巡航,S015>O01,4682.200365037261,4684.1935566031225,直连,,True
T024,巡航,S015>O01,4684.1935566031225,4686.186748168983,直连,,True
T024,巡航,S015>O01,4686.186748168983,4688.179939734844,直连,,True
T024,巡航,S015>O01,4688.179939734844,4690.173131300706,直连,,True
T024,巡航,S015>O01,4690.173131300706,4692.166322866567,直连,,True
T024,巡航,S015>O01,4692.166322866567,4694.159514432428,直连,,True
T024,巡航,S015>O01,4694.159514432428,4696.152705998289,直连,,True
T024,巡航,S015>O01,4696.152705998289,4698.14589756415,直连,,True
T024,巡航,S015>O01,4698.14589756415,4700.139089130012,直连,,True
T024,巡航,S015>O01,4700.139089130012,4702.132280695872,直连,,True
T024,巡航,S015>O01,4702.132280695872,4704.125472261734,直连,,True
T024,巡航,S015>O01,4704.125472261734,4706.118663827595,直连,,True
T024,巡航,S015>O01,4706.118663827595,4708.111855393456,直连,,True
T024,巡航,S015>O01,4708.111855393456,4710.105046959317,直连,,True
T024,巡航,S015>O01,4710.105046959317,4712.098238525178,直连,,True
T024,巡航,S015>O01,4712.098238525178,4714.091430091039,直连,,True
T024,巡航,S015>O01,4714.091430091039,4716.084621656901,直连,,True
T024,巡航,S015>O01,4716.084621656901,4718.0778132227615,直连,,True
T024,巡航,S015>O01,4718.0778132227615,4720.071004788623,直连,,True
T024,巡航,S015>O01,4720.071004788623,4722.064196354484,直连,,True
T024,巡航,S015>O01,4722.064196354484,4724.057387920345,直连,,True
T024,巡航,S015>O01,4724.057387920345,4726.0505794862065,直连,,True
T024,巡航,S015>O01,4726.0505794862065,4728.043771052067,直连,,True
T024,巡航,S015>O01,4728.043771052067,4730.036962617928,直连,,True
T024,巡航,S015>O01,4730.036962617928,4732.03015418379,直连,,True
T024,巡航,S015>O01,4732.03015418379,4734.023345749651,直连,,True
T024,巡航,S015>O01,4734.023345749651,4736.016537315512,直连,,True
T024,巡航,S015>O01,4736.016537315512,4738.009728881373,直连,,True
T024,巡航,S015>O01,4738.009728881373,4740.002920447234,直连,,True
T024,巡航,S015>O01,4740.002920447234,4741.996112013096,直连,,True
T024,巡航,S015>O01,4741.996112013096,4743.989303578956,直连,,True
T024,巡航,S015>O01,4743.989303578956,4745.982495144817,直连,,True
T024,巡航,S015>O01,4745.982495144817,4747.975686710679,直连,,True
T024,巡航,S015>O01,4747.975686710679,4749.96887827654,直连,,True
T024,巡航,S015>O01,4749.96887827654,4751.962069842401,直连,,True
T024,巡航,S015>O01,4751.962069842401,4753.955261408262,直连,,True
T024,巡航,S015>O01,4753.955261408262,4755.948452974123,直连,,True
T024,巡航,S015>O01,4755.948452974123,4757.941644539985,直连,,True
T024,巡航,S015>O01,4757.941644539985,4759.9348361058455,直连,,True
T024,巡航,S015>O01,4759.9348361058455,4761.928027671707,直连,,True
T024,巡航,S015>O01,4761.928027671707,4763.921219237568,直连,,True
T024,巡航,S015>O01,4763.921219237568,4765.914410803429,直连,,True
T024,巡航,S015>O01,4765.914410803429,4767.9076023692905,直连,,True
T024,巡航,S015>O01,4767.9076023692905,4769.900793935151,直连,,True
T024,巡航,S015>O01,4769.900793935151,4771.893985501012,直连,,True
T024,巡航,S015>O01,4771.893985501012,4773.887177066874,直连,,True
T024,巡航,S015>O01,4773.887177066874,4775.880368632735,直连,,True
T024,巡航,S015>O01,4775.880368632735,4777.873560198595,直连,,True
T024,巡航,S015>O01,4777.873560198595,4779.866751764457,直连,,True
T024,巡航,S015>O01,4779.866751764457,4781.859943330318,直连,,True
T024,巡航,S015>O01,4781.859943330318,4783.85313489618,直连,,True
T024,巡航,S015>O01,4783.85313489618,4785.84632646204,直连,,True
T024,巡航,S015>O01,4785.84632646204,4787.839518027901,直连,,True
T024,巡航,S015>O01,4787.839518027901,4789.832709593763,直连,,True
T024,巡航,S015>O01,4789.832709593763,4791.825901159624,直连,,True
T024,巡航,S015>O01,4791.825901159624,4793.8190927254855,直连,,True
T024,巡航,S015>O01,4793.8190927254855,4795.812284291346,直连,,True
T024,巡航,S015>O01,4795.812284291346,4797.805475857207,直连,,True
T024,巡航,S015>O01,4797.805475857207,4799.798667423069,直连,,True
T024,巡航,S015>O01,4799.798667423069,4801.79185898893,直连,,True
T024,巡航,S015>O01,4801.79185898893,4803.78505055479,直连,,True
T024,巡航,S015>O01,4803.78505055479,4805.778242120652,直连,,True
T024,巡航,S015>O01,4805.778242120652,4807.771433686513,直连,,True
T024,巡航,S015>O01,4807.771433686513,4809.764625252375,直连,,True
T024,巡航,S015>O01,4809.764625252375,4811.757816818235,直连,,True
T024,巡航,S015>O01,4811.757816818235,4813.751008384096,直连,,True
T024,巡航,S015>O01,4813.751008384096,4815.744199949958,直连,,True
T024,巡航,S015>O01,4815.744199949958,4817.737391515819,直连,,True
T024,巡航,S015>O01,4817.737391515819,4819.73058308168,直连,,True
T024,巡航,S015>O01,4819.73058308168,4821.723774647541,直连,,True
T024,巡航,S015>O01,4821.723774647541,4823.716966213402,直连,,True
T024,巡航,S015>O01,4823.716966213402,4825.710157779264,直连,,True
T024,巡航,S015>O01,4825.710157779264,4827.7033493451245,直连,,True
T024,巡航,S015>O01,4827.7033493451245,4829.696540910985,直连,,True
T024,巡航,S015>O01,4829.696540910985,4831.689732476847,直连,,True
T024,巡航,S015>O01,4831.689732476847,4833.682924042708,直连,,True
T024,巡航,S015>O01,4833.682924042708,4835.676115608569,直连,,True
T024,巡航,S015>O01,4835.676115608569,4837.66930717443,直连,,True
T024,巡航,S015>O01,4837.66930717443,4839.662498740291,直连,,True
T024,巡航,S015>O01,4839.662498740291,4841.655690306153,直连,,True
T024,巡航,S015>O01,4841.655690306153,4843.648881872014,直连,,True
T024,下降,S015>O01,4843.648881872014,4855.49152868191,直连,,True
T024,下降,S015>O01,4855.49152868191,4867.334175491806,直连,,True
T024,下降,S015>O01,4867.334175491806,4879.176822301701,直连,,True
T024,下降,S015>O01,4879.176822301701,4891.019469111597,直连,,True
T024,下降,S015>O01,4891.019469111597,4902.862115921493,直连,,True
T024,下降,S015>O01,4902.862115921493,4914.704762731389,直连,,True
T024,下降,S015>O01,4914.704762731389,4926.547409541285,直连,,True
T024,下降,S015>O01,4926.547409541285,4938.39005635118,直连,,True
T024,下降,S015>O01,4938.39005635118,4950.232703161076,直连,,True
T024,下降,S015>O01,4950.232703161076,4962.075349970972,直连,,True
T024,下降,S015>O01,4962.075349970972,4973.917996780868,直连,,True
T024,下降,S015>O01,4973.917996780868,4985.760643590764,直连,,True
T024,下降,S015>O01,4985.760643590764,4997.603290400659,直连,,True
T024,下降,S015>O01,4997.603290400659,5009.445937210555,直连,,True
T024,下降,S015>O01,5009.445937210555,5021.288584020451,直连,,True
T025,爬升,O01>S001,13616.0,13625.690440673829,直连,,True
T025,爬升,O01>S001,13625.690440673829,13635.380881347657,直连,,True
T025,爬升,O01>S001,13635.380881347657,13645.071322021484,直连,,True
T025,爬升,O01>S001,13645.071322021484,13654.761762695312,直连,,True
T025,爬升,O01>S001,13654.761762695312,13664.452203369141,直连,,True
T025,巡航,O01>S001,13664.452203369141,13666.44827441662,直连,,True
T025,巡航,O01>S001,13666.44827441662,13668.444345464097,直连,,True
T025,巡航,O01>S001,13668.444345464097,13670.440416511576,直连,,True
T025,巡航,O01>S001,13670.440416511576,13672.436487559055,直连,,True
T025,巡航,O01>S001,13672.436487559055,13674.432558606532,直连,,True
T025,巡航,O01>S001,13674.432558606532,13676.42862965401,直连,,True
T025,巡航,O01>S001,13676.42862965401,13678.424700701487,直连,,True
T025,巡航,O01>S001,13678.424700701487,13680.420771748966,直连,,True
T025,巡航,O01>S001,13680.420771748966,13682.416842796445,直连,,True
T025,巡航,O01>S001,13682.416842796445,13684.412913843922,直连,,True
T025,巡航,O01>S001,13684.412913843922,13686.4089848914,直连,,True
T025,巡航,O01>S001,13686.4089848914,13688.40505593888,直连,,True
T025,巡航,O01>S001,13688.40505593888,13690.401126986357,直连,,True
T025,巡航,O01>S001,13690.401126986357,13692.397198033836,直连,,True
T025,巡航,O01>S001,13692.397198033836,13694.393269081314,直连,,True
T025,巡航,O01>S001,13694.393269081314,13696.389340128791,直连,,True
T025,巡航,O01>S001,13696.389340128791,13698.38541117627,直连,,True
T025,巡航,O01>S001,13698.38541117627,13700.381482223747,直连,,True
T025,巡航,O01>S001,13700.381482223747,13702.377553271226,直连,,True
T025,巡航,O01>S001,13702.377553271226,13704.373624318705,直连,,True
T025,巡航,O01>S001,13704.373624318705,13706.369695366182,直连,,True
T025,巡航,O01>S001,13706.369695366182,13708.36576641366,直连,,True
T025,巡航,O01>S001,13708.36576641366,13710.36183746114,直连,,True
T025,巡航,O01>S001,13710.36183746114,13712.357908508617,直连,,True
T025,巡航,O01>S001,13712.357908508617,13714.353979556096,直连,,True
T025,巡航,O01>S001,13714.353979556096,13716.350050603574,直连,,True
T025,巡航,O01>S001,13716.350050603574,13718.346121651051,直连,,True
T025,巡航,O01>S001,13718.346121651051,13720.34219269853,直连,,True
T025,巡航,O01>S001,13720.34219269853,13722.338263746007,直连,,True
T025,巡航,O01>S001,13722.338263746007,13724.334334793486,直连,,True
T025,巡航,O01>S001,13724.334334793486,13726.330405840965,直连,,True
T025,巡航,O01>S001,13726.330405840965,13728.326476888442,直连,,True
T025,巡航,O01>S001,13728.326476888442,13730.32254793592,直连,,True
T025,巡航,O01>S001,13730.32254793592,13732.3186189834,直连,,True
T025,巡航,O01>S001,13732.3186189834,13734.314690030877,直连,,True
T025,巡航,O01>S001,13734.314690030877,13736.310761078355,直连,,True
T025,巡航,O01>S001,13736.310761078355,13738.306832125834,直连,,True
T025,巡航,O01>S001,13738.306832125834,13740.302903173311,直连,,True
T025,巡航,O01>S001,13740.302903173311,13742.29897422079,直连,,True
T025,巡航,O01>S001,13742.29897422079,13744.295045268267,直连,,True
T025,巡航,O01>S001,13744.295045268267,13746.291116315746,直连,,True
T025,巡航,O01>S001,13746.291116315746,13748.287187363225,直连,,True
T025,巡航,O01>S001,13748.287187363225,13750.283258410702,直连,,True
T025,巡航,O01>S001,13750.283258410702,13752.27932945818,直连,,True
T025,巡航,O01>S001,13752.27932945818,13754.27540050566,直连,,True
T025,巡航,O01>S001,13754.27540050566,13756.271471553137,直连,,True
T025,巡航,O01>S001,13756.271471553137,13758.267542600615,直连,,True
T025,巡航,O01>S001,13758.267542600615,13760.263613648094,直连,,True
T025,巡航,O01>S001,13760.263613648094,13762.259684695571,直连,,True
T025,巡航,O01>S001,13762.259684695571,13764.25575574305,直连,,True
T025,巡航,O01>S001,13764.25575574305,13766.251826790529,直连,,True
T025,巡航,O01>S001,13766.251826790529,13768.247897838006,直连,,True
T025,巡航,O01>S001,13768.247897838006,13770.243968885485,直连,,True
T025,巡航,O01>S001,13770.243968885485,13772.240039932962,直连,,True
T025,巡航,O01>S001,13772.240039932962,13774.23611098044,直连,,True
T025,巡航,O01>S001,13774.23611098044,13776.23218202792,直连,,True
T025,巡航,O01>S001,13776.23218202792,13778.228253075396,直连,,True
T025,巡航,O01>S001,13778.228253075396,13780.224324122875,直连,,True
T025,巡航,O01>S001,13780.224324122875,13782.220395170354,直连,,True
T025,巡航,O01>S001,13782.220395170354,13784.216466217831,直连,,True
T025,巡航,O01>S001,13784.216466217831,13786.21253726531,直连,,True
T025,巡航,O01>S001,13786.21253726531,13788.208608312789,直连,,True
T025,巡航,O01>S001,13788.208608312789,13790.204679360266,直连,,True
T025,巡航,O01>S001,13790.204679360266,13792.200750407745,直连,,True
T025,巡航,O01>S001,13792.200750407745,13794.196821455222,直连,,True
T025,巡航,O01>S001,13794.196821455222,13796.1928925027,直连,,True
T025,巡航,O01>S001,13796.1928925027,13798.18896355018,直连,,True
T025,巡航,O01>S001,13798.18896355018,13800.185034597656,直连,,True
T025,巡航,O01>S001,13800.185034597656,13802.181105645135,直连,,True
T025,巡航,O01>S001,13802.181105645135,13804.177176692614,直连,,True
T025,巡航,O01>S001,13804.177176692614,13806.173247740091,直连,,True
T025,巡航,O01>S001,13806.173247740091,13808.16931878757,直连,,True
T025,巡航,O01>S001,13808.16931878757,13810.165389835049,直连,,True
T025,巡航,O01>S001,13810.165389835049,13812.161460882526,直连,,True
T025,巡航,O01>S001,13812.161460882526,13814.157531930005,直连,,True
T025,巡航,O01>S001,13814.157531930005,13816.153602977482,直连,,True
T025,巡航,O01>S001,13816.153602977482,13818.14967402496,直连,,True
T025,巡航,O01>S001,13818.14967402496,13820.14574507244,直连,,True
T025,巡航,O01>S001,13820.14574507244,13822.141816119916,直连,,True
T025,巡航,O01>S001,13822.141816119916,13824.137887167395,直连,,True
T025,巡航,O01>S001,13824.137887167395,13826.133958214874,直连,,True
T025,巡航,O01>S001,13826.133958214874,13828.130029262351,直连,,True
T025,巡航,O01>S001,13828.130029262351,13830.12610030983,直连,,True
T025,巡航,O01>S001,13830.12610030983,13832.122171357309,直连,,True
T025,巡航,O01>S001,13832.122171357309,13834.118242404786,直连,,True
T025,巡航,O01>S001,13834.118242404786,13836.114313452264,直连,,True
T025,巡航,O01>S001,13836.114313452264,13838.110384499741,直连,,True
T025,巡航,O01>S001,13838.110384499741,13840.10645554722,直连,,True
T025,巡航,O01>S001,13840.10645554722,13842.1025265947,直连,,True
T025,巡航,O01>S001,13842.1025265947,13844.098597642176,直连,,True
T025,巡航,O01>S001,13844.098597642176,13846.094668689655,直连,,True
T025,巡航,O01>S001,13846.094668689655,13848.090739737134,直连,,True
T025,巡航,O01>S001,13848.090739737134,13850.08681078461,直连,,True
T025,巡航,O01>S001,13850.08681078461,13852.08288183209,直连,,True
T025,巡航,O01>S001,13852.08288183209,13854.078952879569,直连,,True
T025,巡航,O01>S001,13854.078952879569,13856.075023927046,直连,,True
T025,巡航,O01>S001,13856.075023927046,13858.071094974524,直连,,True
T025,巡航,O01>S001,13858.071094974524,13860.067166022001,直连,,True
T025,巡航,O01>S001,13860.067166022001,13862.06323706948,直连,,True
T025,巡航,O01>S001,13862.06323706948,13864.059308116959,直连,,True
T025,巡航,O01>S001,13864.059308116959,13866.055379164436,直连,,True
T025,巡航,O01>S001,13866.055379164436,13868.051450211915,直连,,True
T025,下降,O01>S001,13868.051450211915,13879.925664892904,直连,,True
T025,下降,O01>S001,13879.925664892904,13891.799879573895,直连,,True
T025,下降,O01>S001,13891.799879573895,13903.674094254884,直连,,True
T025,投送,S001,13903.674094254884,14113.674094254884,直连,,True
T025,爬升,S001>O01,14113.674094254884,14123.569273155708,直连,,True
T025,爬升,S001>O01,14123.569273155708,14133.464452056534,直连,,True
T025,爬升,S001>O01,14133.464452056534,14143.359630957359,直连,,True
T025,巡航,S001>O01,14143.359630957359,14145.355702004837,直连,,True
T025,巡航,S001>O01,14145.355702004837,14147.351773052314,直连,,True
T025,巡航,S001>O01,14147.351773052314,14149.347844099793,直连,,True
T025,巡航,S001>O01,14149.347844099793,14151.343915147272,直连,,True
T025,巡航,S001>O01,14151.343915147272,14153.33998619475,直连,,True
T025,巡航,S001>O01,14153.33998619475,14155.336057242228,直连,,True
T025,巡航,S001>O01,14155.336057242228,14157.332128289705,直连,,True
T025,巡航,S001>O01,14157.332128289705,14159.328199337184,直连,,True
T025,巡航,S001>O01,14159.328199337184,14161.324270384663,直连,,True
T025,巡航,S001>O01,14161.324270384663,14163.32034143214,直连,,True
T025,巡航,S001>O01,14163.32034143214,14165.316412479619,直连,,True
T025,巡航,S001>O01,14165.316412479619,14167.312483527097,直连,,True
T025,巡航,S001>O01,14167.312483527097,14169.308554574574,直连,,True
T025,巡航,S001>O01,14169.308554574574,14171.304625622053,直连,,True
T025,巡航,S001>O01,14171.304625622053,14173.300696669532,直连,,True
T025,巡航,S001>O01,14173.300696669532,14175.296767717009,直连,,True
T025,巡航,S001>O01,14175.296767717009,14177.292838764488,直连,,True
T025,巡航,S001>O01,14177.292838764488,14179.288909811965,直连,,True
T025,巡航,S001>O01,14179.288909811965,14181.284980859444,直连,,True
T025,巡航,S001>O01,14181.284980859444,14183.281051906923,直连,,True
T025,巡航,S001>O01,14183.281051906923,14185.2771229544,直连,,True
T025,巡航,S001>O01,14185.2771229544,14187.273194001878,直连,,True
T025,巡航,S001>O01,14187.273194001878,14189.269265049357,直连,,True
T025,巡航,S001>O01,14189.269265049357,14191.265336096834,直连,,True
T025,巡航,S001>O01,14191.265336096834,14193.261407144313,直连,,True
T025,巡航,S001>O01,14193.261407144313,14195.257478191792,直连,,True
T025,巡航,S001>O01,14195.257478191792,14197.253549239269,直连,,True
T025,巡航,S001>O01,14197.253549239269,14199.249620286748,直连,,True
T025,巡航,S001>O01,14199.249620286748,14201.245691334225,直连,,True
T025,巡航,S001>O01,14201.245691334225,14203.241762381704,直连,,True
T025,巡航,S001>O01,14203.241762381704,14205.237833429183,直连,,True
T025,巡航,S001>O01,14205.237833429183,14207.23390447666,直连,,True
T025,巡航,S001>O01,14207.23390447666,14209.229975524138,直连,,True
T025,巡航,S001>O01,14209.229975524138,14211.226046571617,直连,,True
T025,巡航,S001>O01,14211.226046571617,14213.222117619094,直连,,True
T025,巡航,S001>O01,14213.222117619094,14215.218188666573,直连,,True
T025,巡航,S001>O01,14215.218188666573,14217.214259714052,直连,,True
T025,巡航,S001>O01,14217.214259714052,14219.210330761529,直连,,True
T025,巡航,S001>O01,14219.210330761529,14221.206401809008,直连,,True
T025,巡航,S001>O01,14221.206401809008,14223.202472856485,直连,,True
T025,巡航,S001>O01,14223.202472856485,14225.198543903964,直连,,True
T025,巡航,S001>O01,14225.198543903964,14227.194614951442,直连,,True
T025,巡航,S001>O01,14227.194614951442,14229.19068599892,直连,,True
T025,巡航,S001>O01,14229.19068599892,14231.186757046398,直连,,True
T025,巡航,S001>O01,14231.186757046398,14233.182828093877,直连,,True
T025,巡航,S001>O01,14233.182828093877,14235.178899141354,直连,,True
T025,巡航,S001>O01,14235.178899141354,14237.174970188833,直连,,True
T025,巡航,S001>O01,14237.174970188833,14239.171041236312,直连,,True
T025,巡航,S001>O01,14239.171041236312,14241.167112283789,直连,,True
T025,巡航,S001>O01,14241.167112283789,14243.163183331268,直连,,True
T025,巡航,S001>O01,14243.163183331268,14245.159254378745,直连,,True
T025,巡航,S001>O01,14245.159254378745,14247.155325426223,直连,,True
T025,巡航,S001>O01,14247.155325426223,14249.151396473702,直连,,True
T025,巡航,S001>O01,14249.151396473702,14251.14746752118,直连,,True
T025,巡航,S001>O01,14251.14746752118,14253.143538568658,直连,,True
T025,巡航,S001>O01,14253.143538568658,14255.139609616137,直连,,True
T025,巡航,S001>O01,14255.139609616137,14257.135680663614,直连,,True
T025,巡航,S001>O01,14257.135680663614,14259.131751711093,直连,,True
T025,巡航,S001>O01,14259.131751711093,14261.127822758572,直连,,True
T025,巡航,S001>O01,14261.127822758572,14263.123893806049,直连,,True
T025,巡航,S001>O01,14263.123893806049,14265.119964853528,直连,,True
T025,巡航,S001>O01,14265.119964853528,14267.116035901006,直连,,True
T025,巡航,S001>O01,14267.116035901006,14269.112106948483,直连,,True
T025,巡航,S001>O01,14269.112106948483,14271.108177995962,直连,,True
T025,巡航,S001>O01,14271.108177995962,14273.10424904344,直连,,True
T025,巡航,S001>O01,14273.10424904344,14275.100320090918,直连,,True
T025,巡航,S001>O01,14275.100320090918,14277.096391138397,直连,,True
T025,巡航,S001>O01,14277.096391138397,14279.092462185874,直连,,True
T025,巡航,S001>O01,14279.092462185874,14281.088533233353,直连,,True
T025,巡航,S001>O01,14281.088533233353,14283.084604280832,直连,,True
T025,巡航,S001>O01,14283.084604280832,14285.080675328309,直连,,True
T025,巡航,S001>O01,14285.080675328309,14287.076746375787,直连,,True
T025,巡航,S001>O01,14287.076746375787,14289.072817423266,直连,,True
T025,巡航,S001>O01,14289.072817423266,14291.068888470743,直连,,True
T025,巡航,S001>O01,14291.068888470743,14293.064959518222,直连,,True
T025,巡航,S001>O01,14293.064959518222,14295.0610305657,直连,,True
T025,巡航,S001>O01,14295.0610305657,14297.057101613178,直连,,True
T025,巡航,S001>O01,14297.057101613178,14299.053172660657,直连,,True
T025,巡航,S001>O01,14299.053172660657,14301.049243708134,直连,,True
T025,巡航,S001>O01,14301.049243708134,14303.045314755613,直连,,True
T025,巡航,S001>O01,14303.045314755613,14305.041385803092,直连,,True
T025,巡航,S001>O01,14305.041385803092,14307.037456850569,直连,,True
T025,巡航,S001>O01,14307.037456850569,14309.033527898047,直连,,True
T025,巡航,S001>O01,14309.033527898047,14311.029598945526,直连,,True
T025,巡航,S001>O01,14311.029598945526,14313.025669993003,直连,,True
T025,巡航,S001>O01,14313.025669993003,14315.021741040482,直连,,True
T025,巡航,S001>O01,14315.021741040482,14317.01781208796,直连,,True
T025,巡航,S001>O01,14317.01781208796,14319.013883135438,直连,,True
T025,巡航,S001>O01,14319.013883135438,14321.009954182917,直连,,True
T025,巡航,S001>O01,14321.009954182917,14323.006025230394,直连,,True
T025,巡航,S001>O01,14323.006025230394,14325.002096277873,直连,,True
T025,巡航,S001>O01,14325.002096277873,14326.998167325351,直连,,True
T025,巡航,S001>O01,14326.998167325351,14328.994238372828,直连,,True
T025,巡航,S001>O01,14328.994238372828,14330.990309420307,直连,,True
T025,巡航,S001>O01,14330.990309420307,14332.986380467786,直连,,True
T025,巡航,S001>O01,14332.986380467786,14334.982451515263,直连,,True
T025,巡航,S001>O01,14334.982451515263,14336.978522562742,直连,,True
T025,巡航,S001>O01,14336.978522562742,14338.974593610219,直连,,True
T025,巡航,S001>O01,14338.974593610219,14340.970664657698,直连,,True
T025,巡航,S001>O01,14340.970664657698,14342.966735705177,直连,,True
T025,巡航,S001>O01,14342.966735705177,14344.962806752654,直连,,True
T025,巡航,S001>O01,14344.962806752654,14346.958877800133,直连,,True
T025,下降,S001>O01,14346.958877800133,14358.587406608727,直连,,True
T025,下降,S001>O01,14358.587406608727,14370.21593541732,直连,,True
T025,下降,S001>O01,14370.21593541732,14381.844464225915,直连,,True
T025,下降,S001>O01,14381.844464225915,14393.472993034507,直连,,True
T025,下降,S001>O01,14393.472993034507,14405.101521843102,直连,,True
T026,爬升,O01>S001,10817.0,10826.690440673829,直连,,True
T026,爬升,O01>S001,10826.690440673829,10836.380881347657,直连,,True
T026,爬升,O01>S001,10836.380881347657,10846.071322021484,直连,,True
T026,爬升,O01>S001,10846.071322021484,10855.761762695312,直连,,True
T026,爬升,O01>S001,10855.761762695312,10865.452203369141,直连,,True
T026,巡航,O01>S001,10865.452203369141,10867.44827441662,直连,,True
T026,巡航,O01>S001,10867.44827441662,10869.444345464097,直连,,True
T026,巡航,O01>S001,10869.444345464097,10871.440416511576,直连,,True
T026,巡航,O01>S001,10871.440416511576,10873.436487559055,直连,,True
T026,巡航,O01>S001,10873.436487559055,10875.432558606532,直连,,True
T026,巡航,O01>S001,10875.432558606532,10877.42862965401,直连,,True
T026,巡航,O01>S001,10877.42862965401,10879.424700701487,直连,,True
T026,巡航,O01>S001,10879.424700701487,10881.420771748966,直连,,True
T026,巡航,O01>S001,10881.420771748966,10883.416842796445,直连,,True
T026,巡航,O01>S001,10883.416842796445,10885.412913843922,直连,,True
T026,巡航,O01>S001,10885.412913843922,10887.4089848914,直连,,True
T026,巡航,O01>S001,10887.4089848914,10889.40505593888,直连,,True
T026,巡航,O01>S001,10889.40505593888,10891.401126986357,直连,,True
T026,巡航,O01>S001,10891.401126986357,10893.397198033836,直连,,True
T026,巡航,O01>S001,10893.397198033836,10895.393269081314,直连,,True
T026,巡航,O01>S001,10895.393269081314,10897.389340128791,直连,,True
T026,巡航,O01>S001,10897.389340128791,10899.38541117627,直连,,True
T026,巡航,O01>S001,10899.38541117627,10901.381482223747,直连,,True
T026,巡航,O01>S001,10901.381482223747,10903.377553271226,直连,,True
T026,巡航,O01>S001,10903.377553271226,10905.373624318705,直连,,True
T026,巡航,O01>S001,10905.373624318705,10907.369695366182,直连,,True
T026,巡航,O01>S001,10907.369695366182,10909.36576641366,直连,,True
T026,巡航,O01>S001,10909.36576641366,10911.36183746114,直连,,True
T026,巡航,O01>S001,10911.36183746114,10913.357908508617,直连,,True
T026,巡航,O01>S001,10913.357908508617,10915.353979556096,直连,,True
T026,巡航,O01>S001,10915.353979556096,10917.350050603574,直连,,True
T026,巡航,O01>S001,10917.350050603574,10919.346121651051,直连,,True
T026,巡航,O01>S001,10919.346121651051,10921.34219269853,直连,,True
T026,巡航,O01>S001,10921.34219269853,10923.338263746007,直连,,True
T026,巡航,O01>S001,10923.338263746007,10925.334334793486,直连,,True
T026,巡航,O01>S001,10925.334334793486,10927.330405840965,直连,,True
T026,巡航,O01>S001,10927.330405840965,10929.326476888442,直连,,True
T026,巡航,O01>S001,10929.326476888442,10931.32254793592,直连,,True
T026,巡航,O01>S001,10931.32254793592,10933.3186189834,直连,,True
T026,巡航,O01>S001,10933.3186189834,10935.314690030877,直连,,True
T026,巡航,O01>S001,10935.314690030877,10937.310761078355,直连,,True
T026,巡航,O01>S001,10937.310761078355,10939.306832125834,直连,,True
T026,巡航,O01>S001,10939.306832125834,10941.302903173311,直连,,True
T026,巡航,O01>S001,10941.302903173311,10943.29897422079,直连,,True
T026,巡航,O01>S001,10943.29897422079,10945.295045268267,直连,,True
T026,巡航,O01>S001,10945.295045268267,10947.291116315746,直连,,True
T026,巡航,O01>S001,10947.291116315746,10949.287187363225,直连,,True
T026,巡航,O01>S001,10949.287187363225,10951.283258410702,直连,,True
T026,巡航,O01>S001,10951.283258410702,10953.27932945818,直连,,True
T026,巡航,O01>S001,10953.27932945818,10955.27540050566,直连,,True
T026,巡航,O01>S001,10955.27540050566,10957.271471553137,直连,,True
T026,巡航,O01>S001,10957.271471553137,10959.267542600615,直连,,True
T026,巡航,O01>S001,10959.267542600615,10961.263613648094,直连,,True
T026,巡航,O01>S001,10961.263613648094,10963.259684695571,直连,,True
T026,巡航,O01>S001,10963.259684695571,10965.25575574305,直连,,True
T026,巡航,O01>S001,10965.25575574305,10967.251826790529,直连,,True
T026,巡航,O01>S001,10967.251826790529,10969.247897838006,直连,,True
T026,巡航,O01>S001,10969.247897838006,10971.243968885485,直连,,True
T026,巡航,O01>S001,10971.243968885485,10973.240039932962,直连,,True
T026,巡航,O01>S001,10973.240039932962,10975.23611098044,直连,,True
T026,巡航,O01>S001,10975.23611098044,10977.23218202792,直连,,True
T026,巡航,O01>S001,10977.23218202792,10979.228253075396,直连,,True
T026,巡航,O01>S001,10979.228253075396,10981.224324122875,直连,,True
T026,巡航,O01>S001,10981.224324122875,10983.220395170354,直连,,True
T026,巡航,O01>S001,10983.220395170354,10985.216466217831,直连,,True
T026,巡航,O01>S001,10985.216466217831,10987.21253726531,直连,,True
T026,巡航,O01>S001,10987.21253726531,10989.208608312789,直连,,True
T026,巡航,O01>S001,10989.208608312789,10991.204679360266,直连,,True
T026,巡航,O01>S001,10991.204679360266,10993.200750407745,直连,,True
T026,巡航,O01>S001,10993.200750407745,10995.196821455222,直连,,True
T026,巡航,O01>S001,10995.196821455222,10997.1928925027,直连,,True
T026,巡航,O01>S001,10997.1928925027,10999.18896355018,直连,,True
T026,巡航,O01>S001,10999.18896355018,11001.185034597656,直连,,True
T026,巡航,O01>S001,11001.185034597656,11003.181105645135,直连,,True
T026,巡航,O01>S001,11003.181105645135,11005.177176692614,直连,,True
T026,巡航,O01>S001,11005.177176692614,11007.173247740091,直连,,True
T026,巡航,O01>S001,11007.173247740091,11009.16931878757,直连,,True
T026,巡航,O01>S001,11009.16931878757,11011.165389835049,直连,,True
T026,巡航,O01>S001,11011.165389835049,11013.161460882526,直连,,True
T026,巡航,O01>S001,11013.161460882526,11015.157531930005,直连,,True
T026,巡航,O01>S001,11015.157531930005,11017.153602977482,直连,,True
T026,巡航,O01>S001,11017.153602977482,11019.14967402496,直连,,True
T026,巡航,O01>S001,11019.14967402496,11021.14574507244,直连,,True
T026,巡航,O01>S001,11021.14574507244,11023.141816119916,直连,,True
T026,巡航,O01>S001,11023.141816119916,11025.137887167395,直连,,True
T026,巡航,O01>S001,11025.137887167395,11027.133958214874,直连,,True
T026,巡航,O01>S001,11027.133958214874,11029.130029262351,直连,,True
T026,巡航,O01>S001,11029.130029262351,11031.12610030983,直连,,True
T026,巡航,O01>S001,11031.12610030983,11033.122171357309,直连,,True
T026,巡航,O01>S001,11033.122171357309,11035.118242404786,直连,,True
T026,巡航,O01>S001,11035.118242404786,11037.114313452264,直连,,True
T026,巡航,O01>S001,11037.114313452264,11039.110384499741,直连,,True
T026,巡航,O01>S001,11039.110384499741,11041.10645554722,直连,,True
T026,巡航,O01>S001,11041.10645554722,11043.1025265947,直连,,True
T026,巡航,O01>S001,11043.1025265947,11045.098597642176,直连,,True
T026,巡航,O01>S001,11045.098597642176,11047.094668689655,直连,,True
T026,巡航,O01>S001,11047.094668689655,11049.090739737134,直连,,True
T026,巡航,O01>S001,11049.090739737134,11051.08681078461,直连,,True
T026,巡航,O01>S001,11051.08681078461,11053.08288183209,直连,,True
T026,巡航,O01>S001,11053.08288183209,11055.078952879569,直连,,True
T026,巡航,O01>S001,11055.078952879569,11057.075023927046,直连,,True
T026,巡航,O01>S001,11057.075023927046,11059.071094974524,直连,,True
T026,巡航,O01>S001,11059.071094974524,11061.067166022001,直连,,True
T026,巡航,O01>S001,11061.067166022001,11063.06323706948,直连,,True
T026,巡航,O01>S001,11063.06323706948,11065.059308116959,直连,,True
T026,巡航,O01>S001,11065.059308116959,11067.055379164436,直连,,True
T026,巡航,O01>S001,11067.055379164436,11069.051450211915,直连,,True
T026,下降,O01>S001,11069.051450211915,11080.925664892904,直连,,True
T026,下降,O01>S001,11080.925664892904,11092.799879573895,直连,,True
T026,下降,O01>S001,11092.799879573895,11104.674094254884,直连,,True
T026,投送,S001,11104.674094254884,11314.674094254884,直连,,True
T026,爬升,S001>O01,11314.674094254884,11324.569273155708,直连,,True
T026,爬升,S001>O01,11324.569273155708,11334.464452056534,直连,,True
T026,爬升,S001>O01,11334.464452056534,11344.359630957359,直连,,True
T026,巡航,S001>O01,11344.359630957359,11346.355702004837,直连,,True
T026,巡航,S001>O01,11346.355702004837,11348.351773052314,直连,,True
T026,巡航,S001>O01,11348.351773052314,11350.347844099793,直连,,True
T026,巡航,S001>O01,11350.347844099793,11352.343915147272,直连,,True
T026,巡航,S001>O01,11352.343915147272,11354.33998619475,直连,,True
T026,巡航,S001>O01,11354.33998619475,11356.336057242228,直连,,True
T026,巡航,S001>O01,11356.336057242228,11358.332128289705,直连,,True
T026,巡航,S001>O01,11358.332128289705,11360.328199337184,直连,,True
T026,巡航,S001>O01,11360.328199337184,11362.324270384663,直连,,True
T026,巡航,S001>O01,11362.324270384663,11364.32034143214,直连,,True
T026,巡航,S001>O01,11364.32034143214,11366.316412479619,直连,,True
T026,巡航,S001>O01,11366.316412479619,11368.312483527097,直连,,True
T026,巡航,S001>O01,11368.312483527097,11370.308554574574,直连,,True
T026,巡航,S001>O01,11370.308554574574,11372.304625622053,直连,,True
T026,巡航,S001>O01,11372.304625622053,11374.300696669532,直连,,True
T026,巡航,S001>O01,11374.300696669532,11376.296767717009,直连,,True
T026,巡航,S001>O01,11376.296767717009,11378.292838764488,直连,,True
T026,巡航,S001>O01,11378.292838764488,11380.288909811965,直连,,True
T026,巡航,S001>O01,11380.288909811965,11382.284980859444,直连,,True
T026,巡航,S001>O01,11382.284980859444,11384.281051906923,直连,,True
T026,巡航,S001>O01,11384.281051906923,11386.2771229544,直连,,True
T026,巡航,S001>O01,11386.2771229544,11388.273194001878,直连,,True
T026,巡航,S001>O01,11388.273194001878,11390.269265049357,直连,,True
T026,巡航,S001>O01,11390.269265049357,11392.265336096834,直连,,True
T026,巡航,S001>O01,11392.265336096834,11394.261407144313,直连,,True
T026,巡航,S001>O01,11394.261407144313,11396.257478191792,直连,,True
T026,巡航,S001>O01,11396.257478191792,11398.253549239269,直连,,True
T026,巡航,S001>O01,11398.253549239269,11400.249620286748,直连,,True
T026,巡航,S001>O01,11400.249620286748,11402.245691334225,直连,,True
T026,巡航,S001>O01,11402.245691334225,11404.241762381704,直连,,True
T026,巡航,S001>O01,11404.241762381704,11406.237833429183,直连,,True
T026,巡航,S001>O01,11406.237833429183,11408.23390447666,直连,,True
T026,巡航,S001>O01,11408.23390447666,11410.229975524138,直连,,True
T026,巡航,S001>O01,11410.229975524138,11412.226046571617,直连,,True
T026,巡航,S001>O01,11412.226046571617,11414.222117619094,直连,,True
T026,巡航,S001>O01,11414.222117619094,11416.218188666573,直连,,True
T026,巡航,S001>O01,11416.218188666573,11418.214259714052,直连,,True
T026,巡航,S001>O01,11418.214259714052,11420.210330761529,直连,,True
T026,巡航,S001>O01,11420.210330761529,11422.206401809008,直连,,True
T026,巡航,S001>O01,11422.206401809008,11424.202472856485,直连,,True
T026,巡航,S001>O01,11424.202472856485,11426.198543903964,直连,,True
T026,巡航,S001>O01,11426.198543903964,11428.194614951442,直连,,True
T026,巡航,S001>O01,11428.194614951442,11430.19068599892,直连,,True
T026,巡航,S001>O01,11430.19068599892,11432.186757046398,直连,,True
T026,巡航,S001>O01,11432.186757046398,11434.182828093877,直连,,True
T026,巡航,S001>O01,11434.182828093877,11436.178899141354,直连,,True
T026,巡航,S001>O01,11436.178899141354,11438.174970188833,直连,,True
T026,巡航,S001>O01,11438.174970188833,11440.171041236312,直连,,True
T026,巡航,S001>O01,11440.171041236312,11442.167112283789,直连,,True
T026,巡航,S001>O01,11442.167112283789,11444.163183331268,直连,,True
T026,巡航,S001>O01,11444.163183331268,11446.159254378745,直连,,True
T026,巡航,S001>O01,11446.159254378745,11448.155325426223,直连,,True
T026,巡航,S001>O01,11448.155325426223,11450.151396473702,直连,,True
T026,巡航,S001>O01,11450.151396473702,11452.14746752118,直连,,True
T026,巡航,S001>O01,11452.14746752118,11454.143538568658,直连,,True
T026,巡航,S001>O01,11454.143538568658,11456.139609616137,直连,,True
T026,巡航,S001>O01,11456.139609616137,11458.135680663614,直连,,True
T026,巡航,S001>O01,11458.135680663614,11460.131751711093,直连,,True
T026,巡航,S001>O01,11460.131751711093,11462.127822758572,直连,,True
T026,巡航,S001>O01,11462.127822758572,11464.123893806049,直连,,True
T026,巡航,S001>O01,11464.123893806049,11466.119964853528,直连,,True
T026,巡航,S001>O01,11466.119964853528,11468.116035901006,直连,,True
T026,巡航,S001>O01,11468.116035901006,11470.112106948483,直连,,True
T026,巡航,S001>O01,11470.112106948483,11472.108177995962,直连,,True
T026,巡航,S001>O01,11472.108177995962,11474.10424904344,直连,,True
T026,巡航,S001>O01,11474.10424904344,11476.100320090918,直连,,True
T026,巡航,S001>O01,11476.100320090918,11478.096391138397,直连,,True
T026,巡航,S001>O01,11478.096391138397,11480.092462185874,直连,,True
T026,巡航,S001>O01,11480.092462185874,11482.088533233353,直连,,True
T026,巡航,S001>O01,11482.088533233353,11484.084604280832,直连,,True
T026,巡航,S001>O01,11484.084604280832,11486.080675328309,直连,,True
T026,巡航,S001>O01,11486.080675328309,11488.076746375787,直连,,True
T026,巡航,S001>O01,11488.076746375787,11490.072817423266,直连,,True
T026,巡航,S001>O01,11490.072817423266,11492.068888470743,直连,,True
T026,巡航,S001>O01,11492.068888470743,11494.064959518222,直连,,True
T026,巡航,S001>O01,11494.064959518222,11496.0610305657,直连,,True
T026,巡航,S001>O01,11496.0610305657,11498.057101613178,直连,,True
T026,巡航,S001>O01,11498.057101613178,11500.053172660657,直连,,True
T026,巡航,S001>O01,11500.053172660657,11502.049243708134,直连,,True
T026,巡航,S001>O01,11502.049243708134,11504.045314755613,直连,,True
T026,巡航,S001>O01,11504.045314755613,11506.041385803092,直连,,True
T026,巡航,S001>O01,11506.041385803092,11508.037456850569,直连,,True
T026,巡航,S001>O01,11508.037456850569,11510.033527898047,直连,,True
T026,巡航,S001>O01,11510.033527898047,11512.029598945526,直连,,True
T026,巡航,S001>O01,11512.029598945526,11514.025669993003,直连,,True
T026,巡航,S001>O01,11514.025669993003,11516.021741040482,直连,,True
T026,巡航,S001>O01,11516.021741040482,11518.01781208796,直连,,True
T026,巡航,S001>O01,11518.01781208796,11520.013883135438,直连,,True
T026,巡航,S001>O01,11520.013883135438,11522.009954182917,直连,,True
T026,巡航,S001>O01,11522.009954182917,11524.006025230394,直连,,True
T026,巡航,S001>O01,11524.006025230394,11526.002096277873,直连,,True
T026,巡航,S001>O01,11526.002096277873,11527.998167325351,直连,,True
T026,巡航,S001>O01,11527.998167325351,11529.994238372828,直连,,True
T026,巡航,S001>O01,11529.994238372828,11531.990309420307,直连,,True
T026,巡航,S001>O01,11531.990309420307,11533.986380467786,直连,,True
T026,巡航,S001>O01,11533.986380467786,11535.982451515263,直连,,True
T026,巡航,S001>O01,11535.982451515263,11537.978522562742,直连,,True
T026,巡航,S001>O01,11537.978522562742,11539.974593610219,直连,,True
T026,巡航,S001>O01,11539.974593610219,11541.970664657698,直连,,True
T026,巡航,S001>O01,11541.970664657698,11543.966735705177,直连,,True
T026,巡航,S001>O01,11543.966735705177,11545.962806752654,直连,,True
T026,巡航,S001>O01,11545.962806752654,11547.958877800133,直连,,True
T026,下降,S001>O01,11547.958877800133,11559.587406608727,直连,,True
T026,下降,S001>O01,11559.587406608727,11571.21593541732,直连,,True
T026,下降,S001>O01,11571.21593541732,11582.844464225915,直连,,True
T026,下降,S001>O01,11582.844464225915,11594.472993034507,直连,,True
T026,下降,S001>O01,11594.472993034507,11606.101521843102,直连,,True
T027,爬升,O01>S001,8517.0,8526.690440673829,直连,,True
T027,爬升,O01>S001,8526.690440673829,8536.380881347657,直连,,True
T027,爬升,O01>S001,8536.380881347657,8546.071322021484,直连,,True
T027,爬升,O01>S001,8546.071322021484,8555.761762695312,直连,,True
T027,爬升,O01>S001,8555.761762695312,8565.452203369141,直连,,True
T027,巡航,O01>S001,8565.452203369141,8567.44827441662,直连,,True
T027,巡航,O01>S001,8567.44827441662,8569.444345464097,直连,,True
T027,巡航,O01>S001,8569.444345464097,8571.440416511576,直连,,True
T027,巡航,O01>S001,8571.440416511576,8573.436487559055,直连,,True
T027,巡航,O01>S001,8573.436487559055,8575.432558606532,直连,,True
T027,巡航,O01>S001,8575.432558606532,8577.42862965401,直连,,True
T027,巡航,O01>S001,8577.42862965401,8579.424700701487,直连,,True
T027,巡航,O01>S001,8579.424700701487,8581.420771748966,直连,,True
T027,巡航,O01>S001,8581.420771748966,8583.416842796445,直连,,True
T027,巡航,O01>S001,8583.416842796445,8585.412913843922,直连,,True
T027,巡航,O01>S001,8585.412913843922,8587.4089848914,直连,,True
T027,巡航,O01>S001,8587.4089848914,8589.40505593888,直连,,True
T027,巡航,O01>S001,8589.40505593888,8591.401126986357,直连,,True
T027,巡航,O01>S001,8591.401126986357,8593.397198033836,直连,,True
T027,巡航,O01>S001,8593.397198033836,8595.393269081314,直连,,True
T027,巡航,O01>S001,8595.393269081314,8597.389340128791,直连,,True
T027,巡航,O01>S001,8597.389340128791,8599.38541117627,直连,,True
T027,巡航,O01>S001,8599.38541117627,8601.381482223747,直连,,True
T027,巡航,O01>S001,8601.381482223747,8603.377553271226,直连,,True
T027,巡航,O01>S001,8603.377553271226,8605.373624318705,直连,,True
T027,巡航,O01>S001,8605.373624318705,8607.369695366182,直连,,True
T027,巡航,O01>S001,8607.369695366182,8609.36576641366,直连,,True
T027,巡航,O01>S001,8609.36576641366,8611.36183746114,直连,,True
T027,巡航,O01>S001,8611.36183746114,8613.357908508617,直连,,True
T027,巡航,O01>S001,8613.357908508617,8615.353979556096,直连,,True
T027,巡航,O01>S001,8615.353979556096,8617.350050603574,直连,,True
T027,巡航,O01>S001,8617.350050603574,8619.346121651051,直连,,True
T027,巡航,O01>S001,8619.346121651051,8621.34219269853,直连,,True
T027,巡航,O01>S001,8621.34219269853,8623.338263746007,直连,,True
T027,巡航,O01>S001,8623.338263746007,8625.334334793486,直连,,True
T027,巡航,O01>S001,8625.334334793486,8627.330405840965,直连,,True
T027,巡航,O01>S001,8627.330405840965,8629.326476888442,直连,,True
T027,巡航,O01>S001,8629.326476888442,8631.32254793592,直连,,True
T027,巡航,O01>S001,8631.32254793592,8633.3186189834,直连,,True
T027,巡航,O01>S001,8633.3186189834,8635.314690030877,直连,,True
T027,巡航,O01>S001,8635.314690030877,8637.310761078355,直连,,True
T027,巡航,O01>S001,8637.310761078355,8639.306832125834,直连,,True
T027,巡航,O01>S001,8639.306832125834,8641.302903173311,直连,,True
T027,巡航,O01>S001,8641.302903173311,8643.29897422079,直连,,True
T027,巡航,O01>S001,8643.29897422079,8645.295045268267,直连,,True
T027,巡航,O01>S001,8645.295045268267,8647.291116315746,直连,,True
T027,巡航,O01>S001,8647.291116315746,8649.287187363225,直连,,True
T027,巡航,O01>S001,8649.287187363225,8651.283258410702,直连,,True
T027,巡航,O01>S001,8651.283258410702,8653.27932945818,直连,,True
T027,巡航,O01>S001,8653.27932945818,8655.27540050566,直连,,True
T027,巡航,O01>S001,8655.27540050566,8657.271471553137,直连,,True
T027,巡航,O01>S001,8657.271471553137,8659.267542600615,直连,,True
T027,巡航,O01>S001,8659.267542600615,8661.263613648094,直连,,True
T027,巡航,O01>S001,8661.263613648094,8663.259684695571,直连,,True
T027,巡航,O01>S001,8663.259684695571,8665.25575574305,直连,,True
T027,巡航,O01>S001,8665.25575574305,8667.251826790529,直连,,True
T027,巡航,O01>S001,8667.251826790529,8669.247897838006,直连,,True
T027,巡航,O01>S001,8669.247897838006,8671.243968885485,直连,,True
T027,巡航,O01>S001,8671.243968885485,8673.240039932962,直连,,True
T027,巡航,O01>S001,8673.240039932962,8675.23611098044,直连,,True
T027,巡航,O01>S001,8675.23611098044,8677.23218202792,直连,,True
T027,巡航,O01>S001,8677.23218202792,8679.228253075396,直连,,True
T027,巡航,O01>S001,8679.228253075396,8681.224324122875,直连,,True
T027,巡航,O01>S001,8681.224324122875,8683.220395170354,直连,,True
T027,巡航,O01>S001,8683.220395170354,8685.216466217831,直连,,True
T027,巡航,O01>S001,8685.216466217831,8687.21253726531,直连,,True
T027,巡航,O01>S001,8687.21253726531,8689.208608312789,直连,,True
T027,巡航,O01>S001,8689.208608312789,8691.204679360266,直连,,True
T027,巡航,O01>S001,8691.204679360266,8693.200750407745,直连,,True
T027,巡航,O01>S001,8693.200750407745,8695.196821455222,直连,,True
T027,巡航,O01>S001,8695.196821455222,8697.1928925027,直连,,True
T027,巡航,O01>S001,8697.1928925027,8699.18896355018,直连,,True
T027,巡航,O01>S001,8699.18896355018,8701.185034597656,直连,,True
T027,巡航,O01>S001,8701.185034597656,8703.181105645135,直连,,True
T027,巡航,O01>S001,8703.181105645135,8705.177176692614,直连,,True
T027,巡航,O01>S001,8705.177176692614,8707.173247740091,直连,,True
T027,巡航,O01>S001,8707.173247740091,8709.16931878757,直连,,True
T027,巡航,O01>S001,8709.16931878757,8711.165389835049,直连,,True
T027,巡航,O01>S001,8711.165389835049,8713.161460882526,直连,,True
T027,巡航,O01>S001,8713.161460882526,8715.157531930005,直连,,True
T027,巡航,O01>S001,8715.157531930005,8717.153602977482,直连,,True
T027,巡航,O01>S001,8717.153602977482,8719.14967402496,直连,,True
T027,巡航,O01>S001,8719.14967402496,8721.14574507244,直连,,True
T027,巡航,O01>S001,8721.14574507244,8723.141816119916,直连,,True
T027,巡航,O01>S001,8723.141816119916,8725.137887167395,直连,,True
T027,巡航,O01>S001,8725.137887167395,8727.133958214874,直连,,True
T027,巡航,O01>S001,8727.133958214874,8729.130029262351,直连,,True
T027,巡航,O01>S001,8729.130029262351,8731.12610030983,直连,,True
T027,巡航,O01>S001,8731.12610030983,8733.122171357309,直连,,True
T027,巡航,O01>S001,8733.122171357309,8735.118242404786,直连,,True
T027,巡航,O01>S001,8735.118242404786,8737.114313452264,直连,,True
T027,巡航,O01>S001,8737.114313452264,8739.110384499741,直连,,True
T027,巡航,O01>S001,8739.110384499741,8741.10645554722,直连,,True
T027,巡航,O01>S001,8741.10645554722,8743.1025265947,直连,,True
T027,巡航,O01>S001,8743.1025265947,8745.098597642176,直连,,True
T027,巡航,O01>S001,8745.098597642176,8747.094668689655,直连,,True
T027,巡航,O01>S001,8747.094668689655,8749.090739737134,直连,,True
T027,巡航,O01>S001,8749.090739737134,8751.08681078461,直连,,True
T027,巡航,O01>S001,8751.08681078461,8753.08288183209,直连,,True
T027,巡航,O01>S001,8753.08288183209,8755.078952879569,直连,,True
T027,巡航,O01>S001,8755.078952879569,8757.075023927046,直连,,True
T027,巡航,O01>S001,8757.075023927046,8759.071094974524,直连,,True
T027,巡航,O01>S001,8759.071094974524,8761.067166022001,直连,,True
T027,巡航,O01>S001,8761.067166022001,8763.06323706948,直连,,True
T027,巡航,O01>S001,8763.06323706948,8765.059308116959,直连,,True
T027,巡航,O01>S001,8765.059308116959,8767.055379164436,直连,,True
T027,巡航,O01>S001,8767.055379164436,8769.051450211915,直连,,True
T027,下降,O01>S001,8769.051450211915,8780.925664892904,直连,,True
T027,下降,O01>S001,8780.925664892904,8792.799879573895,直连,,True
T027,下降,O01>S001,8792.799879573895,8804.674094254884,直连,,True
T027,投送,S001,8804.674094254884,9014.674094254884,直连,,True
T027,爬升,S001>O01,9014.674094254884,9024.569273155708,直连,,True
T027,爬升,S001>O01,9024.569273155708,9034.464452056534,直连,,True
T027,爬升,S001>O01,9034.464452056534,9044.359630957359,直连,,True
T027,巡航,S001>O01,9044.359630957359,9046.355702004837,直连,,True
T027,巡航,S001>O01,9046.355702004837,9048.351773052314,直连,,True
T027,巡航,S001>O01,9048.351773052314,9050.347844099793,直连,,True
T027,巡航,S001>O01,9050.347844099793,9052.343915147272,直连,,True
T027,巡航,S001>O01,9052.343915147272,9054.33998619475,直连,,True
T027,巡航,S001>O01,9054.33998619475,9056.336057242228,直连,,True
T027,巡航,S001>O01,9056.336057242228,9058.332128289705,直连,,True
T027,巡航,S001>O01,9058.332128289705,9060.328199337184,直连,,True
T027,巡航,S001>O01,9060.328199337184,9062.324270384663,直连,,True
T027,巡航,S001>O01,9062.324270384663,9064.32034143214,直连,,True
T027,巡航,S001>O01,9064.32034143214,9066.316412479619,直连,,True
T027,巡航,S001>O01,9066.316412479619,9068.312483527097,直连,,True
T027,巡航,S001>O01,9068.312483527097,9070.308554574574,直连,,True
T027,巡航,S001>O01,9070.308554574574,9072.304625622053,直连,,True
T027,巡航,S001>O01,9072.304625622053,9074.300696669532,直连,,True
T027,巡航,S001>O01,9074.300696669532,9076.296767717009,直连,,True
T027,巡航,S001>O01,9076.296767717009,9078.292838764488,直连,,True
T027,巡航,S001>O01,9078.292838764488,9080.288909811965,直连,,True
T027,巡航,S001>O01,9080.288909811965,9082.284980859444,直连,,True
T027,巡航,S001>O01,9082.284980859444,9084.281051906923,直连,,True
T027,巡航,S001>O01,9084.281051906923,9086.2771229544,直连,,True
T027,巡航,S001>O01,9086.2771229544,9088.273194001878,直连,,True
T027,巡航,S001>O01,9088.273194001878,9090.269265049357,直连,,True
T027,巡航,S001>O01,9090.269265049357,9092.265336096834,直连,,True
T027,巡航,S001>O01,9092.265336096834,9094.261407144313,直连,,True
T027,巡航,S001>O01,9094.261407144313,9096.257478191792,直连,,True
T027,巡航,S001>O01,9096.257478191792,9098.253549239269,直连,,True
T027,巡航,S001>O01,9098.253549239269,9100.249620286748,直连,,True
T027,巡航,S001>O01,9100.249620286748,9102.245691334225,直连,,True
T027,巡航,S001>O01,9102.245691334225,9104.241762381704,直连,,True
T027,巡航,S001>O01,9104.241762381704,9106.237833429183,直连,,True
T027,巡航,S001>O01,9106.237833429183,9108.23390447666,直连,,True
T027,巡航,S001>O01,9108.23390447666,9110.229975524138,直连,,True
T027,巡航,S001>O01,9110.229975524138,9112.226046571617,直连,,True
T027,巡航,S001>O01,9112.226046571617,9114.222117619094,直连,,True
T027,巡航,S001>O01,9114.222117619094,9116.218188666573,直连,,True
T027,巡航,S001>O01,9116.218188666573,9118.214259714052,直连,,True
T027,巡航,S001>O01,9118.214259714052,9120.210330761529,直连,,True
T027,巡航,S001>O01,9120.210330761529,9122.206401809008,直连,,True
T027,巡航,S001>O01,9122.206401809008,9124.202472856485,直连,,True
T027,巡航,S001>O01,9124.202472856485,9126.198543903964,直连,,True
T027,巡航,S001>O01,9126.198543903964,9128.194614951442,直连,,True
T027,巡航,S001>O01,9128.194614951442,9130.19068599892,直连,,True
T027,巡航,S001>O01,9130.19068599892,9132.186757046398,直连,,True
T027,巡航,S001>O01,9132.186757046398,9134.182828093877,直连,,True
T027,巡航,S001>O01,9134.182828093877,9136.178899141354,直连,,True
T027,巡航,S001>O01,9136.178899141354,9138.174970188833,直连,,True
T027,巡航,S001>O01,9138.174970188833,9140.171041236312,直连,,True
T027,巡航,S001>O01,9140.171041236312,9142.167112283789,直连,,True
T027,巡航,S001>O01,9142.167112283789,9144.163183331268,直连,,True
T027,巡航,S001>O01,9144.163183331268,9146.159254378745,直连,,True
T027,巡航,S001>O01,9146.159254378745,9148.155325426223,直连,,True
T027,巡航,S001>O01,9148.155325426223,9150.151396473702,直连,,True
T027,巡航,S001>O01,9150.151396473702,9152.14746752118,直连,,True
T027,巡航,S001>O01,9152.14746752118,9154.143538568658,直连,,True
T027,巡航,S001>O01,9154.143538568658,9156.139609616137,直连,,True
T027,巡航,S001>O01,9156.139609616137,9158.135680663614,直连,,True
T027,巡航,S001>O01,9158.135680663614,9160.131751711093,直连,,True
T027,巡航,S001>O01,9160.131751711093,9162.127822758572,直连,,True
T027,巡航,S001>O01,9162.127822758572,9164.123893806049,直连,,True
T027,巡航,S001>O01,9164.123893806049,9166.119964853528,直连,,True
T027,巡航,S001>O01,9166.119964853528,9168.116035901006,直连,,True
T027,巡航,S001>O01,9168.116035901006,9170.112106948483,直连,,True
T027,巡航,S001>O01,9170.112106948483,9172.108177995962,直连,,True
T027,巡航,S001>O01,9172.108177995962,9174.10424904344,直连,,True
T027,巡航,S001>O01,9174.10424904344,9176.100320090918,直连,,True
T027,巡航,S001>O01,9176.100320090918,9178.096391138397,直连,,True
T027,巡航,S001>O01,9178.096391138397,9180.092462185874,直连,,True
T027,巡航,S001>O01,9180.092462185874,9182.088533233353,直连,,True
T027,巡航,S001>O01,9182.088533233353,9184.084604280832,直连,,True
T027,巡航,S001>O01,9184.084604280832,9186.080675328309,直连,,True
T027,巡航,S001>O01,9186.080675328309,9188.076746375787,直连,,True
T027,巡航,S001>O01,9188.076746375787,9190.072817423266,直连,,True
T027,巡航,S001>O01,9190.072817423266,9192.068888470743,直连,,True
T027,巡航,S001>O01,9192.068888470743,9194.064959518222,直连,,True
T027,巡航,S001>O01,9194.064959518222,9196.0610305657,直连,,True
T027,巡航,S001>O01,9196.0610305657,9198.057101613178,直连,,True
T027,巡航,S001>O01,9198.057101613178,9200.053172660657,直连,,True
T027,巡航,S001>O01,9200.053172660657,9202.049243708134,直连,,True
T027,巡航,S001>O01,9202.049243708134,9204.045314755613,直连,,True
T027,巡航,S001>O01,9204.045314755613,9206.041385803092,直连,,True
T027,巡航,S001>O01,9206.041385803092,9208.037456850569,直连,,True
T027,巡航,S001>O01,9208.037456850569,9210.033527898047,直连,,True
T027,巡航,S001>O01,9210.033527898047,9212.029598945526,直连,,True
T027,巡航,S001>O01,9212.029598945526,9214.025669993003,直连,,True
T027,巡航,S001>O01,9214.025669993003,9216.021741040482,直连,,True
T027,巡航,S001>O01,9216.021741040482,9218.01781208796,直连,,True
T027,巡航,S001>O01,9218.01781208796,9220.013883135438,直连,,True
T027,巡航,S001>O01,9220.013883135438,9222.009954182917,直连,,True
T027,巡航,S001>O01,9222.009954182917,9224.006025230394,直连,,True
T027,巡航,S001>O01,9224.006025230394,9226.002096277873,直连,,True
T027,巡航,S001>O01,9226.002096277873,9227.998167325351,直连,,True
T027,巡航,S001>O01,9227.998167325351,9229.994238372828,直连,,True
T027,巡航,S001>O01,9229.994238372828,9231.990309420307,直连,,True
T027,巡航,S001>O01,9231.990309420307,9233.986380467786,直连,,True
T027,巡航,S001>O01,9233.986380467786,9235.982451515263,直连,,True
T027,巡航,S001>O01,9235.982451515263,9237.978522562742,直连,,True
T027,巡航,S001>O01,9237.978522562742,9239.974593610219,直连,,True
T027,巡航,S001>O01,9239.974593610219,9241.970664657698,直连,,True
T027,巡航,S001>O01,9241.970664657698,9243.966735705177,直连,,True
T027,巡航,S001>O01,9243.966735705177,9245.962806752654,直连,,True
T027,巡航,S001>O01,9245.962806752654,9247.958877800133,直连,,True
T027,下降,S001>O01,9247.958877800133,9259.587406608727,直连,,True
T027,下降,S001>O01,9259.587406608727,9271.21593541732,直连,,True
T027,下降,S001>O01,9271.21593541732,9282.844464225915,直连,,True
T027,下降,S001>O01,9282.844464225915,9294.472993034507,直连,,True
T027,下降,S001>O01,9294.472993034507,9306.101521843102,直连,,True
T028,爬升,O01>S001,12466.0,12475.690440673829,直连,,True
T028,爬升,O01>S001,12475.690440673829,12485.380881347657,直连,,True
T028,爬升,O01>S001,12485.380881347657,12495.071322021484,直连,,True
T028,爬升,O01>S001,12495.071322021484,12504.761762695312,直连,,True
T028,爬升,O01>S001,12504.761762695312,12514.452203369141,直连,,True
T028,巡航,O01>S001,12514.452203369141,12516.44827441662,直连,,True
T028,巡航,O01>S001,12516.44827441662,12518.444345464097,直连,,True
T028,巡航,O01>S001,12518.444345464097,12520.440416511576,直连,,True
T028,巡航,O01>S001,12520.440416511576,12522.436487559055,直连,,True
T028,巡航,O01>S001,12522.436487559055,12524.432558606532,直连,,True
T028,巡航,O01>S001,12524.432558606532,12526.42862965401,直连,,True
T028,巡航,O01>S001,12526.42862965401,12528.424700701487,直连,,True
T028,巡航,O01>S001,12528.424700701487,12530.420771748966,直连,,True
T028,巡航,O01>S001,12530.420771748966,12532.416842796445,直连,,True
T028,巡航,O01>S001,12532.416842796445,12534.412913843922,直连,,True
T028,巡航,O01>S001,12534.412913843922,12536.4089848914,直连,,True
T028,巡航,O01>S001,12536.4089848914,12538.40505593888,直连,,True
T028,巡航,O01>S001,12538.40505593888,12540.401126986357,直连,,True
T028,巡航,O01>S001,12540.401126986357,12542.397198033836,直连,,True
T028,巡航,O01>S001,12542.397198033836,12544.393269081314,直连,,True
T028,巡航,O01>S001,12544.393269081314,12546.389340128791,直连,,True
T028,巡航,O01>S001,12546.389340128791,12548.38541117627,直连,,True
T028,巡航,O01>S001,12548.38541117627,12550.381482223747,直连,,True
T028,巡航,O01>S001,12550.381482223747,12552.377553271226,直连,,True
T028,巡航,O01>S001,12552.377553271226,12554.373624318705,直连,,True
T028,巡航,O01>S001,12554.373624318705,12556.369695366182,直连,,True
T028,巡航,O01>S001,12556.369695366182,12558.36576641366,直连,,True
T028,巡航,O01>S001,12558.36576641366,12560.36183746114,直连,,True
T028,巡航,O01>S001,12560.36183746114,12562.357908508617,直连,,True
T028,巡航,O01>S001,12562.357908508617,12564.353979556096,直连,,True
T028,巡航,O01>S001,12564.353979556096,12566.350050603574,直连,,True
T028,巡航,O01>S001,12566.350050603574,12568.346121651051,直连,,True
T028,巡航,O01>S001,12568.346121651051,12570.34219269853,直连,,True
T028,巡航,O01>S001,12570.34219269853,12572.338263746007,直连,,True
T028,巡航,O01>S001,12572.338263746007,12574.334334793486,直连,,True
T028,巡航,O01>S001,12574.334334793486,12576.330405840965,直连,,True
T028,巡航,O01>S001,12576.330405840965,12578.326476888442,直连,,True
T028,巡航,O01>S001,12578.326476888442,12580.32254793592,直连,,True
T028,巡航,O01>S001,12580.32254793592,12582.3186189834,直连,,True
T028,巡航,O01>S001,12582.3186189834,12584.314690030877,直连,,True
T028,巡航,O01>S001,12584.314690030877,12586.310761078355,直连,,True
T028,巡航,O01>S001,12586.310761078355,12588.306832125834,直连,,True
T028,巡航,O01>S001,12588.306832125834,12590.302903173311,直连,,True
T028,巡航,O01>S001,12590.302903173311,12592.29897422079,直连,,True
T028,巡航,O01>S001,12592.29897422079,12594.295045268267,直连,,True
T028,巡航,O01>S001,12594.295045268267,12596.291116315746,直连,,True
T028,巡航,O01>S001,12596.291116315746,12598.287187363225,直连,,True
T028,巡航,O01>S001,12598.287187363225,12600.283258410702,直连,,True
T028,巡航,O01>S001,12600.283258410702,12602.27932945818,直连,,True
T028,巡航,O01>S001,12602.27932945818,12604.27540050566,直连,,True
T028,巡航,O01>S001,12604.27540050566,12606.271471553137,直连,,True
T028,巡航,O01>S001,12606.271471553137,12608.267542600615,直连,,True
T028,巡航,O01>S001,12608.267542600615,12610.263613648094,直连,,True
T028,巡航,O01>S001,12610.263613648094,12612.259684695571,直连,,True
T028,巡航,O01>S001,12612.259684695571,12614.25575574305,直连,,True
T028,巡航,O01>S001,12614.25575574305,12616.251826790529,直连,,True
T028,巡航,O01>S001,12616.251826790529,12618.247897838006,直连,,True
T028,巡航,O01>S001,12618.247897838006,12620.243968885485,直连,,True
T028,巡航,O01>S001,12620.243968885485,12622.240039932962,直连,,True
T028,巡航,O01>S001,12622.240039932962,12624.23611098044,直连,,True
T028,巡航,O01>S001,12624.23611098044,12626.23218202792,直连,,True
T028,巡航,O01>S001,12626.23218202792,12628.228253075396,直连,,True
T028,巡航,O01>S001,12628.228253075396,12630.224324122875,直连,,True
T028,巡航,O01>S001,12630.224324122875,12632.220395170354,直连,,True
T028,巡航,O01>S001,12632.220395170354,12634.216466217831,直连,,True
T028,巡航,O01>S001,12634.216466217831,12636.21253726531,直连,,True
T028,巡航,O01>S001,12636.21253726531,12638.208608312789,直连,,True
T028,巡航,O01>S001,12638.208608312789,12640.204679360266,直连,,True
T028,巡航,O01>S001,12640.204679360266,12642.200750407745,直连,,True
T028,巡航,O01>S001,12642.200750407745,12644.196821455222,直连,,True
T028,巡航,O01>S001,12644.196821455222,12646.1928925027,直连,,True
T028,巡航,O01>S001,12646.1928925027,12648.18896355018,直连,,True
T028,巡航,O01>S001,12648.18896355018,12650.185034597656,直连,,True
T028,巡航,O01>S001,12650.185034597656,12652.181105645135,直连,,True
T028,巡航,O01>S001,12652.181105645135,12654.177176692614,直连,,True
T028,巡航,O01>S001,12654.177176692614,12656.173247740091,直连,,True
T028,巡航,O01>S001,12656.173247740091,12658.16931878757,直连,,True
T028,巡航,O01>S001,12658.16931878757,12660.165389835049,直连,,True
T028,巡航,O01>S001,12660.165389835049,12662.161460882526,直连,,True
T028,巡航,O01>S001,12662.161460882526,12664.157531930005,直连,,True
T028,巡航,O01>S001,12664.157531930005,12666.153602977482,直连,,True
T028,巡航,O01>S001,12666.153602977482,12668.14967402496,直连,,True
T028,巡航,O01>S001,12668.14967402496,12670.14574507244,直连,,True
T028,巡航,O01>S001,12670.14574507244,12672.141816119916,直连,,True
T028,巡航,O01>S001,12672.141816119916,12674.137887167395,直连,,True
T028,巡航,O01>S001,12674.137887167395,12676.133958214874,直连,,True
T028,巡航,O01>S001,12676.133958214874,12678.130029262351,直连,,True
T028,巡航,O01>S001,12678.130029262351,12680.12610030983,直连,,True
T028,巡航,O01>S001,12680.12610030983,12682.122171357309,直连,,True
T028,巡航,O01>S001,12682.122171357309,12684.118242404786,直连,,True
T028,巡航,O01>S001,12684.118242404786,12686.114313452264,直连,,True
T028,巡航,O01>S001,12686.114313452264,12688.110384499741,直连,,True
T028,巡航,O01>S001,12688.110384499741,12690.10645554722,直连,,True
T028,巡航,O01>S001,12690.10645554722,12692.1025265947,直连,,True
T028,巡航,O01>S001,12692.1025265947,12694.098597642176,直连,,True
T028,巡航,O01>S001,12694.098597642176,12696.094668689655,直连,,True
T028,巡航,O01>S001,12696.094668689655,12698.090739737134,直连,,True
T028,巡航,O01>S001,12698.090739737134,12700.08681078461,直连,,True
T028,巡航,O01>S001,12700.08681078461,12702.08288183209,直连,,True
T028,巡航,O01>S001,12702.08288183209,12704.078952879569,直连,,True
T028,巡航,O01>S001,12704.078952879569,12706.075023927046,直连,,True
T028,巡航,O01>S001,12706.075023927046,12708.071094974524,直连,,True
T028,巡航,O01>S001,12708.071094974524,12710.067166022001,直连,,True
T028,巡航,O01>S001,12710.067166022001,12712.06323706948,直连,,True
T028,巡航,O01>S001,12712.06323706948,12714.059308116959,直连,,True
T028,巡航,O01>S001,12714.059308116959,12716.055379164436,直连,,True
T028,巡航,O01>S001,12716.055379164436,12718.051450211915,直连,,True
T028,下降,O01>S001,12718.051450211915,12729.925664892904,直连,,True
T028,下降,O01>S001,12729.925664892904,12741.799879573895,直连,,True
T028,下降,O01>S001,12741.799879573895,12753.674094254884,直连,,True
T028,投送,S001,12753.674094254884,12963.674094254884,直连,,True
T028,爬升,S001>O01,12963.674094254884,12973.569273155708,直连,,True
T028,爬升,S001>O01,12973.569273155708,12983.464452056534,直连,,True
T028,爬升,S001>O01,12983.464452056534,12993.359630957359,直连,,True
T028,巡航,S001>O01,12993.359630957359,12995.355702004837,直连,,True
T028,巡航,S001>O01,12995.355702004837,12997.351773052314,直连,,True
T028,巡航,S001>O01,12997.351773052314,12999.347844099793,直连,,True
T028,巡航,S001>O01,12999.347844099793,13001.343915147272,直连,,True
T028,巡航,S001>O01,13001.343915147272,13003.33998619475,直连,,True
T028,巡航,S001>O01,13003.33998619475,13005.336057242228,直连,,True
T028,巡航,S001>O01,13005.336057242228,13007.332128289705,直连,,True
T028,巡航,S001>O01,13007.332128289705,13009.328199337184,直连,,True
T028,巡航,S001>O01,13009.328199337184,13011.324270384663,直连,,True
T028,巡航,S001>O01,13011.324270384663,13013.32034143214,直连,,True
T028,巡航,S001>O01,13013.32034143214,13015.316412479619,直连,,True
T028,巡航,S001>O01,13015.316412479619,13017.312483527097,直连,,True
T028,巡航,S001>O01,13017.312483527097,13019.308554574574,直连,,True
T028,巡航,S001>O01,13019.308554574574,13021.304625622053,直连,,True
T028,巡航,S001>O01,13021.304625622053,13023.300696669532,直连,,True
T028,巡航,S001>O01,13023.300696669532,13025.296767717009,直连,,True
T028,巡航,S001>O01,13025.296767717009,13027.292838764488,直连,,True
T028,巡航,S001>O01,13027.292838764488,13029.288909811965,直连,,True
T028,巡航,S001>O01,13029.288909811965,13031.284980859444,直连,,True
T028,巡航,S001>O01,13031.284980859444,13033.281051906923,直连,,True
T028,巡航,S001>O01,13033.281051906923,13035.2771229544,直连,,True
T028,巡航,S001>O01,13035.2771229544,13037.273194001878,直连,,True
T028,巡航,S001>O01,13037.273194001878,13039.269265049357,直连,,True
T028,巡航,S001>O01,13039.269265049357,13041.265336096834,直连,,True
T028,巡航,S001>O01,13041.265336096834,13043.261407144313,直连,,True
T028,巡航,S001>O01,13043.261407144313,13045.257478191792,直连,,True
T028,巡航,S001>O01,13045.257478191792,13047.253549239269,直连,,True
T028,巡航,S001>O01,13047.253549239269,13049.249620286748,直连,,True
T028,巡航,S001>O01,13049.249620286748,13051.245691334225,直连,,True
T028,巡航,S001>O01,13051.245691334225,13053.241762381704,直连,,True
T028,巡航,S001>O01,13053.241762381704,13055.237833429183,直连,,True
T028,巡航,S001>O01,13055.237833429183,13057.23390447666,直连,,True
T028,巡航,S001>O01,13057.23390447666,13059.229975524138,直连,,True
T028,巡航,S001>O01,13059.229975524138,13061.226046571617,直连,,True
T028,巡航,S001>O01,13061.226046571617,13063.222117619094,直连,,True
T028,巡航,S001>O01,13063.222117619094,13065.218188666573,直连,,True
T028,巡航,S001>O01,13065.218188666573,13067.214259714052,直连,,True
T028,巡航,S001>O01,13067.214259714052,13069.210330761529,直连,,True
T028,巡航,S001>O01,13069.210330761529,13071.206401809008,直连,,True
T028,巡航,S001>O01,13071.206401809008,13073.202472856485,直连,,True
T028,巡航,S001>O01,13073.202472856485,13075.198543903964,直连,,True
T028,巡航,S001>O01,13075.198543903964,13077.194614951442,直连,,True
T028,巡航,S001>O01,13077.194614951442,13079.19068599892,直连,,True
T028,巡航,S001>O01,13079.19068599892,13081.186757046398,直连,,True
T028,巡航,S001>O01,13081.186757046398,13083.182828093877,直连,,True
T028,巡航,S001>O01,13083.182828093877,13085.178899141354,直连,,True
T028,巡航,S001>O01,13085.178899141354,13087.174970188833,直连,,True
T028,巡航,S001>O01,13087.174970188833,13089.171041236312,直连,,True
T028,巡航,S001>O01,13089.171041236312,13091.167112283789,直连,,True
T028,巡航,S001>O01,13091.167112283789,13093.163183331268,直连,,True
T028,巡航,S001>O01,13093.163183331268,13095.159254378745,直连,,True
T028,巡航,S001>O01,13095.159254378745,13097.155325426223,直连,,True
T028,巡航,S001>O01,13097.155325426223,13099.151396473702,直连,,True
T028,巡航,S001>O01,13099.151396473702,13101.14746752118,直连,,True
T028,巡航,S001>O01,13101.14746752118,13103.143538568658,直连,,True
T028,巡航,S001>O01,13103.143538568658,13105.139609616137,直连,,True
T028,巡航,S001>O01,13105.139609616137,13107.135680663614,直连,,True
T028,巡航,S001>O01,13107.135680663614,13109.131751711093,直连,,True
T028,巡航,S001>O01,13109.131751711093,13111.127822758572,直连,,True
T028,巡航,S001>O01,13111.127822758572,13113.123893806049,直连,,True
T028,巡航,S001>O01,13113.123893806049,13115.119964853528,直连,,True
T028,巡航,S001>O01,13115.119964853528,13117.116035901006,直连,,True
T028,巡航,S001>O01,13117.116035901006,13119.112106948483,直连,,True
T028,巡航,S001>O01,13119.112106948483,13121.108177995962,直连,,True
T028,巡航,S001>O01,13121.108177995962,13123.10424904344,直连,,True
T028,巡航,S001>O01,13123.10424904344,13125.100320090918,直连,,True
T028,巡航,S001>O01,13125.100320090918,13127.096391138397,直连,,True
T028,巡航,S001>O01,13127.096391138397,13129.092462185874,直连,,True
T028,巡航,S001>O01,13129.092462185874,13131.088533233353,直连,,True
T028,巡航,S001>O01,13131.088533233353,13133.084604280832,直连,,True
T028,巡航,S001>O01,13133.084604280832,13135.080675328309,直连,,True
T028,巡航,S001>O01,13135.080675328309,13137.076746375787,直连,,True
T028,巡航,S001>O01,13137.076746375787,13139.072817423266,直连,,True
T028,巡航,S001>O01,13139.072817423266,13141.068888470743,直连,,True
T028,巡航,S001>O01,13141.068888470743,13143.064959518222,直连,,True
T028,巡航,S001>O01,13143.064959518222,13145.0610305657,直连,,True
T028,巡航,S001>O01,13145.0610305657,13147.057101613178,直连,,True
T028,巡航,S001>O01,13147.057101613178,13149.053172660657,直连,,True
T028,巡航,S001>O01,13149.053172660657,13151.049243708134,直连,,True
T028,巡航,S001>O01,13151.049243708134,13153.045314755613,直连,,True
T028,巡航,S001>O01,13153.045314755613,13155.041385803092,直连,,True
T028,巡航,S001>O01,13155.041385803092,13157.037456850569,直连,,True
T028,巡航,S001>O01,13157.037456850569,13159.033527898047,直连,,True
T028,巡航,S001>O01,13159.033527898047,13161.029598945526,直连,,True
T028,巡航,S001>O01,13161.029598945526,13163.025669993003,直连,,True
T028,巡航,S001>O01,13163.025669993003,13165.021741040482,直连,,True
T028,巡航,S001>O01,13165.021741040482,13167.01781208796,直连,,True
T028,巡航,S001>O01,13167.01781208796,13169.013883135438,直连,,True
T028,巡航,S001>O01,13169.013883135438,13171.009954182917,直连,,True
T028,巡航,S001>O01,13171.009954182917,13173.006025230394,直连,,True
T028,巡航,S001>O01,13173.006025230394,13175.002096277873,直连,,True
T028,巡航,S001>O01,13175.002096277873,13176.998167325351,直连,,True
T028,巡航,S001>O01,13176.998167325351,13178.994238372828,直连,,True
T028,巡航,S001>O01,13178.994238372828,13180.990309420307,直连,,True
T028,巡航,S001>O01,13180.990309420307,13182.986380467786,直连,,True
T028,巡航,S001>O01,13182.986380467786,13184.982451515263,直连,,True
T028,巡航,S001>O01,13184.982451515263,13186.978522562742,直连,,True
T028,巡航,S001>O01,13186.978522562742,13188.974593610219,直连,,True
T028,巡航,S001>O01,13188.974593610219,13190.970664657698,直连,,True
T028,巡航,S001>O01,13190.970664657698,13192.966735705177,直连,,True
T028,巡航,S001>O01,13192.966735705177,13194.962806752654,直连,,True
T028,巡航,S001>O01,13194.962806752654,13196.958877800133,直连,,True
T028,下降,S001>O01,13196.958877800133,13208.587406608727,直连,,True
T028,下降,S001>O01,13208.587406608727,13220.21593541732,直连,,True
T028,下降,S001>O01,13220.21593541732,13231.844464225915,直连,,True
T028,下降,S001>O01,13231.844464225915,13243.472993034507,直连,,True
T028,下降,S001>O01,13243.472993034507,13255.101521843102,直连,,True
